time	Tran2.TRAN.Vout
9.50000000000000178E-7	-7.20925477184880670E-2
9.50004328974605450E-7	-7.53647580269620843E-2
9.50011337436339254E-7	-7.98336635240847414E-2
9.50018851100138484E-7	-8.39254483205400703E-2
9.50027438854090356E-7	-8.84092407488704701E-2
9.50036887142635678E-7	-9.38024830390865461E-2
9.50044291214872594E-7	-1.00804208284498587E-1
9.50048592712805551E-7	-1.06975952259054385E-1
9.50052341612689233E-7	-1.12973731104224306E-1
9.50056655842207221E-7	-1.20172330462993604E-1
9.50060570524813208E-7	-1.28199002476391799E-1
9.50065221686786820E-7	-1.41373219693886365E-1
9.50071082189635341E-7	-1.62243886489475786E-1
9.50076345670740707E-7	-1.82712998515411140E-1
9.50083831458666950E-7	-2.15531262769720611E-1
9.50089767456665335E-7	-2.45471313560052096E-1
9.50097280385454113E-7	-2.83102606316833239E-1
9.50105048442087252E-7	-3.18027716525763537E-1
9.50111371237818148E-7	-3.44495587918368029E-1
9.50119549433180843E-7	-3.73699937347528088E-1
9.50124732913289094E-7	-3.86774875312349931E-1
9.50131985155146985E-7	-3.98816543042846083E-1
9.50137687014375665E-7	-4.05312669546408078E-1
9.50145576007385628E-7	-4.08959802515925031E-1
9.50151358219389941E-7	-4.06247571250711115E-1
9.50160492840843673E-7	-3.96887981381188037E-1
9.50168449783707558E-7	-3.87373787126982005E-1
9.50176558196166710E-7	-3.75391525442219720E-1
9.50184689833337970E-7	-3.61717864569455427E-1
9.50191264077641939E-7	-3.52682907253943467E-1
9.50201264077642271E-7	-3.41585093813335217E-1
9.50207305670775426E-7	-3.34724335079100133E-1
9.50216354298859045E-7	-3.26552735192041643E-1
9.50223156503914268E-7	-3.22359067361308416E-1
9.50228278134509807E-7	-3.18423029248199896E-1
9.50234382275967526E-7	-3.12294107859731351E-1
9.50239808850338008E-7	-3.06945176645245610E-1
9.50245239759534854E-7	-3.01655894042359396E-1
9.50250219568554755E-7	-2.95384410442077261E-1
9.50255398447531974E-7	-2.86998583485227110E-1
9.50259545188967003E-7	-2.79785028733037588E-1
9.50263811146219695E-7	-2.72568361931357384E-1
9.50267690495291006E-7	-2.65797401229598851E-1
9.50271183168236000E-7	-2.58952766646328003E-1
9.50276350677533088E-7	-2.47577267161166814E-1
9.50281237877149110E-7	-2.36590061499566628E-1
9.50287455034336581E-7	-2.23413815808725857E-1
9.50293945867652212E-7	-2.09513633050187265E-1
9.50301050932962532E-7	-1.93509161484242553E-1
9.50307729600303830E-7	-1.79392328551810554E-1
9.50313373126008898E-7	-1.68669469433778474E-1
9.50319775555670176E-7	-1.56384512957551824E-1
9.50325875317672875E-7	-1.44377489841476137E-1
9.50332195977676086E-7	-1.32758360024662925E-1
9.50335572551789909E-7	-1.26901821808834359E-1
9.50338671097355991E-7	-1.21319253931638449E-1
9.50342400880137284E-7	-1.14044607713711033E-1
9.50345460078944093E-7	-1.07748801353138890E-1
9.50349392018759076E-7	-9.96702446169621581E-2
9.50353936746148698E-7	-9.04873534012051906E-2
9.50358883446271996E-7	-8.00333814630135265E-2
9.50364678114453909E-7	-6.63547772617016474E-2
9.50370805944856833E-7	-5.07719564492171838E-2
9.50377569991507443E-7	-3.33417944736277772E-2
9.50382795376109080E-7	-1.94311018444738970E-2
9.50388708594234544E-7	-2.55961707683322093E-3
9.50395029031647454E-7	1.59462812267112786E-2
9.50400547662396633E-7	3.15266672592167918E-2
9.50405954678763720E-7	4.64133060594859792E-2
9.50410288301737438E-7	5.84703151231422780E-2
9.50414781397320496E-7	7.08403023105134189E-2
9.50418910031164366E-7	8.15110748673190244E-2
9.50424160493206571E-7	9.38792119244842560E-2
9.50428560800896705E-7	1.03627930677064128E-1
9.50433830014939574E-7	1.14917558648332685E-1
9.50439068881264859E-7	1.25192788931729160E-1
9.50444311231479588E-7	1.34018799972219416E-1
9.50450278741103816E-7	1.42866068657685807E-1
9.50456525681930131E-7	1.51575025443699607E-1
9.50463241009866877E-7	1.59993963674175443E-1
9.50470553174722355E-7	1.67769556523277341E-1
9.50477036096866890E-7	1.74394907290010726E-1
9.50484752837834534E-7	1.82745047298780050E-1
9.50491149267839575E-7	1.89586264755814460E-1
9.50500593736024513E-7	1.99894076079700644E-1
9.50506682067970310E-7	2.07325625142397429E-1
9.50514958633776352E-7	2.17991987342149818E-1
9.50521634768936075E-7	2.26407820741961929E-1
9.50528398606162028E-7	2.35011587491083151E-1
9.50534924730197694E-7	2.43504138363202127E-1
9.50541055648974798E-7	2.50948023960707811E-1
9.50545727286902853E-7	2.55968600957584158E-1
9.50551047500773372E-7	2.61252693497643618E-1
9.50555255286785439E-7	2.65212990135980586E-1
9.50560255368405116E-7	2.69348813333278514E-1
9.50564478151776804E-7	2.72096047451731371E-1
9.50568734524157577E-7	2.74216440364283498E-1
9.50572541993047793E-7	2.75759509908079004E-1
9.50576844065080628E-7	2.77166042235142029E-1
9.50580914674963395E-7	2.77992229655610590E-1
9.50586691057755395E-7	2.78083885262564001E-1
9.50590780655148926E-7	2.77511022244502392E-1
9.50595802926661193E-7	2.76419672189945631E-1
9.50601561470248768E-7	2.74624013496517261E-1
9.50607093467780651E-7	2.72113607149365055E-1
9.50614771056257446E-7	2.67634656658901804E-1
9.50621800902668568E-7	2.63117603154097113E-1
9.50630995114611288E-7	2.56602211072893338E-1
9.50640813446439914E-7	2.48712975981848272E-1
9.50650813446439713E-7	2.40431471859994028E-1
9.50660813446440045E-7	2.31952795819515112E-1
9.50670813446439844E-7	2.23284351233098999E-1
9.50680813446439643E-7	2.15805878651456950E-1
9.50687834158854095E-7	2.11619178286864251E-1
9.50688459158854116E-7	2.11276617743828199E-1
9.50690018033662909E-7	2.10424713058837565E-1
9.50694694658088757E-7	2.07915470198479913E-1
9.50701558801883806E-7	2.04725931473317013E-1
9.50707809643081170E-7	2.02803212053062154E-1
9.50715761532310033E-7	2.01453250011450580E-1
9.50725761532310010E-7	1.99892268379856342E-1
9.50735761532309986E-7	1.98170338079814856E-1
9.50745761532309785E-7	1.96409746081224390E-1
9.50755761532309940E-7	1.93437625781629752E-1
9.50765761532310094E-7	1.88921570714575826E-1
9.50775761532309716E-7	1.83457123193723204E-1
9.50785761532310048E-7	1.76405875442523996E-1
9.50795761532309847E-7	1.67494337275936100E-1
9.50805761532309646E-7	1.57553482060586214E-1
9.50815761532309800E-7	1.46354424880851153E-1
9.50825761532309599E-7	1.33590584258759648E-1
9.50835761532309576E-7	1.20138661824096626E-1
9.50845761532309552E-7	1.06082999714273951E-1
9.50855761532309707E-7	9.10432085726615270E-2
9.50865761532309506E-7	7.57977134864244917E-2
9.50875761532309305E-7	6.06693656182030594E-2
9.50885761532309459E-7	4.52066911567021812E-2
9.50895761532309436E-7	2.99836044790220502E-2
9.50905761532309413E-7	1.54972036585637607E-2
9.50915761532309212E-7	1.26558915918253390E-3
9.50925761532309188E-7	-1.24096249850732332E-2
9.50935761532308987E-7	-2.49208369078645475E-2
9.50945761532309142E-7	-3.67115748241903006E-2
9.50955761532309296E-7	-4.77779169968669049E-2
9.50965761532309095E-7	-5.74741921807482470E-2
9.50975761532309072E-7	-6.61297776880778176E-2
9.50985761532308871E-7	-7.40241329356763256E-2
9.50995761532308848E-7	-8.05680677517807275E-2
9.51005761532308824E-7	-8.59506286991797808E-2
9.51015761532308979E-7	-9.08571613819774093E-2
9.51025761532308600E-7	-9.86994191836098267E-2
9.51031336016700024E-7	-1.06029807616836447E-1
9.51037165129528006E-7	-1.15220992439521819E-1
9.51042010567941354E-7	-1.23893861930305849E-1
9.51046858057425126E-7	-1.35607921729062797E-1
9.51053072995079773E-7	-1.56275819725284482E-1
9.51058610450594522E-7	-1.77696445769378175E-1
9.51065817099189914E-7	-2.08210637562239942E-1
9.51071391013699952E-7	-2.35226412032886767E-1
9.51079982014855929E-7	-2.78771706859089763E-1
9.51086838664739531E-7	-3.10451221971554547E-1
9.51094961564333730E-7	-3.44107988747133753E-1
9.51101230362495542E-7	-3.67396386930755314E-1
9.51106631020003412E-7	-3.83136466513654383E-1
9.51112958540046449E-7	-3.95320589615228890E-1
9.51118263594947777E-7	-4.02161024432085590E-1
9.51125857596698943E-7	-4.08243777674691888E-1
9.51131985968123495E-7	-4.08268854491200006E-1
9.51140074343779318E-7	-4.01572642669246438E-1
9.51147435102718042E-7	-3.92951341514963648E-1
9.51156542098056157E-7	-3.81045425366719659E-1
9.51163601800979919E-7	-3.69519001763303034E-1
9.51171735264391316E-7	-3.56519677881611985E-1
9.51177943416272420E-7	-3.48973783661133652E-1
9.51183583484087336E-7	-3.42762868144242328E-1
9.51189387001707942E-7	-3.35939873700601321E-1
9.51195518944246921E-7	-3.29953654931266760E-1
9.51202411137192172E-7	-3.25333335262604795E-1
9.51208745284578683E-7	-3.20684854520616192E-1
9.51214069760616709E-7	-3.15625364745470627E-1
9.51219754636391457E-7	-3.10349788709140029E-1
9.51225133285197089E-7	-3.05571928960544081E-1
9.51230516253597003E-7	-2.99453353275729972E-1
9.51236079635523168E-7	-2.91134822734131138E-1
9.51241356784156444E-7	-2.82526181131160659E-1
9.51245357937968983E-7	-2.76059609137172268E-1
9.51249998339249458E-7	-2.68012609692084247E-1
9.51253602573959967E-7	-2.60859192124142680E-1
9.51258588554550855E-7	-2.49984460244905682E-1
9.51263612298096106E-7	-2.39022856602245826E-1
9.51269593123246082E-7	-2.26479373191889000E-1
9.51276058712358008E-7	-2.12396546204112813E-1
9.51282876568860303E-7	-1.96958015116416441E-1
9.51289753805261640E-7	-1.82514812847643348E-1
9.51296225955850261E-7	-1.70006235148765428E-1
9.51302646691368814E-7	-1.57362798867322273E-1
9.51308898543848436E-7	-1.45150631175268163E-1
9.51316000421732610E-7	-1.32339720330721899E-1
9.51321999882827107E-7	-1.21489169169732603E-1
9.51325625118557028E-7	-1.14369395278614250E-1
9.51330153342835416E-7	-1.05102598205298103E-1
9.51334256135237588E-7	-9.67796325452098571E-2
9.51340213533694090E-7	-8.45356839739712029E-2
9.51345698196465150E-7	-7.21672465626858184E-2
9.51353018485433033E-7	-5.39035525560167894E-2
9.51359312001785895E-7	-3.76714438843206478E-2
9.51365302017295278E-7	-2.19124623036391331E-2
9.51371053868790995E-7	-5.76874115008349797E-3
9.51379086944685426E-7	1.76603144870183693E-2
9.51384540358481345E-7	3.31104879300340205E-2
9.51391267802319973E-7	5.15500448396676170E-2
9.51395576190392056E-7	6.33847408176249161E-2
9.51400912296075596E-7	7.77338345597288161E-2
9.51405431434904258E-7	8.89579357931569881E-2
9.51411946980467427E-7	1.03534422170838947E-1
9.51416969035746085E-7	1.14055201654045524E-1
9.51421586507984252E-7	1.23297407897551925E-1
9.51427060381383249E-7	1.33037803287283607E-1
9.51433427472946924E-7	1.42588796898748371E-1
9.51438907739615836E-7	1.50033685876359901E-1
9.51446793436408100E-7	1.60093795850428378E-1
9.51452997495351482E-7	1.66986571312931131E-1
9.51462997495351637E-7	1.77092580677023070E-1
9.51469283712430069E-7	1.83791364824335846E-1
9.51478064451305450E-7	1.93528566675662450E-1
9.51485207677328937E-7	2.01416108419494355E-1
9.51491881154728247E-7	2.09377933331937438E-1
9.51499689503062740E-7	2.19557801136217057E-1
9.51505758297168036E-7	2.27405061358415406E-1
9.51512107558337661E-7	2.35333672211155420E-1
9.51517683756773458E-7	2.42404785460924677E-1
9.51521913426604904E-7	2.47770882701995054E-1
9.51527283323930462E-7	2.54031648886308048E-1
9.51531541148779958E-7	2.58409680384403773E-1
9.51536416663079265E-7	2.63009049148105323E-1
9.51540529630479170E-7	2.66663507924046517E-1
9.51545303269886134E-7	2.70406236398415079E-1
9.51549438595369246E-7	2.72956865122744130E-1
9.51553058417224307E-7	2.74644767556866132E-1
9.51556971809906571E-7	2.76083181446302017E-1
9.51561332658562797E-7	2.77336994487431898E-1
9.51565432834822467E-7	2.78063319158292632E-1
9.51570520643185880E-7	2.78107734799111173E-1
9.51575131262020690E-7	2.77401280460508337E-1
9.51579584174940152E-7	2.76317233072862045E-1
9.51587110053309004E-7	2.73748697840676414E-1
9.51592652551861562E-7	2.71057544465484801E-1
9.51602652551861539E-7	2.64846048894081099E-1
9.51610661064112406E-7	2.59324636752771731E-1
9.51620661064112205E-7	2.51779245749312031E-1
9.51630661064112360E-7	2.43410740358001965E-1
9.51640661064112336E-7	2.34921187296498202E-1
9.51650661064112313E-7	2.26390943874003980E-1
9.51660661064112112E-7	2.18235266100711822E-1
9.51670661064112089E-7	2.11766202680874960E-1
9.51679015836216280E-7	2.07522071851234458E-1
9.51687528140215910E-7	2.03723048847783872E-1
9.51697473244177239E-7	2.01063454304502276E-1
9.51706081180994445E-7	2.00162499907399427E-1
9.51716081180994422E-7	1.98515496137933600E-1
9.51726081180994399E-7	1.96325466179826824E-1
9.51736081180994375E-7	1.94155855120638932E-1
9.51746081180994175E-7	1.90278336317694730E-1
9.51756081180994151E-7	1.84629541330283753E-1
9.51766081180994306E-7	1.78387192159925512E-1
9.51776081180993927E-7	1.70324401920561463E-1
9.51786081180994081E-7	1.60225017143852200E-1
9.51796081180993880E-7	1.49605849877959551E-1
9.51806081180993857E-7	1.37687404156880766E-1
9.51816081180993834E-7	1.24007865786222227E-1
9.51826081180993810E-7	1.10193984425554881E-1
9.51836081180993965E-7	9.58802376891252450E-2
9.51846081180993764E-7	8.03286647203586845E-2
9.51856081180993741E-7	6.50841203643620858E-2
9.51866081180993717E-7	5.01737399008531426E-2
9.51876081180993872E-7	3.46095377871963006E-2
9.51886081180993671E-7	1.96922191853531192E-2
9.51894773035977515E-7	7.64298681552198911E-3
9.51904773035977492E-7	-6.38132944588372730E-3
9.51914773035977824E-7	-1.97082332908821178E-2
9.51924008320875004E-7	-3.05836115220108429E-2
9.51934008320874980E-7	-4.19821264758041579E-2
9.51944008320875135E-7	-5.27238603810384809E-2
9.51953889692713950E-7	-6.15873521473367802E-2
9.51963889692713927E-7	-6.97263400301858027E-2
9.51973889692714081E-7	-7.73075620540007513E-2
9.51983889692714058E-7	-8.31918372021819863E-2
9.51993889692713857E-7	-8.80566904485974078E-2
9.52003889692713834E-7	-9.40497371733476406E-2
9.52011945893306333E-7	-1.02150742577533760E-1
9.52016419078070086E-7	-1.08580950727626702E-1
9.52020439736395829E-7	-1.15003101271863928E-1
9.52024867754457205E-7	-1.22917312990160976E-1
9.52028984441526838E-7	-1.32453685778856944E-1
9.52035195651263599E-7	-1.52055894440962325E-1
9.52040674170152101E-7	-1.72672840154968510E-1
9.52047486743200722E-7	-2.00862144928263797E-1
9.52053124242564053E-7	-2.27498268322256791E-1
9.52060542021820666E-7	-2.65193222377127791E-1
9.52067311119978399E-7	-2.97623786080823916E-1
9.52077082804312980E-7	-3.39393208460865292E-1
9.52083654049833683E-7	-3.64327430430819499E-1
9.52090308917823158E-7	-3.83876905057203732E-1
9.52096975754601793E-7	-3.96356487693948090E-1
9.52102750655744678E-7	-4.03380578334718987E-1
9.52109794499792628E-7	-4.08372706879350211E-1
9.52115579375594123E-7	-4.08045902317699127E-1
9.52123074385728962E-7	-4.01864899436835810E-1
9.52130151349380149E-7	-3.93717919663154703E-1
9.52137854602084133E-7	-3.83956034213306330E-1
9.52144679464866073E-7	-3.73172136449114999E-1
9.52153324775407839E-7	-3.59133674237730416E-1
9.52159608814425695E-7	-3.51097626303225896E-1
9.52165459494438338E-7	-3.44553749944232868E-1
9.52170900716678759E-7	-3.38103363420454262E-1
9.52177393099454150E-7	-3.31448180200362108E-1
9.52184242116203094E-7	-3.26615165728704504E-1
9.52191656351153703E-7	-3.21246581080907667E-1
9.52196846366279459E-7	-3.16409914677451454E-1
9.52203016247009870E-7	-3.10694829797943317E-1
9.52208326021995077E-7	-3.05918649750598703E-1
9.52214027337566726E-7	-2.99382898281918175E-1
9.52219419748184137E-7	-2.91336723810052112E-1
9.52224963265656044E-7	-2.82306831209773623E-1
9.52228986678772671E-7	-2.75727005940627157E-1
9.52233719144884283E-7	-2.67376471268473281E-1
9.52237673955851172E-7	-2.59419224699991879E-1
9.52242708239948144E-7	-2.48421084988527285E-1
9.52248127079397655E-7	-2.36668412452568644E-1
9.52254045925072745E-7	-2.24173937913798182E-1
9.52260961957014551E-7	-2.08945508168016980E-1
9.52267477070875756E-7	-1.94346058373762531E-1
9.52274394537555757E-7	-1.80088078188559098E-1
9.52280394071886072E-7	-1.68494891808803171E-1
9.52287724112815681E-7	-1.54099409393366060E-1
9.52294174651204095E-7	-1.41790070935129231E-1
9.52302458879487723E-7	-1.26912966656282844E-1
9.52307869731415835E-7	-1.16823628282021907E-1
9.52313046947369379E-7	-1.06375693124158976E-1
9.52318054258114266E-7	-9.60657376718561196E-2
9.52323133993576221E-7	-8.55771401248486363E-2
9.52328985085836166E-7	-7.25967039422081584E-2
9.52335998292500108E-7	-5.52386548691088031E-2
9.52342415672120168E-7	-3.85385922992178021E-2
9.52349502938405124E-7	-1.97608191732252081E-2
9.52355899827014163E-7	-1.81894174770056694E-3
9.52364831362118203E-7	2.42107878779590768E-2
9.52370463163111403E-7	4.01262145420298300E-2
9.52377754642860808E-7	5.98870486329950680E-2
9.52382124901261484E-7	7.16268978760286146E-2
9.52386905308431864E-7	8.41328391200939940E-2
9.52391693646861448E-7	9.56414480539103984E-2
9.52397949157803758E-7	1.09085449462454775E-1
9.52403075440780711E-7	1.19343797834514920E-1
9.52407618472645368E-7	1.27997188751855706E-1
9.52413224280169679E-7	1.37464007673188360E-1
9.52420314042712945E-7	1.47471421670941805E-1
9.52425872876096058E-7	1.54563879531160442E-1
9.52434430268338872E-7	1.64857552554737063E-1
9.52440771852092460E-7	1.71560825803897088E-1
9.52450481125823956E-7	1.81278852918286582E-1
9.52456738321567187E-7	1.88071608066172358E-1
9.52465085633586384E-7	1.97536671070054104E-1
9.52472149012580971E-7	2.05563923613165445E-1
9.52478537291493765E-7	2.13371999857454098E-1
9.52486292168710769E-7	2.23598995202597095E-1
9.52492249817197134E-7	2.31329591369307597E-1
9.52497942898222583E-7	2.38391602599160635E-1
9.52503216889752657E-7	2.44945762317639026E-1
9.52506367479069027E-7	2.48875820547531967E-1
9.52511634449114553E-7	2.55021044232142735E-1
9.52515710037159735E-7	2.59219571486986267E-1
9.52520588244163591E-7	2.63702021244136642E-1
9.52525193197632802E-7	2.67588745859971677E-1
9.52529147654154329E-7	2.70604359538817496E-1
9.52534038478909650E-7	2.73596202600048422E-1
9.52537081103577776E-7	2.74974743163252899E-1
9.52541048155043413E-7	2.76331186637614667E-1
9.52545648209805407E-7	2.77468127772702289E-1
9.52549983757337948E-7	2.78092906435443865E-1
9.52554485887523228E-7	2.78091816520713664E-1
9.52561323276709260E-7	2.76845070662604886E-1
9.52565807597948044E-7	2.75457527219539378E-1
9.52574874462926857E-7	2.71692641691707593E-1
9.52581168640778309E-7	2.68147446532291678E-1
9.52591168640778108E-7	2.61368174255565355E-1
9.52600325636907286E-7	2.54669481182124624E-1
9.52610325636907262E-7	2.46716469673279049E-1
9.52620325636907239E-7	2.38109519356187471E-1
9.52630325636907216E-7	2.29547343567276263E-1
9.52640325636907015E-7	2.21271928282011698E-1
9.52650325636906992E-7	2.13952263112115304E-1
9.52657755669038764E-7	2.09732494326747521E-1
9.52658380669038785E-7	2.09432290198779292E-1
9.52659918580119580E-7	2.08701946661268556E-1
9.52664532313361967E-7	2.06529799459624641E-1
9.52670149110585029E-7	2.04049289786872690E-1
9.52676842738595120E-7	2.02017151716481758E-1
9.52686842738595274E-7	2.00653108154294202E-1
9.52696842738595073E-7	1.99153708531534646E-1
9.52706842738595228E-7	1.97090679209567021E-1
9.52716842738595027E-7	1.95131446066267400E-1
9.52726842738595003E-7	1.91714614643726033E-1
9.52736842738594980E-7	1.86430616387338821E-1
9.52746842738594957E-7	1.80502241947854269E-1
9.52756842738594756E-7	1.72938894346386096E-1
9.52766842738594910E-7	1.63219120916728677E-1
9.52776842738595064E-7	1.52841010253012000E-1
9.52786842738594686E-7	1.41306835623795024E-1
9.52796842738594663E-7	1.27905691210756967E-1
9.52806842738594639E-7	1.14181210346698392E-1
9.52816842738594616E-7	1.00069710805058287E-1
9.52826842738594593E-7	8.46529057115842143E-2
9.52836842738594569E-7	6.93338122270709256E-2
9.52846605960226434E-7	5.47959185123649295E-2
9.52856605960226233E-7	3.92301457539361031E-2
9.52866605960226210E-7	2.40849692591787612E-2
9.52876120556436668E-7	1.07312711358803492E-2
9.52886120556436467E-7	-3.38832309192451220E-3
9.52896120556436266E-7	-1.69349662817872892E-2
9.52905848995670723E-7	-2.85909718348137387E-2
9.52915848995670878E-7	-4.01210722781330986E-2
9.52925776523071910E-7	-5.09770202135059414E-2
9.52935776523071709E-7	-6.01499095328995637E-2
9.52945776523071686E-7	-6.84433262315487667E-2
9.52955737922749968E-7	-7.61779482420316612E-2
9.52965737922750122E-7	-8.22576520026858837E-2
9.52975737922749744E-7	-8.72597080196955766E-2
9.52985737922750076E-7	-9.26513458491292141E-2
9.52990503755758311E-7	-9.62142129646642985E-2
9.52994687695167819E-7	-1.00984479661774307E-1
9.52997727159521446E-7	-1.05309663774277462E-1
9.53000745028456642E-7	-1.09690589946570682E-1
9.53005216826825929E-7	-1.16311888765457128E-1
9.53008495642360742E-7	-1.22207025910020106E-1
9.53012762639257893E-7	-1.32907920034262106E-1
9.53018434027707073E-7	-1.51431705373495373E-1
9.53023237632407927E-7	-1.68816010146757622E-1
9.53032436782635273E-7	-2.07237918721258652E-1
9.53037900505664304E-7	-2.34502279519812040E-1
9.53046260258855149E-7	-2.76772544071740523E-1
9.53053049018414633E-7	-3.07921741642612279E-1
9.53059379705403487E-7	-3.35442184754392869E-1
9.53066260416579603E-7	-3.62693615886970644E-1
9.53071240125809993E-7	-3.77978546779514524E-1
9.53078458081303737E-7	-3.93107230936308216E-1
9.53083270087386758E-7	-4.00498570808982457E-1
9.53089975021660507E-7	-4.07800780787090567E-1
9.53095669158297554E-7	-4.09180073282643164E-1
9.53102640135134749E-7	-4.04944702127972267E-1
9.53109136795020007E-7	-3.98799526930548076E-1
9.53116095130568297E-7	-3.91369150783552833E-1
9.53122419255272568E-7	-3.82001666384784855E-1
9.53130057898491856E-7	-3.68819245880780500E-1
9.53135706444901842E-7	-3.60582529477527514E-1
9.53139862808584226E-7	-3.55598765499823388E-1
9.53142824572404024E-7	-3.51891599708335345E-1
9.53147725902163501E-7	-3.45121431790945898E-1
9.53151267440282446E-7	-3.40483597764649026E-1
9.53156472643931885E-7	-3.35506124897790814E-1
9.53162466633871119E-7	-3.31249400930805749E-1
9.53168404623014354E-7	-3.26334934282896727E-1
9.53172587084071843E-7	-3.22448619404565084E-1
9.53176638165320611E-7	-3.19263779168917505E-1
9.53180336647320736E-7	-3.16885005345446746E-1
9.53184879718263112E-7	-3.13495943329580928E-1
9.53189621847995383E-7	-3.08517879820910412E-1
9.53194445720276207E-7	-3.02458823713338942E-1
9.53200046106032595E-7	-2.95381444872239829E-1
9.53203730855933173E-7	-2.90586162699491890E-1
9.53206996802886941E-7	-2.85692519444076165E-1
9.53209480339605975E-7	-2.81386637629098235E-1
9.53212666158268007E-7	-2.75305332432210381E-1
9.53215641530921687E-7	-2.69426011004211086E-1
9.53220009739229468E-7	-2.60978538523262094E-1
9.53223927351481848E-7	-2.53422755614340423E-1
9.53229019343034345E-7	-2.42762075583945602E-1
9.53234778999716958E-7	-2.29583076854165169E-1
9.53240981856022174E-7	-2.15643444125329475E-1
9.53248189435857896E-7	-2.00534356941424008E-1
9.53255366181724639E-7	-1.85363238956334575E-1
9.53261561455482997E-7	-1.72270840155341420E-1
9.53266801103892547E-7	-1.62189391641449832E-1
9.53273703958551444E-7	-1.49741205398413268E-1
9.53279708815269977E-7	-1.38442918717086672E-1
9.53286861052492007E-7	-1.24762473219296988E-1
9.53292372387027953E-7	-1.14683912715698133E-1
9.53297415541559801E-7	-1.05211337318065024E-1
9.53302712173870503E-7	-9.41114441584597117E-2
9.53308092482444458E-7	-8.19863163537994666E-2
9.53314200596671668E-7	-6.80813602426774800E-2
9.53320838213651456E-7	-5.22034271831373964E-2
9.53327383147692942E-7	-3.47747199261696061E-2
9.53334334165205277E-7	-1.52308221307251745E-2
9.53340424261176622E-7	1.69641603798636331E-3
9.53346832911877584E-7	1.97470710950298933E-2
9.53353399894645115E-7	3.89064018754806895E-2
9.53357515987907256E-7	5.07347212496777633E-2
9.53360626322339932E-7	5.91911236160335541E-2
9.53363837386992330E-7	6.75045387941961650E-2
9.53366828871008565E-7	7.50800109576813401E-2
9.53370673700263005E-7	8.47971689487338764E-2
9.53374912985761647E-7	9.52643457822222572E-2
9.53379538719975628E-7	1.05770479001322748E-1
9.53384634389943386E-7	1.15987593708494163E-1
9.53389459741874212E-7	1.24840751345539580E-1
9.53394202247499223E-7	1.33163288488760467E-1
9.53400156745852634E-7	1.42629146618937308E-1
9.53406716361576656E-7	1.51343031652827720E-1
9.53413194516421925E-7	1.58947202639970064E-1
9.53419919670695748E-7	1.66642859455026993E-1
9.53426988638474349E-7	1.74205348271969562E-1
9.53435453055383242E-7	1.82708553250100181E-1
9.53442134325921664E-7	1.89907381826771249E-1
9.53451658284691739E-7	2.01073519581905735E-1
9.53458823582709236E-7	2.09626254916108401E-1
9.53466247535132894E-7	2.18926512198117784E-1
9.53473979725052878E-7	2.29244423804128550E-1
9.53480674265086847E-7	2.37952164662212073E-1
9.53485641924006266E-7	2.44010361737543846E-1
9.53490238044874872E-7	2.49494718388733228E-1
9.53494039201308041E-7	2.53972587515220205E-1
9.53499086235364501E-7	2.59478716013755317E-1
9.53503662717627343E-7	2.63779369524127372E-1
9.53508545836715271E-7	2.67715156817247957E-1
9.53513591895559109E-7	2.71300537368623829E-1
9.53517192676627090E-7	2.73523694707306841E-1
9.53520699434924879E-7	2.75251172451961601E-1
9.53524606649276052E-7	2.76580117959649296E-1
9.53528416743435514E-7	2.77380111176233468E-1
9.53532736114976487E-7	2.77907048081400365E-1
9.53537530916342924E-7	2.78032320894132257E-1
9.53541999907892546E-7	2.77525686774887648E-1
9.53549579201757780E-7	2.75282234085253830E-1
9.53554417650338060E-7	2.73247714456623614E-1
9.53564160971942343E-7	2.68293345003441353E-1
9.53570785838722301E-7	2.64042204840856121E-1
9.53580785838722278E-7	2.56687167891707091E-1
9.53590138345967553E-7	2.49554045474923880E-1
9.53600138345967174E-7	2.41366442027208361E-1
9.53610138345967329E-7	2.32575327532406462E-1
9.53620138345967305E-7	2.24213164201254633E-1
9.53630138345967282E-7	2.16694152716248345E-1
9.53637577886152954E-7	2.11819639215054778E-1
9.53646755565004689E-7	2.07126436111769330E-1
9.53654672982976415E-7	2.04030793791517606E-1
9.53664672982976214E-7	2.01337839089848591E-1
9.53673347086171219E-7	2.00189298618600553E-1
9.53683347086171018E-7	1.98869489516758091E-1
9.53693347086170995E-7	1.96703636675013915E-1
9.53703347086171327E-7	1.94149726302162340E-1
9.53713347086171304E-7	1.90478289362371012E-1
9.53723347086171458E-7	1.84883142371462994E-1
9.53733347086171257E-7	1.78205755782622788E-1
9.53743347086171589E-7	1.70262157199954700E-1
9.53753347086171388E-7	1.60276978398032810E-1
9.53763347086171542E-7	1.49230426925773907E-1
9.53773347086171697E-7	1.37363930419209002E-1
9.53783347086171851E-7	1.23868606107910040E-1
9.53793347086171650E-7	1.09675435032755919E-1
9.53803347086171804E-7	9.53558081558563586E-2
9.53813347086171781E-7	8.00519641272367899E-2
9.53823347086171935E-7	6.45034914955367000E-2
9.53833347086172090E-7	4.95330645236676048E-2
9.53843347086172066E-7	3.42610736758385581E-2
9.53853347086172221E-7	1.91323529647226520E-2
9.53862091526304923E-7	6.88608959845924140E-3
9.53872091526304899E-7	-6.83078756020819799E-3
9.53882091526304876E-7	-2.02290375073670337E-2
9.53892091526305030E-7	-3.21664379089137586E-2
9.53902091526305185E-7	-4.32416635561197982E-2
9.53912091526305161E-7	-5.38575551828940213E-2
9.53922091526305316E-7	-6.29163477089876189E-2
9.53932091526305115E-7	-7.07683735784776680E-2
9.53942091526305447E-7	-7.81291246613375012E-2
9.53952091526305423E-7	-8.40825403773977165E-2
9.53962091526305578E-7	-8.87608877198028345E-2
9.53972091526305555E-7	-9.51749217208288556E-2
9.53979127559071927E-7	-1.02913198326717659E-1
9.53983470331295891E-7	-1.09194774303872855E-1
9.53987477438703735E-7	-1.15439870962849822E-1
9.53992190076713698E-7	-1.24036710274418138E-1
9.53996453604076855E-7	-1.34528302880727502E-1
9.54005749463594555E-7	-1.66031441482219844E-1
9.54011598892597767E-7	-1.89558380052777276E-1
9.54020368508662386E-7	-2.29260107183068085E-1
9.54027713414191858E-7	-2.66444218549554090E-1
9.54036075370009939E-7	-3.06723149762948832E-1
9.54044741931238605E-7	-3.42557235048728881E-1
9.54051094608963979E-7	-3.65735232974212199E-1
9.54060424172653576E-7	-3.91303435329511817E-1
9.54066856599838964E-7	-4.01050445847981418E-1
9.54074285204142747E-7	-4.06677227927617224E-1
9.54082005798646549E-7	-4.08109804534690213E-1
9.54089170074624526E-7	-4.03874471141025104E-1
9.54097719108202469E-7	-3.93077710980559614E-1
9.54105513379987968E-7	-3.82204633057582521E-1
9.54114511710633373E-7	-3.69214265398596853E-1
9.54121176361689471E-7	-3.58415895593863842E-1
9.54128367414602607E-7	-3.48188462409081190E-1
9.54134202757705197E-7	-3.42094262552628248E-1
9.54140184978269446E-7	-3.36204513031052521E-1
9.54147626876881638E-7	-3.28721691548097317E-1
9.54154007546124383E-7	-3.23753011890486508E-1
9.54160288677607760E-7	-3.19735743812037176E-1
9.54165933198560623E-7	-3.14959461481389313E-1
9.54171699793507955E-7	-3.08882367478354691E-1
9.54177583562895038E-7	-3.02659871069457775E-1
9.54182699529952316E-7	-2.96889704246212105E-1
9.54187604163787029E-7	-2.89895219384102498E-1
9.54192045043408754E-7	-2.82268702040556452E-1
9.54196148652640197E-7	-2.74861460855591133E-1
9.54200827641031779E-7	-2.66476148812189839E-1
9.54204133905628282E-7	-2.60339019370388058E-1
9.54208903247586981E-7	-2.50507369531440727E-1
9.54214393259917415E-7	-2.38159802794172082E-1
9.54220467223282398E-7	-2.24695934642023465E-1
9.54227155785494041E-7	-2.10485782100961982E-1
9.54234474115869880E-7	-1.94533223219107754E-1
9.54241180420296153E-7	-1.80017002412785287E-1
9.54246770062944272E-7	-1.68999405951503423E-1
9.54252306542697148E-7	-1.58665583925941256E-1
9.54258874101455845E-7	-1.46046522230854015E-1
9.54265795064845790E-7	-1.32888579170615584E-1
9.54272759657332514E-7	-1.20309613287635941E-1
9.54277150983483935E-7	-1.12141287579123805E-1
9.54282176524333892E-7	-1.01918111839110526E-1
9.54287034924364264E-7	-9.15424320125011803E-2
9.54292485250595668E-7	-7.98590261869700502E-2
9.54298815299128478E-7	-6.55593536550023082E-2
9.54305622851981106E-7	-4.83855957068810838E-2
9.54312732063675995E-7	-2.92788788959800605E-2
9.54319430676014946E-7	-1.11344207907695747E-2
9.54326655611762931E-7	9.17260928192442471E-3
9.54335173932190095E-7	3.40084656231425742E-2
9.54340327403784627E-7	4.85677059697739377E-2
9.54345427554066639E-7	6.21686194010177928E-2
9.54348953292751290E-7	7.13663878133528140E-2
9.54352955895127586E-7	8.17825896300385757E-2
9.54357363939033299E-7	9.28300931507499527E-2
9.54362616482992010E-7	1.04735914069046188E-1
9.54368235283964594E-7	1.16071582016853436E-1
9.54373376813579988E-7	1.25784028872146303E-1
9.54378934982510430E-7	1.35593733126504490E-1
9.54384649735383128E-7	1.44306407368031930E-1
9.54392975022067169E-7	1.54959949443594502E-1
9.54398881815627931E-7	1.61966253720777908E-1
9.54408679477122845E-7	1.72846808673236652E-1
9.54415834274543862E-7	1.79964971899531356E-1
9.54423529004517768E-7	1.87888489264810632E-1
9.54430878223925738E-7	1.96285880517996958E-1
9.54437396041789654E-7	2.03876014340689649E-1
9.54446162786695851E-7	2.14331185071649433E-1
9.54452158307915788E-7	2.22098446036643082E-1
9.54460052495796418E-7	2.32556943631870094E-1
9.54466497556632909E-7	2.40603204982620156E-1
9.54471156988547698E-7	2.46183426525105231E-1
9.54475133845395973E-7	2.50946577296822682E-1
9.54479355970128651E-7	2.55843146272990918E-1
9.54484406367228821E-7	2.61064195549628852E-1
9.54488832658997488E-7	2.64971012984638277E-1
9.54493501440936676E-7	2.68622767458947465E-1
9.54497468659533332E-7	2.71439079014666618E-1
9.54501119277268018E-7	2.73674203834093532E-1
9.54503985942051081E-7	2.75072554515951317E-1
9.54507393448992048E-7	2.76292332195870793E-1
9.54510915201401744E-7	2.77155800431473587E-1
9.54515994649669075E-7	2.77929279207047841E-1
9.54520430115194074E-7	2.78131742496021417E-1
9.54525024055997839E-7	2.77682787634812112E-1
9.54532848368717879E-7	2.75479847959923019E-1
9.54537819966443557E-7	2.73460863209226623E-1
9.54547819966443889E-7	2.68363888343074475E-1
9.54555027518662058E-7	2.63635125280549509E-1
9.54565027518662035E-7	2.56239375522203217E-1
9.54575027518662012E-7	2.48515728992343243E-1
9.54585027518661988E-7	2.40107743963841136E-1
9.54595027518662143E-7	2.31290608134426900E-1
9.54605027518662119E-7	2.22976624653083499E-1
9.54615027518662451E-7	2.15472844502884264E-1
9.54622475734151443E-7	2.10752664793570421E-1
9.54623080968362814E-7	2.10424419613756930E-1
9.54624447058891157E-7	2.09706448824643088E-1
9.54628545330475831E-7	2.07735012176230693E-1
9.54635275538342221E-7	2.04807848561809402E-1
9.54641399988473971E-7	2.02613895460450388E-1
9.54649647709343618E-7	2.00974965282685858E-1
9.54659647709343595E-7	1.99827956440924104E-1
9.54669647709343572E-7	1.97993254828397403E-1
9.54679647709343548E-7	1.95897679484283804E-1
9.54689647709343703E-7	1.93319195080463468E-1
9.54699647709343857E-7	1.88799632515612981E-1
9.54709647709344011E-7	1.82954231969597392E-1
9.54719647709343988E-7	1.76250257817640121E-1
9.54729647709343965E-7	1.67440408664353702E-1
9.54739647709344119E-7	1.57098976217260522E-1
9.54749647709343918E-7	1.46179183188296546E-1
9.54759647709344073E-7	1.33611018862351938E-1
9.54769647709344227E-7	1.19763836394475254E-1
9.54779647709344204E-7	1.05901861574847311E-1
9.54789647709344180E-7	9.11352218859331664E-2
9.54799647709344512E-7	7.55243127490688337E-2
9.54809647709344667E-7	6.04912085678275346E-2
9.54819647709344643E-7	4.53574100498798405E-2
9.54829647709344442E-7	2.98236469687886530E-2
9.54839647709344774E-7	1.53282897494097581E-2
9.54849647709344396E-7	1.45378443524940648E-3
9.54859647709344905E-7	-1.24532292176396275E-2
9.54869647709344882E-7	-2.50731459017535085E-2
9.54879647709344681E-7	-3.65117122352049295E-2
9.54889647709345013E-7	-4.77113685217274242E-2
9.54899647709345167E-7	-5.75991198850426578E-2
9.54909647709345322E-7	-6.59443111141645311E-2
9.54919647709345121E-7	-7.38642362965919830E-2
9.54929647709344920E-7	-8.06531298406547137E-2
9.54939647709345252E-7	-8.58033101476443072E-2
9.54949647709345228E-7	-9.06459301084412061E-2
9.54959647709345383E-7	-9.88091126582277646E-2
9.54965255756511411E-7	-1.06175783737927110E-1
9.54970713056966325E-7	-1.14596879963075859E-1
9.54975548178371092E-7	-1.23183407042061721E-1
9.54980237249338693E-7	-1.34463680501944127E-1
9.54986696326706230E-7	-1.55707909329015215E-1
9.54992222058245410E-7	-1.76879063764688160E-1
9.54999805326611728E-7	-2.09096163822794789E-1
9.55005492152341517E-7	-2.36900653764224245E-1
9.55014308914116228E-7	-2.81417876197093308E-1
9.55021453548448029E-7	-3.14063551305760491E-1
9.55028898376532887E-7	-3.44822784374012326E-1
9.55035297226418578E-7	-3.68441301323998616E-1
9.55040362725604908E-7	-3.83027127844958359E-1
9.55047479798441934E-7	-3.96474325185927956E-1
9.55052746675578845E-7	-4.02994643098548977E-1
9.55059483732444825E-7	-4.08268251672716698E-1
9.55065334513807684E-7	-4.08413375706982862E-1
9.55072442375887398E-7	-4.02925749452225190E-1
9.55079396606892850E-7	-3.95141963923696116E-1
9.55086596754045836E-7	-3.86362954271080739E-1
9.55093292865505461E-7	-3.76064207789844929E-1
9.55101285528646216E-7	-3.62649142194197882E-1
9.55107350636039776E-7	-3.54292652593978863E-1
9.55113797588644253E-7	-3.46821663456560358E-1
9.55118660642191308E-7	-3.40885115243086023E-1
9.55126406099107861E-7	-3.32425450023708047E-1
9.55133046743558012E-7	-3.27512946001147842E-1
9.55141216856786457E-7	-3.21688573485560347E-1
9.55146628311814538E-7	-3.16704682424728201E-1
9.55152454179729560E-7	-3.11336030471484770E-1
9.55158140131496936E-7	-3.06337297136409559E-1
9.55163919291984875E-7	-2.99874442150082254E-1
9.55169503879684001E-7	-2.91643088461142730E-1
9.55175307573982479E-7	-2.82274319450662770E-1
9.55179379606972390E-7	-2.75675198511667841E-1
9.55183957272604900E-7	-2.67634140680958144E-1
9.55187918141223591E-7	-2.59668977019837399E-1
9.55192764914814596E-7	-2.49086700607707723E-1
9.55198114629899564E-7	-2.37520150764954607E-1
9.55203949714564260E-7	-2.25248671281109170E-1
9.55210584963325182E-7	-2.10636531506858304E-1
9.55217212533855786E-7	-1.95700947619960464E-1
9.55224091785444962E-7	-1.81434245665225147E-1
9.55230329171015313E-7	-1.69332381629005901E-1
9.55237279968263664E-7	-1.55579521727207082E-1
9.55243675913225943E-7	-1.43263025790140186E-1
9.55251438473340997E-7	-1.29341468675895532E-1
9.55256967138346802E-7	-1.19131463364917467E-1
9.55261149392880782E-7	-1.10756827631305921E-1
9.55265650292044022E-7	-1.01538088670999382E-1
9.55269423439069598E-7	-9.39238236373844160E-2
9.55274793389647137E-7	-8.27640684326819276E-2
9.55280485583182859E-7	-6.96594802203878150E-2
9.55287087504885513E-7	-5.30708671743755112E-2
9.55293543409986867E-7	-3.64787915155609310E-2
9.55299734780798282E-7	-2.00931839201312101E-2
9.55305605679420822E-7	-3.44448151570079997E-3
9.55312508061313892E-7	1.67161925128668853E-2
9.55317902607515279E-7	3.19549704734240692E-2
9.55323483409517848E-7	4.72909062172708161E-2
9.55327704164566072E-7	5.89777155142668796E-2
9.55332339463042146E-7	7.16880000404920192E-2
9.55336426511032855E-7	8.22344098563795534E-2
9.55341695340304753E-7	9.46165463657061956E-2
9.55346013970290464E-7	1.04119824163461194E-1
9.55351174511495493E-7	1.15105960068660940E-1
9.55356547823561542E-7	1.25632804838166501E-1
9.55361729532017279E-7	1.34372420414553440E-1
9.55368070034959516E-7	1.43712249150646842E-1
9.55373951722413750E-7	1.51822085243011173E-1
9.55381279784430149E-7	1.60962681012461761E-1
9.55388155974446818E-7	1.68265526823012079E-1
9.55395111722113910E-7	1.75350369415282348E-1
9.55402086687617746E-7	1.82882833162654879E-1
9.55408684321722390E-7	1.90000405391329519E-1
9.55417543047075490E-7	1.99677364626503118E-1
9.55423717644249137E-7	2.07129382164541109E-1
9.55432135082849854E-7	2.17956953339485704E-1
9.55438732051071504E-7	2.26323929269071122E-1
9.55445663196108619E-7	2.35116412874324654E-1
9.55452374878738198E-7	2.43775271482075517E-1
9.55458097974106124E-7	2.50737970782338415E-1
9.55463006997248243E-7	2.56062231420865150E-1
9.55468295387751887E-7	2.61305626168393657E-1
9.55472848355861970E-7	2.65526817224176170E-1
9.55477530811846343E-7	2.69352596281694767E-1
9.55482230673371369E-7	2.72385490106585593E-1
9.55486217584184416E-7	2.74348257065803924E-1
9.55490436206843974E-7	2.76013635506658783E-1
9.55495000698497954E-7	2.77381512727388024E-1
9.55499192410121978E-7	2.78073006286286528E-1
9.55506013590539638E-7	2.77867468530918060E-1
9.55510232701968754E-7	2.77089119460756539E-1
9.55516275325036979E-7	2.75467950685414209E-1
9.55522067966650468E-7	2.73226547234439376E-1
9.55528952863520686E-7	2.69535404830357805E-1
9.55535640731194924E-7	2.65317642806874332E-1
9.55545085617249867E-7	2.58897348306352004E-1
9.55553452322190111E-7	2.52486234353296934E-1
9.55563452322190265E-7	2.44203275016767840E-1
9.55573452322190420E-7	2.35842846253500227E-1
9.55583452322190396E-7	2.27197305013354978E-1
9.55593452322190551E-7	2.18968511632493490E-1
9.55602932784720593E-7	2.12741248277744299E-1
9.55611145726185107E-7	2.08321300782553243E-1
9.55620221057859887E-7	2.04124379755912955E-1
9.55629859967679174E-7	2.01440717679386339E-1
9.55638264959168993E-7	2.00396775217005985E-1
9.55648264959169147E-7	1.98801022310933795E-1
9.55658264959169301E-7	1.96784353591170613E-1
9.55668264959169456E-7	1.94656126762681181E-1
9.55678264959169788E-7	1.90986287070532157E-1
9.55688264959169587E-7	1.85665986574183739E-1
9.55698264959169386E-7	1.79547540216236134E-1
9.55708264959169540E-7	1.71689762723598172E-1
9.55718264959169872E-7	1.61933521693761895E-1
9.55728264959169849E-7	1.51423112407913463E-1
9.55738264959170003E-7	1.39620751397842957E-1
9.55748264959169802E-7	1.26222072798208740E-1
9.55758264959170134E-7	1.12459380909401863E-1
9.55768264959169933E-7	9.81387508269475894E-2
9.55778131415000232E-7	8.29768045489809580E-2
9.55788131415000208E-7	6.77186112748854185E-2
9.55798131415000363E-7	5.26815542241193491E-2
9.55808131415000517E-7	3.72004109643714775E-2
9.55818131415000494E-7	2.22167854945284970E-2
9.55828131415000648E-7	8.11177403001257602E-3
9.55838131415000802E-7	-5.88954673278418817E-3
9.55848131415000779E-7	-1.91527212928499080E-2
9.55858131415000578E-7	-3.10827478339851870E-2
9.55868131415000732E-7	-4.24682657712743339E-2
9.55878131415000709E-7	-5.30376917106005319E-2
9.55888131415000863E-7	-6.20522875270253760E-2
9.55898131415000840E-7	-7.02044800369259647E-2
9.55908131415000817E-7	-7.76006365294577627E-2
9.55918131415001149E-7	-8.34740494806498745E-2
9.55928131415001303E-7	-8.83910934007688809E-2
9.55938131415001102E-7	-9.44762749235171739E-2
9.55945742636200357E-7	-1.02315476920309645E-1
9.55950140828757888E-7	-1.08690726580870334E-1
9.55954140791981644E-7	-1.15063702377551991E-1
9.55958637194546768E-7	-1.23096583409036020E-1
9.55962751963895485E-7	-1.32688178318561478E-1
9.55968976857469244E-7	-1.52437746909925376E-1
9.55974428117745312E-7	-1.72966949333966480E-1
9.55981369631707523E-7	-2.01720410429472574E-1
9.55986929722276102E-7	-2.28064791637315523E-1
9.55994528813127964E-7	-2.66653656770099001E-1
9.56001306737888790E-7	-2.98973156410230700E-1
9.56010733123138756E-7	-3.39182497042174358E-1
9.56017281407405761E-7	-3.64077484444685684E-1
9.56023758475661722E-7	-3.83214230336458916E-1
9.56030340700587189E-7	-3.95744858246139630E-1
9.56036023728678508E-7	-4.02881008801005880E-1
9.56043236935565943E-7	-4.08254390359888664E-1
9.56049146303138642E-7	-4.08030359557143019E-1
9.56056960533536326E-7	-4.01610751292144563E-1
9.56064133814210138E-7	-3.93371657095747995E-1
9.56072298937177756E-7	-3.82910588531304619E-1
9.56079230086092124E-7	-3.71811526704987294E-1
9.56088069067891944E-7	-3.57708877651135859E-1
9.56094496041737330E-7	-3.49791370253842038E-1
9.56100322443031736E-7	-3.43330142897943169E-1
9.56106181660093490E-7	-3.36488087048073226E-1
9.56112494575260286E-7	-3.30395070781590361E-1
9.56119532646612313E-7	-3.25641302869556970E-1
9.56126091590370919E-7	-3.20747531044465850E-1
9.56131273704454898E-7	-3.15842174044081681E-1
9.56137090172898496E-7	-3.10468705847144477E-1
9.56142183484814900E-7	-3.05873856649246978E-1
9.56147633167438116E-7	-2.99602132878557237E-1
9.56152877757009279E-7	-2.91788826489574271E-1
9.56158196759174928E-7	-2.83149123197203378E-1
9.56162100847272001E-7	-2.76805215640194069E-1
9.56166728269909960E-7	-2.68755463391214144E-1
9.56170423879514253E-7	-2.61451239042893979E-1
9.56175390785252333E-7	-2.50690337768827920E-1
9.56180579643836737E-7	-2.39394299141276345E-1
9.56186561201129948E-7	-2.26782238739818798E-1
9.56193250668227179E-7	-2.12168498083361268E-1
9.56200156244337052E-7	-1.96632492336724995E-1
9.56207361846002257E-7	-1.81612065402623668E-1
9.56213951980605614E-7	-1.68859135957744400E-1
9.56221415667586072E-7	-1.54227742178012162E-1
9.56228149705460595E-7	-1.41370630694705035E-1
9.56236315275757853E-7	-1.26722624888475854E-1
9.56241795726207577E-7	-1.16514730165393510E-1
9.56246934041701735E-7	-1.06129608587696822E-1
9.56251982265532519E-7	-9.57040307185868144E-2
9.56257097766991748E-7	-8.51160312426562626E-2
9.56262985470180027E-7	-7.20282224903845414E-2
9.56270198003833549E-7	-5.41106484145173994E-2
9.56276637058838475E-7	-3.72833827311818355E-2
9.56283457380638069E-7	-1.91771114762066852E-2
9.56289914380793959E-7	-1.05458200091984233E-3
9.56298788231326036E-7	2.48275259604985044E-2
9.56304356578402448E-7	4.05684396153976401E-2
9.56311885922349170E-7	6.09402744054098644E-2
9.56316338906909635E-7	7.28600580180531221E-2
9.56321007632019970E-7	8.50251375876762339E-2
9.56325845650643380E-7	9.65923974562643295E-2
9.56332122323948752E-7	1.09986207322897789E-1
9.56337281706708175E-7	1.20230489026051646E-1
9.56342035353931763E-7	1.29186946099202671E-1
9.56347680066883576E-7	1.38564737899037316E-1
9.56355030314742649E-7	1.48756983334940585E-1
9.56360642772770397E-7	1.55824738291112608E-1
9.56369430471563042E-7	1.66241955620745308E-1
9.56375877964428511E-7	1.72946511533807112E-1
9.56384998844814582E-7	1.82072711671692944E-1
9.56391294212782661E-7	1.88965352837713541E-1
9.56399009595677541E-7	1.97743295972819455E-1
9.56406126979826077E-7	2.05846679011185296E-1
9.56412266998714955E-7	2.13366881778336825E-1
9.56420277829405130E-7	2.23936176852329760E-1
9.56426206139451551E-7	2.31622777174980943E-1
9.56431920781109213E-7	2.38704266113155628E-1
9.56437065572197653E-7	2.45095543902481383E-1
9.56440234395421207E-7	2.49046079715978674E-1
9.56445442642933408E-7	2.55115519274659164E-1
9.56449515894509972E-7	2.59302858100369438E-1
9.56454385962152109E-7	2.63765746606852414E-1
9.56458948280801202E-7	2.67610135002204830E-1
9.56462923883561444E-7	2.70639911188191906E-1
9.56467776025862015E-7	2.73606543463765650E-1
9.56470812663276426E-7	2.74980591131554242E-1
9.56474781551172093E-7	2.76332540113015268E-1
9.56479310747682021E-7	2.77451938576916479E-1
9.56483672213692415E-7	2.78089626282452596E-1
9.56488130494651401E-7	2.78102847186399815E-1
9.56495035163573881E-7	2.76853626065314318E-1
9.56499507034936336E-7	2.75467155715234879E-1
9.56508557563602579E-7	2.71720880610244642E-1
9.56514863235019419E-7	2.68183378574742770E-1
9.56524863235019573E-7	2.61407318572768155E-1
9.56533997351530907E-7	2.54730694418433545E-1
9.56543997351531061E-7	2.46796471419068020E-1
9.56553997351531038E-7	2.38191793166405841E-1
9.56563997351531192E-7	2.29628074178872854E-1
9.56573997351531347E-7	2.21358273329861710E-1
9.56583997351531323E-7	2.14023632122939000E-1
9.56591397943394917E-7	2.09804817297000845E-1
9.56592022943394937E-7	2.09504240317366008E-1
9.56593566583093313E-7	2.08771087629949381E-1
9.56598197502188263E-7	2.06593939695825979E-1
9.56603910703324800E-7	2.04072456545349912E-1
9.56610586677389030E-7	2.02040751663167706E-1
9.56620585884180308E-7	2.00678551216793544E-1
9.56630585884180462E-7	1.99189529227345963E-1
9.56640585884180261E-7	1.97123309953296433E-1
9.56650585884180593E-7	1.95164618826774960E-1
9.56660585884180570E-7	1.91759100159880447E-1
9.56670585884180547E-7	1.86473780330869365E-1
9.56680585884180879E-7	1.80543393437328659E-1
9.56690585884180678E-7	1.72990173796060742E-1
9.56700585884180832E-7	1.63270052568788104E-1
9.56710585884180809E-7	1.52887071721514611E-1
9.56720585884180963E-7	1.41360767423438971E-1
9.56730585884180940E-7	1.27960056569953817E-1
9.56740585884181094E-7	1.14228350527692335E-1
9.56750585884180893E-7	1.00122088210638038E-1
9.56760585884181225E-7	8.47066690220463414E-2
9.56770585884181202E-7	6.93788860616655612E-2
9.56780365901601826E-7	5.48178485175610408E-2
9.56790365901601980E-7	3.92544569975393465E-2
9.56800365901601602E-7	2.41014074824259783E-2
9.56809904437456993E-7	1.07142554618502350E-2
9.56819904437456970E-7	-3.40063474622563922E-3
9.56829904437457124E-7	-1.69514246605662855E-2
9.56839659772121820E-7	-2.86387037000709821E-2
9.56849659772121619E-7	-4.01610600487973279E-2
9.56859609578673798E-7	-5.10383613820334592E-2
9.56869609578673774E-7	-6.02058093912192405E-2
9.56879609578673751E-7	-6.84888947284165717E-2
9.56889589637983029E-7	-7.62309985187520489E-2
9.56899589637983006E-7	-8.23038256428285209E-2
9.56909589637983160E-7	-8.72956343244125677E-2
9.56919589637983314E-7	-9.27270297338361082E-2
9.56924344258070647E-7	-9.63273678992863047E-2
9.56928490111953067E-7	-1.01077850337060204E-1
9.56931489984081018E-7	-1.05346327866517120E-1
9.56934513514552876E-7	-1.09737574384440917E-1
9.56938961900437945E-7	-1.16344291902822716E-1
9.56942258077106445E-7	-1.22292028523181018E-1
9.56946547146713655E-7	-1.33071540203418159E-1
9.56952230275515348E-7	-1.51648199474548440E-1
9.56957064833036952E-7	-1.69168436782329401E-1
9.56966218991182238E-7	-2.07472505961935294E-1
9.56971671509393396E-7	-2.34685674036070369E-1
9.56979997700930518E-7	-2.76760671216498055E-1
9.56986778861417697E-7	-3.07883754620875383E-1
9.56993113784062110E-7	-3.35428648823625952E-1
9.57000049831607846E-7	-3.62847110661518624E-1
9.57005056788087849E-7	-3.78153289874233867E-1
9.57012319055604088E-7	-3.93307086059046895E-1
9.57017172308861142E-7	-4.00713690578441906E-1
9.57023930697358161E-7	-4.07914460021823100E-1
9.57029686115817668E-7	-4.09103425955339528E-1
9.57036730439098804E-7	-4.04655053875062265E-1
9.57043261569608994E-7	-3.98422736370432906E-1
9.57050319628257817E-7	-3.90742617499136546E-1
9.57056658405917737E-7	-3.81188334298773013E-1
9.57064416349829372E-7	-3.67866002914831558E-1
9.57069928639148060E-7	-3.59969116113434495E-1
9.57077455265782007E-7	-3.50772044230246705E-1
9.57081490037619886E-7	-3.45461346927179402E-1
9.57088431681664709E-7	-3.36928861828639192E-1
9.57093899590123698E-7	-3.32328350973532327E-1
9.57101376235540968E-7	-3.27226494355948416E-1
9.57108034806606156E-7	-3.21478487523009049E-1
9.57112546290516164E-7	-3.17387364667661087E-1
9.57117846204305600E-7	-3.13388851114161637E-1
9.57122566867205649E-7	-3.09599417566646995E-1
9.57127621731602218E-7	-3.03874403222251521E-1
9.57132400445953735E-7	-2.97162596013846381E-1
9.57137590323148402E-7	-2.89724402966595518E-1
9.57140670406797689E-7	-2.85355107885881765E-1
9.57144265960449481E-7	-2.79753107306459636E-1
9.57148062472189309E-7	-2.72804195412823125E-1
9.57151213143623103E-7	-2.66337102039100060E-1
9.57154876187022197E-7	-2.58633367473025633E-1
9.57159774214395043E-7	-2.48666951777268919E-1
9.57164654649167446E-7	-2.38703052378317926E-1
9.57171045599033121E-7	-2.24473753913332130E-1
9.57176991827696888E-7	-2.10740881140840752E-1
9.57184014260085725E-7	-1.95786413612152210E-1
9.57190534364817758E-7	-1.82631466499221995E-1
9.57197289383154981E-7	-1.68655156828830188E-1
9.57202260022915041E-7	-1.58728265172974647E-1
9.57208969860472259E-7	-1.46607131471338592E-1
9.57214994147425102E-7	-1.35804498180199551E-1
9.57221111807317371E-7	-1.24005596152760011E-1
9.57225699811692543E-7	-1.15104007832639033E-1
9.57231025026851690E-7	-1.05092856439471127E-1
9.57235848570211800E-7	-9.55893228548712237E-2
9.57240771301558091E-7	-8.47626873231949318E-2
9.57246171131211732E-7	-7.20531598624577274E-2
9.57252503052840531E-7	-5.69829383393175704E-2
9.57258999710446901E-7	-4.07574962023455178E-2
9.57264559511554225E-7	-2.55012915022463460E-2
9.57271163230620736E-7	-6.57104946437889303E-3
9.57277102506050070E-7	1.01260292279163777E-2
9.57283068425340211E-7	2.68493667162321747E-2
9.57288743873363401E-7	4.32415655931670351E-2
9.57292556779400527E-7	5.42090630982301747E-2
9.57295906993779511E-7	6.33634312566175240E-2
9.57300415819729089E-7	7.48716694988142883E-2
9.57303738251270531E-7	8.30113062358265275E-2
9.57308973310759725E-7	9.56809277493706034E-2
9.57313760443701867E-7	1.06715774773948491E-1
9.57319112423540908E-7	1.17635503875977232E-1
9.57323831364591271E-7	1.26066729338151662E-1
9.57328920697324826E-7	1.34584988992455212E-1
9.57334690781573805E-7	1.43674403123439598E-1
9.57340234959172598E-7	1.51279775681605000E-1
9.57347865454577551E-7	1.60120308293019131E-1
9.57353611267484261E-7	1.66430533153852589E-1
9.57362377592952107E-7	1.75986656784789908E-1
9.57368908447481815E-7	1.82645454686119590E-1
9.57376446152145100E-7	1.90480017274735869E-1
9.57382800062742945E-7	1.97870029862309038E-1
9.57389514886316029E-7	2.06059717386579955E-1
9.57396527557018295E-7	2.14590838515746807E-1
9.57402630550915568E-7	2.22371986360138596E-1
9.57410190022456220E-7	2.32491728690496835E-1
9.57416513213389209E-7	2.40631877392514726E-1
9.57420457329243035E-7	2.45364307745692756E-1
9.57425528486256106E-7	2.51291723431461467E-1
9.57429213712902438E-7	2.55530749928304868E-1
9.57434249014676908E-7	2.60892730736624134E-1
9.57438883769760807E-7	2.65103734162140903E-1
9.57443754664083357E-7	2.68828760629388475E-1
9.57448542659970059E-7	2.72024699706349438E-1
9.57451699211095253E-7	2.73881895001702746E-1
9.57455629528690544E-7	2.75727431725260885E-1
9.57459759911084163E-7	2.76990129250603534E-1
9.57463668922553346E-7	2.77638339278459156E-1
9.57467726007917896E-7	2.77954236421232181E-1
9.57472973826638452E-7	2.77870444230278757E-1
9.57477400845405846E-7	2.77189802441473798E-1
9.57485370346437037E-7	2.74517445034986540E-1
9.57490475926851126E-7	2.72167786230830933E-1
9.57500475926851458E-7	2.66730215327481002E-1
9.57507508918858363E-7	2.61998333317875298E-1
9.57517508918858162E-7	2.54435161252821995E-1
9.57527508918858317E-7	2.46658495470718986E-1
9.57537508918858471E-7	2.38283811901034426E-1
9.57547508918858625E-7	2.29456211030607671E-1
9.57557508918858780E-7	2.21353346871916123E-1
9.57567508918858579E-7	2.14301112469740840E-1
9.57575693774162140E-7	2.09425621629926617E-1
9.57576318774162338E-7	2.09104245508610243E-1
9.57577741852216313E-7	2.08394729987866034E-1
9.57582011086378593E-7	2.06475093737767779E-1
9.57588371262729865E-7	2.04065770894549425E-1
9.57595308670443046E-7	2.02124119759113618E-1
9.57604436838435724E-7	2.00669614280134923E-1
9.57614436838435878E-7	1.99364964974949288E-1
9.57624436838436210E-7	1.97441896427819508E-1
9.57634436838436010E-7	1.95087079408331809E-1
9.57644436838436164E-7	1.91720296919062982E-1
9.57654436838435963E-7	1.86584760731029919E-1
9.57664436838436295E-7	1.80246869189050418E-1
9.57674436838436449E-7	1.72638388379072394E-1
9.57684436838436426E-7	1.63103494321616349E-1
9.57694436838436580E-7	1.52360092919274792E-1
9.57704436838436912E-7	1.40718369017800660E-1
9.57714436838436711E-7	1.27545226775017628E-1
9.57724436838436510E-7	1.13536031628926648E-1
9.57734436838436665E-7	9.92751783855824144E-2
9.57744436838436819E-7	8.41206284256636039E-2
9.57754436838436973E-7	6.86171827225774145E-2
9.57764436838436950E-7	5.35407109976543527E-2
9.57774436838436927E-7	3.82482383374705215E-2
9.57784436838436903E-7	2.30439630064819267E-2
9.57794436838437235E-7	8.82331733033892007E-3
9.57804436838437212E-7	-5.01433606397402531E-3
9.57814436838437366E-7	-1.84565683844875972E-2
9.57824436838437165E-7	-3.05600559341016043E-2
9.57834436838437320E-7	-4.18147478722798738E-2
9.57844436838437474E-7	-5.25081128572837130E-2
9.57854436838437628E-7	-6.17306620382433380E-2
9.57864436838437783E-7	-6.97921521682745549E-2
9.57874436838437759E-7	-7.72489573372989735E-2
9.57884436838437558E-7	-8.33354207955757786E-2
9.57894436838437713E-7	-8.81974474897978666E-2
9.57904436838438045E-7	-9.40096150865168845E-2
9.57912570069851910E-7	-1.02294938344773256E-1
9.57917032420909464E-7	-1.08797902340948238E-1
9.57921046641918394E-7	-1.15165328578556303E-1
9.57925457211965004E-7	-1.22927445704432681E-1
9.57929461195083931E-7	-1.32129761477823515E-1
9.57935545609224803E-7	-1.51298123726053357E-1
9.57940855386427614E-7	-1.71171091050449231E-1
9.57947452162454738E-7	-1.98055983174963779E-1
9.57953136524976046E-7	-2.24599548319660869E-1
9.57960281385483547E-7	-2.60986341662879084E-1
9.57966711624919043E-7	-2.92120462921705215E-1
9.57974417614215490E-7	-3.26011311242507595E-1
9.57980316542641930E-7	-3.50343588712233966E-1
9.57987840293901449E-7	-3.75917385438763230E-1
9.57992974357878957E-7	-3.88026671365867237E-1
9.57998662980272542E-7	-3.97567929024957012E-1
9.58004303710487015E-7	-4.04655432496708745E-1
9.58010956151257353E-7	-4.08752793748508392E-1
9.58016263000537549E-7	-4.07481878529269892E-1
9.58024371040525757E-7	-4.00714094431808743E-1
9.58031618652187333E-7	-3.93022258437896133E-1
9.58040202656264128E-7	-3.81364198903563345E-1
9.58047747625567503E-7	-3.68665967867913569E-1
9.58054223620121093E-7	-3.58845367208841903E-1
9.58061873099520689E-7	-3.49564126428459288E-1
9.58066594157263296E-7	-3.43840897845405324E-1
9.58075457120294871E-7	-3.33787794927035764E-1
9.58082044222689788E-7	-3.28615401721630684E-1
9.58091235822458565E-7	-3.22117488134861896E-1
9.58097650256949152E-7	-3.16242515355965148E-1
9.58103775636899613E-7	-3.10495547755151602E-1
9.58110667314068465E-7	-3.04049490307837011E-1
9.58116569910493787E-7	-2.96773449236160003E-1
9.58122622917334432E-7	-2.87208601167032240E-1
9.58127924438633016E-7	-2.78338171578638782E-1
9.58132555699454258E-7	-2.70525847272062636E-1
9.58136564633222676E-7	-2.63087918684776367E-1
9.58142293371746590E-7	-2.50920698681206122E-1
9.58147444270699999E-7	-2.39425878658889513E-1
9.58154306811347922E-7	-2.24784963787576730E-1
9.58160927880764568E-7	-2.10581042968484944E-1
9.58169404957675930E-7	-1.91677821703616980E-1
9.58176083775477672E-7	-1.77739827339895240E-1
9.58182088467923165E-7	-1.66331314933756103E-1
9.58189115916947820E-7	-1.52783921085662500E-1
9.58196033600856367E-7	-1.39379533992735460E-1
9.58202747142211564E-7	-1.27246745379358006E-1
9.58208933957390663E-7	-1.15985430572810677E-1
9.58213159586936669E-7	-1.07541089035952586E-1
9.58218695251803254E-7	-9.58960873585458273E-2
9.58223543747929440E-7	-8.57190306011765912E-2
9.58229918514343026E-7	-7.18148705628918371E-2
9.58236068001001762E-7	-5.68118775093643258E-2
9.58243435319200998E-7	-3.73798338369489080E-2
9.58250187373113249E-7	-1.93595577655345341E-2
9.58256284304540706E-7	-2.59493748361717191E-3
9.58263519228122362E-7	1.84786529335349892E-2
9.58269093236930480E-7	3.46980639367209243E-2
9.58274026350447627E-7	4.82884312423588735E-2
9.58277658303823010E-7	5.79902663529873319E-2
9.58281077053538866E-7	6.71709694668165369E-2
9.58285579814484301E-7	7.91875638566627682E-2
9.58289632364088817E-7	8.94193145581719762E-2
9.58295720882684954E-7	1.03171853264867752E-1
9.58300334242645491E-7	1.12671721718427120E-1
9.58304946723758277E-7	1.21844419746919463E-1
9.58309986012701032E-7	1.31183767415479768E-1
9.58315682613696040E-7	1.40234810838761104E-1
9.58322393697063646E-7	1.49350978507317089E-1
9.58328133327968246E-7	1.56689938156367803E-1
9.58336220775372638E-7	1.66217006585249161E-1
9.58342946300176379E-7	1.73070629630469797E-1
9.58350123619256067E-7	1.80283915799575145E-1
9.58356889425678027E-7	1.87703996462007416E-1
9.58363332795690681E-7	1.94876943160500171E-1
9.58371558112110122E-7	2.04107968297444975E-1
9.58377455231243403E-7	2.11355865062196813E-1
9.58386524598733125E-7	2.23230904845104305E-1
9.58392840690144965E-7	2.31290583752444201E-1
9.58399164588488084E-7	2.39172412333395856E-1
9.58404405349793009E-7	2.45800718939634244E-1
9.58408485197739068E-7	2.50826460240532523E-1
9.58413672335430178E-7	2.56571302173616678E-1
9.58418138405146536E-7	2.60925390752271502E-1
9.58423012839053357E-7	2.65314537840092557E-1
9.58427062661630913E-7	2.68696001972946430E-1
9.58431769777282661E-7	2.72012551158119553E-1
9.58435406571445370E-7	2.73965476119922524E-1
9.58438860149628979E-7	2.75378489318601050E-1
9.58442777860030759E-7	2.76648443562674817E-1
9.58447462572677900E-7	2.77761883709058388E-1
9.58451517094559513E-7	2.78211076725813111E-1
9.58457821578237734E-7	2.77728792057165386E-1
9.58462091864734411E-7	2.76747663694153534E-1
9.58467560560610821E-7	2.75091696664805596E-1
9.58473509418766234E-7	2.72706455808447323E-1
9.58479706216026095E-7	2.69341542081711838E-1
9.58486682173975524E-7	2.64836743633571281E-1
9.58494777412118282E-7	2.59302880010444969E-1
9.58503149725897785E-7	2.53020905786497874E-1
9.58513149725897762E-7	2.44729938153670101E-1
9.58523149725898094E-7	2.36321659063719780E-1
9.58533149725898070E-7	2.27770736197974522E-1
9.58543149725898047E-7	2.19447951779271166E-1
9.58553149725898024E-7	2.12744820722057515E-1
9.58560829684505578E-7	2.08677420125286828E-1
9.58570058871033126E-7	2.04367561724694813E-1
9.58579490594653194E-7	2.01527434422510510E-1
9.58587787239238764E-7	2.00514415339663010E-1
9.58597787239238741E-7	1.99047307600942425E-1
9.58607787239238540E-7	1.96939453609903259E-1
9.58617787239239050E-7	1.94891216416675639E-1
9.58627787239238849E-7	1.91470404381381631E-1
9.58637787239238826E-7	1.86150736726418264E-1
9.58647787239238980E-7	1.80112901914909918E-1
9.58657787239238957E-7	1.72530247380742230E-1
9.58667787239239111E-7	1.62804455946135707E-1
9.58677787239239265E-7	1.52323661158688117E-1
9.58687787239239064E-7	1.40766069216464196E-1
9.58697787239239396E-7	1.27396711775443650E-1
9.58707787239239373E-7	1.13592596867391027E-1
9.58717787239239527E-7	9.94566139779694502E-2
9.58727787239239504E-7	8.41080663771040093E-2
9.58737787239239481E-7	6.87410471691425240E-2
9.58747521574733597E-7	5.42184010867314914E-2
9.58757521574733751E-7	3.87491964880489448E-2
9.58767521574733728E-7	2.35911753124157997E-2
9.58777069317146236E-7	1.01508871784359433E-2
9.58787069317146390E-7	-3.85951455926273956E-3
9.58797069317146544E-7	-1.73759127454388596E-2
9.58806946935432691E-7	-2.92549074325979408E-2
9.58816946935432668E-7	-4.06703568467216758E-2
9.58826946935433000E-7	-5.15152017714914034E-2
9.58836946935432977E-7	-6.07118659672979888E-2
9.58846946935432953E-7	-6.89001080177035785E-2
9.58856946935433108E-7	-7.65420662596010271E-2
9.58866946935432907E-7	-8.26392861770887066E-2
9.58876946935433061E-7	-8.75691815037551002E-2
9.58886946935433215E-7	-9.31080282127289749E-2
9.58896211414426425E-7	-1.02158997972443610E-1
9.58900847706855508E-7	-1.08978998312119435E-1
9.58904968501943955E-7	-1.15649894242221829E-1
9.58909270409952086E-7	-1.23292400108283839E-1
9.58913195199609092E-7	-1.32319339239231182E-1
9.58918905424254042E-7	-1.50297004002970702E-1
9.58924090092642700E-7	-1.69697893576998493E-1
9.58930164369871285E-7	-1.94141412028344429E-1
9.58935927639695862E-7	-2.20564835157978401E-1
9.58942387451125811E-7	-2.53533277957489300E-1
9.58948647192767822E-7	-2.84453751221014128E-1
9.58956069296917768E-7	-3.17722145146394963E-1
9.58961771634566063E-7	-3.42038132970856390E-1
9.58970033162917446E-7	-3.72057601172008479E-1
9.58975190399340960E-7	-3.85283561284770526E-1
9.58981258031150574E-7	-3.96140343554389984E-1
9.58986535794753792E-7	-4.03337598316062884E-1
9.58993663331140489E-7	-4.08774069160761844E-1
9.58999235367537395E-7	-4.07951105803588199E-1
9.59007262187842002E-7	-4.01384724172989493E-1
9.59014200895270186E-7	-3.94176787862526812E-1
9.59022912587922427E-7	-3.82749041851814065E-1
9.59029956352310009E-7	-3.70787581707901870E-1
9.59036852300450882E-7	-3.59914222483771473E-1
9.59043741851864340E-7	-3.51451781354396520E-1
9.59048086553648638E-7	-3.46225493376824289E-1
9.59053991506298154E-7	-3.38734007979733587E-1
9.59059121874898857E-7	-3.33423304020163958E-1
9.59067097900304155E-7	-3.27704384615303468E-1
9.59073635464200969E-7	-3.22707704820211294E-1
9.59078021637315103E-7	-3.18582073081831396E-1
9.59083309562629083E-7	-3.14002208841207509E-1
9.59087901814288379E-7	-3.10435894536150503E-1
9.59093050738090014E-7	-3.05467202918031910E-1
9.59098111318646751E-7	-2.98850871959331421E-1
9.59103711002806669E-7	-2.90575546128660189E-1
9.59108112847030014E-7	-2.84060942826988461E-1
9.59111536556726918E-7	-2.78760247097882452E-1
9.59115940231735919E-7	-2.70885316027354373E-1
9.59119871276515035E-7	-2.62839855753155405E-1
9.59124012910420731E-7	-2.54029254233595303E-1
9.59129814117206081E-7	-2.42040876965158613E-1
9.59135481228262066E-7	-2.30173088526943559E-1
9.59142755881449638E-7	-2.13760585715270812E-1
9.59149332472988903E-7	-1.99036598502272577E-1
9.59156714096177510E-7	-1.83986744394868262E-1
9.59163575936878665E-7	-1.70286663221699963E-1
9.59169644315462300E-7	-1.58001166193706899E-1
9.59176319496569185E-7	-1.45469491600508860E-1
9.59185999744962459E-7	-1.28074168133796196E-1
9.59191446492484090E-7	-1.17554317173775980E-1
9.59197071950186420E-7	-1.06213706124943075E-1
9.59202309434345146E-7	-9.58099967658141871E-2
9.59208281188778322E-7	-8.34284535114219317E-2
9.59214412350377188E-7	-6.91317557569258856E-2
9.59220877240474046E-7	-5.28943459511996572E-2
9.59227815832391073E-7	-3.52072204133182964E-2
9.59234240963927220E-7	-1.80102451876249492E-2
9.59240468474430585E-7	-6.02804129277696532E-5
9.59246350931038094E-7	1.70777530940849065E-2
9.59252503068216100E-7	3.42719153346030758E-2
9.59257224047069812E-7	4.72896304429356462E-2
9.59262010553244693E-7	6.06792680396506690E-2
9.59265989160872401E-7	7.15931705222289594E-2
9.59270307796152721E-7	8.26050316968671261E-2
9.59275221087217922E-7	9.40699269342850819E-2
9.59279524426301577E-7	1.03646443367012964E-1
9.59284566221020718E-7	1.14530007661260469E-1
9.59289327148706050E-7	1.23948459653109055E-1
9.59293850349723876E-7	1.31720471232458136E-1
9.59299400377644318E-7	1.40186791591134541E-1
9.59305029928614061E-7	1.48298773257920291E-1
9.59311751899708121E-7	1.57143489030577133E-1
9.59318137871072807E-7	1.64252099487334768E-1
9.59325153563237443E-7	1.71465465438888298E-1
9.59331433053223037E-7	1.78209794854344272E-1
9.59338368551904708E-7	1.85653727980734029E-1
9.59345660789050747E-7	1.93304204670766944E-1
9.59351902503738962E-7	2.00388362751299542E-1
9.59360179626735743E-7	2.10740785027860467E-1
9.59366445847521554E-7	2.18656682267385793E-1
9.59373728467816278E-7	2.27825574590228630E-1
9.59379901934467583E-7	2.35914767516552759E-1
9.59385997548540281E-7	2.43815624367898431E-1
9.59390574973781263E-7	2.49271491996687100E-1
9.59394881994293236E-7	2.54011521979809096E-1
9.59400112093946333E-7	2.59511384390822597E-1
9.59404113340835352E-7	2.63490979964544358E-1
9.59409242639795856E-7	2.67906195467044528E-1
9.59413520941312115E-7	2.70850112645021790E-1
9.59417852099745438E-7	2.73287041674701348E-1
9.59421335273896680E-7	2.74977694004266837E-1
9.59425555254682472E-7	2.76645168077571935E-1
9.59429876308151464E-7	2.77708607131689167E-1
9.59435617208397318E-7	2.78054474994616285E-1
9.59439542835733761E-7	2.77771374851086605E-1
9.59445975657365224E-7	2.76711184761853790E-1
9.59451072698992924E-7	2.75195988863876106E-1
9.59458072091928749E-7	2.71990574870830271E-1
9.59463996643093076E-7	2.68645298735288574E-1
9.59473043144854110E-7	2.63013436324307337E-1
9.59480583156248557E-7	2.57582417161289445E-1
9.59490583156248533E-7	2.49615987723136756E-1
9.59500583156248688E-7	2.41511462628350593E-1
9.59510583156248842E-7	2.32943574583313318E-1
9.59520583156248996E-7	2.24203318521286876E-1
9.59530583156248973E-7	2.16703266177377252E-1
9.59538427749550138E-7	2.11828801596016625E-1
9.59539052749550159E-7	2.11464915323902325E-1
9.59540681386359218E-7	2.10525805498216245E-1
9.59545567296786572E-7	2.07875882232719755E-1
9.59552476155469591E-7	2.04811401243860258E-1
9.59558750375536995E-7	2.02910571901783676E-1
9.59566632185299717E-7	2.01401743674649891E-1
9.59576273149144221E-7	1.99930704804312742E-1
9.59586273149144198E-7	1.98349900902864684E-1
9.59596273149144352E-7	1.96440709681604275E-1
9.59606273149144151E-7	1.93508009884507626E-1
9.59616273149144305E-7	1.89200159741899632E-1
9.59626273149144460E-7	1.83637953952897970E-1
9.59636273149144614E-7	1.76599482201250035E-1
9.59646273149144591E-7	1.67914722057565857E-1
9.59656273149144745E-7	1.57905574714017027E-1
9.59666273149144899E-7	1.46671614235195702E-1
9.59676273149144876E-7	1.34121679259728932E-1
9.59686273149145030E-7	1.20622114544622860E-1
9.59696273149144830E-7	1.06478203750479583E-1
9.59706273149145161E-7	9.16201395107665562E-2
9.59716273149145138E-7	7.63472550933678029E-2
9.59726273149145115E-7	6.10828650471419099E-2
9.59736273149145269E-7	4.57582323304988492E-2
9.59746273149145246E-7	3.05320341568680487E-2
9.59756273149145400E-7	1.58757293784403464E-2
9.59766273149145377E-7	1.73163365407134484E-3
9.59776273149145354E-7	-1.19183244055387694E-2
9.59786273149145686E-7	-2.46136626675596704E-2
9.59796273149145485E-7	-3.63712297992482636E-2
9.59806273149145461E-7	-4.73839405838641348E-2
9.59816273149145971E-7	-5.72560716145378201E-2
9.59826273149145770E-7	-6.59329730924505064E-2
9.59836273149145924E-7	-7.37513988055928049E-2
9.59846273149145901E-7	-8.04397569960647374E-2
9.59856273149145878E-7	-8.58887872253343687E-2
9.59866273149146032E-7	-9.06843917282765410E-2
9.59876273149146186E-7	-9.83925475949392236E-2
9.59881840570433553E-7	-1.05593289055803030E-1
9.59887797782362107E-7	-1.14851383824434228E-1
9.59892542707695284E-7	-1.23202054435700159E-1
9.59897486372239683E-7	-1.34946893298156390E-1
9.59903560924355581E-7	-1.54885147391166056E-1
9.59909154079169902E-7	-1.76319833754991806E-1
9.59916183406019208E-7	-2.05817573809817489E-1
9.59921589929330921E-7	-2.31773098533218436E-1
9.59929722597916069E-7	-2.73090182514547664E-1
9.59936373104559770E-7	-3.04331608091501282E-1
9.59945085807307841E-7	-3.41026981904716564E-1
9.59951342331534718E-7	-3.64734403025966314E-1
9.59957248287973997E-7	-3.82360221087563135E-1
9.59963160620647749E-7	-3.94109198583617859E-1
9.59968541462188973E-7	-4.01426193318857827E-1
9.59975559950068380E-7	-4.07717670164306156E-1
9.59981921412317263E-7	-4.08536678989584168E-1
9.59989320440826965E-7	-4.03165107230794817E-1
9.59996807252866624E-7	-3.94823640162320544E-1
9.60005660554257645E-7	-3.83676082569805832E-1
9.60012851162357350E-7	-3.72236412222437973E-1
9.60022851162357327E-7	-3.56324283912738515E-1
9.60029555612081609E-7	-3.48206990128988014E-1
9.60036078758587230E-7	-3.41040732665781476E-1
9.60042525868377616E-7	-3.33718036912912552E-1
9.60049250934580201E-7	-3.27810418895783373E-1
9.60056642881013822E-7	-3.23014979550144021E-1
9.60062105385034315E-7	-3.18631887981910022E-1
9.60067790481792116E-7	-3.13053301322711608E-1
9.60073369138135391E-7	-3.07836231443704245E-1
9.60078629017014507E-7	-3.02786592795473775E-1
9.60083753304550314E-7	-2.96325160341015925E-1
9.60088980165121164E-7	-2.88060273142576762E-1
9.60093549024244552E-7	-2.80437317452970225E-1
9.60097674101804088E-7	-2.73625204362558838E-1
9.60101847877241710E-7	-2.66237596338544957E-1
9.60105980664527614E-7	-2.57879717857419610E-1
9.60111016163358499E-7	-2.46763045772128331E-1
9.60116379075296678E-7	-2.35078621924302178E-1
9.60122562115685518E-7	-2.22073347328192527E-1
9.60129329546204957E-7	-2.07187565952857833E-1
9.60136097479767336E-7	-1.92004560370436295E-1
9.60142562935924460E-7	-1.78747036686637029E-1
9.60148546623527821E-7	-1.67288626997019874E-1
9.60155297468378954E-7	-1.54016289624645730E-1
9.60161743057259720E-7	-1.41578447513144767E-1
9.60169235366489815E-7	-1.28146218836860526E-1
9.60174638929734492E-7	-1.18226847369685606E-1
9.60178895314869152E-7	-1.09699795464641303E-1
9.60183521608209922E-7	-1.00125173578721927E-1
9.60187663388353840E-7	-9.16597736426352050E-2
9.60193356380555940E-7	-7.96696145101654185E-2
9.60199215471459944E-7	-6.59588862984228541E-2
9.60206406938286783E-7	-4.75987329924144031E-2
9.60213017148045900E-7	-3.03611375687638008E-2
9.60218273175062187E-7	-1.63042751960672105E-2
9.60224474029153363E-7	1.38321134827915304E-3
9.60231032090551118E-7	2.05819766945773575E-2
9.60236352630324852E-7	3.55826836087361720E-2
9.60241821488201630E-7	5.05325611804538166E-2
9.60245739436231815E-7	6.12953283632303858E-2
9.60250679742106072E-7	7.47073806832603005E-2
9.60254889974746817E-7	8.54251229445634763E-2
9.60260907557908361E-7	9.92594552074924685E-2
9.60265581688421399E-7	1.09256179385159791E-1
9.60270612494812426E-7	1.19611791453856986E-1
9.60275687660640997E-7	1.29138122579356995E-1
9.60281569723281336E-7	1.38543341424697442E-1
9.60287411079830378E-7	1.46764659216775395E-1
9.60294046922489919E-7	1.55584197046090522E-1
9.60300702972778453E-7	1.63516129024707468E-1
9.60308624633891128E-7	1.71681737234152454E-1
9.60315025200949357E-7	1.78238410016964033E-1
9.60324081711269173E-7	1.88126251475315831E-1
9.60330674293274988E-7	1.95289628335463283E-1
9.60339437049536038E-7	2.05256157666297501E-1
9.60345933889061953E-7	2.13500609828680554E-1
9.60353191129710737E-7	2.22956627850392586E-1
9.60360347570577844E-7	2.31968929638877386E-1
9.60366681967404823E-7	2.39994845509661259E-1
9.60371985595011424E-7	2.46760618722320180E-1
9.60377918572408795E-7	2.53721908736989255E-1
9.60382513331428278E-7	2.58456935027964851E-1
9.60387621608376385E-7	2.63281278267886654E-1
9.60391914197004759E-7	2.67073359020413204E-1
9.60396809182848799E-7	2.70815136333830520E-1
9.60400920261158397E-7	2.73244692603668282E-1
9.60404631577420176E-7	2.74904146945761818E-1
9.60408673223410680E-7	2.76337642461097266E-1
9.60413244781118891E-7	2.77563848775991850E-1
9.60417377846188458E-7	2.78151924992746169E-1
9.60423476970149181E-7	2.77880540797419062E-1
9.60427754511986720E-7	2.77027252559419557E-1
9.60433138979789369E-7	2.75536841369971652E-1
9.60439212237264961E-7	2.73245848606675867E-1
9.60445340128939762E-7	2.70049618019250603E-1
9.60452680767352085E-7	2.65416170934192008E-1
9.60460792335270774E-7	2.59926150812531409E-1
9.60469531662155163E-7	2.53398421935959739E-1
9.60479531662155317E-7	2.45136486090197581E-1
9.60489531662155294E-7	2.36743683006800198E-1
9.60499531662155093E-7	2.28174128704489387E-1
9.60509531662155425E-7	2.19812118678646051E-1
9.60519531662155401E-7	2.13034530712489500E-1
9.60527007291677393E-7	2.09010131509495789E-1
9.60536527149233699E-7	2.04513436055213749E-1
9.60545815633996725E-7	2.01633877268602513E-1
9.60554072938930048E-7	2.00557213520397060E-1
9.60564072938930380E-7	1.99122395102386807E-1
9.60574072938930357E-7	1.97042450988606621E-1
9.60584072938930511E-7	1.94995472122970925E-1
9.60594072938930665E-7	1.91672083699452855E-1
9.60604072938930642E-7	1.86447829604256832E-1
9.60614072938930974E-7	1.80440284800930595E-1
9.60624072938930773E-7	1.72958886763986519E-1
9.60634072938930572E-7	1.63344105270668516E-1
9.60644072938930904E-7	1.52886531027728867E-1
9.60654072938931058E-7	1.41399264741311681E-1
9.60664072938931035E-7	1.28127413105454879E-1
9.60674072938930834E-7	1.14323872698453766E-1
9.60684072938930989E-7	1.00212077782744480E-1
9.60694072938931320E-7	8.49344093082073570E-2
9.60704072938931297E-7	6.95438747397981949E-2
9.60713950013495399E-7	5.47804568126510461E-2
9.60723950013495376E-7	3.93507940360975894E-2
9.60733950013495708E-7	2.41630332836292805E-2
9.60743674627807032E-7	1.04179668543850212E-2
9.60753674627806831E-7	-3.57028831431193261E-3
9.60763674627806985E-7	-1.70990240241487523E-2
9.60773674627807317E-7	-2.91825917566046522E-2
9.60783674627807294E-7	-4.05838115186012960E-2
9.60793674627807270E-7	-5.14197709480537135E-2
9.60803674627807602E-7	-6.06673833762649739E-2
9.60813674627807401E-7	-6.88542590889217898E-2
9.60823674627807556E-7	-7.64781531398468406E-2
9.60833674627807710E-7	-8.26218686655159473E-2
9.60843674627807687E-7	-8.75608254493822891E-2
9.60853674627807841E-7	-9.29929984104875018E-2
9.60858349783440602E-7	-9.66929237089495963E-2
9.60862374627168236E-7	-1.01416691757356769E-1
9.60865143559638923E-7	-1.05355751376122453E-1
9.60868126117743060E-7	-1.09652022181946029E-1
9.60872413040402762E-7	-1.15939322200991857E-1
9.60875684754267745E-7	-1.21726623609906159E-1
9.60879864477449885E-7	-1.31993273729245253E-1
9.60885633325027122E-7	-1.50572862338829605E-1
9.60890433863914417E-7	-1.67830099500525209E-1
9.60899752152075592E-7	-2.06501812475215774E-1
9.60905471622749197E-7	-2.34929559669308174E-1
9.60914042098473331E-7	-2.78160426766315716E-1
9.60920920048989302E-7	-3.09583213718888484E-1
9.60927358396209463E-7	-3.37360537863780996E-1
9.60934360624804640E-7	-3.64636070931607037E-1
9.60939338410413768E-7	-3.79486582966480057E-1
9.60946691176007661E-7	-3.94320441675327782E-1
9.60951620873071732E-7	-4.01516793309321418E-1
9.60958488914788589E-7	-4.08267681896744161E-1
9.60964331498420066E-7	-4.08888167570299554E-1
9.60971524249716325E-7	-4.03797528952819373E-1
9.60978081942269924E-7	-3.97286614902141100E-1
9.60985340428760715E-7	-3.89042661137142654E-1
9.60991662459846907E-7	-3.79198493980953666E-1
9.60999667805453583E-7	-3.65586896939473549E-1
9.61005758788324549E-7	-3.57255454088561208E-1
9.61011708768662842E-7	-3.50171957597739114E-1
9.61015886251657747E-7	-3.44688741329795922E-1
9.61021781127157126E-7	-3.37382170068976261E-1
9.61026986295022745E-7	-3.32851998944301775E-1
9.61034119200710890E-7	-3.27990293594228799E-1
9.61040522432157829E-7	-3.22583424411457553E-1
9.61044651227490832E-7	-3.18765532796038853E-1
9.61049617088964325E-7	-3.14927905980738165E-1
9.61053952020878199E-7	-3.11745484899897107E-1
9.61058751365722586E-7	-3.06989647466568938E-1
9.61063336072310825E-7	-3.01007443197341207E-1
9.61068604466284704E-7	-2.93607334046300394E-1
9.61072542848330436E-7	-2.88151639463448683E-1
9.61075239068172671E-7	-2.84244879749699519E-1
9.61078917974965918E-7	-2.78124181964357620E-1
9.61082254037781425E-7	-2.71700703440736335E-1
9.61085068204938509E-7	-2.65887487135362699E-1
9.61088936703734120E-7	-2.57935202421621890E-1
9.61093615944603386E-7	-2.48592724885175631E-1
9.61098471822387879E-7	-2.38553667571645711E-1
9.61105554846566257E-7	-2.22524070290540621E-1
9.61111974244216327E-7	-2.07963463425516881E-1
9.61119784828380830E-7	-1.91740648021637483E-1
9.61127226930963374E-7	-1.76522818781692759E-1
9.61133040047840126E-7	-1.64508679539936864E-1
9.61139211508435309E-7	-1.52806784026223297E-1
9.61147711631150514E-7	-1.37656117244942533E-1
9.61153439582709623E-7	-1.26827144139403902E-1
9.61160178234204032E-7	-1.13649017448662359E-1
9.61164956729642128E-7	-1.04564672752731092E-1
9.61170670346018952E-7	-9.32874316528629777E-2
9.61176171621684361E-7	-8.10830466245220549E-2
9.61182089585706834E-7	-6.69033324101027560E-2
9.61188572251941942E-7	-5.11564492924888903E-2
9.61195414291621297E-7	-3.36733688968303557E-2
9.61200292705918180E-7	-2.00544966209854802E-2
9.61206883825998482E-7	-1.00087155994235655E-3
9.61212570409338696E-7	1.50454082022034186E-2
9.61218191243726849E-7	3.07438329869248683E-2
9.61223403217252681E-7	4.56889060334108255E-2
9.61227021661773051E-7	5.60804152012798873E-2
9.61230413437453279E-7	6.53820145537044439E-2
9.61235603458535159E-7	7.85523281471152757E-2
9.61239066220700700E-7	8.68742092710549940E-2
9.61244576360151015E-7	9.98933076390708408E-2
9.61249755405473216E-7	1.11456380331509286E-1
9.61254834823255067E-7	1.21429769234698037E-1
9.61259647002456497E-7	1.29694399994421428E-1
9.61264718303949017E-7	1.37852978769876922E-1
9.61270808766643015E-7	1.47053820317932371E-1
9.61276379875300435E-7	1.54345319389342062E-1
9.61284372538175091E-7	1.63252888392932372E-1
9.61290156067083856E-7	1.69479412254254691E-1
9.61298997442783509E-7	1.79022918683229193E-1
9.61305589620309142E-7	1.85759078360807872E-1
9.61312844628345964E-7	1.93448909236315214E-1
9.61319310216113365E-7	2.01138783929131160E-1
9.61325864141458553E-7	2.09254972731699151E-1
9.61333104576714348E-7	2.18170580856196850E-1
9.61339179612236094E-7	2.25993422214348438E-1
9.61346281587692353E-7	2.35488201344054460E-1
9.61352588264471208E-7	2.43485218153154825E-1
9.61356250944593604E-7	2.47783221596300018E-1
9.61361619438558535E-7	2.53885329241690361E-1
9.61365440393432991E-7	2.58116805241416625E-1
9.61370497963569193E-7	2.63221752249583929E-1
9.61375091243805358E-7	2.67100734429572872E-1
9.61379812230214981E-7	2.70410299088258643E-1
9.61384556270126822E-7	2.73279136414092294E-1
9.61387787596296128E-7	2.74965690788206096E-1
9.61392219845597751E-7	2.76688309224918783E-1
9.61396983845423136E-7	2.77670729845659059E-1
9.61400872700703246E-7	2.77938538094844301E-1
9.61405492205431500E-7	2.77880226813757192E-1
9.61410322058592115E-7	2.77342492254481154E-1
9.61415120994887218E-7	2.76111977535062358E-1
9.61421014362677440E-7	2.73718606255903207E-1
9.61426206543286455E-7	2.71175069763558962E-1
9.61435145617554276E-7	2.66146804320121122E-1
9.61441898185846711E-7	2.61543706353413530E-1
9.61451898185846865E-7	2.53933993268215108E-1
9.61461864284777867E-7	2.46154708225631769E-1
9.61471864284777666E-7	2.37752521280665752E-1
9.61481864284777821E-7	2.28919166830414733E-1
9.61491864284777797E-7	2.20865868460459680E-1
9.61501864284777774E-7	2.13902704882041705E-1
9.61510338674653475E-7	2.08934246529845469E-1
9.61510947029397478E-7	2.08626334336703056E-1
9.61512346022908204E-7	2.07939150559288910E-1
9.61516543003440560E-7	2.06085788345415999E-1
9.61522972222417316E-7	2.03745074964693185E-1
9.61530335576388495E-7	2.01827984728751453E-1
9.61539596309265221E-7	2.00410819961900888E-1
9.61549596309265198E-7	1.99044425331087904E-1
9.61559596309265174E-7	1.97085468250924123E-1
9.61569596309265151E-7	1.94605997246827078E-1
9.61579596309265483E-7	1.91001749787216202E-1
9.61589596309265282E-7	1.85703310153325152E-1
9.61599596309265436E-7	1.79195187683646817E-1
9.61609596309265413E-7	1.71320483335868490E-1
9.61619596309265745E-7	1.61610042070549342E-1
9.61629596309265722E-7	1.50743188085222313E-1
9.61639596309266054E-7	1.38889605349612144E-1
9.61649596309265675E-7	1.25586703858647208E-1
9.61659596309266007E-7	1.11541263355335318E-1
9.61669596309265984E-7	9.71604220109315797E-2
9.61679596309265960E-7	8.19419779678746352E-2
9.61689596309266292E-7	6.64946845548672805E-2
9.61699596309266092E-7	5.13975315659692278E-2
9.61709596309266068E-7	3.61032042570210265E-2
9.61719596309266223E-7	2.10303957726458224E-2
9.61729382663106769E-7	7.17623974395359987E-3
9.61739382663106923E-7	-6.62630165360562629E-3
9.61749382663107255E-7	-1.99096799895946841E-2
9.61759382663107054E-7	-3.18989741656790926E-2
9.61769382663107031E-7	-4.30964788395587828E-2
9.61779382663107008E-7	-5.36186314163250266E-2
9.61789382663107162E-7	-6.26866785947440341E-2
9.61799382663107316E-7	-7.06815744118209288E-2
9.61809382663107471E-7	-7.79811554032235321E-2
9.61819382663107270E-7	-8.38994317273625434E-2
9.61829382663107602E-7	-8.87161705004055356E-2
9.61839382663107401E-7	-9.49889589346365781E-2
9.61846572755429108E-7	-1.02718824455323698E-1
9.61850917113349979E-7	-1.09045606252198102E-1
9.61854924170712877E-7	-1.15369512913650230E-1
9.61859564813791224E-7	-1.23761600992610932E-1
9.61863769962973514E-7	-1.33887263985859217E-1
9.61871531293444448E-7	-1.59509722656405861E-1
9.61877148528252413E-7	-1.81434367056063106E-1
9.61886381460953999E-7	-2.22023758563886853E-1
9.61893215482072250E-7	-2.56305307090084256E-1
9.61902960344304958E-7	-3.03874086032044310E-1
9.61911761386750541E-7	-3.40623056110791111E-1
9.61918629913719769E-7	-3.65659592103859676E-1
9.61925928799704266E-7	-3.86902012971244202E-1
9.61931294648793411E-7	-3.96979309209544873E-1
9.61938848253728729E-7	-4.04872253045639674E-1
9.61945361767270057E-7	-4.08093330831181689E-1
9.61951411586618832E-7	-4.07583897523436178E-1
9.61958883467704240E-7	-4.01074594943059104E-1
9.61967115183190380E-7	-3.90286590024790758E-1
9.61975829858936926E-7	-3.78453307223602264E-1
9.61983518284211847E-7	-3.66585369099654645E-1
9.61991963061310251E-7	-3.53290393260184743E-1
9.61997652785297319E-7	-3.46336591068988309E-1
9.62006416735498959E-7	-3.37501166011265852E-1
9.62012870095744788E-7	-3.30861340505406520E-1
9.62020923650591619E-7	-3.24030303189940794E-1
9.62026785489202751E-7	-3.20339710503585806E-1
9.62032720304212141E-7	-3.15663034058461589E-1
9.62038948955451545E-7	-3.09160489048913600E-1
9.62044924820518332E-7	-3.02698922471245435E-1
9.62050447713026280E-7	-2.96473686870897302E-1
9.62055479593279195E-7	-2.89351449787733905E-1
9.62060126534136728E-7	-2.81312249650915458E-1
9.62064523746357203E-7	-2.73243736526808112E-1
9.62068830525533336E-7	-2.65439256979222726E-1
9.62072411846774678E-7	-2.58762265119786239E-1
9.62077083300917479E-7	-2.49103653946063996E-1
9.62082604728279378E-7	-2.36625254272333896E-1
9.62088581299493661E-7	-2.23308577781822182E-1
9.62095192557468692E-7	-2.09293068809892002E-1
9.62102411750327668E-7	-1.93641342062759048E-1
9.62108918362586962E-7	-1.79527696783988167E-1
9.62114276135405078E-7	-1.68907620211509046E-1
9.62119559827850956E-7	-1.59095018834603108E-1
9.62125842484856619E-7	-1.47106676254248314E-1
9.62132471582958004E-7	-1.34389137139830517E-1
9.62138826219677412E-7	-1.22854425658209232E-1
9.62143900905882177E-7	-1.13565398473259171E-1
9.62148407364740521E-7	-1.04563367248437245E-1
9.62154030611335465E-7	-9.26100196119396912E-2
9.62159392064939034E-7	-8.10929662167637666E-2
9.62166517278303246E-7	-6.50431629491410312E-2
9.62173134078129166E-7	-4.83910161576691600E-2
9.62181094276897575E-7	-2.69340542226287738E-2
9.62188274336715565E-7	-7.36665598950414768E-3
9.62195936736672763E-7	1.42659105460031488E-2
9.62204854289434763E-7	4.01761092120615437E-2
9.62209903443886283E-7	5.42549211887346949E-2
9.62214279854011068E-7	6.57665809274952551E-2
9.62218059296043826E-7	7.54994108717112411E-2
9.62221963704342720E-7	8.55040754353900567E-2
9.62226446549007619E-7	9.65217650279733874E-2
9.62231834230057359E-7	1.08418797144188583E-1
9.62237415618589509E-7	1.19352019067540227E-1
9.62242347302297674E-7	1.28416417802123184E-1
9.62248261166195462E-7	1.38526851129422868E-1
9.62254015996773049E-7	1.46955085035028987E-1
9.62262854353489061E-7	1.57860547368991710E-1
9.62268903190284774E-7	1.64853949017798485E-1
9.62278332910484302E-7	1.75118996070615252E-1
9.62285708299541298E-7	1.82424496599472441E-1
9.62292779424100786E-7	1.89803443275764816E-1
9.62300575735572394E-7	1.98833310158429177E-1
9.62306844727499033E-7	2.06205106088816503E-1
9.62315503704309094E-7	2.16637991374279171E-1
9.62321440014909335E-7	2.24391565379298097E-1
9.62329005692003037E-7	2.34407911537488367E-1
9.62335386078482102E-7	2.42298944178587572E-1
9.62339508227186258E-7	2.47170622823639263E-1
9.62343565609447182E-7	2.51965078301670875E-1
9.62347730953568892E-7	2.56738154394207285E-1
9.62352629187542341E-7	2.61743709558538606E-1
9.62356967958794662E-7	2.65506324541807270E-1
9.62361529952035788E-7	2.68980261109693952E-1
9.62365418513129711E-7	2.71671688274108014E-1
9.62368663234843780E-7	2.73653040542390880E-1
9.62371762847204870E-7	2.75185249351550043E-1
9.62375028613788430E-7	2.76358442202598376E-1
9.62378596238394479E-7	2.77208808189031242E-1
9.62382800121218906E-7	2.77832772655887128E-1
9.62387649753035923E-7	2.78103645547858003E-1
9.62391929970481463E-7	2.77787183461851939E-1
9.62399512528028112E-7	2.75814883774372621E-1
9.62404282632521735E-7	2.73904492341184724E-1
9.62412438090771438E-7	2.69984853507410927E-1
9.62419234620569952E-7	2.65890958627344798E-1
9.62429234620570107E-7	2.58719933870241059E-1
9.62438646567670375E-7	2.51556993439780285E-1
9.62448646567670174E-7	2.43456425363833784E-1
9.62458646567670328E-7	2.34678771274945808E-1
9.62468646567670127E-7	2.26103510791169926E-1
9.62478646567670282E-7	2.18249338478593158E-1
9.62487082678010175E-7	2.12437818360985320E-1
9.62496320793284887E-7	2.07461135926611551E-1
9.62504855476718113E-7	2.03946580579177184E-1
9.62514740655130296E-7	2.01065087826363875E-1
9.62523258562859141E-7	1.99827432168152130E-1
9.62533258562858940E-7	1.98581850440171492E-1
9.62543258562859094E-7	1.96463847134414693E-1
9.62553258562859426E-7	1.93959420815713024E-1
9.62563258562859403E-7	1.90522902107387759E-1
9.62573258562859735E-7	1.85126078675425365E-1
9.62583258562859534E-7	1.78559997225094369E-1
9.62593258562859688E-7	1.70876808897720611E-1
9.62603258562859665E-7	1.61130488182078757E-1
9.62613258562859642E-7	1.50176464817480393E-1
9.62623258562859796E-7	1.38516443212368401E-1
9.62633258562859950E-7	1.25238087095514872E-1
9.62643258562859749E-7	1.11081729711412769E-1
9.62653258562859726E-7	9.68756262220312969E-2
9.62663258562859880E-7	8.17373161507411439E-2
9.62673258562860035E-7	6.61638239064796263E-2
9.62683258562860189E-7	5.12035672132325814E-2
9.62693258562860166E-7	3.60373471662012390E-2
9.62703258562860142E-7	2.08357381967919508E-2
9.62713258562860474E-7	6.76693209292150488E-3
9.62723258562860629E-7	-6.86159007595825976E-3
9.62733258562860250E-7	-2.02406305117253460E-2
9.62743258562860404E-7	-3.21852832180363446E-2
9.62753258562860381E-7	-4.31825472929371212E-2
9.62763258562860713E-7	-5.37664544046927162E-2
9.62773258562860690E-7	-6.28471020006183689E-2
9.62783258562860667E-7	-7.06401784480217465E-2
9.62793258562860821E-7	-7.79589864141846789E-2
9.62803258562860975E-7	-8.39437614584117320E-2
9.62813258562860952E-7	-8.85927916085553768E-2
9.62823258562860929E-7	-9.50753793336281738E-2
9.62830168502497763E-7	-1.02814919088512613E-1
9.62834497238111808E-7	-1.09106427526932848E-1
9.62838509773363249E-7	-1.15338705845713108E-1
9.62843290814455344E-7	-1.24108276775785908E-1
9.62847548433565237E-7	-1.34733921612813878E-1
9.62856784526811182E-7	-1.66236766134552938E-1
9.62862594042422515E-7	-1.89582698395653759E-1
9.62871061931300432E-7	-2.27898534049365775E-1
9.62878351030535207E-7	-2.64862656936684004E-1
9.62886345332068139E-7	-3.03578187617523598E-1
9.62894372969051737E-7	-3.37331189458991609E-1
9.62900548052899374E-7	-3.60702268021858297E-1
9.62909037305548843E-7	-3.86126596573378844E-1
9.62914329101602640E-7	-3.96123801139778520E-1
9.62921497889085742E-7	-4.04115688411577434E-1
9.62927966723475137E-7	-4.07957010649447138E-1
9.62934073043458838E-7	-4.07829823377115908E-1
9.62941365380944880E-7	-4.01812895734969988E-1
9.62949253218184964E-7	-3.91896150650803321E-1
9.62957375127551352E-7	-3.81202723992918147E-1
9.62964839422940599E-7	-3.69761544923047181E-1
9.62973164874876097E-7	-3.56341139467537094E-1
9.62979054818515579E-7	-3.48790490715670298E-1
9.62987396155312503E-7	-3.40036220274021295E-1
9.62993440028173708E-7	-3.33554473651537808E-1
9.63001850225246692E-7	-3.26026563246948298E-1
9.63008252493695416E-7	-3.21930821428023872E-1
9.63013957027581036E-7	-3.17626375640928593E-1
9.63020026062909551E-7	-3.11578934855172029E-1
9.63026020008053152E-7	-3.05396728962788311E-1
9.63031479203488061E-7	-2.99633620773586840E-1
9.63036854325014069E-7	-2.92472717386918291E-1
9.63041874728546787E-7	-2.84131031203668183E-1
9.63045760287629271E-7	-2.77218640840919006E-1
9.63050528056241184E-7	-2.68800721776893692E-1
9.63053963998707729E-7	-2.62532464740805072E-1
9.63058396242163184E-7	-2.53557219535914991E-1
9.63063799851110325E-7	-2.41522823549641075E-1
9.63069528928023644E-7	-2.28783495593641195E-1
9.63076274737361615E-7	-2.14424855664226488E-1
9.63083355993346046E-7	-1.99004716643449897E-1
9.63090546631508104E-7	-1.83279152943909507E-1
9.63096733609467570E-7	-1.70923801738308456E-1
9.63102168543590054E-7	-1.60743410759501515E-1
9.63108827114781008E-7	-1.47932295337525388E-1
9.63115751127910080E-7	-1.34736749435692116E-1
9.63122649372463790E-7	-1.22308786622048737E-1
9.63127471539046986E-7	-1.13387505060882665E-1
9.63132276588397040E-7	-1.03660893542896604E-1
9.63137518057296305E-7	-9.25426348539075860E-2
9.63142753785267480E-7	-8.14076624214833977E-2
9.63149036795119073E-7	-6.73267667770127254E-2
9.63155717203372674E-7	-5.05866542735955349E-2
9.63162626716253101E-7	-3.21250814596772338E-2
9.63169625113991579E-7	-1.32595998668630721E-2
9.63176746512452020E-7	6.70620431112425130E-3
9.63185137403948843E-7	3.12069577878514792E-2
9.63190349823643288E-7	4.59969019443406424E-2
9.63195750548130647E-7	6.04665768385483027E-2
9.63199105424572366E-7	6.92691691688839395E-2
9.63203392577834094E-7	8.05050916334881528E-2
9.63207717856951717E-7	9.14233416270117516E-2
9.63213020403196651E-7	1.03524369780342607E-1
9.63218494345678877E-7	1.14666813436575676E-1
9.63223601832424237E-7	1.24441912377192310E-1
9.63228927531192269E-7	1.34007008426190199E-1
9.63234525409658104E-7	1.42733115950254197E-1
9.63242452187674303E-7	1.53095566063292221E-1
9.63248178780445663E-7	1.60010572584494826E-1
9.63257489944763101E-7	1.70565856011224248E-1
9.63264268166069648E-7	1.77374411367083229E-1
9.63272175388715368E-7	1.85382825096729764E-1
9.63278895081007036E-7	1.92924628613877580E-1
9.63285631963278810E-7	2.00689984536167509E-1
9.63293536772977532E-7	2.09899645879508956E-1
9.63299495264504024E-7	2.17413495324265327E-1
9.63308105793112013E-7	2.28814257903927754E-1
9.63314343447480148E-7	2.36749358186937187E-1
9.63319576424923874E-7	2.43124964978132363E-1
9.63324297165115517E-7	2.48879353573801954E-1
9.63328241110405514E-7	2.53583484462924513E-1
9.63333443941211343E-7	2.59184104526400105E-1
9.63337796522735168E-7	2.63224993754205272E-1
9.63342501442743959E-7	2.67127301560420483E-1
9.63346657721443300E-7	2.70278093804400754E-1
9.63350616841443497E-7	2.72878698295166444E-1
9.63353969500677110E-7	2.74616615489771299E-1
9.63357188395361952E-7	2.75854619624401565E-1
9.63360783409971333E-7	2.76859156233521642E-1
9.63365808639983356E-7	2.77803538970461839E-1
9.63370080419064934E-7	2.78144174853640802E-1
9.63374697264235991E-7	2.77833526134584030E-1
9.63381559991935532E-7	2.76162142296470670E-1
9.63386265475976344E-7	2.74471311383195848E-1
9.63395817212570904E-7	2.70035359278966069E-1
9.63402504431069850E-7	2.65928068851544097E-1
9.63412504431070005E-7	2.58813729714652219E-1
9.63422504431069804E-7	2.51286074108775814E-1
9.63432504431070136E-7	2.43069681802451987E-1
9.63442504431070113E-7	2.34317349812229203E-1
9.63452504431070267E-7	2.25849905390177152E-1
9.63462504431070066E-7	2.17945357931643091E-1
9.63471055470817106E-7	2.12139806084093729E-1
9.63479470756999845E-7	2.07744024507748382E-1
9.63487869183759926E-7	2.04189161976873557E-1
9.63497572340430608E-7	2.01254550245911012E-1
9.63505923349650040E-7	2.00127590490202589E-1
9.63515923349650194E-7	1.98897504965248695E-1
9.63525923349650171E-7	1.96738835606826790E-1
9.63535923349650325E-7	1.94404024088750549E-1
9.63545923349650124E-7	1.91091194513305007E-1
9.63555923349650456E-7	1.85699495070918230E-1
9.63565923349650433E-7	1.79312385054491430E-1
9.63575923349650587E-7	1.71784172665371049E-1
9.63585923349650386E-7	1.62034375052562996E-1
9.63595923349650541E-7	1.51215031336238037E-1
9.63605923349650695E-7	1.39697366013398239E-1
9.63615923349650849E-7	1.26382835426336060E-1
9.63625923349650826E-7	1.12292405368488635E-1
9.63635923349650980E-7	9.81956643270939900E-2
9.63645923349650957E-7	8.29853347442268863E-2
9.63655923349650934E-7	6.74045514381709676E-2
9.63665923349651266E-7	5.25153200106004636E-2
9.63675923349651065E-7	3.72513170707751495E-2
9.63685923349651219E-7	2.19776635000949971E-2
9.63695923349651373E-7	7.94407081703090157E-3
9.63705923349651528E-7	-5.79163620347397945E-3
9.63715923349651504E-7	-1.92917369665391547E-2
9.63725923349651481E-7	-3.12321651114844467E-2
9.63735923349651458E-7	-4.23293113913062502E-2
9.63745923349651434E-7	-5.30641574255929083E-2
9.63755923349651589E-7	-6.21671391945289464E-2
9.63765923349651743E-7	-7.00392633732509573E-2
9.63775923349651720E-7	-7.75169747862089142E-2
9.63785923349651696E-7	-8.35423759296921986E-2
9.63795923349652028E-7	-8.82246376597723447E-2
9.63805923349652005E-7	-9.44349438857671686E-2
9.63813373052691880E-7	-1.02398056034161833E-1
9.63817753708032576E-7	-1.08703995040428625E-1
9.63821744940027259E-7	-1.14927200858430245E-1
9.63826305506051995E-7	-1.23108318619804225E-1
9.63830450998070987E-7	-1.33015210152683916E-1
9.63837973694607264E-7	-1.57574898384584605E-1
9.63843523470666774E-7	-1.78967720469698577E-1
9.63852233795383384E-7	-2.16762897809837529E-1
9.63858784348418141E-7	-2.49425952847474441E-1
9.63868413369459454E-7	-2.96993307864395195E-1
9.63876108544677734E-7	-3.30260984729395979E-1
9.63883006966447198E-7	-3.56966636383552238E-1
9.63890002236202292E-7	-3.79738921815186936E-1
9.63894263871145540E-7	-3.89821908998084687E-1
9.63901800531447073E-7	-4.01073440148816385E-1
9.63907384318650706E-7	-4.06034753835150486E-1
9.63914488545175807E-7	-4.08609478996941533E-1
9.63920472912152704E-7	-4.05971217914888172E-1
9.63927929314867882E-7	-3.97956211951427230E-1
9.63935032032333083E-7	-3.89108794346968523E-1
9.63942839608389512E-7	-3.78432011585555372E-1
9.63949440163460913E-7	-3.67557337808769269E-1
9.63956932322228610E-7	-3.55844350757951799E-1
9.63962802199527147E-7	-3.48801740430171359E-1
9.63968154876650729E-7	-3.42942487906039606E-1
9.63973896521690854E-7	-3.36308278000691985E-1
9.63980019824917633E-7	-3.30352816765750479E-1
9.63986969425655715E-7	-3.25589412343481266E-1
9.63993760635497665E-7	-3.20577893097271183E-1
9.63999028733514507E-7	-3.15631358197886858E-1
9.64005113231311661E-7	-3.09964124694340137E-1
9.64010353255530461E-7	-3.05116824802340103E-1
9.64016049255619834E-7	-2.98369864958873521E-1
9.64021402999711796E-7	-2.90246163602258012E-1
9.64026857312673258E-7	-2.81290946222971838E-1
9.64031126911421410E-7	-2.74208984476034923E-1
9.64035775425477759E-7	-2.65831648545138810E-1
9.64040459702804498E-7	-2.56195226889571348E-1
9.64045615386810262E-7	-2.44840366604395099E-1
9.64051704228467798E-7	-2.31729396430067558E-1
9.64057897628039129E-7	-2.18548023768861688E-1
9.64065582981055336E-7	-2.01435958949021421E-1
9.64072200102942922E-7	-1.87001021543262502E-1
9.64078909139028362E-7	-1.73705964093633902E-1
9.64084306195211838E-7	-1.63326379770637420E-1
9.64092407491779113E-7	-1.47502352562963823E-1
9.64099567365357402E-7	-1.34248139103918218E-1
9.64103807011101033E-7	-1.26779876747393527E-1
9.64107759552471144E-7	-1.19494309067870375E-1
9.64112089753690071E-7	-1.10895072393094773E-1
9.64115878798175352E-7	-1.03120310585991048E-1
9.64119292717612808E-7	-9.61894579037070940E-2
9.64124775562686942E-7	-8.48992631347519300E-2
9.64130181077048221E-7	-7.27636577331757728E-2
9.64137468220814675E-7	-5.46525190438840625E-2
9.64143641513458149E-7	-3.87060272847383402E-2
9.64150307237698811E-7	-2.11107907148146934E-2
9.64156263729216079E-7	-4.35891840730070967E-3
9.64165084498221425E-7	2.13396449232524255E-2
9.64170584549236409E-7	3.68731739265452330E-2
9.64177049676739273E-7	5.45287361335484722E-2
9.64181069557925419E-7	6.55035408964826082E-2
9.64186388778273162E-7	7.96946874270458760E-2
9.64190880203897827E-7	9.07693089200270009E-2
9.64197595875669400E-7	1.05636189103008560E-1
9.64202586449618337E-7	1.15913910368505202E-1
9.64206785853991732E-7	1.24195679974876372E-1
9.64212387798954751E-7	1.34083935250366126E-1
9.64218598360048240E-7	1.43327415853485873E-1
9.64224160977036959E-7	1.50766391094642227E-1
9.64231907597141280E-7	1.60518257087753824E-1
9.64238209642359578E-7	1.67528094779286563E-1
9.64248072432124026E-7	1.77486716795622135E-1
9.64254480603506003E-7	1.84256569865745723E-1
9.64263524647199510E-7	1.94321397088628633E-1
9.64270606384838658E-7	2.02241045035344325E-1
9.64277793300940367E-7	2.10865272992437669E-1
9.64285253420310440E-7	2.20604138424643947E-1
9.64291827089221520E-7	2.29133091314000303E-1
9.64298062318984250E-7	2.36936962381173410E-1
9.64304169971843983E-7	2.44606421806865004E-1
9.64307966143539730E-7	2.49329411132002043E-1
9.64313812688477334E-7	2.55975543605115785E-1
9.64318217415675960E-7	2.60363403703653029E-1
9.64323239977211522E-7	2.64909054628590779E-1
9.64327619549135484E-7	2.68548346872503796E-1
9.64332310863998998E-7	2.71875582604923105E-1
9.64336354143758356E-7	2.74075707634629673E-1
9.64339611526293616E-7	2.75412633737125301E-1
9.64343533214422521E-7	2.76668182719911737E-1
9.64348326631600017E-7	2.77756295238413164E-1
9.64352462075336270E-7	2.78176778047223783E-1
9.64358171619640459E-7	2.77769138112004921E-1
9.64362758046729240E-7	2.76751621710028983E-1
9.64367896549407888E-7	2.75191265812370034E-1
9.64374198907911406E-7	2.72661661530259680E-1
9.64380260471179263E-7	2.69394766216440562E-1
9.64387665360306912E-7	2.64624080393604544E-1
9.64395765892336954E-7	2.59040774850762867E-1
9.64404511594602276E-7	2.52444242219555903E-1
9.64414511594602430E-7	2.44138373968643174E-1
9.64424511594602585E-7	2.35693259053803628E-1
9.64434511594602739E-7	2.27144506206162866E-1
9.64444511594602716E-7	2.18908903542193034E-1
9.64454511594602870E-7	2.12305919481714200E-1
9.64462681001238664E-7	2.08055055284263757E-1
9.64471528247049115E-7	2.04031247285547046E-1
9.64481214683461374E-7	2.01291477423204235E-1
9.64489642767796873E-7	2.00335372839266723E-1
9.64499642767796672E-7	1.98793003881172603E-1
9.64509642767797004E-7	1.96656943755507374E-1
9.64519642767796981E-7	1.94546352773340225E-1
9.64529642767797135E-7	1.90910646296071285E-1
9.64539642767796934E-7	1.85440163533033187E-1
9.64549642767797266E-7	1.79297493864448043E-1
9.64559642767797243E-7	1.71486014639808482E-1
9.64569642767797220E-7	1.61587097982630268E-1
9.64579642767797552E-7	1.51033283475892510E-1
9.64589642767797528E-7	1.39303263880034400E-1
9.64599642767797505E-7	1.25791594391574302E-1
9.64609642767797482E-7	1.11977614930681391E-1
9.64619642767797458E-7	9.77569959029309388E-2
9.64629642767797790E-7	8.23183810113198966E-2
9.64639642767797767E-7	6.70071939293492136E-2
9.64649444042270687E-7	5.23917128637179808E-2
9.64659444042270842E-7	3.68845046101808105E-2
9.64669444042270996E-7	2.18359736101409174E-2
9.64678970474882114E-7	8.51856340121513789E-3
9.64688970474881913E-7	-5.48271287880141145E-3
9.64698970474882245E-7	-1.88675560323505120E-2
9.64708677174331442E-7	-3.03895268324611489E-2
9.64718677174331773E-7	-4.17681538691026599E-2
9.64728677174331573E-7	-5.25012678705628755E-2
9.64738677174331727E-7	-6.15235886708821589E-2
9.64748677174331881E-7	-6.96514008271172536E-2
9.64758677174332036E-7	-7.72013343653091599E-2
9.64768677174331835E-7	-8.31209916898019685E-2
9.64778677174331989E-7	-8.79913909285520113E-2
9.64788677174331966E-7	-9.39832568384237810E-2
9.64796676366577799E-7	-1.02079756516245324E-1
9.64801135183397562E-7	-1.08507657043063666E-1
9.64805149657420991E-7	-1.14907355858958482E-1
9.64809582076017769E-7	-1.22810850615121625E-1
9.64813670566015880E-7	-1.32279440626284250E-1
9.64819850129339862E-7	-1.51781214232620498E-1
9.64825293905910364E-7	-1.72234900901886290E-1
9.64832054060287803E-7	-2.00113702525480042E-1
9.64837694175612981E-7	-2.26706313668943826E-1
9.64845012522396672E-7	-2.63933118039662684E-1
9.64851692439298603E-7	-2.96029338725787072E-1
9.64861379747107684E-7	-3.37653543246459709E-1
9.64867840517426067E-7	-3.62500069063157238E-1
9.64874578342577216E-7	-3.82759015893202914E-1
9.64880754976511490E-7	-3.94819051601671012E-1
9.64886412282407946E-7	-4.02223926230213102E-1
9.64893179366010401E-7	-4.07869117337423059E-1
9.64899319686533019E-7	-4.08367426257866661E-1
9.64906616089835012E-7	-4.02957307054738312E-1
9.64913825729250618E-7	-3.94921050914529292E-1
9.64921293852455442E-7	-3.85750900085205517E-1
9.64928189424321658E-7	-3.75111247526547187E-1
9.64936505383654364E-7	-3.61365780965053274E-1
9.64942734187977891E-7	-3.53047629121793083E-1
9.64948687045457021E-7	-3.46288144403441489E-1
9.64953726312250915E-7	-3.40222734049143982E-1
9.64960807952487798E-7	-3.32590198098184331E-1
9.64967507774426991E-7	-3.27648960748319551E-1
9.64975415248312629E-7	-3.22040195282752162E-1
9.64980612523345727E-7	-3.17274609653731288E-1
9.64986596664875229E-7	-3.11730545890762389E-1
9.64992151090119066E-7	-3.06835020116256452E-1
9.64997998156308512E-7	-3.00357700583903098E-1
9.65003591787144543E-7	-2.92160777951328487E-1
9.65009542683706201E-7	-2.82526234953063415E-1
9.65013658246985706E-7	-2.75816772586313030E-1
9.65018401487863819E-7	-2.67447461016823196E-1
9.65022386304968904E-7	-2.59411080347519452E-1
9.65027375207230875E-7	-2.48503752891505325E-1
9.65032799454467494E-7	-2.36760780244998381E-1
9.65038700653351356E-7	-2.24316067690697585E-1
9.65045572112226324E-7	-2.09165561604923722E-1
9.65052085721372066E-7	-1.94557840050917319E-1
9.65058961875696042E-7	-1.80393399236512808E-1
9.65064989226215530E-7	-1.68738916325184984E-1
9.65072220009663795E-7	-1.54509755330545939E-1
9.65078659730463428E-7	-1.42213953510402913E-1
9.65086891879222719E-7	-1.27453641790059002E-1
9.65092302286238635E-7	-1.17379295832575647E-1
9.65097305803640282E-7	-1.07294787520887436E-1
9.65102183907675659E-7	-9.72783481701034880E-2
9.65106968860764169E-7	-8.74760737816602862E-2
9.65112692410071737E-7	-7.49603535428224177E-2
9.65119161618793697E-7	-5.91659754955822947E-2
9.65125395966521893E-7	-4.30734027635384287E-2
9.65132972804529743E-7	-2.31670934736507839E-2
9.65139090745745420E-7	-6.19608254934119973E-3
9.65147167594783184E-7	1.73556652041066117E-2
9.65152762287738675E-7	3.33784214066451312E-2
9.65160686509721977E-7	5.50599949424482737E-2
9.65164921461038361E-7	6.65207843417930533E-2
9.65170353143701654E-7	8.09472888807333746E-2
9.65175011966558571E-7	9.24018189081442110E-2
9.65181637983104856E-7	1.06930392226987059E-1
9.65186656035917956E-7	1.17110413630521570E-1
9.65190655476935788E-7	1.24919086865489204E-1
9.65196271232057690E-7	1.34809472664746965E-1
9.65202625616324816E-7	1.44193433639640656E-1
9.65208176525665884E-7	1.51483477084607165E-1
9.65215290827611305E-7	1.60401350506866791E-1
9.65221489082197692E-7	1.67387087409202051E-1
9.65230334338612828E-7	1.76278037979397606E-1
9.65236410970227254E-7	1.82570078163869054E-1
9.65246110694867276E-7	1.93363588421015020E-1
9.65252644367495449E-7	2.00658991652005803E-1
9.65260566566839628E-7	2.09986602781804921E-1
9.65267025371447929E-7	2.18376481131226008E-1
9.65273908952157100E-7	2.27417980241164441E-1
9.65280331495036492E-7	2.35479883843790994E-1
9.65286413989391967E-7	2.43071334969313479E-1
9.65290477803906199E-7	2.48172949553173483E-1
9.65296295182339037E-7	2.54964099383750220E-1
9.65300660296697188E-7	2.59428077755680331E-1
9.65305666915683958E-7	2.64012169595066126E-1
9.65310178459402657E-7	2.67820690893762814E-1
9.65314271578074568E-7	2.70901413951724823E-1
9.65318918998018738E-7	2.73669476659130861E-1
9.65321968656205165E-7	2.75019414908216930E-1
9.65325844792872445E-7	2.76338556231407795E-1
9.65330438502872568E-7	2.77489154664572357E-1
9.65334610475875543E-7	2.78094378186147750E-1
9.65339275594066137E-7	2.78070486291522290E-1
9.65344950709441463E-7	2.77082471221284621E-1
9.65349312265802162E-7	2.75843866960371109E-1
9.65357781093590717E-7	2.72572969025058409E-1
9.65363681787405881E-7	2.69443302514223415E-1
9.65373681787405857E-7	2.62901260143110038E-1
9.65382273290392945E-7	2.56758180464495922E-1
9.65392273290392922E-7	2.48987814850772660E-1
9.65402273290392898E-7	2.40487804238681946E-1
9.65412273290393053E-7	2.31931137849461511E-1
9.65422273290393029E-7	2.23508337099673060E-1
9.65432273290393184E-7	2.15789329155998466E-1
9.65440787398204492E-7	2.10647912904297918E-1
9.65441385966782128E-7	2.10350003300274135E-1
9.65442960983779841E-7	2.09578525386511938E-1
9.65447686034772978E-7	2.07291269912856180E-1
9.65453824192298882E-7	2.04457156996301048E-1
9.65460182839305503E-7	2.02341132306081883E-1
9.65469024740846926E-7	2.01028087478152573E-1
9.65479024740847080E-7	1.99646938556780507E-1
9.65489024740847057E-7	1.97605849749957785E-1
9.65499024740847211E-7	1.95788570821638030E-1
9.65509024740847188E-7	1.92829220787652966E-1
9.65519024740847343E-7	1.87846149059361456E-1
9.65529024740847319E-7	1.82168390283920645E-1
9.65539024740847474E-7	1.75122257838896278E-1
9.65549024740847273E-7	1.65760156981039541E-1
9.65559024740847427E-7	1.55568339401769729E-1
9.65569024740847759E-7	1.44449376859148648E-1
9.65579024740847736E-7	1.31343151983398099E-1
9.65589024740847712E-7	1.17663444204434642E-1
9.65599024740847689E-7	1.03789413707244238E-1
9.65609024740847843E-7	8.85565170514306743E-2
9.65619024740847998E-7	7.31289143657460006E-2
9.65628551494833154E-7	5.89902693004193512E-2
9.65638551494832953E-7	4.35041011602873429E-2
9.65648551494833285E-7	2.81135985716410808E-2
9.65658058171804434E-7	1.46233441080393956E-2
9.65668058171804411E-7	4.81127514865934724E-4
9.65677702467097632E-7	-1.29182186942719301E-2
9.65687702467097431E-7	-2.52408238926580220E-2
9.65697702467097585E-7	-3.68780802248006268E-2
9.65707298204321418E-7	-4.77273904590607057E-2
9.65717298204321750E-7	-5.73641447271654759E-2
9.65727298204321727E-7	-6.58471710009025202E-2
9.65737182856606857E-7	-7.38645957221020311E-2
9.65747182856607012E-7	-8.04484743598419705E-2
9.65757182856606988E-7	-8.56510849430290122E-2
9.65767182856606965E-7	-9.07036655167393668E-2
9.65777182856607297E-7	-9.85483297219633236E-2
9.65782699532772781E-7	-1.05587614662325158E-1
9.65788580433302712E-7	-1.14791062731897364E-1
9.65793393288598701E-7	-1.23480094545737051E-1
9.65798453354054409E-7	-1.35708692522027419E-1
9.65804821884107945E-7	-1.56796422409400926E-1
9.65810603601918949E-7	-1.79251239620342839E-1
9.65818117916845864E-7	-2.11577674857092202E-1
9.65824000948700778E-7	-2.40392215067294890E-1
9.65833248134762634E-7	-2.86781369655916007E-1
9.65840661327263028E-7	-3.20175289852374378E-1
9.65848395224503875E-7	-3.51186624911585143E-1
9.65854912451531078E-7	-3.73860343175240040E-1
9.65859858932986626E-7	-3.86917444226529916E-1
9.65867873326834570E-7	-4.00124056924733118E-1
9.65873608817038942E-7	-4.05649287631398892E-1
9.65881826849364522E-7	-4.08687517967910896E-1
9.65888076766369252E-7	-4.05598781390746765E-1
9.65897276392707482E-7	-3.95204273629377978E-1
9.65905130015354096E-7	-3.84968736415780777E-1
9.65914627015562566E-7	-3.70976895244938154E-1
9.65922163721945282E-7	-3.58512445957352366E-1
9.65928853679020349E-7	-3.49280441706928579E-1
9.65937284893417214E-7	-3.40357065850816287E-1
9.65943285977454380E-7	-3.33999983527000621E-1
9.65952283300287640E-7	-3.25601485993637807E-1
9.65958584155228905E-7	-3.21505105388439683E-1
9.65965123111585200E-7	-3.16746896937712519E-1
9.65971523333539039E-7	-3.10293827834288294E-1
9.65977893999935588E-7	-3.03463181766242585E-1
9.65983546382453184E-7	-2.97298684703409544E-1
9.65988884187117769E-7	-2.89995887664777818E-1
9.65993627873498006E-7	-2.81889852204785996E-1
9.65997753564195527E-7	-2.74329475868690409E-1
9.66001764123111961E-7	-2.67103442066234598E-1
9.66004995043746106E-7	-2.61228960102244567E-1
9.66008925157515819E-7	-2.53450943657906924E-1
9.66013848035799505E-7	-2.42596042969710446E-1
9.66019300661814562E-7	-2.30217695852574167E-1
9.66025692995334495E-7	-2.16457750621694434E-1
9.66032425599329159E-7	-2.02092228444556898E-1
9.66039823047881896E-7	-1.85822764336469204E-1
9.66045561086024307E-7	-1.73866978883439494E-1
9.66050447850211569E-7	-1.64592940654419051E-1
9.66056307579687434E-7	-1.53563383479735882E-1
9.66062645627949479E-7	-1.41273851838655329E-1
9.66068720767921718E-7	-1.29908140462696919E-1
9.66076728858759282E-7	-1.15315262804631558E-1
9.66080977468179469E-7	-1.07049406281505943E-1
9.66089353954392038E-7	-8.93329645557088980E-2
9.66095292156123797E-7	-7.63361593842340014E-2
9.66103942811757754E-7	-5.61782094074842231E-2
9.66111154258030780E-7	-3.73385259779876577E-2
9.66119633196055361E-7	-1.40125238155192178E-2
9.66127567725353842E-7	7.96194785904720526E-3
9.66135264042226893E-7	2.99974440431002787E-2
9.66139192943239777E-7	4.14673561971179527E-2
9.66142681202176234E-7	5.13371348793442461E-2
9.66145847469125307E-7	5.98601559576846043E-2
9.66148504443772893E-7	6.67580195111937336E-2
9.66151989548220769E-7	7.56970482501151309E-2
9.66155554508779701E-7	8.48102277018654327E-2
9.66159844897413578E-7	9.54269561860732018E-2
9.66164994809151700E-7	1.07000767364070448E-1
9.66170876016667002E-7	1.18658875920016205E-1
9.66176184657085457E-7	1.28403454519847382E-1
9.66182238098710577E-7	1.38755500883611571E-1
9.66188064955596992E-7	1.47319564658082802E-1
9.66197214853264441E-7	1.58548996362529393E-1
9.66203204098908763E-7	1.65411071724672665E-1
9.66213204098908918E-7	1.76280231183799962E-1
9.66220462883106102E-7	1.83460529044633436E-1
9.66227518715313671E-7	1.90811202680192249E-1
9.66234905825800361E-7	1.99413617924492259E-1
9.66240907240035796E-7	2.06522592810680905E-1
9.66249251409912802E-7	2.16516075947509146E-1
9.66254708408101948E-7	2.23565433359896426E-1
9.66262810070594824E-7	2.34321993264662609E-1
9.66268660688286118E-7	2.41616818143801160E-1
9.66272493691622536E-7	2.46126389401213697E-1
9.66276524981812557E-7	2.50853632951638650E-1
9.66280051502092086E-7	2.54962909431882778E-1
9.66284578327641874E-7	2.59867906595562470E-1
9.66288646746899538E-7	2.63687052088780449E-1
9.66293292444489893E-7	2.67423233139193028E-1
9.66297632064384082E-7	2.70536337896418733E-1
9.66300849568606779E-7	2.72641167364149606E-1
9.66304415694532004E-7	2.74621683532685301E-1
9.66307198210700591E-7	2.75811888087652957E-1
9.66310953813790441E-7	2.76918638851357768E-1
9.66314492116810975E-7	2.77566149816343755E-1
9.66319613888636120E-7	2.78051646726886981E-1
9.66323836987353602E-7	2.78000162974106457E-1
9.66328850134915562E-7	2.77192540400482956E-1
9.66334399699408308E-7	2.75426888594424257E-1
9.66339312304011955E-7	2.73404258606818340E-1
9.66347813337012695E-7	2.69138880438542349E-1
9.66354313500891138E-7	2.65033423043813432E-1
9.66364313500891292E-7	2.57774090124518018E-1
9.66374113187806039E-7	2.50270803735570180E-1
9.66384113187805838E-7	2.41997170987748067E-1
9.66394113187806170E-7	2.33194705938639579E-1
9.66404113187806324E-7	2.24723006405829295E-1
9.66414113187806301E-7	2.16964917618461195E-1
9.66422264783939511E-7	2.11552637532626342E-1
9.66431713268390524E-7	2.06715025405145703E-1
9.66439827038603028E-7	2.03445840264932043E-1
9.66449827038603004E-7	2.00725716765445350E-1
9.66458566464434554E-7	1.99631661876251032E-1
9.66468566464434531E-7	1.98223999243447335E-1
9.66478566464434685E-7	1.95978164008747147E-1
9.66488566464434662E-7	1.93479357710089173E-1
9.66498566464434816E-7	1.89731894466253559E-1
9.66508566464434793E-7	1.84039750730696383E-1
9.66518566464434770E-7	1.77423327911487627E-1
9.66528566464434924E-7	1.69440473411385217E-1
9.66538566464435256E-7	1.59363853822400703E-1
9.66548566464435233E-7	1.48391250010341902E-1
9.66558566464435209E-7	1.36531407771476987E-1
9.66568566464435186E-7	1.22960819436686997E-1
9.66578566464435518E-7	1.08851892198090483E-1
9.66588566464435317E-7	9.45833867594811473E-2
9.66598566464435471E-7	7.92237333647715669E-2
9.66608566464435448E-7	6.37620793376166617E-2
9.66618566464435602E-7	4.88797478221866033E-2
9.66628566464435757E-7	3.35710717853778196E-2
9.66638566464435556E-7	1.85225113243589923E-2
9.66647171216975565E-7	6.57766615772710228E-3
9.66657171216975897E-7	-7.15742039978807121E-3
9.66667159080982152E-7	-2.04995261256392647E-2
9.66677159080982307E-7	-3.23212028357507331E-2
9.66687159080982461E-7	-4.34012410176700669E-2
9.66697159080982615E-7	-5.39996781239772972E-2
9.66707159080982592E-7	-6.29465646707517479E-2
9.66717159080982569E-7	-7.07899323921671542E-2
9.66727159080982545E-7	-7.81571208435607456E-2
9.66737159080982522E-7	-8.40141544367273241E-2
9.66747159080982676E-7	-8.86788080037947957E-2
9.66757159080982831E-7	-9.52903883490473014E-2
9.66764000266290857E-7	-1.02926981392708483E-1
9.66768342432828298E-7	-1.09198817528048298E-1
9.66772373138031327E-7	-1.15493437113582975E-1
9.66777207473182898E-7	-1.24486875310570122E-1
9.66781566279537685E-7	-1.35497184031553175E-1
9.66790035732113573E-7	-1.64266216736809856E-1
9.66795846338480125E-7	-1.87376415996582146E-1
9.66804411320144297E-7	-2.25938289436156436E-1
9.66811506695439427E-7	-2.61834336034240955E-1
9.66819671622375765E-7	-3.01502749050298879E-1
9.66827544997644850E-7	-3.34968521994275958E-1
9.66833879980731403E-7	-3.59234893708242131E-1
9.66842368768982929E-7	-3.85026394473497335E-1
9.66847686378273785E-7	-3.95371855509667913E-1
9.66854839645494835E-7	-4.03753486250028182E-1
9.66861372050328249E-7	-4.07883462013997455E-1
9.66867696182741199E-7	-4.07825301428474862E-1
9.66875079064153198E-7	-4.01791944060520922E-1
9.66883016884611024E-7	-3.91936644395946487E-1
9.66890910615598820E-7	-3.81558420061659476E-1
9.66898353825299317E-7	-3.70117275692378556E-1
9.66907126423478935E-7	-3.56103081478686256E-1
9.66913155081469000E-7	-3.48482417822204571E-1
9.66921292913232477E-7	-3.39923391480565762E-1
9.66927500646511362E-7	-3.33283120823856249E-1
9.66935960122228089E-7	-3.25867201907174842E-1
9.66942509967966402E-7	-3.21658808663394469E-1
9.66948429709618118E-7	-3.17032256716754235E-1
9.66954419693501066E-7	-3.11000918370797841E-1
9.66960484102181894E-7	-3.04755229934782257E-1
9.66965779741897080E-7	-2.99048906826242300E-1
9.66971059789640641E-7	-2.91845296635051987E-1
9.66975840821022103E-7	-2.83848349420852752E-1
9.66979831052124794E-7	-2.76765116397722544E-1
9.66984446471088432E-7	-2.68601168315717898E-1
9.66987792652810185E-7	-2.62463222279418495E-1
9.66992301244139973E-7	-2.53302517053124232E-1
9.66997630047388590E-7	-2.41447698317419146E-1
9.67003505105669703E-7	-2.28416009349394145E-1
9.67010129689040454E-7	-2.14293767648483025E-1
9.67017364958217662E-7	-1.98521303480667877E-1
9.67024389448166488E-7	-1.83207797194478417E-1
9.67030645257264965E-7	-1.70734632628406446E-1
9.67036014614645190E-7	-1.60650672549210616E-1
9.67042808708539425E-7	-1.47585837721958058E-1
9.67049708580592871E-7	-1.34491524560365194E-1
9.67056897660900816E-7	-1.21513424280598681E-1
9.67061617145556163E-7	-1.12714831948329852E-1
9.67066720145214553E-7	-1.02338006549504335E-1
9.67071868855031624E-7	-9.14129122837188746E-2
9.67077331198533408E-7	-7.97450233923276297E-2
9.67083635938965891E-7	-6.54185472752988062E-2
9.67090774428307398E-7	-4.73066281427500002E-2
9.67097609278785164E-7	-2.89740050605635613E-2
9.67104149117319167E-7	-1.12834136630652959E-2
9.67111166749111284E-7	8.51414002660955660E-3
9.67120047814238326E-7	3.43832372555289423E-2
9.67125189357819259E-7	4.88281749832990908E-2
9.67131026013614559E-7	6.43572528424062362E-2
9.67135007190944407E-7	7.47572420423077055E-2
9.67139060987668131E-7	8.52405421403565278E-2
9.67143597754399664E-7	9.63172916562703030E-2
9.67150291672591855E-7	1.10763003382951442E-1
9.67155305560410383E-7	1.20472165462850156E-1
9.67160230780095098E-7	1.29563756179598699E-1
9.67166768695676993E-7	1.40446347701167218E-1
9.67173391572076468E-7	1.49592363940837614E-1
9.67179911141041693E-7	1.57503993593301939E-1
9.67186635791264493E-7	1.65387962875688865E-1
9.67193373993197980E-7	1.72678278102820526E-1
9.67201529853180197E-7	1.80778360947410932E-1
9.67207676773246483E-7	1.87214669901505615E-1
9.67217159264207282E-7	1.98048315403933439E-1
9.67223580829891105E-7	2.05485405127395548E-1
9.67231691027920526E-7	2.15290520551019027E-1
9.67238105676186954E-7	2.23724102451434259E-1
9.67245061828219121E-7	2.32887129473213728E-1
9.67251097242576563E-7	2.40377213077300045E-1
9.67256350657389596E-7	2.46729185627705760E-1
9.67259885648529760E-7	2.51000014891941792E-1
9.67264935403289350E-7	2.56771095930848503E-1
9.67269486413296065E-7	2.61342028654515879E-1
9.67274506042866911E-7	2.65693603935675515E-1
9.67279441099929826E-7	2.69499002731252357E-1
9.67283229549663481E-7	2.72102955912413424E-1
9.67287978644232282E-7	2.74701684897974374E-1
9.67291306470774437E-7	2.75988751873007665E-1
9.67295300991746743E-7	2.77044372093987157E-1
9.67299601111857044E-7	2.77770914491986876E-1
9.67304327966994393E-7	2.78097889071204429E-1
9.67308692121282832E-7	2.77798179276098534E-1
9.67316585478139501E-7	2.75792674590710796E-1
9.67321412181244078E-7	2.73914864223057908E-1
9.67331412181243877E-7	2.68992126572844636E-1
9.67338527212686827E-7	2.64461585607187688E-1
9.67348527212686982E-7	2.57161744231391332E-1
9.67358527212687136E-7	2.49492492917676278E-1
9.67368527212687290E-7	2.41182845881968921E-1
9.67378527212687267E-7	2.32382195265921920E-1
9.67388527212687244E-7	2.23986317603883700E-1
9.67398527212687220E-7	2.16355696617749249E-1
9.67406331865462832E-7	2.11278236010568987E-1
9.67406922775836264E-7	2.10947060911227435E-1
9.67408235632171376E-7	2.10233496417527332E-1
9.67412174201177777E-7	2.08285298215855219E-1
9.67418804839787683E-7	2.05334016762454841E-1
9.67425010920904249E-7	2.02986137472677219E-1
9.67432584062512824E-7	2.01269281059214888E-1
9.67442584062512623E-7	2.00114815818063807E-1
9.67452584062512777E-7	1.98423693485189623E-1
9.67462584062512931E-7	1.96336158496129620E-1
9.67472584062513086E-7	1.93983676008737049E-1
9.67482584062513418E-7	1.89833828528367698E-1
9.67492584062513217E-7	1.84137948949561125E-1
9.67502584062513193E-7	1.77687397765031707E-1
9.67512584062513170E-7	1.69287306238559387E-1
9.67522584062513502E-7	1.59102288529849556E-1
9.67532584062513656E-7	1.48347272368969363E-1
9.67542584062513455E-7	1.36123215156835919E-1
9.67552584062513610E-7	1.22374655400148669E-1
9.67562584062513764E-7	1.08539686972879079E-1
9.67572584062513741E-7	9.40026100072246074E-2
9.67582584062513895E-7	7.84156628225313046E-2
9.67592584062513872E-7	6.32687136608892153E-2
9.67602584062513671E-7	4.82379925481950789E-2
9.67612584062514003E-7	3.26657910016754593E-2
9.67622584062513980E-7	1.79421591898915467E-2
9.67631856704926285E-7	5.06832031588882614E-3
9.67641856704926084E-7	-8.94765831964250680E-3
9.67651856704926416E-7	-2.19575473662099707E-2
9.67661856704926393E-7	-3.35682156259431164E-2
9.67671856704926725E-7	-4.49032427534608303E-2
9.67681856704926524E-7	-5.52180094954371370E-2
9.67691856704926678E-7	-6.38312127166816179E-2
9.67701856704926655E-7	-7.18843960894487388E-2
9.67711856704926809E-7	-7.90731083210534713E-2
9.67721856704926786E-7	-8.45295827287894674E-2
9.67731856704926585E-7	-8.93692403141971781E-2
9.67741856704926917E-7	-9.65281249948554354E-2
9.67748114483145905E-7	-1.03757449710275873E-1
9.67752709862046245E-7	-1.10483061255280668E-1
9.67756921225204891E-7	-1.17311151017369086E-1
9.67762563518776986E-7	-1.28919631099686116E-1
9.67767642335023659E-7	-1.43410955860177225E-1
9.67775251809067605E-7	-1.70883058981181746E-1
9.67781578906216922E-7	-1.96919921969373357E-1
9.67788370706075796E-7	-2.28499598446181063E-1
9.67795606524705576E-7	-2.65111912586581155E-1
9.67803041851872159E-7	-3.00867730366454866E-1
9.67811709400480069E-7	-3.37794944892028504E-1
9.67818311336887582E-7	-3.62763860529278848E-1
9.67826346454076614E-7	-3.86064814813779789E-1
9.67833187895832836E-7	-3.98165199390244329E-1
9.67839834428886725E-7	-4.05086683925027913E-1
9.67847305281640580E-7	-4.08427584342708894E-1
9.67853391872173852E-7	-4.06465371146761001E-1
9.67861304616515028E-7	-3.98519774752158362E-1
9.67868881536513115E-7	-3.88957258660439376E-1
9.67877238553843178E-7	-3.77368531090471571E-1
9.67884392278575234E-7	-3.65769212040267977E-1
9.67892958309396967E-7	-3.52907121356561992E-1
9.67899334657004928E-7	-3.45590545007479122E-1
9.67905577231401537E-7	-3.38946807144548901E-1
9.67913000524713674E-7	-3.31201795465810145E-1
9.67920182648555105E-7	-3.25514304401499643E-1
9.67928107568843465E-7	-3.20127056903162099E-1
9.67934707158503649E-7	-3.14236715842319736E-1
9.67941002834764674E-7	-3.07759138838201807E-1
9.67947881872140847E-7	-3.00499216070252251E-1
9.67953509860932471E-7	-2.93323940533874961E-1
9.67958707236034144E-7	-2.84952048168224348E-1
9.67963299547537837E-7	-2.76769549091693978E-1
9.67967984290305772E-7	-2.68360481973919152E-1
9.67971744226400688E-7	-2.61416968165168306E-1
9.67976298033813620E-7	-2.52176201212656670E-1
9.67981827939410344E-7	-2.39891119578843748E-1
9.67987930922843631E-7	-2.26302292941446126E-1
9.67994597323603934E-7	-2.12048999125478188E-1
9.68002212255302119E-7	-1.95534366416601868E-1
9.68009011245216477E-7	-1.80838413714589064E-1
9.68015113225507662E-7	-1.68716519395438103E-1
9.68020714813676797E-7	-1.58222456237199416E-1
9.68027627082866005E-7	-1.45022531230010165E-1
9.68034589095905318E-7	-1.31856405166949275E-1
9.68041967754291477E-7	-1.18416101715827393E-1
9.68046506758853020E-7	-1.09845235965538213E-1
9.68052187034286682E-7	-9.81702925996241049E-2
9.68057862688687187E-7	-8.59531983325877924E-2
9.68064254883458908E-7	-7.18679729823158642E-2
9.68071188067835564E-7	-5.52884373242392257E-2
9.68080066407959094E-7	-3.17843505946769289E-2
9.68087544813787382E-7	-1.12518516651480538E-2
9.68095630641649052E-7	1.13334203443577453E-2
9.68103611761782368E-7	3.44197600391069347E-2
9.68109984228567733E-7	5.25271463075343092E-2
9.68113557045593254E-7	6.21068272489859119E-2
9.68117689708435769E-7	7.27729834011365728E-2
9.68121879941272923E-7	8.34199293784852536E-2
9.68127137583175212E-7	9.63551625979900628E-2
9.68132181575123774E-7	1.07687007443572846E-1
9.68139438502051775E-7	1.21901745173722298E-1
9.68145053249181409E-7	1.31836144440966363E-1
9.68152175849321139E-7	1.43346707293608455E-1
9.68158591294086612E-7	1.52086624954256044E-1
9.68168591294086767E-7	1.63642844608464566E-1
9.68175196851285413E-7	1.70924918084513333E-1
9.68184094161060926E-7	1.80312073723022936E-1
9.68192176654257253E-7	1.88448779775599351E-1
9.68198731690515579E-7	1.95628090724245451E-1
9.68207778954900355E-7	2.06502051635582662E-1
9.68214111919267850E-7	2.14184765728274851E-1
9.68222501863727913E-7	2.24653015236550724E-1
9.68228851043537730E-7	2.33062058109083514E-1
9.68235943528447862E-7	2.42204127269184211E-1
9.68240265680860368E-7	2.47322859926703842E-1
9.68245356179214767E-7	2.53059074052341959E-1
9.68249369817592154E-7	2.57482644420767404E-1
9.68254583446792694E-7	2.62827633239824632E-1
9.68259435130030255E-7	2.67028746233167080E-1
9.68264328957529230E-7	2.70469626622606452E-1
9.68268897426599651E-7	2.73184354934918350E-1
9.68271920279020115E-7	2.74762899873998379E-1
9.68276401736402903E-7	2.76597455334045828E-1
9.68280806057128274E-7	2.77651148488250943E-1
9.68284902333689601E-7	2.78013780131544763E-1
9.68289130838585699E-7	2.77970727201537748E-1
9.68294903069841340E-7	2.77325750935009996E-1
9.68299573889581922E-7	2.76163099490606712E-1
9.68308281436926066E-7	2.72504349284655234E-1
9.68314090541779748E-7	2.69366581073553046E-1
9.68324090541779903E-7	2.63134317244280336E-1
9.68332330980490852E-7	2.57051826165357999E-1
9.68342330980490829E-7	2.49094008984934057E-1
9.68352330980490983E-7	2.40909528336057965E-1
9.68362330980490960E-7	2.32158971309388740E-1
9.68372330980491292E-7	2.23510209427216999E-1
9.68382330980491268E-7	2.16062363115241762E-1
9.68390065004433609E-7	2.11170565977739244E-1
9.68390690004433630E-7	2.10805438650122401E-1
9.68392313930515236E-7	2.09876005406624166E-1
9.68397185708760766E-7	2.07327064177674014E-1
9.68404104759556894E-7	2.04362411762027918E-1
9.68410301528830608E-7	2.02434655589332735E-1
9.68418425930909521E-7	2.00851664900417770E-1
9.68428425930909675E-7	1.99454308754843734E-1
9.68438425930909474E-7	1.97813664195268402E-1
9.68448425930909451E-7	1.95753484605163952E-1
9.68458425930909783E-7	1.92833426333424041E-1
9.68468425930909760E-7	1.88404562835850498E-1
9.68478425930909737E-7	1.82625512359153919E-1
9.68488425930910068E-7	1.75566741950669902E-1
9.68498425930910223E-7	1.66784554355526526E-1
9.68508425930910022E-7	1.56567543685633415E-1
9.68518425930909999E-7	1.45330160593091695E-1
9.68528425930910153E-7	1.32748072038568932E-1
9.68538425930910485E-7	1.19087690470298124E-1
9.68548425930910284E-7	1.04975678088427760E-1
9.68558425930910083E-7	9.01626686698158331E-2
9.68568425930910415E-7	7.47894096048927715E-2
9.68578425930910569E-7	5.95907060877418004E-2
9.68588425930910724E-7	4.43812876616631513E-2
9.68598425930910523E-7	2.91134825851422807E-2
9.68608425930910677E-7	1.45440328740361169E-2
9.68618425930910831E-7	5.67571292444118036E-4
9.68628425930910808E-7	-1.30743500374021138E-2
9.68638425930910785E-7	-2.56782271680058960E-2
9.68648425930911117E-7	-3.72379872018919666E-2
9.68658425930911093E-7	-4.82041684564182393E-2
9.68668425930911070E-7	-5.79957186314311901E-2
9.68678425930911047E-7	-6.64681525120024208E-2
9.68688425930911201E-7	-7.42133202024665817E-2
9.68698425930911355E-7	-8.08464146082172164E-2
9.68708425930911510E-7	-8.61168318856046788E-2
9.68718425930911309E-7	-9.09038783799429417E-2
9.68728425930911463E-7	-9.92063184866533376E-2
9.68734193779305386E-7	-1.07133996585483526E-1
9.68739123984499528E-7	-1.14880935584048971E-1
9.68744040557407970E-7	-1.23547109334767446E-1
9.68748394047093164E-7	-1.33947413903819679E-1
9.68754596998888040E-7	-1.54341865000941425E-1
9.68759854450114588E-7	-1.74414239727973985E-1
9.68766784595332453E-7	-2.03149881674911592E-1
9.68771961311823482E-7	-2.27851835187769591E-1
9.68779609395486396E-7	-2.67004063220529542E-1
9.68785805468095518E-7	-2.96619411276696843E-1
9.68793979848067188E-7	-3.31998574413856851E-1
9.68799731353845495E-7	-3.55285079942165138E-1
9.68805983795538239E-7	-3.76234864765327748E-1
9.68810603697912498E-7	-3.87220339287285498E-1
9.68815659793943595E-7	-3.95964304952858637E-1
9.68820769644937485E-7	-4.03005555268354332E-1
9.68827237728717350E-7	-4.08474626646668693E-1
9.68832823876671867E-7	-4.08345462468286780E-1
9.68840504996263263E-7	-4.02571752220064560E-1
9.68847181643006472E-7	-3.95856946731416048E-1
9.68855348856837040E-7	-3.85787905918185947E-1
9.68862076346275813E-7	-3.74672834109026454E-1
9.68870434722315998E-7	-3.61129067552232241E-1
9.68877191786884140E-7	-3.52608334046181371E-1
9.68881775650885047E-7	-3.47109143895751870E-1
9.68886986071427891E-7	-3.40363707650025127E-1
9.68892134471149546E-7	-3.34643597076757260E-1
9.68899248914796729E-7	-3.29269666094941549E-1
9.68905768907402809E-7	-3.24536376249604430E-1
9.68910779580789239E-7	-3.19967063331629831E-1
9.68915615681289211E-7	-3.15727770481039505E-1
9.68921080570590654E-7	-3.11557416528980280E-1
9.68926374277309321E-7	-3.06708960204270698E-1
9.68932198418206880E-7	-2.99291941295287511E-1
9.68937770591632663E-7	-2.91165710360212993E-1
9.68942953557167819E-7	-2.83572270161075490E-1
9.68946505645977574E-7	-2.78007553867141599E-1
9.68951151856884607E-7	-2.69462843554871512E-1
9.68954934539160107E-7	-2.61585336232482879E-1
9.68959247487418018E-7	-2.52457064800709219E-1
9.68964995262609996E-7	-2.40685716122971138E-1
9.68970556711778030E-7	-2.28942462484107434E-1
9.68978243163691566E-7	-2.11455441847187275E-1
9.68985261819081423E-7	-1.95979550770297273E-1
9.68993168145278716E-7	-1.80101272460045725E-1
9.69000737056313355E-7	-1.64893591155071939E-1
9.69007132702936147E-7	-1.52142110454058921E-1
9.69014590721415381E-7	-1.38612403440466814E-1
9.69021721883979659E-7	-1.25750928286170760E-1
9.69026623361350836E-7	-1.16098385203531818E-1
9.69030773878380813E-7	-1.07707203667895324E-1
9.69035376705749130E-7	-9.86418407658829999E-2
9.69040475686992764E-7	-8.83720310046802382E-2
9.69046097946516838E-7	-7.57596394107997106E-2
9.69052259338373290E-7	-6.06161448944582926E-2
9.69058277834842841E-7	-4.55489017386527539E-2
9.69064599795081705E-7	-2.92834574123868263E-2
9.69069215577706444E-7	-1.65062283795586295E-2
9.69075890606178092E-7	2.88472214676799332E-3
9.69080982579817629E-7	1.74528510659964198E-2
9.69088324623326436E-7	3.78499523004345084E-2
9.69093087046225499E-7	5.12102569635049054E-2
9.69098286870200099E-7	6.57598173447222756E-2
9.69102262633828104E-7	7.62607313542844523E-2
9.69106649593734559E-7	8.69145736535632274E-2
9.69110671694842729E-7	9.61496946495546823E-2
9.69115974059581653E-7	1.08018276397287583E-1
9.69121320899293259E-7	1.19199714027658588E-1
9.69125307328666352E-7	1.26557779496359069E-1
9.69130951786736894E-7	1.35699181927833901E-1
9.69136003949800440E-7	1.43284576435754518E-1
9.69142866722633300E-7	1.52905057561524682E-1
9.69148759954595640E-7	1.60005944891846030E-1
9.69157321569484331E-7	1.69044732457851432E-1
9.69163413399017415E-7	1.75514685947253346E-1
9.69171643827894691E-7	1.84378706317470975E-1
9.69178557819379094E-7	1.91590347425494434E-1
9.69185355892019906E-7	1.99143135684994887E-1
9.69192500033298998E-7	2.07988293492757670E-1
9.69198949207549632E-7	2.16142136152484854E-1
9.69206441749442682E-7	2.25518765036716662E-1
9.69212603082917923E-7	2.33540136915531793E-1
9.69219005377484955E-7	2.41936992595674960E-1
9.69224770354539977E-7	2.48901321600424152E-1
9.69229140833899194E-7	2.53719186509121730E-1
9.69234449095885964E-7	2.59316271239169982E-1
9.69238612674051225E-7	2.63473091824897754E-1
9.69243702703665555E-7	2.67861087660435659E-1
9.69248102823951641E-7	2.70874734581476417E-1
9.69252443603167002E-7	2.73297638143687527E-1
9.69255943488134086E-7	2.74991997719401970E-1
9.69260256774833451E-7	2.76688890056767933E-1
9.69264586408831441E-7	2.77727536408141784E-1
9.69270384995349588E-7	2.78020395318273872E-1
9.69274310694321528E-7	2.77703992587747628E-1
9.69281073468559384E-7	2.76531656378499413E-1
9.69286047924360616E-7	2.74996845283864877E-1
9.69293498160726941E-7	2.71475282254517447E-1
9.69299348030086527E-7	2.68097519137028595E-1
9.69309348030086682E-7	2.61738551555503829E-1
9.69317002831760988E-7	2.56078963168123686E-1
9.69327002831761142E-7	2.48005314801771704E-1
9.69337002831761119E-7	2.39844148000752844E-1
9.69347002831760918E-7	2.31201775132941023E-1
9.69357002831761250E-7	2.22567296435396811E-1
9.69367002831761226E-7	2.15358613278755007E-1
9.69374296495097454E-7	2.10998417518702608E-1
9.69374921495097475E-7	2.10644173742818319E-1
9.69376742826030124E-7	2.09621587756070360E-1
9.69381907360235395E-7	2.06913409793834724E-1
9.69387816466195673E-7	2.04411175403780776E-1
9.69394079547386589E-7	2.02654210355849207E-1
9.69402855134648789E-7	2.01095343422933226E-1
9.69412751393831229E-7	1.99534425943945593E-1
9.69422751393831561E-7	1.97915809090266426E-1
9.69432751393831538E-7	1.95913907627762485E-1
9.69442751393831514E-7	1.92662993858054987E-1
9.69452751393831491E-7	1.88079006960604023E-1
9.69462751393831645E-7	1.82309547022480456E-1
9.69472751393831800E-7	1.74904755600184703E-1
9.69482751393831954E-7	1.65895220693187095E-1
9.69492751393831753E-7	1.55708890054470928E-1
9.69502751393832085E-7	1.44191445301674115E-1
9.69512751393832062E-7	1.31372317318086029E-1
9.69522751393832039E-7	1.17792747319447799E-1
9.69532751393832015E-7	1.03508325243123611E-1
9.69542751393831992E-7	8.84814798797047430E-2
9.69552751393831969E-7	7.32399319876015831E-2
9.69562751393832123E-7	5.79901575695848948E-2
9.69572751393832277E-7	4.26039816778988811E-2
9.69582751393832609E-7	2.75009815565414506E-2
9.69592751393832764E-7	1.29956430287794045E-2
9.69602751393832563E-7	-1.11675057452356796E-3
9.69612751393832539E-7	-1.45880768563753183E-2
9.69622751393832516E-7	-2.70321246356516953E-2
9.69632751393832848E-7	-3.86860951039149104E-2
9.69642751393832825E-7	-4.95038815710910995E-2
9.69652751393832979E-7	-5.90676157407381996E-2
9.69662751393832956E-7	-6.75907249838309543E-2
9.69672751393833110E-7	-7.52322526025202531E-2
9.69682751393833087E-7	-8.16048694009868214E-2
9.69692751393833063E-7	-8.68886484441712881E-2
9.69702751393833218E-7	-9.17346838154406896E-2
9.69712751393833372E-7	-1.00315559054945802E-1
9.69718005885594891E-7	-1.07835976941907830E-1
9.69722394466243820E-7	-1.14829481135930922E-1
9.69727056354698291E-7	-1.22772306422771238E-1
9.69730973598187163E-7	-1.31521586870033813E-1
9.69736243274862808E-7	-1.47939210629903428E-1
9.69741295993993013E-7	-1.66695621608580247E-1
9.69746832687307148E-7	-1.88388672184726991E-1
9.69752768335016491E-7	-2.14786036951176884E-1
9.69758533969931769E-7	-2.44151018381975238E-1
9.69764634529267688E-7	-2.74917097488112772E-1
9.69772079066325610E-7	-3.08911971152105203E-1
9.69777669451411839E-7	-3.33374784392915613E-1
9.69785682481794709E-7	-3.64818490471456203E-1
9.69790726000079495E-7	-3.79582103696342532E-1
9.69798006779125288E-7	-3.94143390503703772E-1
9.69802990536479115E-7	-4.01610871146167270E-1
9.69810166426137599E-7	-4.08522808387522218E-1
9.69816072895132208E-7	-4.08598641159246689E-1
9.69824495305667966E-7	-4.02123799124028025E-1
9.69831261467717454E-7	-3.95300919838541098E-1
9.69840398044925500E-7	-3.83643257858047004E-1
9.69847228291915719E-7	-3.71915315354240716E-1
9.69854520390535590E-7	-3.60188289201523526E-1
9.69861157200945279E-7	-3.52053003569079781E-1
9.69865388580044119E-7	-3.46967115091214584E-1
9.69870666244763235E-7	-3.40004994041966047E-1
9.69875418773834497E-7	-3.34639059641161740E-1
9.69882485302393071E-7	-3.29364082997106777E-1
9.69888636237176627E-7	-3.24988190035123514E-1
9.69893684449672122E-7	-3.20312589223344313E-1
9.69898253035415792E-7	-3.16212971555941191E-1
9.69903562428779864E-7	-3.12283388048599164E-1
9.69908547153669431E-7	-3.08075856853790730E-1
9.69913797426310431E-7	-3.01729754836394104E-1
9.69918958498926465E-7	-2.94316055321035508E-1
9.69924300362576908E-7	-2.86706754677456566E-1
9.69927192190760223E-7	-2.82549344573023120E-1
9.69931057766082283E-7	-2.76198004222145421E-1
9.69934985159512664E-7	-2.68566604186230418E-1
9.69938263499160946E-7	-2.61638180330198367E-1
9.69942482785916660E-7	-2.52861199658603208E-1
9.69947530935458246E-7	-2.42751631884823471E-1
9.69952675108875795E-7	-2.31939476552659496E-1
9.69959476752795169E-7	-2.16324858090233363E-1
9.69966120289593192E-7	-2.01477551211575090E-1
9.69973745112107189E-7	-1.86017601242388109E-1
9.69980964677762003E-7	-1.71318256289520177E-1
9.69986135601949506E-7	-1.60636108910468733E-1
9.69992512454791367E-7	-1.48669682025003791E-1
9.70000141327617627E-7	-1.35145621131493754E-1
9.70005428978676854E-7	-1.25050186610967184E-1
9.70011161978229808E-7	-1.13639201114065358E-1
9.70015363790842677E-7	-1.05557021922555938E-1
9.70020647844781436E-7	-9.53237968218630272E-2
9.70025599989359222E-7	-8.47027735582145347E-2
9.70032322097913280E-7	-6.87308358207725068E-2
9.70037848638350120E-7	-5.52725458025549621E-2
9.70044344436762884E-7	-3.91373714051162214E-2
9.70049587344111686E-7	-2.50004779475346872E-2
9.70054546386534611E-7	-1.07071228708252519E-2
9.70059588655439597E-7	3.77253250241844107E-3
9.70065576306158839E-7	2.04309884349269222E-2
9.70070280788409001E-7	3.36399280604385842E-2
9.70073699068499451E-7	4.35314048480780613E-2
9.70076283128357630E-7	5.10256877168474432E-2
9.70079136376698337E-7	5.90370124854044320E-2
9.70084059112104669E-7	7.19106506177550209E-2
9.70087113685760727E-7	7.94192856554836091E-2
9.70091296054238050E-7	8.95591528784643742E-2
9.70096619166255181E-7	1.02185579898180512E-1
9.70101307094188670E-7	1.12413239716422120E-1
9.70105960690114522E-7	1.21303645600102405E-1
9.70111209989133805E-7	1.30342228184639475E-1
9.70116633099413050E-7	1.39215645453535775E-1
9.70122956374830991E-7	1.48581157157565569E-1
9.70129428895006640E-7	1.56555362858253133E-1
9.70136053557220635E-7	1.63866354014504423E-1
9.70142597020429243E-7	1.71134040745820926E-1
9.70149410750119401E-7	1.78386570798192956E-1
9.70157386690518919E-7	1.86439149139326132E-1
9.70163630433790125E-7	1.93252734472863663E-1
9.70173477176553689E-7	2.05091453764162512E-1
9.70180099628715276E-7	2.13144221972568459E-1
9.70187962478688881E-7	2.22992265517628896E-1
9.70194869086261669E-7	2.32207767880449367E-1
9.70201411812213266E-7	2.40709120532755527E-1
9.70205919578972775E-7	2.46092995362892042E-1
9.70210381516342224E-7	2.51206842570450384E-1
9.70214303695020597E-7	2.55661256434559725E-1
9.70218959435316641E-7	2.60665626429655672E-1
9.70223932934355915E-7	2.65248861181146500E-1
9.70228593564384134E-7	2.68771358225152834E-1
9.70232981340170042E-7	2.71648871548520399E-1
9.70236111430192238E-7	2.73515003683791447E-1
9.70239817191614407E-7	2.75385986865121168E-1
9.70243878471466914E-7	2.76807656996385498E-1
9.70248343651270062E-7	2.77613278574103095E-1
9.70252029274812955E-7	2.77868571253994912E-1
9.70258116256947289E-7	2.77757839245623650E-1
9.70262471617232336E-7	2.77134029496283141E-1
9.70268473326763115E-7	2.75262850499945877E-1
9.70273345691932931E-7	2.73093216619610013E-1
9.70279402742109198E-7	2.70076974424874772E-1
9.70285839637802283E-7	2.66405094588600377E-1
9.70292865672494109E-7	2.61560610670926508E-1
9.70300565608588350E-7	2.55746439890209842E-1
9.70310539019016360E-7	2.48099495027302996E-1
9.70319662034747843E-7	2.40503157240206233E-1
9.70329662034747997E-7	2.31682728139606908E-1
9.70339662034747974E-7	2.23401014229402328E-1
9.70349662034747951E-7	2.15939279004030205E-1
9.70356892271936644E-7	2.11282599107385449E-1
9.70357460320542842E-7	2.10964239362647588E-1
9.70358684190245668E-7	2.10298871326336023E-1
9.70362355799354148E-7	2.08490877742833414E-1
9.70368177390104591E-7	2.05924385681214339E-1
9.70374218985418935E-7	2.03582323693826295E-1
9.70381713671465995E-7	2.01689467171376968E-1
9.70391713671465972E-7	2.00472492631873100E-1
9.70401713671466126E-7	1.98898169147488346E-1
9.70411713671466281E-7	1.96766824558628484E-1
9.70421713671466435E-7	1.94462946886595023E-1
9.70431713671466234E-7	1.90542168596419703E-1
9.70441713671466211E-7	1.84894422608233011E-1
9.70451713671466365E-7	1.78499526174431078E-1
9.70461713671466519E-7	1.70338907246473403E-1
9.70471713671466674E-7	1.60221641385350222E-1
9.70481713671467006E-7	1.49473179319250549E-1
9.70491713671466805E-7	1.37441708810821472E-1
9.70501713671466959E-7	1.23745127327833249E-1
9.70511713671466758E-7	1.09847165473842856E-1
9.70521713671466912E-7	9.54297873955409948E-2
9.70531713671467067E-7	7.98682883430983903E-2
9.70541713671467221E-7	6.45919900811477543E-2
9.70551713671467020E-7	4.96020832271665224E-2
9.70561713671467174E-7	3.40326637768441209E-2
9.70571713671467151E-7	1.91312714083804147E-2
9.70580857909407158E-7	6.40588184136638361E-3
9.70590857909407134E-7	-7.61786426433002539E-3
9.70600857909407111E-7	-2.08399534729482117E-2
9.70610857909407265E-7	-3.25638515175729903E-2
9.70620857909407597E-7	-4.39148463832432334E-2
9.70630857909407574E-7	-5.44364280525342803E-2
9.70640857909407728E-7	-6.32127485327077743E-2
9.70650857909407527E-7	-7.12826169725505743E-2
9.70660857909407682E-7	-7.86427011018936284E-2
9.70670857909408014E-7	-8.42831665135308761E-2
9.70680857909407813E-7	-8.91038651074592813E-2
9.70690857909407789E-7	-9.57222144460988034E-2
9.70697749953339972E-7	-1.03187350713894199E-1
9.70702110577803801E-7	-1.09468221479648053E-1
9.70706164864213150E-7	-1.15922913127044547E-1
9.70710987421484717E-7	-1.24963750972057008E-1
9.70715474633447251E-7	-1.36218359138117018E-1
9.70724040555179712E-7	-1.65334121875675666E-1
9.70730041730296911E-7	-1.89482264069132267E-1
9.70738945014396215E-7	-2.29899924962349322E-1
9.70746296223065919E-7	-2.66972898163239769E-1
9.70755145367660077E-7	-3.09342171001950605E-1
9.70764165367526921E-7	-3.46231140448492436E-1
9.70770878609993915E-7	-3.69895843504966626E-1
9.70780518720643926E-7	-3.94329197788042984E-1
9.70788375452386099E-7	-4.04158080467537850E-1
9.70796155711744824E-7	-4.07811105703306787E-1
9.70804664950006924E-7	-4.06315310992131895E-1
9.70812827255517696E-7	-3.98228474421236456E-1
9.70822654977088817E-7	-3.84049467144483181E-1
9.70831816401188519E-7	-3.70870328988017928E-1
9.70840084614536281E-7	-3.58399574919565378E-1
9.70847645622118804E-7	-3.47280836621345657E-1
9.70853231658573890E-7	-3.41033135487318262E-1
9.70862851507698288E-7	-3.32308517378889112E-1
9.70869970348164735E-7	-3.25715557482121909E-1
9.70876971544760536E-7	-3.20056969636486066E-1
9.70882238242490025E-7	-3.16568429219079528E-1
9.70888715072470809E-7	-3.11044713590652844E-1
9.70895034011778790E-7	-3.03761895667650927E-1
9.70901509277605257E-7	-2.95704249649262829E-1
9.70906752821606389E-7	-2.88806097716407750E-1
9.70911021922976047E-7	-2.82129763548018042E-1
9.70914680071075686E-7	-2.75415643961645884E-1
9.70918566588847121E-7	-2.67776434035371746E-1
9.70922149548693447E-7	-2.60760931798132267E-1
9.70926958080443647E-7	-2.51375443176136981E-1
9.70931865923790660E-7	-2.41137314039562822E-1
9.70937918411567402E-7	-2.27396587793566463E-1
9.70944579756816317E-7	-2.12378249484673409E-1
9.70951762535183960E-7	-1.97203311955625771E-1
9.70959549223939078E-7	-1.80817229440600347E-1
9.70965402149342971E-7	-1.68559202158771493E-1
9.70970876304746966E-7	-1.57982594298982493E-1
9.70977555349507071E-7	-1.45811894733594816E-1
9.70983719662605260E-7	-1.34225075108594316E-1
9.70991185399509860E-7	-1.19949936022129799E-1
9.70996780887823441E-7	-1.09493820181426793E-1
9.71002548787118336E-7	-9.82421774135190162E-2
9.71007948902038187E-7	-8.66177012305625738E-2
9.71014310231447553E-7	-7.20743648162437189E-2
9.71021663236472143E-7	-5.47045229318549708E-2
9.71029070175571896E-7	-3.57616765639266410E-2
9.71036094454661480E-7	-1.62289676603950284E-2
9.71043397993095425E-7	4.38303844112796170E-3
9.71052017894363928E-7	2.86028370780911789E-2
9.71058978630832215E-7	4.84655929740138447E-2
9.71064493875353030E-7	6.38515135028466130E-2
9.71069120729796609E-7	7.58757565746640772E-2
9.71074401495162398E-7	8.87440873687718224E-2
9.71079866079279341E-7	1.01564861808974816E-1
9.71086209572331072E-7	1.15397753287921478E-1
9.71091836552091614E-7	1.26040675064372087E-1
9.71099104702183880E-7	1.37957089136102251E-1
9.71105642003200664E-7	1.47738658251862498E-1
9.71113203157805316E-7	1.57660844506069830E-1
9.71121157899617238E-7	1.66342320497838347E-1
9.71127790010212522E-7	1.73234083097561276E-1
9.71136919840603774E-7	1.82998310713885171E-1
9.71143545588704349E-7	1.89859998180223233E-1
9.71153493630788667E-7	2.00665681271660690E-1
9.71160015076350014E-7	2.08674213660687258E-1
9.71167430081317207E-7	2.18064691618928563E-1
9.71174694318855991E-7	2.27087094818912050E-1
9.71180505657896020E-7	2.34520733343228116E-1
9.71186960952039691E-7	2.42933173031724525E-1
9.71192276842490720E-7	2.49391074567509285E-1
9.71196641238606162E-7	2.54170081295387984E-1
9.71201499785618694E-7	2.59177566759313516E-1
9.71205424864226430E-7	2.63073137425311199E-1
9.71210382437902986E-7	2.67504145711075170E-1
9.71214662074091173E-7	2.70613684064324556E-1
9.71219272106946185E-7	2.73232038126752119E-1
9.71223330745526958E-7	2.75114935194700561E-1
9.71227254583248545E-7	2.76629305462973374E-1
9.71231504761454545E-7	2.77756668102892856E-1
9.71236673639570824E-7	2.78201490827938835E-1
9.71240710025898579E-7	2.77928856148041747E-1
9.71245245046510419E-7	2.77230520462836783E-1
9.71250801170489453E-7	2.75859147057214260E-1
9.71255865716649858E-7	2.73935186906552985E-1
9.71264281883474112E-7	2.69482852512119786E-1
9.71270701060943331E-7	2.65513508882348370E-1
9.71280701060943485E-7	2.58617937795194397E-1
9.71289754899902391E-7	2.51472297952529633E-1
9.71299754899902368E-7	2.43211605698639666E-1
9.71309754899902345E-7	2.34745617716046651E-1
9.71319754899902144E-7	2.25936768414966371E-1
9.71329754899902476E-7	2.17926020375755947E-1
9.71338570097469400E-7	2.12216391286146067E-1
9.71347311612751874E-7	2.07394661200203689E-1
9.71356097080891701E-7	2.03494745413831835E-1
9.71365952124736509E-7	2.00968964865995536E-1
9.71374361540157594E-7	1.99806006818771009E-1
9.71384361540157570E-7	1.98180197885066534E-1
9.71394361540157725E-7	1.96304462501233790E-1
9.71404361540157701E-7	1.93983435880740585E-1
9.71414361540157678E-7	1.90157908263275810E-1
9.71424361540158188E-7	1.84930106209257250E-1
9.71434361540157809E-7	1.78630183784247887E-1
9.71444361540157963E-7	1.70575555114624056E-1
9.71454361540158118E-7	1.60914755388187314E-1
9.71464361540158094E-7	1.50288974367910688E-1
9.71474361540158249E-7	1.38297694867216880E-1
9.71484361540158226E-7	1.25016768787697208E-1
9.71494361540158380E-7	1.11227211823967420E-1
9.71504361540158534E-7	9.67499894182968134E-2
9.71514361540158511E-7	8.15216414901463082E-2
9.71524361540158665E-7	6.63272211713147719E-2
9.71534361540158464E-7	5.11736712085409984E-2
9.71544361540158619E-7	3.58373163133557338E-2
9.71554361540158773E-7	2.09981966468322367E-2
9.71564361540158750E-7	6.82776823459636262E-3
9.71574361540158549E-7	-7.03493431921412782E-3
9.71584361540158881E-7	-2.00981720403740471E-2
9.71594361540159035E-7	-3.20462856219903891E-2
9.71604361540159012E-7	-4.33163066584100775E-2
9.71614361540158988E-7	-5.36593414817147796E-2
9.71624361540158965E-7	-6.26503756041226989E-2
9.71634361540159297E-7	-7.07217508637627645E-2
9.71644361540159451E-7	-7.78959612982771432E-2
9.71654361540159428E-7	-8.37179373677505545E-2
9.71664361540159405E-7	-8.86173297923092207E-2
9.71674361540159559E-7	-9.50930204347482189E-2
9.71681221765028980E-7	-1.02639737285810173E-1
9.71685553233848864E-7	-1.09007145457099308E-1
9.71689595297814890E-7	-1.15441842600145517E-1
9.71694414024740105E-7	-1.24364337694684446E-1
9.71698743641749729E-7	-1.35143438169747032E-1
9.71706243162700822E-7	-1.60316875406043913E-1
9.71711898202837787E-7	-1.82494074626369462E-1
9.71721639780248125E-7	-2.25799164857522250E-1
9.71728786263575728E-7	-2.61861893467653983E-1
9.71738208103875500E-7	-3.07413740438816818E-1
9.71747382649465408E-7	-3.45053685111366715E-1
9.71754145075607312E-7	-3.69070105797513293E-1
9.71762227674157941E-7	-3.90897284145704749E-1
9.71768670507788102E-7	-4.00845205181500752E-1
9.71775920949281335E-7	-4.06414359583890494E-1
9.71783602925318490E-7	-4.08037404146325589E-1
9.71790694730022508E-7	-4.04187850107410718E-1
9.71799987434991230E-7	-3.92604475376525608E-1
9.71807996760992410E-7	-3.81326957079066631E-1
9.71817996760992386E-7	-3.66831226648074615E-1
9.71824963420528043E-7	-3.55686246121094518E-1
9.71831914560906185E-7	-3.46189974371251274E-1
9.71838777432468781E-7	-3.39383699587460397E-1
9.71844962936151902E-7	-3.33443021150790608E-1
9.71853684425419395E-7	-3.25226209529831323E-1
9.71859552148204564E-7	-3.21113946121665794E-1
9.71866618948636507E-7	-3.16244278313632998E-1
9.71872868845644788E-7	-3.10068799699650466E-1
9.71879569796503873E-7	-3.02342232269174005E-1
9.71886449428221511E-7	-2.94202956896106027E-1
9.71891957028924125E-7	-2.86352397457653751E-1
9.71895560288087523E-7	-2.80024891585890945E-1
9.71900368361372458E-7	-2.70818927071592830E-1
9.71903530570749119E-7	-2.64776723526434399E-1
9.71908025280209742E-7	-2.56284874893887027E-1
9.71912307417079724E-7	-2.47663463045234167E-1
9.71918237496312187E-7	-2.34391043404999033E-1
9.71924367178371540E-7	-2.20375938504953206E-1
9.71931729320422377E-7	-2.04653750273947033E-1
9.71939371003652930E-7	-1.88506876165164239E-1
9.71946286101941404E-7	-1.73707785926339042E-1
9.71951065313544760E-7	-1.64197557491220225E-1
9.71957534258015698E-7	-1.52339704598519265E-1
9.71963531571089945E-7	-1.41167312131147549E-1
9.71970728452424027E-7	-1.27337767191601414E-1
9.71976347817109954E-7	-1.16922253200323678E-1
9.71982089637415925E-7	-1.06229103223307764E-1
9.71987043809191675E-7	-9.61082240020552980E-2
9.71993881871308218E-7	-8.09562084460086417E-2
9.71999919357515019E-7	-6.72292255689358331E-2
9.72007792901938572E-7	-4.82377835121114629E-2
9.72015064107239013E-7	-2.87211581706621155E-2
9.72022951393399737E-7	-6.59922335892574452E-3
9.72030586287593756E-7	1.46941880358245003E-2
9.72037728297730119E-7	3.50721064656583703E-2
9.72041978914658955E-7	4.74028588239062465E-2
9.72044940375574384E-7	5.57547877242277323E-2
9.72048723960890015E-7	6.58560703692231186E-2
9.72051843818769967E-7	7.37890737526560958E-2
9.72055105765192629E-7	8.19396107524904060E-2
9.72059640139222481E-7	9.31525957824888629E-2
9.72064122370342076E-7	1.03704903779332636E-1
9.72070008999082980E-7	1.15982381497546894E-1
9.72075820969577187E-7	1.26609175155492859E-1
9.72081757453633521E-7	1.36718606086165706E-1
9.72089247508354326E-7	1.48108765983718782E-1
9.72096024219430710E-7	1.56563045537403323E-1
9.72103219675475039E-7	1.64557432010288984E-1
9.72110144008864197E-7	1.72221768645133522E-1
9.72116819276667954E-7	1.79217437025238624E-1
9.72125382368241375E-7	1.87787022317703500E-1
9.72131242636070070E-7	1.94188671322137774E-1
9.72140972134225656E-7	2.05817414187643921E-1
9.72147247016754967E-7	2.13360822378013282E-1
9.72155222434491861E-7	2.23270148935339208E-1
9.72161592597587010E-7	2.31745630687034954E-1
9.72168185620582648E-7	2.40317317403227682E-1
9.72172648908883907E-7	2.45652660280802282E-1
9.72177255094478987E-7	2.50922850167382183E-1
9.72180979383684374E-7	2.55154743520200356E-1
9.72185715486495639E-7	2.60292329066117567E-1
9.72190464222561168E-7	2.64766790970403143E-1
9.72195041643557367E-7	2.68323589177149380E-1
9.72199457806492795E-7	2.71275015513757545E-1
9.72202681854491857E-7	2.73230636285189510E-1
9.72205901899147484E-7	2.74943809226122404E-1
9.72209731147467338E-7	2.76480254644291712E-1
9.72213718339510891E-7	2.77434590567910266E-1
9.72217353446620791E-7	2.77851107435878264E-1
9.72221805317843923E-7	2.77999756135794707E-1
9.72226309308198289E-7	2.77741395445686301E-1
9.72230885056273308E-7	2.76864097097233497E-1
9.72238325569317041E-7	2.74158030748913495E-1
9.72243436613502610E-7	2.71720484790030437E-1
9.72253006099726313E-7	2.66358295493328967E-1
9.72260255847005617E-7	2.61378700641904782E-1
9.72270255847005593E-7	2.53722154203772732E-1
9.72280255847005748E-7	2.45818006404497202E-1
9.72290255847005902E-7	2.37304095131026971E-1
9.72300255847005701E-7	2.28449018117342328E-1
9.72310255847005855E-7	2.20357145329888438E-1
9.72320172878566957E-7	2.13397606133947182E-1
9.72328984424658671E-7	2.08278606183473070E-1
9.72329582406944937E-7	2.07982313689237319E-1
9.72330969384598376E-7	2.07313658344061080E-1
9.72335130317559404E-7	2.05488627095994980E-1
9.72342002111733805E-7	2.03001716377243113E-1
9.72349729450448841E-7	2.01094010646016219E-1
9.72359729450448995E-7	1.99666855511375374E-1
9.72369729450448794E-7	1.98191781092147101E-1
9.72379729450448949E-7	1.96110117402865902E-1
9.72389729450448925E-7	1.93507115357045101E-1
9.72399729450449257E-7	1.89587493414504782E-1
9.72409729450449056E-7	1.84006017181418269E-1
9.72419729450449211E-7	1.77313959628224049E-1
9.72429729450449365E-7	1.69114441237026658E-1
9.72439729450449519E-7	1.59119317927842996E-1
9.72449729450449674E-7	1.48129838790282875E-1
9.72459729450449828E-7	1.36048522056200460E-1
9.72469729450449627E-7	1.22539069409937063E-1
9.72479729450449604E-7	1.08482758642862720E-1
9.72489729450449758E-7	9.40140307377647133E-2
9.72499729450449557E-7	7.86936913325566323E-2
9.72509729450449711E-7	6.33508430643014453E-2
9.72519729450449688E-7	4.83073271217712996E-2
9.72529729450449842E-7	3.30094728405561089E-2
9.72539729450449997E-7	1.81315623890045563E-2
9.72549293170213502E-7	4.75626960817803912E-3
9.72559293170213479E-7	-8.98533528389252467E-3
9.72569293170213456E-7	-2.20463835627179305E-2
9.72579293170213610E-7	-3.37981746307192799E-2
9.72589293170213409E-7	-4.48909445321865697E-2
9.72599293170213741E-7	-5.51836390324529447E-2
9.72609293170213718E-7	-6.39720698806209409E-2
9.72619293170213872E-7	-7.18403675608341086E-2
9.72629293170213849E-7	-7.89396111703097336E-2
9.72639293170214003E-7	-8.45820550226175349E-2
9.72649293170214158E-7	-8.93190946021234566E-2
9.72659293170213957E-7	-9.64597366925509014E-2
9.72665465362728909E-7	-1.03818530727419112E-1
9.72670290591051590E-7	-1.10977600616957961E-1
9.72674549851332415E-7	-1.17867164706056271E-1
9.72680464880221329E-7	-1.30352378351162868E-1
9.72685650560936921E-7	-1.45800632359529736E-1
9.72692413647843068E-7	-1.70583337791329392E-1
9.72698620884074927E-7	-1.95909232549667878E-1
9.72704942988127996E-7	-2.25163531025006058E-1
9.72711947751858119E-7	-2.60720088156319996E-1
9.72718815477509224E-7	-2.94086015396842715E-1
9.72726722161279511E-7	-3.28635370683457895E-1
9.72732904602959714E-7	-3.53492691080150667E-1
9.72741866195968541E-7	-3.81952981789189794E-1
9.72747326287230862E-7	-3.93147866719191885E-1
9.72753904926569746E-7	-4.02053198612726970E-1
9.72760596672346267E-7	-4.07557228027164786E-1
9.72767174869303020E-7	-4.08107145367812851E-1
9.72774587071102914E-7	-4.02557501382520133E-1
9.72782302703369339E-7	-3.93741510435672959E-1
9.72790634375408736E-7	-3.83075741494432176E-1
9.72797979627416076E-7	-3.71536105104739178E-1
9.72807402500193596E-7	-3.56637800500205948E-1
9.72813989300748183E-7	-3.48550892047145044E-1
9.72820768603085817E-7	-3.41163452987462179E-1
9.72827196753390311E-7	-3.34033780235013644E-1
9.72834424484062410E-7	-3.27715783517670989E-1
9.72841749243642084E-7	-3.22890475255772902E-1
9.72847396825855704E-7	-3.18371016071140911E-1
9.72853143808301901E-7	-3.12779066048667742E-1
9.72859049761303396E-7	-3.07134593291889013E-1
9.72864312120113439E-7	-3.01800209893217763E-1
9.72869687154251395E-7	-2.94729082556902711E-1
9.72874822013025664E-7	-2.86461193290200811E-1
9.72879332158031218E-7	-2.78835065543151073E-1
9.72883747387895426E-7	-2.71316834195379775E-1
9.72887748351469028E-7	-2.63972659286541278E-1
9.72892953385494863E-7	-2.53144038883449385E-1
9.72898255845949222E-7	-2.41363585366880340E-1
9.72904734145608252E-7	-2.27378810573777557E-1
9.72911315315523595E-7	-2.13314816266114260E-1
9.72919503681620945E-7	-1.95149108870170895E-1
9.72926320401431610E-7	-1.80636269071325795E-1
9.72932544550942957E-7	-1.68600844031562369E-1
9.72939023531246860E-7	-1.56212015392058445E-1
9.72946695675610762E-7	-1.41375709622756784E-1
9.72953707787991995E-7	-1.28555461560086037E-1
9.72961336269427690E-7	-1.14596681398401068E-1
9.72965985099334318E-7	-1.05292981306991296E-1
9.72972632547514849E-7	-9.12362260203042297E-2
9.72978447997276419E-7	-7.87643725683719342E-2
9.72985394052989605E-7	-6.28455810317948860E-2
9.72992683908142375E-7	-4.41301995470422881E-2
9.72999777438705848E-7	-2.49637124539003485E-2
9.73005744697910657E-7	-8.76058850737894623E-3
9.73012687332362525E-7	1.08749802812006724E-2
9.73021529520658923E-7	3.66203131253609548E-2
9.73026492647320396E-7	5.05201648717287632E-2
9.73032203029699438E-7	6.56478669505825430E-2
9.73036216812153754E-7	7.60780526325481876E-2
9.73040571454038528E-7	8.72557688259103159E-2
9.73045189990598658E-7	9.83921508333979844E-2
9.73051822978205472E-7	1.12487523331812911E-1
9.73056936523487437E-7	1.22251646331423314E-1
9.73062171520112784E-7	1.31749083497023389E-1
9.73068587775564176E-7	1.42157233522928150E-1
9.73075707540601798E-7	1.51691670695890291E-1
9.73082050276905086E-7	1.59237074010507329E-1
9.73089466125530933E-7	1.67786814544215312E-1
9.73096076650989339E-7	1.74762883483244913E-1
9.73105876757455412E-7	1.84570178882831026E-1
9.73112117054186143E-7	1.91369317811056239E-1
9.73121394609872858E-7	2.02192036539087638E-1
9.73128264104274265E-7	2.10258021287864194E-1
9.73135518792457432E-7	2.19279998148447408E-1
9.73142813032554166E-7	2.28983796653049554E-1
9.73149131919456956E-7	2.37155263698742669E-1
9.73154121307838516E-7	2.43203870810736333E-1
9.73159310190279569E-7	2.49385497872475037E-1
9.73163039266242436E-7	2.53790393532351555E-1
9.73168296325546756E-7	2.59519282815055607E-1
9.73172752966916477E-7	2.63684024624851254E-1
9.73177580475181969E-7	2.67571877884708664E-1
9.73182404924859235E-7	2.71034664601250874E-1
9.73185917844931403E-7	2.73255336120766223E-1
9.73189586362287251E-7	2.75116212368357926E-1
9.73193020046153734E-7	2.76351511063146704E-1
9.73196749228526414E-7	2.77228108482356950E-1
9.73200966378524157E-7	2.77835907216624545E-1
9.73205843162014794E-7	2.78076144463526997E-1
9.73210162106888355E-7	2.77712031418211858E-1
9.73218074905219410E-7	2.75561356179977457E-1
9.73222940202947484E-7	2.73566605285350395E-1
9.73232218258140946E-7	2.68928632139722890E-1
9.73239283582786641E-7	2.64454107950573825E-1
9.73249283582786795E-7	2.57115844315052922E-1
9.73259283582786949E-7	2.49420054851685347E-1
9.73269283582786926E-7	2.41143637011698475E-1
9.73279283582787080E-7	2.32310670343581638E-1
9.73289283582787235E-7	2.23892407188751719E-1
9.73299283582787211E-7	2.16308011781497678E-1
9.73306929374864893E-7	2.11310432053487363E-1
9.73307539095910990E-7	2.10962266075423388E-1
9.73308844521842964E-7	2.10239039096714553E-1
9.73312760799638355E-7	2.08275075080888783E-1
9.73319377382605921E-7	2.05342254964577542E-1
9.73325579813475628E-7	2.03010682834327216E-1
9.73333117870747344E-7	2.01247251332607080E-1
9.73343117870747498E-7	2.00056587460077751E-1
9.73353117870747475E-7	1.98418741515606278E-1
9.73363117870747274E-7	1.96310831647242390E-1
9.73373117870747606E-7	1.93935226776126934E-1
9.73383117870747583E-7	1.89857261574378189E-1
9.73393117870747737E-7	1.84168273673283212E-1
9.73403117870748069E-7	1.77693621357667908E-1
9.73413117870747868E-7	1.69365233675720073E-1
9.73423117870748023E-7	1.59202217789821909E-1
9.73433117870747822E-7	1.48415039798962423E-1
9.73443117870748154E-7	1.36250780095389201E-1
9.73453117870748308E-7	1.22532122654904585E-1
9.73463117870748462E-7	1.08655333670757881E-1
9.73473117870748261E-7	9.41596694416636737E-2
9.73483117870748416E-7	7.86067548966243379E-2
9.73493117870748392E-7	6.34106267688298608E-2
9.73503117870748547E-7	4.84001021848715318E-2
9.73513117870748523E-7	3.28641632657965221E-2
9.73523117870748322E-7	1.80888273081490802E-2
9.73532171994770579E-7	5.51713781142671333E-3
9.73542171994770733E-7	-8.46879728192804748E-3
9.73552171994770532E-7	-2.15509819573433248E-2
9.73562171994770864E-7	-3.32053789395383481E-2
9.73572171994770841E-7	-4.45175247081941716E-2
9.73582171994770640E-7	-5.48975120095834601E-2
9.73592171994770794E-7	-6.35767576315180882E-2
9.73602171994770949E-7	-7.16145272923098375E-2
9.73612171994771103E-7	-7.88519218927864696E-2
9.73622171994771080E-7	-8.43847355029390656E-2
9.73632171994771056E-7	-8.92061894554007750E-2
9.73642171994771388E-7	-9.61933154678322033E-2
9.73648601742882569E-7	-1.03494627501131209E-1
9.73653024035459680E-7	-1.09930236964776484E-1
9.73657163635584055E-7	-1.16565980961894100E-1
9.73662445877103089E-7	-1.26998379372214254E-1
9.73667232397836635E-7	-1.39962775470469425E-1
9.73675220474239111E-7	-1.68072246763907662E-1
9.73681344582356800E-7	-1.92945315756358848E-1
9.73688908136666242E-7	-2.27659513050299989E-1
9.73696060731687929E-7	-2.63817802692310099E-1
9.73703886512264916E-7	-3.01586636889020143E-1
9.73712360745270189E-7	-3.37593632233119623E-1
9.73718950190199450E-7	-3.62456237869061670E-1
9.73728577293994313E-7	-3.89495020327787200E-1
9.73735919592015975E-7	-4.00918539404806040E-1
9.73743283403372395E-7	-4.06770794820810622E-1
9.73751333754101367E-7	-4.07959982348909556E-1
9.73758693795914709E-7	-4.02893021903285042E-1
9.73767467198154790E-7	-3.91779469771372657E-1
9.73775825391516392E-7	-3.80286768160169508E-1
9.73785253074218993E-7	-3.66169339796173210E-1
9.73792901497596830E-7	-3.54085085124566756E-1
9.73799077843705518E-7	-3.46157702135852885E-1
9.73808497789261551E-7	-3.36736546981090568E-1
9.73815123232936664E-7	-3.30222768188154614E-1
9.73823484957715380E-7	-3.23075941708262082E-1
9.73829037577330858E-7	-3.19467025501445567E-1
9.73836161051448101E-7	-3.13803864387881104E-1
9.73842678827689667E-7	-3.06784882692791161E-1
9.73849311967162024E-7	-2.99099158977010449E-1
9.73854911493847553E-7	-2.92152410741317814E-1
9.73859796717637138E-7	-2.84710885969144201E-1
9.73863678888855944E-7	-2.77711475305569655E-1
9.73868028563892274E-7	-2.69432957079518687E-1
9.73871506239927243E-7	-2.62866581323631499E-1
9.73875715282650667E-7	-2.54802109715319336E-1
9.73880518528564920E-7	-2.44794584422634953E-1
9.73886185487680756E-7	-2.31967348365837633E-1
9.73892611776992645E-7	-2.17563917461301859E-1
9.73899393620401277E-7	-2.03153258325202657E-1
9.73907067738196375E-7	-1.86745957858489531E-1
9.73913269175907992E-7	-1.73589278351466580E-1
9.73918017125436997E-7	-1.64284709717134136E-1
9.73923978763770393E-7	-1.53270259626534977E-1
9.73930189756893050E-7	-1.41563546705244847E-1
9.73937251776421675E-7	-1.28118210601367277E-1
9.73943433801408531E-7	-1.16748188478547488E-1
9.73948532524462252E-7	-1.07158197627868401E-1
9.73953792122473949E-7	-9.63459181369109174E-2
9.73960170228311384E-7	-8.23665968412843341E-2
9.73966681220847263E-7	-6.76995241873485298E-2
9.73974310036342317E-7	-4.91920024660519761E-2
9.73982338388261581E-7	-2.76248402638160906E-2
9.73990016832197014E-7	-6.25440931157682556E-3
9.73998708423659032E-7	1.80838480233453547E-2
9.74006340656344705E-7	4.00207724210302995E-2
9.74013176999734931E-7	5.92851675957680335E-2
9.74017547236165804E-7	7.07797188881651440E-2
9.74022786521046946E-7	8.38442850189846567E-2
9.74028266057751679E-7	9.70830837891365661E-2
9.74034114743015422E-7	1.10294849119991478E-1
9.74040198109504907E-7	1.22264042202352763E-1
9.74046899637301777E-7	1.33761559494057281E-1
9.74053518934892182E-7	1.44179175992890096E-1
9.74060881283953606E-7	1.54299183150914643E-1
9.74068876963841923E-7	1.63374338804537533E-1
9.74075495183246609E-7	1.70406579146294623E-1
9.74084720710560781E-7	1.80300804556100935E-1
9.74091427759496398E-7	1.87161424315600766E-1
9.74101291395125024E-7	1.97686980314363803E-1
9.74107861953798171E-7	2.05614213262379275E-1
9.74115282024857798E-7	2.14872435862035038E-1
9.74122648528661550E-7	2.23966501695384412E-1
9.74128506901596403E-7	2.31493104671785277E-1
9.74135484581418254E-7	2.40660058259664389E-1
9.74141151768010616E-7	2.47607530964231781E-1
9.74145384446198648E-7	2.52335721512001587E-1
9.74150363854463563E-7	2.57652345994430565E-1
9.74154309267698792E-7	2.61720964568243675E-1
9.74159217186139159E-7	2.66269939788909182E-1
9.74163482524379631E-7	2.69515953038064104E-1
9.74168142254964131E-7	2.72370501603711990E-1
9.74172129850464152E-7	2.74430224136377543E-1
9.74175763392726424E-7	2.76031148453794506E-1
9.74180090857118230E-7	2.77399547753940467E-1
9.74184949038899184E-7	2.78075598595822360E-1
9.74188889223823118E-7	2.78047457768934336E-1
9.74193456880145092E-7	2.77612495135376891E-1
9.74198658164653608E-7	2.76619085671808218E-1
9.74203589722581142E-7	2.75014449528221050E-1
9.74211586705499144E-7	2.71179451406425853E-1
9.74217588331525164E-7	2.67721044939999819E-1
9.74227588331524963E-7	2.61174084340535373E-1
9.74236077629954522E-7	2.54694770024342620E-1
9.74246077629954499E-7	2.46602257196391594E-1
9.74256077629954653E-7	2.38289180397718159E-1
9.74266077629954985E-7	2.29464957483744136E-1
9.74276077629954784E-7	2.21037861480138664E-1
9.74286077629954939E-7	2.14018113400013998E-1
9.74293321368915066E-7	2.09712880867753038E-1
9.74293946368914909E-7	2.09366867478756191E-1
9.74295509500445789E-7	2.08516484787289480E-1
9.74300198895037894E-7	2.06175788794481551E-1
9.74305818874358742E-7	2.03894905760460610E-1
9.74312275457308274E-7	2.02080145925814936E-1
9.74321854102747054E-7	2.00392383725337675E-1
9.74331854102747030E-7	1.98901873643342064E-1
9.74341854102747007E-7	1.97205425770669462E-1
9.74351854102747161E-7	1.95015742038715656E-1
9.74361854102747138E-7	1.91643582861710948E-1
9.74371854102747470E-7	1.86852587977182338E-1
9.74381854102747269E-7	1.80809532122595007E-1
9.74391854102747601E-7	1.73239979310767267E-1
9.74401854102747578E-7	1.64034995730637645E-1
9.74411854102747554E-7	1.53607483943332257E-1
9.74421854102747886E-7	1.41973527138559641E-1
9.74431854102747685E-7	1.29041759253402999E-1
9.74441854102747840E-7	1.15309755174309214E-1
9.74451854102747994E-7	1.00994806561318806E-1
9.74461854102748148E-7	8.59610603553471009E-2
9.74471854102747947E-7	7.06701329560479863E-2
9.74481854102748102E-7	5.54782661920080145E-2
9.74491854102747901E-7	4.01833027826210909E-2
9.74501854102748055E-7	2.51222588243960043E-2
9.74511854102748210E-7	1.07451613347303265E-2
9.74521854102748364E-7	-3.20170557001715395E-3
9.74531854102748341E-7	-1.65641971741067340E-2
9.74541854102748495E-7	-2.88366908761269958E-2
9.74551854102748472E-7	-4.02798826009180910E-2
9.74561854102748626E-7	-5.09491448110433076E-2
9.74571854102748425E-7	-6.03262824662586183E-2
9.74581854102748935E-7	-6.86223665751349010E-2
9.74591854102748734E-7	-7.61022912342196811E-2
9.74601854102748888E-7	-8.23048286885742719E-2
9.74611854102749042E-7	-8.73933112635708653E-2
9.74621854102748841E-7	-9.26642983783894714E-2
9.74626535693204943E-7	-9.62745156767989485E-2
9.74630599077152837E-7	-1.01084340613820522E-1
9.74633546112300309E-7	-1.05357176981800316E-1
9.74636544853550468E-7	-1.09713756843695331E-1
9.74640963627414791E-7	-1.16166655624108883E-1
9.74644180796266468E-7	-1.21864412953552836E-1
9.74648346664747933E-7	-1.32235637275445650E-1
9.74653818283843876E-7	-1.50051099734427873E-1
9.74658497448128536E-7	-1.66843670554131962E-1
9.74666254332791659E-7	-1.98162084676358519E-1
9.74671814583724050E-7	-2.25125639212696349E-1
9.74680348433628829E-7	-2.68481954226641673E-1
9.74687059398522848E-7	-2.99793128859512148E-1
9.74693921799390495E-7	-3.30087912589993770E-1
9.74700304680161977E-7	-3.56447309223570930E-1
9.74705499677997977E-7	-3.73631531986865495E-1
9.74711817544086934E-7	-3.88312309644670339E-1
9.74716301166826327E-7	-3.96248695439634524E-1
9.74723067434208446E-7	-4.05609622037987183E-1
9.74728500150516375E-7	-4.08986908225210666E-1
9.74734180116190707E-7	-4.07492239256215605E-1
9.74740963576836172E-7	-4.02339111586151787E-1
9.74748473541699489E-7	-3.95422223902650405E-1
9.74755469330586521E-7	-3.86253465308504085E-1
9.74763138209343616E-7	-3.73159782393475981E-1
9.74769825552587754E-7	-3.62877557333676393E-1
9.74774126729127666E-7	-3.57593617747139669E-1
9.74777449047963174E-7	-3.53430769175036952E-1
9.74781106497307093E-7	-3.48286049325966562E-1
9.74784474694798853E-7	-3.43540230100093646E-1
9.74788466924851704E-7	-3.38983248333181475E-1
9.74794797857773787E-7	-3.33925313603324270E-1
9.74800075999275251E-7	-3.29871798839382047E-1
9.74805659730824736E-7	-3.24732800704905911E-1
9.74809493689210527E-7	-3.21457192542865933E-1
9.74813862467249592E-7	-3.18554257885961523E-1
9.74818034835431213E-7	-3.15781470993552471E-1
9.74822984639893164E-7	-3.11128216199908492E-1
9.74827594538508180E-7	-3.05599287651074514E-1
9.74832965673667751E-7	-2.99014969052324675E-1
9.74837293180150155E-7	-2.93723839837987288E-1
9.74841148919221467E-7	-2.88293254019570888E-1
9.74844353787850793E-7	-2.82870631316931753E-1
9.74847604010035695E-7	-2.76709932929691149E-1
9.74850863098541964E-7	-2.70362865794940399E-1
9.74855417180587480E-7	-2.61733368747411355E-1
9.74859221407090715E-7	-2.54476615224346103E-1
9.74864369672621223E-7	-2.43635686148208075E-1
9.74870379098820550E-7	-2.29818698387582465E-1
9.74876586456052507E-7	-2.16000424664704749E-1
9.74883859034232003E-7	-2.00837924897883591E-1
9.74891061278607118E-7	-1.85464973964719504E-1
9.74897166032145357E-7	-1.72540529245228180E-1
9.74902163680554601E-7	-1.63019210596178743E-1
9.74908883130351178E-7	-1.50919702830202507E-1
9.74914910892799291E-7	-1.39494786218909672E-1
9.74921379633454599E-7	-1.27102489750978886E-1
9.74926946504912095E-7	-1.17019401769372067E-1
9.74931485150905885E-7	-1.08653355446253741E-1
9.74936276713273031E-7	-9.88348748929749732E-2
9.74941396124712689E-7	-8.74942841635528623E-2
9.74946649570989265E-7	-7.57678660894483080E-2
9.74953535043562880E-7	-5.99051288007890648E-2
9.74959418564984404E-7	-4.48572946670653749E-2
9.74966210342699746E-7	-2.60840306047693815E-2
9.74971735877483603E-7	-1.07860979966732873E-2
9.74977611572790082E-7	5.46246708941547077E-3
9.74983227074175218E-7	2.16836476593084360E-2
9.74989614886571587E-7	4.04175965375883095E-2
9.74993047443269845E-7	5.00645040942124631E-2
9.74997374239943149E-7	6.15606047538908108E-2
9.75000162586970376E-7	6.87618112159037054E-2
9.75004331233769506E-7	7.95359793167015106E-2
9.75008717769079425E-7	9.06421953954742499E-2
9.75013334998936543E-7	1.01428712612954164E-1
9.75018687414433494E-7	1.12501262789807521E-1
9.75023583745608668E-7	1.21797491947930370E-1
9.75028039487615850E-7	1.29912166542061924E-1
9.75034038597501151E-7	1.39800161532444500E-1
9.75040658705266061E-7	1.48901631004864710E-1
9.75046974287188384E-7	1.56568322333797738E-1
9.75054036529469137E-7	1.64838741488283813E-1
9.75061006502783734E-7	1.72336461201980407E-1
9.75070615532018969E-7	1.82010780088314084E-1
9.75077447539258912E-7	1.89421600356385200E-1
9.75086867623005560E-7	2.00399839686906756E-1
9.75094496929992260E-7	2.09425285245731496E-1
9.75101678098807945E-7	2.18473930107796654E-1
9.75110758280331780E-7	2.30584021927174376E-1
9.75117648763414024E-7	2.39393981966604397E-1
9.75122551927465153E-7	2.45305902000214582E-1
9.75128415404485871E-7	2.52280009626720858E-1
9.75132874195469768E-7	2.57360784086907257E-1
9.75138579259934524E-7	2.63011964789341812E-1
9.75143364006732405E-7	2.66951117131580329E-1
9.75148082904891922E-7	2.70372450282917631E-1
9.75151838414389260E-7	2.72820438729247927E-1
9.75155216393818058E-7	2.74671746636914849E-1
9.75158809533019877E-7	2.76118654673242858E-1
9.75162938121741085E-7	2.77151911483356317E-1
9.75166624503098589E-7	2.77686722275418951E-1
9.75172315699511394E-7	2.78013420222956720E-1
9.75176494872813393E-7	2.77740726015424810E-1
9.75182240225944597E-7	2.76394489690221290E-1
9.75186816618310282E-7	2.74672833028908325E-1
9.75192146228947543E-7	2.72347511697526867E-1
9.75198544738652195E-7	2.69108619854690545E-1
9.75204587336300932E-7	2.65330222350420541E-1
9.75212687180962945E-7	2.59525012439644875E-1
9.75220549118757596E-7	2.53733028518570158E-1
9.75229835380959642E-7	2.46446421497503287E-1
9.75239835380959619E-7	2.37844983468285687E-1
9.75249835380959773E-7	2.29299443541975334E-1
9.75259835380959572E-7	2.21197029703090431E-1
9.75269142906148900E-7	2.14394712326872350E-1
9.75276639895610309E-7	2.10062835393990976E-1
9.75277220172454662E-7	2.09785077342738457E-1
9.75278817709703993E-7	2.09036751615720640E-1
9.75283610321452343E-7	2.06855499801075648E-1
9.75288848799564612E-7	2.04579325844737969E-1
9.75295481413399834E-7	2.02461131032677200E-1
9.75305411815515733E-7	2.01046244853552958E-1
9.75315411815515532E-7	1.99687701600115952E-1
9.75325411815515508E-7	1.97597854028411479E-1
9.75335411815515840E-7	1.95605235496390062E-1
9.75345411815515995E-7	1.92369233510102844E-1
9.75355411815515616E-7	1.87116338473298316E-1
9.75365411815515948E-7	1.81144196354246723E-1
9.75375411815515747E-7	1.73747927332435514E-1
9.75385411815515901E-7	1.64080402903281297E-1
9.75395411815516056E-7	1.53626731058282573E-1
9.75405411815516388E-7	1.42216032276683491E-1
9.75415411815516542E-7	1.28869475577237380E-1
9.75425411815516341E-7	1.15034244523456963E-1
9.75435411815516140E-7	1.00989875967376985E-1
9.75445411815516294E-7	8.56230097558656666E-2
9.75455411815516626E-7	7.01660075487064017E-2
9.75465411815516603E-7	5.52764845780506242E-2
9.75475411815516402E-7	3.97525214570084495E-2
9.75485411815516557E-7	2.44749585421202864E-2
9.75495411815516889E-7	1.04058048495807243E-2
9.75505411815516865E-7	-3.65390451762006796E-3
9.75515411815516842E-7	-1.72681297127558087E-2
9.75525411815516996E-7	-2.92596768538348240E-2
9.75535411815517151E-7	-4.06982890078092652E-2
9.75545411815517127E-7	-5.16325845184661869E-2
9.75555411815517104E-7	-6.07883492428134531E-2
9.75565411815517081E-7	-6.89735118633545952E-2
9.75575411815517413E-7	-7.67028942119551260E-2
9.75585411815517389E-7	-8.27690322634512832E-2
9.75595411815517366E-7	-8.76676338108716813E-2
9.75605411815517343E-7	-9.32021351816355370E-2
9.75610102180529637E-7	-9.69070235331799346E-2
9.75614122392311245E-7	-1.01568815997393092E-1
9.75617001114801496E-7	-1.05636305565863964E-1
9.75620032240184543E-7	-1.10015442062520252E-1
9.75624430752686322E-7	-1.16584885594194798E-1
9.75627809425989057E-7	-1.22750550431863470E-1
9.75632218350398261E-7	-1.33924610068147065E-1
9.75637869947402336E-7	-1.52432023384068360E-1
9.75642844692024092E-7	-1.70512286952486991E-1
9.75651759272782826E-7	-2.07996560361233751E-1
9.75657212906693516E-7	-2.35189937557183448E-1
9.75665375642092947E-7	-2.76325871131629031E-1
9.75672068219672539E-7	-3.07102694354190975E-1
9.75678417208424165E-7	-3.34782657153906626E-1
9.75685607468198945E-7	-3.63071395256282337E-1
9.75690734799989379E-7	-3.78565458662009835E-1
9.75698061927521465E-7	-3.93722617859840929E-1
9.75703060977597403E-7	-4.01253781961628864E-1
9.75709895788272341E-7	-4.08107550931315544E-1
9.75715861783518079E-7	-4.08803856724644010E-1
9.75723066816282447E-7	-4.03893758471607534E-1
9.75729757260071118E-7	-3.97401070082979224E-1
9.75737105227008250E-7	-3.88949951268144467E-1
9.75743601749101508E-7	-3.78724623861811205E-1
9.75751805391602822E-7	-3.64982371817338969E-1
9.75758181603040597E-7	-3.56428909490427337E-1
9.75763626551542274E-7	-3.49886385579634540E-1
9.75767995039164049E-7	-3.44127807256975515E-1
9.75773443632079207E-7	-3.37472552988492724E-1
9.75778888243561404E-7	-3.32795657325745742E-1
9.75785730907290905E-7	-3.28048150783895576E-1
9.75792356531846039E-7	-3.22413078170572698E-1
9.75796487214376640E-7	-3.18675350320996476E-1
9.75801625211871837E-7	-3.14764960757666490E-1
9.75806078860552795E-7	-3.11378891419330284E-1
9.75811116349615837E-7	-3.06140390623086800E-1
9.75815801966191643E-7	-2.99919905307926538E-1
9.75821232357678703E-7	-2.92334987884002429E-1
9.75824951565006060E-7	-2.87143467763821603E-1
9.75828010576136329E-7	-2.82529119258393102E-1
9.75832092156055708E-7	-2.75346062384697277E-1
9.75835863910918277E-7	-2.67795766895768228E-1
9.75839437294833623E-7	-2.60394829375139958E-1
9.75844762215115580E-7	-2.49641171585658617E-1
9.75849790129818473E-7	-2.39331734833219079E-1
9.75856719258115390E-7	-2.23830698200739731E-1
9.75863080624245072E-7	-2.09291391289606610E-1
9.75870645151501037E-7	-1.93394937667039057E-1
9.75877764186058805E-7	-1.78938409212684801E-1
9.75884908809396379E-7	-1.64247431304103264E-1
9.75890892855629488E-7	-1.52803953972296336E-1
9.75899392725368386E-7	-1.37651024394702870E-1
9.75905233547949891E-7	-1.26710595157264461E-1
9.75913390734609010E-7	-1.10723511991011847E-1
9.75918694258236918E-7	-1.00479566424448530E-1
9.75924380465092867E-7	-8.89806317288140924E-2
9.75930523917284631E-7	-7.49755006843784777E-2
9.75936597322151300E-7	-6.01019645262723134E-2
9.75943700191800545E-7	-4.24287797553779544E-2
9.75950430234343713E-7	-2.46530693443587934E-2
9.75956104292539095E-7	-8.40138461986347274E-3
9.75962101752301336E-7	9.01537838953437998E-3
9.75968565028353652E-7	2.71533967738217319E-2
9.75973558830810539E-7	4.11049848271032570E-2
9.75979228519258335E-7	5.72034264596350361E-2
9.75983023816247197E-7	6.77129557144420957E-2
9.75987497552156569E-7	7.92024125817057278E-2
9.75991817492838365E-7	8.94821078972323036E-2
9.75996156472559484E-7	9.94736778605573591E-2
9.76001416197709482E-7	1.11191647841160313E-1
9.76006379728540097E-7	1.21216970160708315E-1
9.76010373385476093E-7	1.28258187253269562E-1
9.76015710556820082E-7	1.36763377501375594E-1
9.76021527013995538E-7	1.45512378877192416E-1
9.76027728412834961E-7	1.53968276793555381E-1
9.76034271242349938E-7	1.61478270765341048E-1
9.76041024171403393E-7	1.68561384709648676E-1
9.76047514571405550E-7	1.75562039552718030E-1
9.76054364617276526E-7	1.82828230677568460E-1
9.76062094898846766E-7	1.90814218266594304E-1
9.76068375683744449E-7	1.97868374442447892E-1
9.76077951633633134E-7	2.09696574471886565E-1
9.76084534243162061E-7	2.17921430820375539E-1
9.76092398827898933E-7	2.27896905884966383E-1
9.76099231228068120E-7	2.36942213158892523E-1
9.76105878093055956E-7	2.45410139242975411E-1
9.76110381574849306E-7	2.50623895349542947E-1
9.76115426302417610E-7	2.56114044582978639E-1
9.76119746580746472E-7	2.60642281627827588E-1
9.76124521400741330E-7	2.65217813460238538E-1
9.76129548964076577E-7	2.69188670657625639E-1
9.76134132647811015E-7	2.72060077434246539E-1
9.76138555622430104E-7	2.74377156692333246E-1
9.76142361475151610E-7	2.76050642900118115E-1
9.76146601234843025E-7	2.77371934520426455E-1
9.76152103257815185E-7	2.78054070767041406E-1
9.76156125344445158E-7	2.77942640061206170E-1
9.76160871770938066E-7	2.77423939800479857E-1
9.76166161812023780E-7	2.76319211866499215E-1
9.76171258433545219E-7	2.74516347858731313E-1
9.76177541158125450E-7	2.71424710613477060E-1
9.76183433380630916E-7	2.68109357303995299E-1
9.76191784436773524E-7	2.62874266616398744E-1
9.76199337397424038E-7	2.57325169891661076E-1
9.76208956253697480E-7	2.49718412862168293E-1
9.76218956253697634E-7	2.41682709920665362E-1
9.76228956253697611E-7	2.33032093309341670E-1
9.76238956253697765E-7	2.24350039015155955E-1
9.76248956253697742E-7	2.16895950718771191E-1
9.76256839923999031E-7	2.11890607211482696E-1
9.76257464923999407E-7	2.11518485626408959E-1
9.76259116414486172E-7	2.10552614103540803E-1
9.76264070885947355E-7	2.07907944174442694E-1
9.76270998084423525E-7	2.04929173455721747E-1
9.76277285626660429E-7	2.02980459304390637E-1
9.76285138511724426E-7	2.01391836888165576E-1
9.76294939397694783E-7	1.99999871164798426E-1
9.76304939397694760E-7	1.98451104504663611E-1
9.76314939397694914E-7	1.96422662494909739E-1
9.76324939397694891E-7	1.93558784492839786E-1
9.76334939397695045E-7	1.89295233656780537E-1
9.76344939397695200E-7	1.83600735248121749E-1
9.76354939397695176E-7	1.76599737218665487E-1
9.76364939397695331E-7	1.67977794866924679E-1
9.76374939397695130E-7	1.57840542731951028E-1
9.76384939397695284E-7	1.46617903943700156E-1
9.76394939397695438E-7	1.34149919033024023E-1
9.76404939397695415E-7	1.20538506711058679E-1
9.76414939397695569E-7	1.06382729121702813E-1
9.76424939397695546E-7	9.16220767322046470E-2
9.76434939397695700E-7	7.62617392825402796E-2
9.76444939397695677E-7	6.09639621635840623E-2
9.76454939397695654E-7	4.57450407655236368E-2
9.76464939397695630E-7	3.04609559477572800E-2
9.76474939397695785E-7	1.57516532433596557E-2
9.76484939397695939E-7	1.71200388900601119E-3
9.76494939397696093E-7	-1.19634026526944126E-2
9.76504939397696070E-7	-2.47274086330748277E-2
9.76514939397696224E-7	-3.63922541547789002E-2
9.76524939397696023E-7	-4.73974340678996775E-2
9.76534939397696355E-7	-5.73468583964515766E-2
9.76544939397695977E-7	-6.59525297199849270E-2
9.76554939397696309E-7	-7.37332643837078106E-2
9.76564939397696286E-7	-8.04980322467715936E-2
9.76574939397696618E-7	-8.59052493663010175E-2
9.76584939397696772E-7	-9.06450029433488780E-2
9.76594939397696749E-7	-9.84564147008767776E-2
9.76600484855108242E-7	-1.05662630262013568E-1
9.76606415295146491E-7	-1.14827748011112329E-1
9.76611170428093800E-7	-1.23185348015772123E-1
9.76616045481978290E-7	-1.34804932024437374E-1
9.76622215448727893E-7	-1.55079750723962251E-1
9.76627760296933367E-7	-1.76297463130333343E-1
9.76634945660412512E-7	-2.06493612272116023E-1
9.76640406476226985E-7	-2.32834568007200238E-1
9.76648722628192800E-7	-2.75035448423903661E-1
9.76655434618681184E-7	-3.06348888923711149E-1
9.76663687942725112E-7	-3.41034264864617409E-1
9.76669892865675315E-7	-3.64595900582198373E-1
9.76675535778667836E-7	-3.81559768645903219E-1
9.76681304017052199E-7	-3.93289323099270582E-1
9.76686528243546448E-7	-4.00674149895696630E-1
9.76693292920529643E-7	-4.07259030291999302E-1
9.76699598669435431E-7	-4.08733705455843399E-1
9.76706429190452319E-7	-4.04448653812807013E-1
9.76713971834323402E-7	-3.96453693296981680E-1
9.76722352546444306E-7	-3.86338916160904677E-1
9.76729626649356675E-7	-3.75151696386761824E-1
9.76739351563949043E-7	-3.59274154267268830E-1
9.76746035904573162E-7	-3.50673008214921156E-1
9.76752855595028002E-7	-3.43036075953205533E-1
9.76758725132632577E-7	-3.36136601017379011E-1
9.76765722405209580E-7	-3.29421399629266043E-1
9.76772796957209266E-7	-3.24716262648874654E-1
9.76779305199865711E-7	-3.19761537824096287E-1
9.76784893122321662E-7	-3.14385583040890593E-1
9.76790691287638424E-7	-3.09023787182314225E-1
9.76796093641509344E-7	-3.04007608212533986E-1
9.76801410071644760E-7	-2.97536191941072481E-1
9.76806811668577346E-7	-2.89175179127869431E-1
9.76811736857666268E-7	-2.81072886139514644E-1
9.76815860152913018E-7	-2.74327985148112763E-1
9.76820280152684717E-7	-2.66496232098198327E-1
9.76824566870978828E-7	-2.57770819389882178E-1
9.76829545978991831E-7	-2.46790942176089079E-1
9.76835043562858552E-7	-2.34908376257801432E-1
9.76841195811513607E-7	-2.21968009171823955E-1
9.76848086817540917E-7	-2.06710628543882802E-1
9.76854811490360575E-7	-1.91668280132751434E-1
9.76861280439457147E-7	-1.78508873037869020E-1
9.76867243835308052E-7	-1.67050494436799868E-1
9.76874252056951775E-7	-1.53210453145077219E-1
9.76880828647257893E-7	-1.40629918320552560E-1
9.76889057801325755E-7	-1.25898857854160084E-1
9.76894212026251196E-7	-1.16265429826137945E-1
9.76899434912810705E-7	-1.05639417139252068E-1
9.76904277702863411E-7	-9.56084648404939408E-2
9.76909476840006796E-7	-8.48852633675238977E-2
9.76915090565572797E-7	-7.24763256517880627E-2
9.76922041391593332E-7	-5.52583072408937337E-2
9.76928154291300466E-7	-3.93182349242636509E-2
9.76934640809267307E-7	-2.22616813378410683E-2
9.76940652762039363E-7	-5.62247063517905943E-3
9.76948341239019769E-7	1.68194754537773594E-2
9.76953681061978685E-7	3.21676671442289308E-2
9.76961236498931562E-7	5.28514892698743299E-2
9.76965307191454535E-7	6.38603747632122776E-2
9.76971136480014835E-7	7.94390233432593540E-2
9.76975710512111561E-7	9.08373180730857221E-2
9.76982573810476396E-7	1.06037030347751693E-1
9.76987614050178976E-7	1.16292724817935667E-1
9.76991796498281673E-7	1.24497350311020893E-1
9.76997608415958751E-7	1.34790997867114215E-1
9.77004006465587338E-7	1.44259037041635407E-1
9.77009750497513885E-7	1.51795628851152964E-1
9.77016801169567906E-7	1.60631855585818051E-1
9.77023137556748544E-7	1.67760557644343411E-1
9.77032121543885346E-7	1.76776609287584918E-1
9.77038274506675108E-7	1.83175920176447260E-1
9.77048274506675263E-7	1.94331667262462782E-1
9.77054985671847831E-7	2.01831223749321476E-1
9.77062757525064463E-7	2.11045743773064309E-1
9.77069557607563866E-7	2.19931019258862737E-1
9.77076156827239650E-7	2.28567034390884771E-1
9.77082515920135997E-7	2.36494570079194988E-1
9.77088302848951784E-7	2.43701524097655575E-1
9.77092151559960698E-7	2.48529931379618407E-1
9.77097656311151397E-7	2.54951409506832372E-1
9.77101979828477951E-7	2.59364178026367131E-1
9.77106838722039583E-7	2.63805365903037936E-1
9.77111410328489427E-7	2.67682762823517040E-1
9.77115560281416506E-7	2.70838251738107116E-1
9.77120295267947725E-7	2.73674102093194982E-1
9.77123429303975044E-7	2.75046800532070002E-1
9.77127286729281330E-7	2.76335771027825228E-1
9.77131903922910539E-7	2.77487335413994129E-1
9.77136089510907624E-7	2.78106178624322897E-1
9.77140653398577541E-7	2.78090257815778452E-1
9.77146601759452160E-7	2.77019543885017949E-1
9.77150932058093424E-7	2.75752359889933363E-1
9.77159230354232378E-7	2.72544007817281608E-1
9.77165091167076838E-7	2.69444936021420478E-1
9.77175091167077348E-7	2.62864181412391495E-1
9.77183474414312592E-7	2.56862361396317151E-1
9.77193474414312924E-7	2.49122040540643930E-1
9.77203474414312723E-7	2.40594621054165048E-1
9.77213474414312699E-7	2.32015910031159800E-1
9.77223474414312676E-7	2.23608352375611297E-1
9.77233474414312830E-7	2.15846209109664944E-1
9.77242355769330473E-7	2.10464724415254167E-1
9.77242939582520798E-7	2.10177301328405264E-1
9.77244488936960565E-7	2.09427378174513201E-1
9.77249137000279866E-7	2.07201300772738861E-1
9.77254848065411785E-7	2.04542834420078101E-1
9.77261176782292473E-7	2.02346915535122518E-1
9.77270061698806103E-7	2.00971346230041581E-1
9.77280061698806257E-7	1.99628204060741643E-1
9.77290061698806234E-7	1.97550982079201876E-1
9.77300061698806388E-7	1.95713127992757774E-1
9.77310061698806365E-7	1.92835958432783361E-1
9.77320061698806519E-7	1.87864678930889140E-1
9.77330061698806318E-7	1.82177247156446187E-1
9.77340061698806650E-7	1.75223003339551187E-1
9.77350061698806449E-7	1.65895506004979798E-1
9.77360061698806604E-7	1.55687255631224741E-1
9.77370061698806758E-7	1.44648262244434833E-1
9.77380061698806912E-7	1.31584367338910369E-1
9.77390061698806711E-7	1.17873927775114673E-1
9.77400061698807043E-7	1.04055851856900361E-1
9.77410061698807020E-7	8.88650635378909648E-2
9.77420061698807174E-7	7.33921077968077373E-2
9.77429792380321238E-7	5.89700216667265131E-2
9.77439792380321570E-7	4.35179012227182316E-2
9.77449792380321547E-7	2.80864784271758339E-2
9.77459582448519981E-7	1.42033250968926295E-2
9.77469582448520313E-7	1.05183675078603867E-4
9.77479309364635185E-7	-1.34117472299710760E-2
9.77489309364635339E-7	-2.57015708761156159E-2
9.77499309364635138E-7	-3.72782038606254496E-2
9.77508954316826362E-7	-4.81672372256611325E-2
9.77518954316826694E-7	-5.77692400411275120E-2
9.77528954316826848E-7	-6.61812485264988037E-2
9.77538896150551118E-7	-7.42113502524588853E-2
9.77548896150551272E-7	-8.07605979542980812E-2
9.77558896150551426E-7	-8.58918767736265742E-2
9.77568896150551225E-7	-9.09254778226537752E-2
9.77578896150551557E-7	-9.89338185211711263E-2
9.77584512764262570E-7	-1.06238372095369060E-1
9.77589998008998862E-7	-1.14840778309877667E-1
9.77594862716244606E-7	-1.23603201785465688E-1
9.77599701369228136E-7	-1.35276655613659114E-1
9.77606120014958613E-7	-1.56463075929219242E-1
9.77611787211323602E-7	-1.78385071051720412E-1
9.77619296713362118E-7	-2.10543621854598673E-1
9.77625072110741122E-7	-2.38784770075345287E-1
9.77634134987243542E-7	-2.84385082353655338E-1
9.77641415169515327E-7	-3.17430424607002282E-1
9.77649102538102888E-7	-3.48658026699977919E-1
9.77655576723693898E-7	-3.71736706795401695E-1
9.77660622595603357E-7	-3.85533563527339362E-1
9.77668475749681143E-7	-3.99113112249581992E-1
9.77674081560412489E-7	-4.04983430957364732E-1
9.77681769341874940E-7	-4.08813202215832661E-1
9.77687417737497277E-7	-4.07042961050985852E-1
9.77695560629206106E-7	-3.98890033000596889E-1
9.77702756929549466E-7	-3.90000126686654180E-1
9.77711647722090404E-7	-3.77748896679989832E-1
9.77718580116139080E-7	-3.66205331657155186E-1
9.77726589329859053E-7	-3.53891809075224328E-1
9.77732844454551397E-7	-3.46641719233533152E-1
9.77738397889024746E-7	-3.40570120672623844E-1
9.77745111427077696E-7	-3.33033092666625130E-1
9.77751322372611043E-7	-3.27635604517812817E-1
9.77758866164242768E-7	-3.22715768636408606E-1
9.77764254870453264E-7	-3.18414644135477198E-1
9.77769664376151226E-7	-3.13130494358094635E-1
9.77775280918057810E-7	-3.07851439765819856E-1
9.77780158608017658E-7	-3.03224397185317285E-1
9.77785362034843075E-7	-2.96857918072782390E-1
9.77790244194310887E-7	-2.89298830808020480E-1
9.77795019314130975E-7	-2.81364518549698150E-1
9.77798834746178080E-7	-2.75068400452216899E-1
9.77803333649965012E-7	-2.67209052576506689E-1
9.77806915309683689E-7	-2.60150621249208625E-1
9.77811944167092228E-7	-2.49230842146336684E-1
9.77817100857418176E-7	-2.37905304981088239E-1
9.77822979017799909E-7	-2.25472972140335903E-1
9.77829632703324592E-7	-2.11022310498879140E-1
9.77836403170582180E-7	-1.95792347732253957E-1
9.77843199272444608E-7	-1.81491405764546743E-1
9.77849512048602776E-7	-1.69262068351465844E-1
9.77856554161347979E-7	-1.55502415555154072E-1
9.77862909928263235E-7	-1.43180806915818915E-1
9.77870192475346300E-7	-1.29994430876821543E-1
9.77876275476406676E-7	-1.18880780378358963E-1
9.77880236940246306E-7	-1.11041750767836089E-1
9.77885297036614531E-7	-1.00634489694581397E-1
9.77889278058362166E-7	-9.24775049491258194E-2
9.77895468255180411E-7	-7.94004681201427420E-2
9.77901308291365723E-7	-6.57576834466408400E-2
9.77908998548419639E-7	-4.61538357078153538E-2
9.77915779829114129E-7	-2.83887469538964599E-2
9.77921187911390888E-7	-1.38128694452972889E-2
9.77927822151670689E-7	5.19066910430620254E-3
9.77934168920845792E-7	2.37220609883087263E-2
9.77939839213740392E-7	3.96222648316549897E-2
9.77944864371752587E-7	5.33145401256681772E-2
9.77948665837853959E-7	6.37128251279650293E-2
9.77953370401946742E-7	7.63866908614154916E-2
9.77957686871572207E-7	8.72694873436581631E-2
9.77963475471539923E-7	1.00465241762501956E-1
9.77968183062007235E-7	1.10456475543787214E-1
9.77973136679748301E-7	1.20553546382632626E-1
9.77978416352564395E-7	1.30341361673171918E-1
9.77984518881719467E-7	1.39943445774120789E-1
9.77990342254234157E-7	1.48007610688339697E-1
9.77997121611547904E-7	1.56870581821250554E-1
9.78003676350042639E-7	1.64559534281155440E-1
9.78011766022252260E-7	1.72837795504599989E-1
9.78018052797859738E-7	1.79274974484944916E-1
9.78027324750315508E-7	1.89419228887354008E-1
9.78033847041805871E-7	1.96557155625465296E-1
9.78042421894232028E-7	2.06386918017691201E-1
9.78048798517686535E-7	2.14504833895860481E-1
9.78056058680185458E-7	2.23985909388984306E-1
9.78062997744783225E-7	2.32736098401527558E-1
9.78069401144168893E-7	2.40811143952252404E-1
9.78074356214433571E-7	2.47092715019325526E-1
9.78080372446793511E-7	2.54138499894099290E-1
9.78084875332697123E-7	2.58772253047080181E-1
9.78090056274940522E-7	2.63614139108639556E-1
9.78094331015909546E-7	2.67321370251098323E-1
9.78098980021766629E-7	2.70842918377661146E-1
9.78103085021913010E-7	2.73285854367119896E-1
9.78106491423705826E-7	2.74830232977379119E-1
9.78110482258071734E-7	2.76250314174728162E-1
9.78114906191308719E-7	2.77435682151597884E-1
9.78119058427509280E-7	2.78069490685659915E-1
9.78124544477833169E-7	2.77972785781247111E-1
9.78129115732508225E-7	2.77170388011767121E-1
9.78133921753015301E-7	2.75897269258860778E-1
9.78141201009695216E-7	2.73207818041067529E-1
9.78147057963511024E-7	2.70199681640349176E-1
9.78156125077919114E-7	2.64465353044413165E-1
9.78164432694691932E-7	2.58705087203504824E-1
9.78174394935534686E-7	2.51091871440496117E-1
9.78184394935534485E-7	2.42713962150032003E-1
9.78194394935534817E-7	2.34228724367245045E-1
9.78204394935534793E-7	2.25673896034383104E-1
9.78214394935534770E-7	2.17630630010258352E-1
9.78224130922982482E-7	2.11461867915399937E-1
9.78233052765554945E-7	2.06960355435861931E-1
9.78241423103797736E-7	2.03338161048415955E-1
9.78251423103797890E-7	2.00890378198242825E-1
9.78260248974884838E-7	1.99972350131405596E-1
9.78270248974884993E-7	1.98211278961175763E-1
9.78280248974884792E-7	1.96045618138748079E-1
9.78290248974885124E-7	1.93761143720383888E-1
9.78300248974885278E-7	1.89616373013292883E-1
9.78310248974885255E-7	1.83876430414760961E-1
9.78320248974885409E-7	1.77498498128190230E-1
9.78330248974885208E-7	1.69144013701044216E-1
9.78340248974885540E-7	1.58931986538118064E-1
9.78350248974885517E-7	1.48232315981396323E-1
9.78360248974885494E-7	1.36071796015417590E-1
9.78370248974885826E-7	1.22305647771140857E-1
9.78380248974885980E-7	1.08497514155295471E-1
9.78390248974885779E-7	9.40267061026310280E-2
9.78400209870920889E-7	7.84908328180584558E-2
9.78410209870920689E-7	6.33377932220499318E-2
9.78420209870920665E-7	4.83659965409945247E-2
9.78430082997293660E-7	3.29884896016457763E-2
9.78440082997293814E-7	1.82176766499956688E-2
9.78448233169171111E-7	6.94306592436388836E-3
9.78458233169171088E-7	-7.09316780345643050E-3
9.78468233169171242E-7	-2.03147698155846923E-2
9.78477353147987827E-7	-3.10110968020645750E-2
9.78487353147988159E-7	-4.24263958819007225E-2
9.78497353147987958E-7	-5.30849156124680999E-2
9.78507010446110748E-7	-6.16903679263057025E-2
9.78517010446110724E-7	-6.98593055047894218E-2
9.78527010446110879E-7	-7.74022356144844270E-2
9.78537010446110855E-7	-8.32338763585740438E-2
9.78547010446110832E-7	-8.81278734635037253E-2
9.78557010446111164E-7	-9.41840165915855110E-2
9.78564909716989817E-7	-1.02152380831172218E-1
9.78569360047640657E-7	-1.08551114475184463E-1
9.78573375750788088E-7	-1.14977560396575340E-1
9.78577827438448011E-7	-1.22957594104194001E-1
9.78581968441987193E-7	-1.32572397231685901E-1
9.78588164653912784E-7	-1.52142634320203674E-1
9.78593668998773047E-7	-1.72873760618967753E-1
9.78600520318622458E-7	-2.01283787301597394E-1
9.78606156640940839E-7	-2.27950742501533465E-1
9.78613637832399696E-7	-2.65937371574049752E-1
9.78620476659519944E-7	-2.98631782264403745E-1
9.78630221245747656E-7	-3.40161938648909912E-1
9.78636869238673768E-7	-3.65202824276101712E-1
9.78643481709563012E-7	-3.84375146622671027E-1
9.78650458063076378E-7	-3.97125864098565184E-1
9.78656316470330800E-7	-4.03941536660228628E-1
9.78663616197245112E-7	-4.08524052336699750E-1
9.78669170503274444E-7	-4.07705718771136638E-1
9.78676911802440941E-7	-4.00911312892333704E-1
9.78683974263944201E-7	-3.92609582011936631E-1
9.78692034067669425E-7	-3.82120365997506140E-1
9.78698893673217896E-7	-3.71078806975849851E-1
9.78707180011606503E-7	-3.57809085608140842E-1
9.78713453260031585E-7	-3.50005012612584698E-1
9.78719089126653330E-7	-3.43745919672084499E-1
9.78724752948898669E-7	-3.37099815902361577E-1
9.78731019079058839E-7	-3.30866663290371843E-1
9.78737948456924656E-7	-3.26074583904860216E-1
9.78744997243780190E-7	-3.20907281234066399E-1
9.78750194704319654E-7	-3.16034606646994520E-1
9.78756236235725829E-7	-3.10439365290019031E-1
9.78761457697654258E-7	-3.05713912836877144E-1
9.78767073566454471E-7	-2.99232409074888039E-1
9.78772401093906375E-7	-2.91267182230524169E-1
9.78777854655121082E-7	-2.82378158298243465E-1
9.78781849734565235E-7	-2.75841524671371463E-1
9.78786582164696206E-7	-2.67501945483833836E-1
9.78790474567468749E-7	-2.59693542450535109E-1
9.78795527398164289E-7	-2.48672134491085028E-1
9.78800912644646104E-7	-2.36979249867321684E-1
9.78806848659373685E-7	-2.24443284577981084E-1
9.78813768123420935E-7	-2.09228422405215930E-1
9.78820324590212110E-7	-1.94535928814966863E-1
9.78827308759325199E-7	-1.80119671471460374E-1
9.78833363231394848E-7	-1.68421563133455154E-1
9.78840779495926583E-7	-1.53877800753642724E-1
9.78847270330619068E-7	-1.41503621432756388E-1
9.78855617624157048E-7	-1.26506143890452316E-1
9.78861034926629259E-7	-1.16393761085275416E-1
9.78866361832846366E-7	-1.05632895616783529E-1
9.78871466385475308E-7	-9.51055187408532632E-2
9.78876785634677482E-7	-8.40567958705865337E-2
9.78882717550758663E-7	-7.07479412993803969E-2
9.78890102752608193E-7	-5.22913890294116612E-2
9.78896668366064659E-7	-3.51108670040626070E-2
9.78903335055008128E-7	-1.73376417435984642E-2
9.78909915964465327E-7	1.25110706877993350E-3
9.78918922550238335E-7	2.74827969541081618E-2
9.78924575306761646E-7	4.33431404631853212E-2
9.78930760165281733E-7	6.00464905718252151E-2
9.78935152700190336E-7	7.18412500107224439E-2
9.78939819973630421E-7	8.40457158921367053E-2
9.78944595090550607E-7	9.55299161726629364E-2
9.78950832380258085E-7	1.08951565558766905E-1
9.78955976927790594E-7	1.19253371741327752E-1
9.78960523822518347E-7	1.27914851536452101E-1
9.78966161145032743E-7	1.37436302284863521E-1
9.78973338155613781E-7	1.47565001813644425E-1
9.78978938850339020E-7	1.54703435269490130E-1
9.78987608596007597E-7	1.65100602120854489E-1
9.78994016919812537E-7	1.71847686584690251E-1
9.79003714736810338E-7	1.81559400484289202E-1
9.79010032081105486E-7	1.88435167874860854E-1
9.79018290790169488E-7	1.97805483027046192E-1
9.79025461927805551E-7	2.05972616690029797E-1
9.79031776619763328E-7	2.13719388047926495E-1
9.79039846121770196E-7	2.24364357987413765E-1
9.79045825875882869E-7	2.32099349750125583E-1
9.79051515534254335E-7	2.39140335924936220E-1
9.79056508326071118E-7	2.45335272927571868E-1
9.79059738058417395E-7	2.49348372901465520E-1
9.79064885832210940E-7	2.55319052103349975E-1
9.79068958702477232E-7	2.59486592092823276E-1
9.79073816585514045E-7	2.63919380426334937E-1
9.79078343623579528E-7	2.67714247388891291E-1
9.79082292244232022E-7	2.70703102819489239E-1
9.79087146035106848E-7	2.73647917746095004E-1
9.79090139663136405E-7	2.74993656988463409E-1
9.79094110059926415E-7	2.76337726728136168E-1
9.79098652176031159E-7	2.77444779449293089E-1
9.79103004587627446E-7	2.78062089900647580E-1
9.79107488052184394E-7	2.78057240581315934E-1
9.79114402732279387E-7	2.76785460228814939E-1
9.79118903580861222E-7	2.75376579986569459E-1
9.79128023338365239E-7	2.71556878593088369E-1
9.79134367385973903E-7	2.67965094147944871E-1
9.79144367385974057E-7	2.61161031962075407E-1
9.79153593098207509E-7	2.54390619647909677E-1
9.79163593098207841E-7	2.46420912376427470E-1
9.79173593098207817E-7	2.37804016063879953E-1
9.79183593098208149E-7	2.29238959337301518E-1
9.79193593098207771E-7	2.20988735547849124E-1
9.79203593061572164E-7	2.13721175404610308E-1
9.79211245503868710E-7	2.09417837919710514E-1
9.79211868249826090E-7	2.09121619984800233E-1
9.79213355848523292E-7	2.08420999568393439E-1
9.79217818644615079E-7	2.06337093399834037E-1
9.79223489772762257E-7	2.03873034664337505E-1
9.79230340581499270E-7	2.01864089362906807E-1
9.79240340581499602E-7	2.00534192085461438E-1
9.79250340581499401E-7	1.99004910926353462E-1
9.79260340581499200E-7	1.96942288323067549E-1
9.79270340581499532E-7	1.94939662669838887E-1
9.79280340581499686E-7	1.91422872613705186E-1
9.79290340581499485E-7	1.86086324904932976E-1
9.79300340581499462E-7	1.80098197818553141E-1
9.79310340581499617E-7	1.72422576784379644E-1
9.79320340581499593E-7	1.62641523026298929E-1
9.79330340581499570E-7	1.52222859819165413E-1
9.79340340581499902E-7	1.40597457649627700E-1
9.79350340581500056E-7	1.27149348303435872E-1
9.79360340581499855E-7	1.13419021110603158E-1
9.79370340581500010E-7	9.92530371008643186E-2
9.79380340581500342E-7	8.38119371884270592E-2
9.79390340581500141E-7	6.85233462848077757E-2
9.79400220648125774E-7	5.37935887825834591E-2
9.79410220648125929E-7	3.82232304821901447E-2
9.79420220648126261E-7	2.31464098831751519E-2
9.79429815558368588E-7	9.70774293773731500E-3
9.79439815558368743E-7	-4.39498918220750845E-3
9.79449815558368542E-7	-1.78448316191799661E-2
9.79459526051676477E-7	-2.94080942273866253E-2
9.79469526051676631E-7	-4.09068700185099310E-2
9.79479526051676430E-7	-5.17357053755429774E-2
9.79489526051676584E-7	-6.08017587624540568E-2
9.79499526051676384E-7	-6.90502119923720681E-2
9.79509526051676715E-7	-7.67126408299327345E-2
9.79519526051676870E-7	-8.26710254152370183E-2
9.79529526051676847E-7	-8.76329513667483795E-2
9.79539526051677001E-7	-9.33288808640558187E-2
9.79548488998361400E-7	-1.02053684261078459E-1
9.79553087568847047E-7	-1.08771786798457937E-1
9.79557187919002459E-7	-1.15440335316851805E-1
9.79561520447525780E-7	-1.23178499455185508E-1
9.79565517628972415E-7	-1.32356372654195820E-1
9.79571223667713298E-7	-1.50252379916950596E-1
9.79576526431144501E-7	-1.70111964370610247E-1
9.79582658013316987E-7	-1.94937504708384557E-1
9.79588500979770771E-7	-2.21831499144610156E-1
9.79595097824837424E-7	-2.55447871711179042E-1
9.79601527957319540E-7	-2.87066637644139533E-1
9.79609422585006051E-7	-3.22194966209678624E-1
9.79615324334410431E-7	-3.46865601042250438E-1
9.79624541623246792E-7	-3.78213030055801802E-1
9.79629983163439810E-7	-3.90404719185473148E-1
9.79636322303502283E-7	-4.00029064208835017E-1
9.79642354964094864E-7	-4.06437190621693212E-1
9.79648951950603220E-7	-4.08932309541387617E-1
9.79654874285566102E-7	-4.05982184365833199E-1
9.79662559095212160E-7	-3.98317964859570539E-1
9.79669746003377639E-7	-3.90183067897529856E-1
9.79677162554725989E-7	-3.79644267139575575E-1
9.79684825710493001E-7	-3.66605049904933589E-1
9.79691310492759726E-7	-3.56986682910567588E-1
9.79700013432503525E-7	-3.46688083329121177E-1
9.79705071636631608E-7	-3.40598756565227800E-1
9.79714449029574297E-7	-3.30647447396193739E-1
9.79721639325921423E-7	-3.25639911520542569E-1
9.79730241077626118E-7	-3.19319390113991863E-1
9.79736239481835725E-7	-3.13463452837459045E-1
9.79742749433354554E-7	-3.07231754659981648E-1
9.79748267056961275E-7	-3.01872667272928608E-1
9.79753594934902949E-7	-2.95032946431226728E-1
9.79758595177939995E-7	-2.86953867976688493E-1
9.79762935852937034E-7	-2.79577977821677370E-1
9.79766906775817681E-7	-2.72954771841365362E-1
9.79770795906230241E-7	-2.66123969169340935E-1
9.79774462619539577E-7	-2.58850098432818054E-1
9.79779316041883774E-7	-2.48193415371804971E-1
9.79784350495861034E-7	-2.37050268437401401E-1
9.79790185536573155E-7	-2.24733155658039818E-1
9.79796534313191714E-7	-2.11026500665940464E-1
9.79803370641153037E-7	-1.95613538600653936E-1
9.79809767159306411E-7	-1.82064321875176605E-1
9.79816139464961644E-7	-1.69761747772486205E-1
9.79822490528664680E-7	-1.57405105338838025E-1
9.79828745046541982E-7	-1.45141280320015653E-1
9.79835369390101363E-7	-1.33062746817455912E-1
9.79842259398541593E-7	-1.20652606053663214E-1
9.79845811686150547E-7	-1.13729069946253425E-1
9.79851605585445817E-7	-1.01827265434357983E-1
9.79855657558003479E-7	-9.35008411770431991E-2
9.79862228780097055E-7	-7.97115713474676912E-2
9.79867888118685215E-7	-6.65871706156781507E-2
9.79876334997477372E-7	-4.49972973258413234E-2
9.79882899322946876E-7	-2.77366503461244029E-2
9.79888087280800413E-7	-1.38188546059679118E-2
9.79894523030439757E-7	4.56698812026938938E-3
9.79900927317197201E-7	2.33567567525046860E-2
9.79906036662245938E-7	3.77577221167469457E-2
9.79911264576440466E-7	5.19668170865190771E-2
9.79914844366489035E-7	6.17217936028804726E-2
9.79919973526486920E-7	7.56120112473184136E-2
9.79924048834955386E-7	8.60316392342561542E-2
9.79929491894461790E-7	9.85918049402625130E-2
9.79933962105408085E-7	1.08115656023110351E-1
9.79938938838026630E-7	1.18369758569366801E-1
9.79943366024259888E-7	1.26931588075773405E-1
9.79948974121148275E-7	1.36333190890617995E-1
9.79955552989748924E-7	1.45731464323266380E-1
9.79961106631359513E-7	1.53141985779511192E-1
9.79969512856171576E-7	1.63440685409960151E-1
9.79975991241468236E-7	1.70203794811541109E-1
9.79983540554047039E-7	1.77772199271044595E-1
9.79989936332907696E-7	1.84705776390524834E-1
9.79996551935446725E-7	1.91989035483425829E-1
9.80003877820596792E-7	1.99986951771778854E-1
9.80009667180745936E-7	2.06840305396191937E-1
9.80018172476598259E-7	2.17820938053132984E-1
9.80024090263896497E-7	2.25430549042875494E-1
9.80030596038586488E-7	2.33583897958400621E-1
9.80036272154804067E-7	2.40859757443650313E-1
9.80040889290328465E-7	2.46758202033576879E-1
9.80046403979051561E-7	2.53198359992053978E-1
9.80050654004819854E-7	2.57612996120026327E-1
9.80055651472005174E-7	2.62445505755169295E-1
9.80059614539112189E-7	2.66060587334970045E-1
9.80064409157736094E-7	2.69885040673333698E-1
9.80068405941030107E-7	2.72403378516056804E-1
9.80072334005396861E-7	2.74319228260148718E-1
9.80076408566925039E-7	2.75919612408249870E-1
9.80080769989913314E-7	2.77256606919281667E-1
9.80084860824373116E-7	2.77997580034483649E-1
9.80091244046169052E-7	2.77934782320250440E-1
9.80095386455188944E-7	2.77241859158560544E-1
9.80100732406015673E-7	2.75928796894432882E-1
9.80106603810192389E-7	2.73873931380202551E-1
9.80112533604697234E-7	2.70935709779230249E-1
9.80119439515825874E-7	2.66745544703913939E-1
9.80126949097378741E-7	2.61831844312640660E-1
9.80135198412463815E-7	2.55862519471934924E-1
9.80145198412464325E-7	2.47766447162314130E-1
9.80155198412463591E-7	2.39475137922803771E-1
9.80165198412464278E-7	2.30941218308831298E-1
9.80175198412464077E-7	2.22320208430520783E-1
9.80185198412464231E-7	2.15031744032428440E-1
9.80192104609445991E-7	2.11007795324876213E-1
9.80192729609445834E-7	2.10669077250624159E-1
9.80194421502694802E-7	2.09753758445880933E-1
9.80199497182441348E-7	2.07078046551270267E-1
9.80206806162519051E-7	2.03920181313564841E-1
9.80213189669316876E-7	2.02264519897636585E-1
9.80222127620917583E-7	2.00906951733568162E-1
9.80232127620918092E-7	1.99252560460023309E-1
9.80242127620917358E-7	1.97527224382586541E-1
9.80252127620917690E-7	1.95552831508757263E-1
9.80262127620917845E-7	1.92054062554447902E-1
9.80272127620917999E-7	1.87186750647637346E-1
9.80282127620918153E-7	1.81358401991000884E-1
9.80292127620917952E-7	1.73695642283216944E-1
9.80302127620918107E-7	1.64365978708112026E-1
9.80312127620918083E-7	1.54132798799221860E-1
9.80322127620918238E-7	1.42438845394969760E-1
9.80332127620918214E-7	1.29341100777292040E-1
9.80342127620918369E-7	1.15770083185209449E-1
9.80352127620918345E-7	1.01430143404972606E-1
9.80362127620918500E-7	8.62017449100425992E-2
9.80372127620918477E-7	7.10300752363094556E-2
9.80382127620918453E-7	5.58496486749778231E-2
9.80392127620918785E-7	4.03475180058876326E-2
9.80402127620918939E-7	2.53588434738913948E-2
9.80412127620918739E-7	1.10283863910629076E-2
9.80422127620918893E-7	-3.12027216510370353E-3
9.80432127620918870E-7	-1.64594398859315305E-2
9.80442127620919024E-7	-2.86554862822106449E-2
9.80452127620919001E-7	-4.02772600413605808E-2
9.80462127620919155E-7	-5.09706499454536477E-2
9.80472127620919309E-7	-6.02513323638159815E-2
9.80482127620919286E-7	-6.86867933331474223E-2
9.80492127620919440E-7	-7.62314371732632612E-2
9.80502127620919239E-7	-8.23296297256204745E-2
9.80512127620919394E-7	-8.75027976720885547E-2
9.80522127620919548E-7	-9.27246503639618069E-2
9.80526878050202733E-7	-9.61969102774802209E-2
9.80531057017914698E-7	-1.01030103698847573E-1
9.80534126553365937E-7	-1.05488349931494652E-1
9.80537133305860920E-7	-1.09888997090717555E-1
9.80541634875801904E-7	-1.16473242205849314E-1
9.80544836054635738E-7	-1.22123962963529586E-1
9.80548978458831400E-7	-1.32420158600371018E-1
9.80554625883571163E-7	-1.50872509585841819E-1
9.80559283187013264E-7	-1.67673228037734101E-1
9.80568185644586876E-7	-2.04279751117791086E-1
9.80573696318387000E-7	-2.31537229627648378E-1
9.80582457136183017E-7	-2.75939809165927219E-1
9.80589507163405294E-7	-3.08235131420841935E-1
9.80596045001678362E-7	-3.36504072851390212E-1
9.80602725282309073E-7	-3.62968232011276459E-1
9.80607657124624232E-7	-3.78123135590336679E-1
9.80615090464495864E-7	-3.93500570851564380E-1
9.80619886634648452E-7	-4.00709090443733462E-1
9.80627378813440131E-7	-4.08373572443561006E-1
9.80633201680273103E-7	-4.09012784390010786E-1
9.80641267932799643E-7	-4.03040543603453116E-1
9.80647922957633078E-7	-3.96230592020146855E-1
9.80656327414364526E-7	-3.86162990901429382E-1
9.80662805016253714E-7	-3.75491200649619650E-1
9.80671597067039968E-7	-3.60957628119471341E-1
9.80677973831920724E-7	-3.53012693156871071E-1
9.80682557701091895E-7	-3.47735069074780245E-1
9.80687229646549596E-7	-3.41638565485605383E-1
9.80692086296735432E-7	-3.35818509655330955E-1
9.80697675598960572E-7	-3.31319311326317667E-1
9.80704043381013157E-7	-3.27172327687324938E-1
9.80709934859594945E-7	-3.22103047146736898E-1
9.80714114493997435E-7	-3.18177125936659211E-1
9.80718940593816768E-7	-3.14459998218332348E-1
9.80723300523711572E-7	-3.11304071072447686E-1
9.80727933205757552E-7	-3.06705889344590243E-1
9.80732572150532000E-7	-3.00551405949573258E-1
9.80737592119486656E-7	-2.93388053119287440E-1
9.80741579727370549E-7	-2.87873392180644760E-1
9.80744252057979082E-7	-2.84056753546316054E-1
9.80747838923741000E-7	-2.78160277530668498E-1
9.80751193323168380E-7	-2.71700115757412197E-1
9.80753961651697281E-7	-2.65919527263294198E-1
9.80757640317430024E-7	-2.58264639245067151E-1
9.80762276801682020E-7	-2.49010139137777697E-1
9.80766913352555569E-7	-2.39582955103118955E-1
9.80773390091698438E-7	-2.25026272634936930E-1
9.80779468380266373E-7	-2.10978552402737174E-1
9.80786358745661602E-7	-1.96448992661040212E-1
9.80793125774463981E-7	-1.82742683573542930E-1
9.80799927551808892E-7	-1.68529360506149639E-1
9.80805018777206605E-7	-1.58433993991900146E-1
9.80811791014268231E-7	-1.46341709733442560E-1
9.80817496331585303E-7	-1.36048147936239006E-1
9.80824556758877542E-7	-1.22344525108330293E-1
9.80829005989720848E-7	-1.13789073801737417E-1
9.80834992741483447E-7	-1.02554463552201502E-1
9.80839807010767650E-7	-9.28159334929100055E-2
9.80845615970500440E-7	-7.96194279604101940E-2
9.80850851608807517E-7	-6.71657168131144466E-2
9.80857803949734830E-7	-5.04878866164355422E-2
9.80863758353536141E-7	-3.51345430224405453E-2
9.80868795206835031E-7	-2.09420922594713543E-2
9.80874447864648857E-7	-4.70941940860181774E-3
9.80880268765206331E-7	1.15483938858491042E-2
9.80885409044280365E-7	2.59704419879785098E-2
9.80891347835365579E-7	4.31949711198722941E-2
9.80894859653796480E-7	5.33176100792427121E-2
9.80898189018767930E-7	6.24125140185555694E-2
9.80902175026659506E-7	7.26135255994622852E-2
9.80905339651258323E-7	8.04267557328501326E-2
9.80910025315361800E-7	9.19271743750101322E-2
9.80914631483455324E-7	1.02844824221621911E-1
9.80919615123465327E-7	1.13459103808784434E-1
9.80924368336127905E-7	1.22315771808963492E-1
9.80929241746156322E-7	1.30738283266472388E-1
9.80934525424387260E-7	1.39460708447435056E-1
9.80940054577074960E-7	1.47595153178831739E-1
9.80947208666354342E-7	1.56350812994394106E-1
9.80953052615753052E-7	1.62879240941876979E-1
9.80960857058940761E-7	1.71577213837089992E-1
9.80967261549240277E-7	1.78243311836844542E-1
9.80976465492792471E-7	1.87594806181788876E-1
9.80982708428690664E-7	1.94632689342742315E-1
9.80990655212971241E-7	2.04218141765885175E-1
9.80997440588470049E-7	2.12389384531850345E-1
9.81003906798566661E-7	2.20522818919312513E-1
9.81011124064854556E-7	2.30199732367195331E-1
9.81017299275015198E-7	2.38268525930477537E-1
9.81021824218512606E-7	2.43761827362365624E-1
9.81025971131339958E-7	2.48657779828016423E-1
9.81029496528172373E-7	2.52819508566192797E-1
9.81034025266751719E-7	2.57938935496693134E-1
9.81038755068179924E-7	2.62633317244531739E-1
9.81043305786343645E-7	2.66438209674737925E-1
9.81047731084183638E-7	2.69697698386838614E-1
9.81051399729242846E-7	2.72165104801445112E-1
9.81054497000727110E-7	2.73990352644068391E-1
9.81057819130369779E-7	2.75529023229127024E-1
9.81061579770474523E-7	2.76702479310968430E-1
9.81065144229047448E-7	2.77384466070424018E-1
9.81069761761973247E-7	2.77895910432262871E-1
9.81074225180294590E-7	2.77979283435425062E-1
9.81078662670586787E-7	2.77445977854990744E-1
9.81086056899694903E-7	2.75202291682083722E-1
9.81090700061314003E-7	2.73241517681872725E-1
9.81099823449431518E-7	2.68679932549158895E-1
9.81106136890046088E-7	2.64712532659410105E-1
9.81116136890045887E-7	2.57418952189353289E-1
9.81124857752922708E-7	2.50825681497224817E-1
9.81134857752923040E-7	2.42755335867401145E-1
9.81144857752922661E-7	2.33986457384346602E-1
9.81154857752922993E-7	2.25535421772435729E-1
9.81164857752922970E-7	2.17850241085534080E-1
9.81172720244815899E-7	2.12516538727880278E-1
9.81181632116820701E-7	2.07783405768768237E-1
9.81189908796024035E-7	2.04425630824612092E-1
9.81199805389629276E-7	2.01545201876454216E-1
9.81208292919045810E-7	2.00314237323099587E-1
9.81218292919045965E-7	1.99116005793196393E-1
9.81228292919046297E-7	1.97021068972210833E-1
9.81238292919046451E-7	1.94524285608726366E-1
9.81248292919046428E-7	1.91133974812622220E-1
9.81258292919046227E-7	1.85758301913568680E-1
9.81268292919046203E-7	1.79188354969707619E-1
9.81278292919046713E-7	1.71534055748960301E-1
9.81288292919046690E-7	1.61795140473108567E-1
9.81298292919046666E-7	1.50818422566314636E-1
9.81308292919046821E-7	1.39164576544341645E-1
9.81318292919046797E-7	1.25877083740756612E-1
9.81328292919046774E-7	1.11679726071698004E-1
9.81338292919046751E-7	9.74585807899875789E-2
9.81348292919046727E-7	8.22973461117246607E-2
9.81358292919046882E-7	6.66692800060826762E-2
9.81368292919046858E-7	5.16775313586595875E-2
9.81378292919047013E-7	3.64798744684847520E-2
9.81388292919047167E-7	2.12164701818504842E-2
9.81397769542665621E-7	7.83233729275367452E-3
9.81407769542665420E-7	-5.84743943663978882E-3
9.81417769542665397E-7	-1.93320415269450674E-2
9.81427769542665729E-7	-3.13893935035085914E-2
9.81437769542665706E-7	-4.24546267362079011E-2
9.81447769542665505E-7	-5.31443561961493138E-2
9.81457769542665659E-7	-6.23501529490244533E-2
9.81467769542665636E-7	-7.02176341590303643E-2
9.81477769542665790E-7	-7.76274271976448560E-2
9.81487769542665767E-7	-8.37302696359359011E-2
9.81497769542666099E-7	-8.84326891408243299E-2
9.81507769542666075E-7	-9.45126662256641659E-2
9.81515287383318125E-7	-1.02526185759514354E-1
9.81519665083139436E-7	-1.08862573038418686E-1
9.81523644309223187E-7	-1.15055309494544744E-1
9.81528166570294758E-7	-1.23072737745331873E-1
9.81532240370830422E-7	-1.32684593824161956E-1
9.81539404076482569E-7	-1.55838267320128199E-1
9.81544835454949904E-7	-1.76550476611515794E-1
9.81552921300973225E-7	-2.10950660254572098E-1
9.81558971474687247E-7	-2.40668224876053927E-1
9.81568240462992669E-7	-2.87079710540403310E-1
9.81575797090532731E-7	-3.20857812073462245E-1
9.81583129634363338E-7	-3.50330234722145306E-1
9.81589798851689466E-7	-3.73664557803620756E-1
9.81594570202243055E-7	-3.86260778094009050E-1
9.81602270241620900E-7	-3.99194823148543554E-1
9.81607769805309438E-7	-4.04908078578934205E-1
9.81615037286001346E-7	-4.08667662345395577E-1
9.81620498282964782E-7	-4.07186631833197499E-1
9.81628108307975822E-7	-3.99918364458991471E-1
9.81635028116926733E-7	-3.91646392574995250E-1
9.81642826242911504E-7	-3.81415387509781301E-1
9.81649463928172139E-7	-3.70660480004090420E-1
9.81657335952555954E-7	-3.58033794428172314E-1
9.81663336298413114E-7	-3.50552690236920883E-1
9.81668802162812248E-7	-3.44472247185049207E-1
9.81674192166429549E-7	-3.38086310313274563E-1
9.81680467914228849E-7	-3.31655559264825506E-1
9.81687370883038568E-7	-3.26759552595023184E-1
9.81694804701876400E-7	-3.21346672895953045E-1
9.81700205969025497E-7	-3.16314059769771028E-1
9.81706177212904052E-7	-3.10810794317026318E-1
9.81711824346373518E-7	-3.05686495649207846E-1
9.81717509237005892E-7	-2.99031322977865344E-1
9.81723175456548702E-7	-2.90473459867584971E-1
9.81728708436013875E-7	-2.81455225465940817E-1
9.81733049980234895E-7	-2.74311916801068856E-1
9.81737726689292600E-7	-2.65865662209750164E-1
9.81742674046608954E-7	-2.55600922096108230E-1
9.81747777868683258E-7	-2.44343049725177330E-1
9.81754010396455890E-7	-2.31012000469703649E-1
9.81760317347972666E-7	-2.17575263410510189E-1
9.81768217885892014E-7	-1.99905869785003909E-1
9.81774943837509184E-7	-1.85367089331449653E-1
9.81781609398943367E-7	-1.72315834250284450E-1
9.81787002667416964E-7	-1.61915480099822018E-1
9.81794463144172092E-7	-1.47293953368207631E-1
9.81801273671246655E-7	-1.34741899271745402E-1
9.81805419100742149E-7	-1.27471836281737505E-1
9.81809241716862147E-7	-1.20433664784585859E-1
9.81813639500332513E-7	-1.11697843477362357E-1
9.81817246683822731E-7	-1.04304757568062900E-1
9.81820753809405034E-7	-9.72197955535073532E-2
9.81826068407467289E-7	-8.63680451196685972E-2
9.81831380050673808E-7	-7.45484701253243287E-2
9.81838149126463478E-7	-5.78522740863954699E-2
9.81844080591729451E-7	-4.26502660685209101E-2
9.81850652504477672E-7	-2.55072959273927236E-2
9.81856068490805001E-7	-1.04897378744892045E-2
9.81864200902006701E-7	1.31859479888108755E-2
9.81869554096530450E-7	2.85045924695938169E-2
9.81878258701477513E-7	5.24697126100054678E-2
9.81882874627236646E-7	6.51012245688142599E-2
9.81889331754740624E-7	8.22023982039132939E-2
9.81894231445390275E-7	9.39913157154611056E-2
9.81900775811602955E-7	1.08170710680200854E-1
9.81906158606397383E-7	1.19112807794270226E-1
9.81910675423511670E-7	1.27755804791365346E-1
9.81916352997901321E-7	1.37238323753558200E-1
9.81923510330564042E-7	1.47330484321822253E-1
9.81929157972192357E-7	1.54665170339371283E-1
9.81937756386998473E-7	1.64973666515802253E-1
9.81944407604825109E-7	1.71862515654388903E-1
9.81952222304558653E-7	1.79705295236930662E-1
9.81958814937829061E-7	1.86878627304715295E-1
9.81965864593904492E-7	1.94720160538049303E-1
9.81973634256929628E-7	2.03428309923002271E-1
9.81979840528320302E-7	2.11010499749390590E-1
9.81989091636166833E-7	2.23090653916559178E-1
9.81995567930608004E-7	2.31371340835447370E-1
9.82001962010948759E-7	2.39353897696523177E-1
9.82007322729026733E-7	2.46112314005687072E-1
9.82011528684963864E-7	2.51252647608616719E-1
9.82016851862443296E-7	2.57090285622449910E-1
9.82021439295543885E-7	2.61521505211062522E-1
9.82026593658688896E-7	2.66092649295694761E-1
9.82030743387715432E-7	2.69443647097546091E-1
9.82035647309842119E-7	2.72693623856513234E-1
9.82039196979050288E-7	2.74452567556228999E-1
9.82043303546201152E-7	2.75980719240711814E-1
9.82047840101563274E-7	2.77240449200232142E-1
9.82052429611533562E-7	2.78028988354519058E-1
9.82056843439892901E-7	2.78125377055209544E-1
9.82064122858853494E-7	2.76907781303005818E-1
9.82068620123459546E-7	2.75566451888734809E-1
9.82078005438660817E-7	2.71739742071787482E-1
9.82084428896691009E-7	2.68108799986233270E-1
9.82094428896690985E-7	2.61317131344536957E-1
9.82103844104365642E-7	2.54450054697330286E-1
9.82113844104365796E-7	2.46468197266913958E-1
9.82123844104365773E-7	2.37837310500607746E-1
9.82133844104365927E-7	2.29302604409055721E-1
9.82143844104365904E-7	2.21038437966859469E-1
9.82153759395638204E-7	2.13800208253897006E-1
9.82160948100387721E-7	2.09747339413927802E-1
9.82161573100387919E-7	2.09448849411231608E-1
9.82163091572375180E-7	2.08730934357473652E-1
9.82167646988336074E-7	2.06583246591208880E-1
9.82173451544897169E-7	2.04009049548549903E-1
9.82180147970922590E-7	2.01988263027152160E-1
9.82190147970922744E-7	2.00652880282774149E-1
9.82200147970922899E-7	1.99139417650525363E-1
9.82210147970922876E-7	1.97068047205762098E-1
9.82220147970923030E-7	1.95124596710273623E-1
9.82230147970922829E-7	1.91686935193761743E-1
9.82240147970923161E-7	1.86382259609704359E-1
9.82250147970923138E-7	1.80464791173457995E-1
9.82260147970923114E-7	1.72883036398615753E-1
9.82270147970923446E-7	1.63138494254276289E-1
9.82280147970923423E-7	1.52771006644479179E-1
9.82290147970923577E-7	1.41226072023528992E-1
9.82300147970923554E-7	1.27801034360705357E-1
9.82310147970923708E-7	1.14088508134672240E-1
9.82320147970923685E-7	9.99760129558296029E-2
9.82330147970923662E-7	8.45385803887690912E-2
9.82340147970923638E-7	6.92320559252908652E-2
9.82349973044144420E-7	5.46086468233068612E-2
9.82359973044144752E-7	3.90255463008056580E-2
9.82369973044144729E-7	2.38959584239941547E-2
9.82379590301181338E-7	1.04175601844327104E-2
9.82389590301181492E-7	-3.70952565128447187E-3
9.82399590301181647E-7	-1.72318522332528312E-2
9.82409424473057236E-7	-2.89730846656872165E-2
9.82419424473057035E-7	-4.04942952227088959E-2
9.82429424473057011E-7	-5.13896144266414634E-2
9.82439424473057166E-7	-6.04921954132246320E-2
9.82449424473056965E-7	-6.87598785899811027E-2
9.82459424473057297E-7	-7.64866200701940890E-2
9.82469424473057273E-7	-8.24901042965989006E-2
9.82479424473057250E-7	-8.74597402542701730E-2
9.82489424473057227E-7	-9.30225905521218621E-2
9.82494113657149626E-7	-9.66795278534027069E-2
9.82498134038116078E-7	-1.01323328901138354E-1
9.82501030362992722E-7	-1.05437670497229852E-1
9.82504065340454780E-7	-1.09862205056307483E-1
9.82508486419628824E-7	-1.16502010097732311E-1
9.82511852928513107E-7	-1.22643536407778564E-1
9.82516207747377202E-7	-1.33656709374388250E-1
9.82522013335690581E-7	-1.52709816723212044E-1
9.82526957879884577E-7	-1.70763735799738781E-1
9.82535952217943098E-7	-2.08695215946293988E-1
9.82541320469179880E-7	-2.35516472750081496E-1
9.82549560967782654E-7	-2.77072868625000268E-1
9.82556362027863095E-7	-3.08284153502596814E-1
9.82562718721439410E-7	-3.35877497836552052E-1
9.82569820229941371E-7	-3.63684673025489946E-1
9.82574909888918491E-7	-3.78972179867767833E-1
9.82582375008628439E-7	-3.94202878421148162E-1
9.82587394387779689E-7	-4.01591468187678391E-1
9.82594417045268820E-7	-4.08321380013760837E-1
9.82600438831746459E-7	-4.08654773179569464E-1
9.82607866365217220E-7	-4.03200378385150859E-1
9.82614583914999606E-7	-3.96475577253409917E-1
9.82622217998256708E-7	-3.87402219304742212E-1
9.82628729693393588E-7	-3.76898976771353800E-1
9.82637340550449778E-7	-3.62678767793772838E-1
9.82643846365953166E-7	-3.54296623009257328E-1
9.82648408220104130E-7	-3.48929968648933642E-1
9.82652968082255818E-7	-3.42987597197667871E-1
9.82657980578720469E-7	-3.36925410313606744E-1
9.82663493397778964E-7	-3.32257663954914761E-1
9.82670208721947525E-7	-3.27694515553676524E-1
9.82676495522723137E-7	-3.22371181716434974E-1
9.82680643208301241E-7	-3.18573619939316721E-1
9.82685676562804389E-7	-3.14690340649404021E-1
9.82690067458616490E-7	-3.11393749881925341E-1
9.82694982044488086E-7	-3.06396698711234050E-1
9.82699610230770659E-7	-3.00287492583555204E-1
9.82704960442614350E-7	-2.92751190746191092E-1
9.82708750183092938E-7	-2.87453798540157734E-1
9.82711662267330510E-7	-2.83137486078288525E-1
9.82715555238436345E-7	-2.76463628955970009E-1
9.82719096420153804E-7	-2.69489376273046144E-1
9.82722353050498043E-7	-2.62721535476334012E-1
9.82726927018252105E-7	-2.53392820644432648E-1
9.82731930351597427E-7	-2.43304849910467036E-1
9.82737669104903411E-7	-2.30883807646613493E-1
9.82743928469896844E-7	-2.16450266144336867E-1
9.82750787262525627E-7	-2.01421095605527434E-1
9.82757862255792247E-7	-1.86999513870422107E-1
9.82765261221658903E-7	-1.71741583903625106E-1
9.82770128625751127E-7	-1.61849680804841323E-1
9.82776653090157204E-7	-1.49815418096466146E-1
9.82783832459913675E-7	-1.36981341902776688E-1
9.82789774641636349E-7	-1.25619385362680180E-1
9.82795144659210962E-7	-1.15194958829653493E-1
9.82800091217838023E-7	-1.05877839612546953E-1
9.82805183152159501E-7	-9.58824031375121066E-2
9.82810174673616288E-7	-8.49659652700009538E-2
9.82815797444780692E-7	-7.17498571861292422E-2
9.82822176093723421E-7	-5.65176077508887520E-2
9.82828963675848932E-7	-3.94850619389824953E-2
9.82834583675731110E-7	-2.40184753912852500E-2
9.82841490631197523E-7	-4.21206018056608755E-3
9.82847603787185875E-7	1.29873586404670549E-2
9.82853619099388709E-7	2.98857303792972662E-2
9.82859473090005231E-7	4.67508856048905486E-2
9.82862951363654247E-7	5.66755766375097636E-2
9.82866571446075099E-7	6.64555728644481558E-2
9.82870853108898324E-7	7.72661956223158519E-2
9.82874393865814611E-7	8.58722826921378157E-2
9.82879955015353168E-7	9.91414514023663429E-2
9.82884788437599610E-7	1.09985573694372452E-1
9.82889934467612569E-7	1.20155480768219736E-1
9.82894823954043417E-7	1.28674653998622990E-1
9.82900117641184501E-7	1.37333796626353366E-1
9.82906405668915362E-7	1.46852354155713760E-1
9.82912262946751447E-7	1.54421166612488348E-1
9.82920145422760960E-7	1.63217663330168938E-1
9.82926147662439043E-7	1.69762349379976163E-1
9.82934148770925908E-7	1.78357165846718901E-1
9.82941038650447751E-7	1.85354500144560319E-1
9.82947897663265024E-7	1.92669235261285943E-1
9.82954956730371165E-7	2.01060623102711311E-1
9.82961619576132506E-7	2.09230485351660533E-1
9.82969538695780543E-7	2.19015032809321175E-1
9.82976007516018413E-7	2.27475096632004936E-1
9.82983406834255646E-7	2.37306665346932988E-1
9.82990166644787422E-7	2.45656799972525830E-1
9.82994296134283907E-7	2.50421483414922941E-1
9.83000384584099862E-7	2.57227309779256874E-1
9.83004878137407623E-7	2.61901488526425030E-1
9.83010963908283841E-7	2.67208622797917439E-1
9.83015785173414613E-7	2.70568322200713540E-1
9.83020604340212856E-7	2.73416313025793434E-1
9.83024009597998472E-7	2.75138634080253341E-1
9.83028452941705488E-7	2.76806340646671911E-1
9.83033444415277735E-7	2.77763951304505685E-1
9.83037430622289499E-7	2.77956461450409043E-1
9.83042090134061830E-7	2.77785259275137886E-1
9.83047170513769686E-7	2.77079745090850693E-1
9.83052099983915895E-7	2.75674715147596672E-1
9.83058185392795814E-7	2.73053998879740645E-1
9.83063746614568146E-7	2.70205964473487059E-1
9.83072246940855621E-7	2.65242414000703208E-1
9.83079399756089956E-7	2.60243060133336046E-1
9.83089249482339156E-7	2.52668375235957754E-1
9.83099249482338955E-7	2.44793587625835629E-1
9.83109249482339287E-7	2.36299208594998911E-1
9.83119249482339264E-7	2.27507056359386972E-1
9.83129249482339418E-7	2.19617630501130101E-1
9.83138784148649414E-7	2.13154581043142111E-1
9.83147992358112432E-7	2.07956756082412841E-1
9.83156967605303755E-7	2.04227919348200748E-1
9.83166702475210919E-7	2.01613822538697685E-1
9.83175197567285508E-7	2.00233499963317829E-1
9.83185197567285663E-7	1.98885128129113697E-1
9.83195197567285639E-7	1.97030582807288512E-1
9.83205197567285616E-7	1.94450369642015541E-1
9.83215197567285948E-7	1.90871828098305296E-1
9.83225197567286102E-7	1.85736232917396871E-1
9.83235197567285901E-7	1.79144688259055718E-1
9.83245197567286056E-7	1.71272840881061583E-1
9.83255197567286032E-7	1.61754936182475850E-1
9.83265197567286187E-7	1.50816882557201959E-1
9.83275197567286163E-7	1.38926955159115684E-1
9.83285197567286318E-7	1.25826011193374798E-1
9.83295197567286650E-7	1.11723061950305769E-1
9.83305197567286449E-7	9.72596507175594027E-2
9.83315197567286248E-7	8.22378507864850405E-2
9.83325197567286580E-7	6.67530159831861170E-2
9.83335197567286556E-7	5.15271836549459739E-2
9.83345197567286888E-7	3.64121216084279675E-2
9.83355197567286865E-7	2.13308188259694020E-2
9.83365197567286842E-7	7.00997096082534021E-3
9.83375197567287174E-7	-6.63310623353160711E-3
9.83385197567286973E-7	-1.98678239406841906E-2
9.83395197567286949E-7	-3.20290471274090116E-2
9.83405197567287104E-7	-4.31024551983667248E-2
9.83415197567287258E-7	-5.35308090634343969E-2
9.83425197567287057E-7	-6.27730941648090912E-2
9.83435197567287034E-7	-7.06934336117546724E-2
9.83445197567287366E-7	-7.78616960782458811E-2
9.83455197567287343E-7	-8.39373588867155718E-2
9.83465197567287497E-7	-8.87378878883789035E-2
9.83475197567287296E-7	-9.48976131147830237E-2
9.83482330371058033E-7	-1.02689891633188490E-1
9.83486647199533870E-7	-1.09043395110654462E-1
9.83490632610726756E-7	-1.15278162913992421E-1
9.83495261717555813E-7	-1.23531415612086093E-1
9.83499342134648202E-7	-1.33289122234941959E-1
9.83506925363457007E-7	-1.58221232056004779E-1
9.83512365570664393E-7	-1.79252438097511568E-1
9.83521156863023904E-7	-2.17305252432381124E-1
9.83527722265763238E-7	-2.50063377799761533E-1
9.83537635686268530E-7	-2.98940903555327253E-1
9.83545919151881876E-7	-3.34241425010436810E-1
9.83552859478497510E-7	-3.60499482756814471E-1
9.83559811304671250E-7	-3.82358025789617706E-1
9.83564271178832961E-7	-3.92204421360932454E-1
9.83571925020454252E-7	-4.02431445951922573E-1
9.83577685068128638E-7	-4.06835107214389957E-1
9.83585713077402168E-7	-4.08182327832316716E-1
9.83592454845774888E-7	-4.03327847374315773E-1
9.83602009126966692E-7	-3.91385667367098922E-1
9.83610197725691471E-7	-3.80469790198934632E-1
9.83618506099478473E-7	-3.67867987262276053E-1
9.83626104860553241E-7	-3.55527189743648675E-1
9.83631848439332934E-7	-3.48091321426191369E-1
9.83641839381340866E-7	-3.37867925469750752E-1
9.83648093858341710E-7	-3.31376615376305628E-1
9.83656739851442552E-7	-3.23866727272555188E-1
9.83662543202559903E-7	-3.20271007063471469E-1
9.83668476933812030E-7	-3.15693467555037532E-1
9.83674896437353041E-7	-3.08930802678784877E-1
9.83680743341469643E-7	-3.02527585461552961E-1
9.83686387743503587E-7	-2.96205430808753789E-1
9.83691303822085317E-7	-2.89301158761748578E-1
9.83695900367288090E-7	-2.81318422442322147E-1
9.83700068035347108E-7	-2.73591586371598083E-1
9.83704029312292327E-7	-2.66404446072178169E-1
9.83707302325330346E-7	-2.60428151491746984E-1
9.83711352985816845E-7	-2.52351453562888484E-1
9.83716763408018835E-7	-2.40299791429119125E-1
9.83722235484072449E-7	-2.27860981212163560E-1
9.83729441529922255E-7	-2.12457267618858481E-1
9.83736505293897956E-7	-1.97344491154445323E-1
9.83744273905205979E-7	-1.80377007951815616E-1
9.83750261338115273E-7	-1.68338085296528384E-1
9.83756618801692007E-7	-1.56590778189644242E-1
9.83763053457495751E-7	-1.44372101388614471E-1
9.83770308962067652E-7	-1.30434534757975573E-1
9.83776443209355911E-7	-1.19289526216756725E-1
9.83781074693074054E-7	-1.10789030934644717E-1
9.83785694595341376E-7	-1.01467157983546397E-1
9.83790532269198081E-7	-9.10069597451054868E-2
9.83795735085308642E-7	-7.96777574893807738E-2
9.83803042865039679E-7	-6.31824596437279951E-2
9.83809304930774431E-7	-4.74359975950048707E-2
9.83818229867059202E-7	-2.31815800230379754E-2
9.83825187700929149E-7	-4.10002694436645321E-3
9.83833120036169895E-7	1.82329231718352025E-2
9.83841035377642825E-7	4.12748876671947063E-2
9.83845770844694911E-7	5.45854735734326102E-2
9.83849507587899375E-7	6.44424701560909341E-2
9.83852846644050416E-7	7.29738715586364162E-2
9.83856130665441242E-7	8.13496907691321169E-2
9.83860743435958618E-7	9.29387840405564347E-2
9.83865130512608133E-7	1.03203967075282543E-1
9.83871237829720968E-7	1.15751337417715883E-1
9.83876130428890328E-7	1.24820184673411916E-1
9.83881467745921690E-7	1.34272599650940827E-1
9.83887534931177754E-7	1.43924485027464533E-1
9.83894392858733369E-7	1.52927173822674489E-1
9.83900534008784788E-7	1.60089447932191598E-1
9.83907419936489980E-7	1.68006169941587657E-1
9.83913773320881901E-7	1.74783560477539646E-1
9.83922276927872019E-7	1.83186347740253330E-1
9.83928147547751308E-7	1.89399517306911580E-1
9.83938147547751285E-7	2.00997130241043198E-1
9.83944464393386831E-7	2.08382264075302137E-1
9.83952334071235768E-7	2.17966498234168160E-1
9.83958673054680055E-7	2.26364761780368751E-1
9.83965282623876902E-7	2.35066871892743023E-1
9.83970778107597788E-7	2.41799483764194889E-1
9.83975036977224704E-7	2.46859029288146115E-1
9.83978350509742938E-7	2.50828035744048705E-1
9.83982522681193217E-7	2.55696118356447721E-1
9.83987133605620201E-7	2.60527616950348095E-1
9.83991435163417272E-7	2.64380958481014972E-1
9.83995863643385249E-7	2.67889339098859303E-1
9.83999795493965124E-7	2.70759491746986480E-1
9.84003291849243489E-7	2.73034102447918592E-1
9.84006286138015085E-7	2.74630662075487297E-1
9.84009141609788429E-7	2.75785448635306674E-1
9.84012675362665412E-7	2.76792556105698528E-1
9.84016478979398990E-7	2.77533525455403884E-1
9.84021643251561606E-7	2.78090519987819373E-1
9.84025737956417856E-7	2.78025941378157437E-1
9.84031737439114451E-7	2.76884465846711869E-1
9.84036276497517548E-7	2.75364879059093637E-1
9.84041884689652768E-7	2.73111028663300059E-1
9.84048372687698247E-7	2.69927809401469032E-1
9.84055022407237345E-7	2.65784559547657473E-1
9.84062850140129264E-7	2.60236238289690158E-1
9.84072274824983850E-7	2.53282111928237086E-1
9.84081532192241504E-7	2.45815081444182360E-1
9.84091532192241836E-7	2.37146558727255163E-1
9.84101532192241635E-7	2.28617762072396413E-1
9.84111532192241789E-7	2.20397538359022871E-1
9.84121153337134835E-7	2.13450721387468612E-1
9.84128521075912133E-7	2.09356395933018202E-1
9.84129129515128298E-7	2.09069370249999409E-1
9.84130584953381948E-7	2.08387945589279688E-1
9.84134951268142544E-7	2.06343780937210353E-1
9.84140876906094419E-7	2.03759259020868555E-1
9.84147789216888391E-7	2.01768467976548349E-1
9.84157789216888723E-7	2.00481861460844479E-1
9.84167789216888700E-7	1.98912174929641195E-1
9.84177789216888854E-7	1.96836231192954303E-1
9.84187789216889186E-7	1.94839977278675325E-1
9.84197789216888985E-7	1.91254249698331269E-1
9.84207789216888784E-7	1.85873397464845569E-1
9.84217789216888939E-7	1.79884242195089872E-1
9.84227789216889093E-7	1.72141463856337174E-1
9.84237789216889070E-7	1.62308923058457433E-1
9.84247789216888869E-7	1.51897913329640710E-1
9.84257789216889378E-7	1.40223979551961198E-1
9.84267789216889355E-7	1.26729881579384740E-1
9.84277789216889509E-7	1.13021642161645253E-1
9.84287789216889308E-7	9.88330967092731782E-2
9.84297789216889640E-7	8.33566504139518649E-2
9.84307789216889617E-7	6.81032884225754032E-2
9.84317762652063522E-7	5.32356758983350709E-2
9.84327762652063498E-7	3.76406044337612045E-2
9.84337762652063830E-7	2.26138634438112485E-2
9.84347449070377323E-7	9.07920591773345720E-3
9.84357449070377655E-7	-5.03174642360114799E-3
9.84367449070377809E-7	-1.84188551920352372E-2
9.84377181097186238E-7	-2.99427331221950599E-2
9.84387181097186215E-7	-4.14331568172922537E-2
9.84397181097186369E-7	-5.22015154826684480E-2
9.84407181097186346E-7	-6.11826273060008141E-2
9.84417181097186500E-7	-6.94093137668705928E-2
9.84427181097186299E-7	-7.70234501265814497E-2
9.84437181097186631E-7	-8.28948937444194023E-2
9.84447181097186608E-7	-8.78317684407808663E-2
9.84457181097186762E-7	-9.37212268134025450E-2
9.84465567627587745E-7	-1.02000938841355215E-1
9.84470086254552434E-7	-1.08537052039305659E-1
9.84474137095126878E-7	-1.15079252971642632E-1
9.84478524139688638E-7	-1.22922016222107611E-1
9.84482610951846304E-7	-1.32324332114667231E-1
9.84488497038288912E-7	-1.50790985887873052E-1
9.84493941051593602E-7	-1.71215280975662054E-1
9.84500352827745218E-7	-1.97451873973095471E-1
9.84506150708838668E-7	-2.24454801782565072E-1
9.84513146407171291E-7	-2.60060259984804265E-1
9.84519763220965771E-7	-2.92222715975791214E-1
9.84528649549303303E-7	-3.31045309402789911E-1
9.84534874511230207E-7	-3.55940383724863985E-1
9.84542518974604342E-7	-3.80379302664753016E-1
9.84547797221447318E-7	-3.91648078440998537E-1
9.84553628768362188E-7	-4.00261452195067058E-1
9.84559884754126990E-7	-4.06661811780917226E-1
9.84566338487057813E-7	-4.08785224747017306E-1
9.84572563885213192E-7	-4.05496045842274810E-1
9.84580264642290537E-7	-3.97696148561912555E-1
9.84587558624817660E-7	-3.89262889699364001E-1
9.84595006256695982E-7	-3.78455765175602288E-1
9.84603273711977245E-7	-3.64585079674775381E-1
9.84609853681589975E-7	-3.55205785388813222E-1
9.84619072330670164E-7	-3.44486805872242563E-1
9.84624662521759575E-7	-3.37893708212887578E-1
9.84634135709650593E-7	-3.28669455637146735E-1
9.84641405089312016E-7	-3.23885087916246084E-1
9.84648688952574602E-7	-3.18247994336112994E-1
9.84654590880175284E-7	-3.12412863301404897E-1
9.84660717838069388E-7	-3.06526960479111255E-1
9.84665984440987963E-7	-3.01246664661465724E-1
9.84671170608385360E-7	-2.94430552700250558E-1
9.84676060705289302E-7	-2.86486890162242203E-1
9.84680249557105114E-7	-2.79349742265015255E-1
9.84684254266303505E-7	-2.72611107441743039E-1
9.84688102131983456E-7	-2.65790319949897214E-1
9.84691947309993587E-7	-2.58120764257556612E-1
9.84696971729587212E-7	-2.47081546332198076E-1
9.84702215006837278E-7	-2.35511675595888459E-1
9.84708176891903086E-7	-2.22897408546950260E-1
9.84714831072563967E-7	-2.08434987750091372E-1
9.84721531345020651E-7	-1.93405479745692754E-1
9.84728308293347254E-7	-1.79281947684547038E-1
9.84734325264030375E-7	-1.67741098948660827E-1
9.84741331196467584E-7	-1.54115678859907623E-1
9.84747741531805687E-7	-1.41722791580887453E-1
9.84754837157750629E-7	-1.28911472347649458E-1
9.84760720708372972E-7	-1.18180288673416589E-1
9.84764760723742150E-7	-1.10170728266322393E-1
9.84769838386171870E-7	-9.96706245191196594E-2
9.84773965487491232E-7	-9.11668000199269457E-2
9.84780210432838210E-7	-7.78929735253700795E-2
9.84786060192950075E-7	-6.41145349482321603E-2
9.84793765028667956E-7	-4.43180063643288680E-2
9.84800469716600801E-7	-2.66639665940095405E-2
9.84805601324863034E-7	-1.28094433996012436E-2
9.84812221878859972E-7	6.17573714282054276E-3
9.84818445861497516E-7	2.43944967878084595E-2
9.84823858552572773E-7	3.95977833513615618E-2
9.84828844043278373E-7	5.31565973220950472E-2
9.84832449487552175E-7	6.29924395932278891E-2
9.84837314292433241E-7	7.61219513274668458E-2
9.84841494719772115E-7	8.67376663787827162E-2
9.84847109297393786E-7	9.96180868675237186E-2
9.84851704681327789E-7	1.09379248240455951E-1
9.84856698611027603E-7	1.19595456054213578E-1
9.84862005807700314E-7	1.29570880388318521E-1
9.84868060521429456E-7	1.39244463959843889E-1
9.84874225995103814E-7	1.47794788773429198E-1
9.84880479400463571E-7	1.55985848402252314E-1
9.84887515260471424E-7	1.64344538469125911E-1
9.84894750870810043E-7	1.71774193561869915E-1
9.84901235895234706E-7	1.78339304537900700E-1
9.84908686553288071E-7	1.86459775671263994E-1
9.84914950392551347E-7	1.93313289568766455E-1
9.84923995078298731E-7	2.03425459842998491E-1
9.84929947326597244E-7	2.10789252877241973E-1
9.84938119026264047E-7	2.21446003512209311E-1
9.84944529542819680E-7	2.29591440555918025E-1
9.84951337351052203E-7	2.38159873585532411E-1
9.84957091307677857E-7	2.45501327452982565E-1
9.84962237668552909E-7	2.51733320381867198E-1
9.84966989397331005E-7	2.56854871074025493E-1
9.84972175481703616E-7	2.61875018205131482E-1
9.84976803115381649E-7	2.66038333076172417E-1
9.84981033622962343E-7	2.69469348456547131E-1
9.84986137640998116E-7	2.72770376305651130E-1
9.84989733549628532E-7	2.74497292986635166E-1
9.84993813442901889E-7	2.76024830519452102E-1
9.84998338706149923E-7	2.77315482428268556E-1
9.85002522523568658E-7	2.78031844408460671E-1
9.85007674815825496E-7	2.78056991250689878E-1
9.85012404389759944E-7	2.77322587793298947E-1
9.85016927261435882E-7	2.76200098296668184E-1
9.85024750036288488E-7	2.73433107288987820E-1
9.85030451311904010E-7	2.70574564792169570E-1
9.85040259783073857E-7	2.64415230916729271E-1
9.85048543717993397E-7	2.58667867786245598E-1
9.85058543717993373E-7	2.51038523556078985E-1
9.85068543717993528E-7	2.42651655333468286E-1
9.85078543717993149E-7	2.34163865733039245E-1
9.85088543717993659E-7	2.25627585251006213E-1
9.85098543717993635E-7	2.17589079871509483E-1
9.85108273056998840E-7	2.11435687855590571E-1
9.85117183932880813E-7	2.06965912227609827E-1
9.85125528492327618E-7	2.03360809748768823E-1
9.85135528492327417E-7	2.00915647235669059E-1
9.85144366339075361E-7	2.00017000524770827E-1
9.85154366339075693E-7	1.98259013881508661E-1
9.85164366339075492E-7	1.96082141670506926E-1
9.85174366339075469E-7	1.93809330289475867E-1
9.85184366339075623E-7	1.89663560985255009E-1
9.85194366339075600E-7	1.83904483724332102E-1
9.85204366339076110E-7	1.77531756077561065E-1
9.85214366339075909E-7	1.69177270290117043E-1
9.85224366339075885E-7	1.58943850670811404E-1
9.85234366339076040E-7	1.48245970683753137E-1
9.85244366339076194E-7	1.36089170989735386E-1
9.85254366339076171E-7	1.22302994388836894E-1
9.85264366339076503E-7	1.08494686501587245E-1
9.85274366339076302E-7	9.40322198928113018E-2
9.85284307933929604E-7	7.85095134269845829E-2
9.85294307933929403E-7	6.33539754339820682E-2
9.85304307933929380E-7	4.83951331904839854E-2
9.85314197990817675E-7	3.29798642143392096E-2
9.85324197990817829E-7	1.82049400291956864E-2
9.85332312397720678E-7	6.99452478425035551E-3
9.85342312397720654E-7	-7.04699103095810564E-3
9.85352312397720631E-7	-2.02817079696754643E-2
9.85361358220846562E-7	-3.08807791222643413E-2
9.85371358220846183E-7	-4.22991807174032353E-2
9.85381358220846693E-7	-5.29823247924191598E-2
9.85390974644171891E-7	-6.15545449199472205E-2
9.85400974644171868E-7	-6.97255485592875335E-2
9.85410911788247468E-7	-7.72543638998881033E-2
9.85420911788247800E-7	-8.31071842609450329E-2
9.85430911788247776E-7	-8.80017682179997429E-2
9.85440911788247753E-7	-9.39940219227803730E-2
9.85448985404543976E-7	-1.02072227252237679E-1
9.85453459958688072E-7	-1.08508843650059328E-1
9.85457483179156490E-7	-1.14957856868803576E-1
9.85461904815257483E-7	-1.22866774659197908E-1
9.85466020351776173E-7	-1.32378161877969114E-1
9.85472136526971454E-7	-1.51630904957636647E-1
9.85477617046503873E-7	-1.72232406927604931E-1
9.85484313491312847E-7	-1.99866125016941432E-1
9.85490012868051579E-7	-2.26692917682577688E-1
9.85497296705450054E-7	-2.63720659254274548E-1
9.85504053758186238E-7	-2.96220712458401625E-1
9.85513731282603622E-7	-3.37795159612418772E-1
9.85520261009094511E-7	-3.62827765637272437E-1
9.85527131399200051E-7	-3.83323850760367346E-1
9.85533562864435098E-7	-3.95626631759471525E-1
9.85539358072129446E-7	-4.02912654647827573E-1
9.85546367614399443E-7	-4.08198465603162219E-1
9.85552334328188628E-7	-4.08126349279372658E-1
9.85559846731481315E-7	-4.02096753807014018E-1
9.85567013467685271E-7	-3.93896482487098476E-1
9.85574751435792606E-7	-3.84124064733089821E-1
9.85581628710107971E-7	-3.73277452414430710E-1
9.85590320521773755E-7	-3.59149494866568020E-1
9.85596634904342039E-7	-3.51064386727467159E-1
9.85602518183496912E-7	-3.44481217363586456E-1
9.85607971267842231E-7	-3.38011931112158548E-1
9.85614464884620745E-7	-3.31356925024630433E-1
9.85621310727601596E-7	-3.26533326739979479E-1
9.85628699952070875E-7	-3.21180775593264123E-1
9.85633894762404239E-7	-3.16332203714062521E-1
9.85640040482441115E-7	-3.10636111216746125E-1
9.85645355650338395E-7	-3.05860685439858626E-1
9.85651034134703430E-7	-2.99359894677081018E-1
9.85656424714457380E-7	-2.91318490350140991E-1
9.85661947475431788E-7	-2.82321335603780366E-1
9.85665949425081855E-7	-2.75784070354671496E-1
9.85670662256019270E-7	-2.67490723836205202E-1
9.85674519571526631E-7	-2.59756320116394201E-1
9.85679535804467655E-7	-2.48811337677788247E-1
9.85684868492958444E-7	-2.37228533026556576E-1
9.85690756120961709E-7	-2.24808853928038754E-1
9.85697580952660246E-7	-2.09819087180333019E-1
9.85704105983279533E-7	-1.95164252711513941E-1
9.85711079107626986E-7	-1.80717196344390674E-1
9.85717149583714125E-7	-1.68978104942361962E-1
9.85724331147955546E-7	-1.54874936819337061E-1
9.85730708323953664E-7	-1.42653345142920385E-1
9.85738682692298696E-7	-1.28331135577029087E-1
9.85744234097238348E-7	-1.18061906515368875E-1
9.85748852245557039E-7	-1.08811353369579633E-1
9.85753662646058970E-7	-9.89418018506912489E-2
9.85758075387812482E-7	-8.99393762652875672E-2
9.85763833404296008E-7	-7.75747694948894040E-2
9.85769631942262592E-7	-6.37271546326978555E-2
9.85776156010398630E-7	-4.70518046016680902E-2
9.85783197479968543E-7	-2.87017300841756029E-2
9.85788805902178034E-7	-1.34784755719626714E-2
9.85795656923795072E-7	6.29898364168405500E-3
9.85801581186284537E-7	2.35427576914798387E-2
9.85807783425811834E-7	4.08478364990731713E-2
9.85812475694295287E-7	5.36917806976304313E-2
9.85816676284973070E-7	6.52580687076032540E-2
9.85820997743891958E-7	7.68632847485222293E-2
9.85825191321177030E-7	8.73297475500503140E-2
9.85830528504696879E-7	9.94833481367958505E-2
9.85835204696695122E-7	1.09529078613116337E-1
9.85840221876037326E-7	1.19858269107907001E-1
9.85845062042546871E-7	1.28893020325960217E-1
9.85850893817863216E-7	1.38207744695223789E-1
9.85856426302237132E-7	1.46056028612816546E-1
9.85863392740654554E-7	1.55359563984124338E-1
9.85869768815997105E-7	1.62951243326346251E-1
9.85878058198357010E-7	1.71522647478469858E-1
9.85884380512788105E-7	1.78019237162541977E-1
9.85894105400166687E-7	1.88612382125642464E-1
9.85900798702359893E-7	1.95886948412258821E-1
9.85909270368102142E-7	2.05592053858924606E-1
9.85915881185359133E-7	2.14010199816887470E-1
9.85923105791871102E-7	2.23410386186531884E-1
9.85930254131217509E-7	2.32428670631718592E-1
9.85936611295558585E-7	2.40504295229598064E-1
9.85941677274147921E-7	2.46947068115120416E-1
9.85947686906717280E-7	2.53962810053921917E-1
9.85952192332122301E-7	2.58602731082470250E-1
9.85957433980135178E-7	2.63549761921326242E-1
9.85961633584405561E-7	2.67227108579935857E-1
9.85966624296951544E-7	2.70978367046366797E-1
9.85970634405190616E-7	2.73314278140249467E-1
9.85974283297599641E-7	2.74945266531928789E-1
9.85978497866589976E-7	2.76430035777949668E-1
9.85983116625653366E-7	2.77610679609337563E-1
9.85987341438081444E-7	2.78128493189896142E-1
9.85994233549611465E-7	2.77653331832519257E-1
9.85998490169153818E-7	2.76710183624843342E-1
9.86004890990367855E-7	2.74737088646467464E-1
9.86010825425105608E-7	2.72197710295128781E-1
9.86018350655374221E-7	2.67895487285892298E-1
9.86025817505445090E-7	2.62969379849583840E-1
9.86035817505445067E-7	2.55851344922785096E-1
9.86045456787290675E-7	2.48153131043955177E-1
9.86055456787290829E-7	2.39710191349385093E-1
9.86065456787290806E-7	2.31226516740720456E-1
9.86075456787291138E-7	2.22700001735891773E-1
9.86085456787291115E-7	2.15196328473636855E-1
9.86092712912209457E-7	2.10948961102243304E-1
9.86093337912209655E-7	2.10627757482315703E-1
9.86095028588513145E-7	2.09763727388811905E-1
9.86100100617424680E-7	2.07185144466141580E-1
9.86107079310645496E-7	2.04046909966906709E-1
9.86113505487066710E-7	2.02226575460274027E-1
9.86122424948097276E-7	2.00990009265543046E-1
9.86132424948097963E-7	1.99394783294195665E-1
9.86142424948097762E-7	1.97499680415419787E-1
9.86152424948097739E-7	1.95661619438518075E-1
9.86162424948097893E-7	1.92307367856019762E-1
9.86172424948097870E-7	1.87302750825792064E-1
9.86182424948097847E-7	1.81589562864589626E-1
9.86192424948097823E-7	1.74112891607889986E-1
9.86202424948098155E-7	1.64660702466129405E-1
9.86212424948097954E-7	1.54494269586060318E-1
9.86222424948098286E-7	1.42998032001439546E-1
9.86232424948098085E-7	1.29786887546687235E-1
9.86242424948098417E-7	1.16222264746239690E-1
9.86252424948098216E-7	1.02071954482872651E-1
9.86262418602028745E-7	8.67516556172183328E-2
9.86272418602028900E-7	7.15252373246984430E-2
9.86282418602029054E-7	5.65131581542220740E-2
9.86292418602029208E-7	4.09288197943797361E-2
9.86302418602029185E-7	2.58319327475421101E-2
9.86312357994644628E-7	1.17243010320923191E-2
9.86322357994644605E-7	-2.48074327102700209E-3
9.86332357994644759E-7	-1.59733266097010729E-2
9.86342225541184092E-7	-2.79202483310795202E-2
9.86352225541184069E-7	-3.95736849728748075E-2
9.86362225541184046E-7	-5.04569431138678670E-2
9.86372225541184378E-7	-5.97090942737156105E-2
9.86382225541184177E-7	-6.81431908360463012E-2
9.86392225541184509E-7	-7.58745541710471372E-2
9.86402225541184308E-7	-8.19921098439263041E-2
9.86412225541184640E-7	-8.71277840403754844E-2
9.86422225541184794E-7	-9.23014562732110200E-2
9.86427088800383878E-7	-9.56996642642138795E-2
9.86431451240600055E-7	-1.00586301755871554E-1
9.86434843239494086E-7	-1.05451317411599055E-1
9.86437884961893552E-7	-1.09870799737188807E-1
9.86442776182816417E-7	-1.17126507115035272E-1
9.86446039076023062E-7	-1.23154832663027536E-1
9.86450531014022047E-7	-1.34921888345402152E-1
9.86455815356736032E-7	-1.52628693457310716E-1
9.86460628021166386E-7	-1.70100690036659685E-1
9.86468918641281078E-7	-2.04619718871642675E-1
9.86474088501316260E-7	-2.30365898700274441E-1
9.86481883527942038E-7	-2.70016197373464184E-1
9.86488708194285380E-7	-3.01710876979148734E-1
9.86494902900579618E-7	-3.29211466530703944E-1
9.86501586593912450E-7	-3.56901532385545295E-1
9.86506647000647519E-7	-3.73553061171734235E-1
9.86514073825172133E-7	-3.90432606828232442E-1
9.86518682412340553E-7	-3.98257991569970748E-1
9.86525721859628035E-7	-4.07116528141929024E-1
9.86531292634171209E-7	-4.09304951604086042E-1
9.86537678136376073E-7	-4.06224409009715881E-1
9.86544105642520464E-7	-4.00761289760613515E-1
9.86551118644453595E-7	-3.93948184697376425E-1
9.86557434228497776E-7	-3.85104019266817943E-1
9.86565333102573128E-7	-3.71452603112848045E-1
9.86571466176392953E-7	-3.62290397040739709E-1
9.86575498617445490E-7	-3.57417371809436890E-1
9.86578345645045118E-7	-3.53839252558993111E-1
9.86582085336506864E-7	-3.48530680405777948E-1
9.86585126120982459E-7	-3.44141380323238621E-1
9.86588929049509034E-7	-3.39606107362011755E-1
9.86595506314013981E-7	-3.34221691110908026E-1
9.86600592885853978E-7	-3.30421126741326665E-1
9.86606200281576662E-7	-3.25262925230304312E-1
9.86610237001507251E-7	-3.21719614254394592E-1
9.86614172882414309E-7	-3.19077939785722275E-1
9.86618121310507945E-7	-3.16624464705803810E-1
9.86622591834449381E-7	-3.12815302287502561E-1
9.86626987046752646E-7	-3.07792711537520791E-1
9.86632080042190829E-7	-3.01562214188807776E-1
9.86636527157443943E-7	-2.96291165904499998E-1
9.86640244998673133E-7	-2.91513797480098535E-1
9.86643374200776790E-7	-2.86702989807709940E-1
9.86645590185768384E-7	-2.82788041743465524E-1
9.86649121474910196E-7	-2.76075847230673155E-1
9.86652544020730815E-7	-2.69511140298608520E-1
9.86655996078349240E-7	-2.63085809428100559E-1
9.86659522729807748E-7	-2.56424937584514412E-1
9.86664487700209136E-7	-2.46049360563281860E-1
9.86669840107564156E-7	-2.33775355744375180E-1
9.86675790972056355E-7	-2.20424450719416676E-1
9.86682421988957792E-7	-2.06506476364256031E-1
9.86689314053514721E-7	-1.91758104969728449E-1
9.86695596104078909E-7	-1.78178904145449790E-1
9.86700147239956671E-7	-1.69172804319038250E-1
9.86705565398723294E-7	-1.59304745513988544E-1
9.86711346240750586E-7	-1.48517050274496998E-1
9.86717936304793852E-7	-1.35794237074515101E-1
9.86723598182107864E-7	-1.25422527885125890E-1
9.86729372802575178E-7	-1.15077284980827454E-1
9.86733531849231937E-7	-1.06979060031252970E-1
9.86739005948582104E-7	-9.53076501854109992E-2
9.86743685018782912E-7	-8.50958779889106687E-2
9.86749912448109434E-7	-7.14183738063171880E-2
9.86755465555164690E-7	-5.81873928603624080E-2
9.86762483269848367E-7	-3.95855068736836202E-2
9.86768254450546323E-7	-2.37671450632969261E-2
9.86773038464747643E-7	-1.07985194814753727E-2
9.86778787361721754E-7	5.31444570420654117E-3
9.86785063808476259E-7	2.37952203768955650E-2
9.86789467450805802E-7	3.66627721257869954E-2
9.86793343684458790E-7	4.74048177714308494E-2
9.86796125378671718E-7	5.48228491740958823E-2
9.86798340783758654E-7	6.06902963143322172E-2
9.86802942944914818E-7	7.29544871086527280E-2
9.86806573483140603E-7	8.24955188014341800E-2
9.86811158827442192E-7	9.37227730297473371E-2
9.86816701076714153E-7	1.05819211387784429E-1
9.86821356520071191E-7	1.15186976459604873E-1
9.86824675740668766E-7	1.21677311768274765E-1
9.86829571622264723E-7	1.30673055876418842E-1
9.86834852157011611E-7	1.39096400965394151E-1
9.86841086474021623E-7	1.47626324047106472E-1
9.86846784732812132E-7	1.54896270410603920E-1
9.86854600271836091E-7	1.64194266271724043E-1
9.86861334478257923E-7	1.71217017636305457E-1
9.86868618909112172E-7	1.78550198883224009E-1
9.86875466242300092E-7	1.86000010780410285E-1
9.86882377823031298E-7	1.93748165330152955E-1
9.86890704937065166E-7	2.03216812310566741E-1
9.86897197581769170E-7	2.11257612647104587E-1
9.86906639501681404E-7	2.23688692137434275E-1
9.86913908720549138E-7	2.33032861967613947E-1
9.86920253175582829E-7	2.41005256415432934E-1
9.86925120093459540E-7	2.47148690227992551E-1
9.86929795105138652E-7	2.52778362514458665E-1
9.86934952761293438E-7	2.58289181986021621E-1
9.86939917146174750E-7	2.62959887144016369E-1
9.86945265693451468E-7	2.67547465680003205E-1
9.86949619742376072E-7	2.70849399463936802E-1
9.86954692016673896E-7	2.73837044048920886E-1
9.86957889825187351E-7	2.75192415719549288E-1
9.86961945946077890E-7	2.76491803281517701E-1
9.86966870974604404E-7	2.77622866450405770E-1
9.86971117845091328E-7	2.78120222211202650E-1
9.86975981433933214E-7	2.77902938754901818E-1
9.86980857441325021E-7	2.76897989018593682E-1
9.86985232168892601E-7	2.75597211130951258E-1
9.86993076108386269E-7	2.72581987488535660E-1
9.86998467673569202E-7	2.69797067884770270E-1
9.87008467673569356E-7	2.63331152828674808E-1
9.87015842145842015E-7	2.58140153225829483E-1
9.87025842145842347E-7	2.50625489504231869E-1
9.87035670100632245E-7	2.42407062952387165E-1
9.87045670100632222E-7	2.33887839019268506E-1
9.87055670100632199E-7	2.25516628696319055E-1
9.87065670100632531E-7	2.17578219937125228E-1
9.87075068809318346E-7	2.11611772258886832E-1
9.87083191640148172E-7	2.07631553945310054E-1
9.87091409210020743E-7	2.04084297914363733E-1
9.87101409210020719E-7	2.01400392374594395E-1
9.87109898631020322E-7	2.00566790891557778E-1
9.87119898631020476E-7	1.99018973401480781E-1
9.87129898631020453E-7	1.96767856159086341E-1
9.87139898631020785E-7	1.94586896741410387E-1
9.87149898631020584E-7	1.90783277004962537E-1
9.87159898631020738E-7	1.85055687021263005E-1
9.87169898631020892E-7	1.78760210523568719E-1
9.87179898631020869E-7	1.70755983752846974E-1
9.87189898631021201E-7	1.60577415185288164E-1
9.87199898631021000E-7	1.49877772080962868E-1
9.87209898631021154E-7	1.38008905725070585E-1
9.87219898631021309E-7	1.24262181187839538E-1
9.87229898631021285E-7	1.10352400496339897E-1
9.87239898631021084E-7	9.60826294101895684E-2
9.87249898631021416E-7	8.04839465617873806E-2
9.87259898631021215E-7	6.51373542038847653E-2
9.87269898631021370E-7	5.02659341076565980E-2
9.87279898631021524E-7	3.46787612914429566E-2
9.87289898631021678E-7	1.96600636003503126E-2
9.87298957996475224E-7	7.12792750559521604E-3
9.87308957996475556E-7	-6.87907595985680853E-3
9.87318957996475532E-7	-2.02580485231858987E-2
9.87328832718561955E-7	-3.18225917346743259E-2
9.87338832718561932E-7	-4.31386110483013674E-2
9.87348832718562264E-7	-5.38365110289692606E-2
9.87358832718562240E-7	-6.26683713683707744E-2
9.87368832718562395E-7	-7.06841560177440797E-2
9.87378832718562371E-7	-7.81987644592058295E-2
9.87388832718562170E-7	-8.39414310383142848E-2
9.87398832718562502E-7	-8.86857964916053376E-2
9.87408832718562657E-7	-9.51453092127323252E-2
9.87416066038912277E-7	-1.02827024665437050E-1
9.87420455238233430E-7	-1.09089071892680534E-1
9.87424484261544855E-7	-1.15456637453323907E-1
9.87429156889932891E-7	-1.24069627275910399E-1
9.87433537669607020E-7	-1.34792011850466964E-1
9.87440388776471600E-7	-1.57216787973510419E-1
9.87446100529531812E-7	-1.79178283173032837E-1
9.87455024299910100E-7	-2.18112588120100215E-1
9.87461604750067146E-7	-2.50883686166238906E-1
9.87471517617384542E-7	-2.99507862429406080E-1
9.87479460009945065E-7	-3.33595077819431118E-1
9.87486620553436545E-7	-3.60735658674662307E-1
9.87493928193106107E-7	-3.83230953254436013E-1
9.87499001970540391E-7	-3.93910586493718196E-1
9.87506780918642413E-7	-4.03629844699897422E-1
9.87513185376361058E-7	-4.07736304501892288E-1
9.87520329229572980E-7	-4.07757341096875869E-1
9.87527752568865935E-7	-4.01638510419730732E-1
9.87536477396253076E-7	-3.90525789118956279E-1
9.87544486232375718E-7	-3.79681154307173863E-1
9.87552254546366015E-7	-3.67685178724234563E-1
9.87561153522532109E-7	-3.53736077406169880E-1
9.87567099934008219E-7	-3.46451430847477981E-1
9.87575731139677337E-7	-3.37636166279629002E-1
9.87582392380347507E-7	-3.30807673907284183E-1
9.87590466586490301E-7	-3.24055801186742798E-1
9.87596514918903701E-7	-3.20173993455013317E-1
9.87602685495976296E-7	-3.15175801813946821E-1
9.87608621055594682E-7	-3.08979835005038161E-1
9.87614746624477924E-7	-3.02374614953039478E-1
9.87619950304239858E-7	-2.96433387406742543E-1
9.87625006386888593E-7	-2.89235875247688945E-1
9.87629425534573535E-7	-2.81644042961265662E-1
9.87633896937473921E-7	-2.73497431206172648E-1
9.87638318065786436E-7	-2.65458348021833146E-1
9.87642074349958499E-7	-2.58380861786882310E-1
9.87646997559610007E-7	-2.48122755152428054E-1
9.87652507450801487E-7	-2.35706369046564923E-1
9.87658825056282730E-7	-2.21717742856243660E-1
9.87665198502300079E-7	-2.08153356339003093E-1
9.87672927028768299E-7	-1.91377866046244494E-1
9.87679045029822866E-7	-1.78264575957280624E-1
9.87684348907340315E-7	-1.67830733867416981E-1
9.87689555892861648E-7	-1.58102288921050782E-1
9.87696180104007837E-7	-1.45455309398384180E-1
9.87702803291043985E-7	-1.32885977006348299E-1
9.87709803028832845E-7	-1.20150797470751614E-1
9.87714329170070116E-7	-1.11706071293561071E-1
9.87719466800320767E-7	-1.01292614275727488E-1
9.87724543554662127E-7	-9.04682994432002197E-2
9.87730116673382952E-7	-7.84296389437760144E-2
9.87736938489923233E-7	-6.27756740186112605E-2
9.87744117245791209E-7	-4.44471960900550300E-2
9.87751619827585614E-7	-2.41743346075446475E-2
9.87758548253311552E-7	-5.21772844423291815E-3
9.87766101646293571E-7	1.62649411294839519E-2
9.87775120984801802E-7	4.23604110028673286E-2
9.87780208888361244E-7	5.63984885576809170E-2
9.87786176131995219E-7	7.19892381677782645E-2
9.87791070970476959E-7	8.44680080999517990E-2
9.87796801233698574E-7	9.84462588948070660E-2
9.87802217104336044E-7	1.10293758507827855E-1
9.87809715693462387E-7	1.24606230640972848E-1
9.87815720329986391E-7	1.35038932498268616E-1
9.87823744796854619E-7	1.47381084728018563E-1
9.87830808449123055E-7	1.56260211996486342E-1
9.87838161146741101E-7	1.64501254564129917E-1
9.87845459379788693E-7	1.72566629046299358E-1
9.87852242350748710E-7	1.79616310891641517E-1
9.87860633781036412E-7	1.88050084592406264E-1
9.87866554631931137E-7	1.94572755983938483E-1
9.87875701587982746E-7	2.05483814544466359E-1
9.87882028254048095E-7	2.13075564009692409E-1
9.87889750945263145E-7	2.22695048904010040E-1
9.87896206835054080E-7	2.31268926717346224E-1
9.87902793640259347E-7	2.39815860177841333E-1
9.87907297280501240E-7	2.45227520865698612E-1
9.87912023163578468E-7	2.50683476344552059E-1
9.87915702625199366E-7	2.54884932119928820E-1
9.87920682090096136E-7	2.60265992332476559E-1
9.87925401673709658E-7	2.64689501460672894E-1
9.87930153641553588E-7	2.68396320666533228E-1
9.87934799299732447E-7	2.71513161950489934E-1
9.87938007739443336E-7	2.73436672171549144E-1
9.87941610184298113E-7	2.75264361567009663E-1
9.87945430743500808E-7	2.76665587960249981E-1
9.87949686891328582E-7	2.77568135701080232E-1
9.87953470071735751E-7	2.77934596066738715E-1
9.87959423733723341E-7	2.77906704396594817E-1
9.87963877273896962E-7	2.77313953832310789E-1
9.87970189637343843E-7	2.75450385851386104E-1
9.87975452437693491E-7	2.73183251057607723E-1
9.87982166583277532E-7	2.69789302907362938E-1
9.87989360823409157E-7	2.65463477511576107E-1
9.87998031850625225E-7	2.59268335861729193E-1
9.88007420042039541E-7	2.52066693600796521E-1
9.88017420042039696E-7	2.44039471743207947E-1
9.88027420042039672E-7	2.35340875946311900E-1
9.88037420042039649E-7	2.26653480734178059E-1
9.88047420042039626E-7	2.18757490806603627E-1
9.88056276585233562E-7	2.12651365899079980E-1
9.88065929195824388E-7	2.07348596878022962E-1
9.88074651575412588E-7	2.03771731535902845E-1
9.88084593863069927E-7	2.00985977962112861E-1
9.88093222404675942E-7	1.99689314251720340E-1
9.88103222404675918E-7	1.98386004725907128E-1
9.88113222404676073E-7	1.96325807837881161E-1
9.88123222404676049E-7	1.93745803897235325E-1
9.88133222404675848E-7	1.90186412047699482E-1
9.88143222404676180E-7	1.84810703557280354E-1
9.88153222404676335E-7	1.78172754724030136E-1
9.88163222404676311E-7	1.70349468892793809E-1
9.88173222404676466E-7	1.60617902504848198E-1
9.88183222404676265E-7	1.49624680619191963E-1
9.88193222404676419E-7	1.37835876419342473E-1
9.88203222404676573E-7	1.24579472873828956E-1
9.88213222404676728E-7	1.10428426039391825E-1
9.88223222404676527E-7	9.61196546927174111E-2
9.88233222404676859E-7	8.10124998271829710E-2
9.88243222404676658E-7	6.54887612860277635E-2
9.88253222404676812E-7	5.04580568880556779E-2
9.88263222404676789E-7	3.53272895454076741E-2
9.88273222404676943E-7	2.02116728370242082E-2
9.88283222404677275E-7	6.10582053872997754E-3
9.88293222404677252E-7	-7.49044963402982678E-3
9.88303222404677051E-7	-2.07604922390262958E-2
9.88313222404677383E-7	-3.27100691487813799E-2
9.88323222404677182E-7	-4.36846016119880698E-2
9.88333222404677514E-7	-5.41520772815393769E-2
9.88343222404677313E-7	-6.32085770902750355E-2
9.88353222404677467E-7	-7.09914763960544271E-2
9.88363222404677799E-7	-7.82027925172205052E-2
9.88373222404677598E-7	-8.41422427520850214E-2
9.88383222404677575E-7	-8.88036540703128452E-2
9.88393222404677729E-7	-9.54387934581523112E-2
9.88399871674088004E-7	-1.03064851341771990E-1
9.88404198781615939E-7	-1.09404704153670784E-1
9.88408243770241413E-7	-1.15705026754405327E-1
9.88413199607317239E-7	-1.24971099130116325E-1
9.88417558036066524E-7	-1.36190170056560289E-1
9.88426681641773897E-7	-1.67798194233116349E-1
9.88432537112835163E-7	-1.91444730641182437E-1
9.88440447592072680E-7	-2.27398711460225122E-1
9.88447707286411337E-7	-2.64249636126664900E-1
9.88455329201853949E-7	-3.01224733948171242E-1
9.88463446591916117E-7	-3.35632608956007106E-1
9.88469585003336348E-7	-3.59170888082628892E-1
9.88478312628109812E-7	-3.85582827340577072E-1
9.88483653216691671E-7	-3.95736532090683335E-1
9.88490734637921165E-7	-4.03837559561750226E-1
9.88497258779456800E-7	-4.07921432943424289E-1
9.88503365758962538E-7	-4.07855998005624798E-1
9.88510675517161808E-7	-4.01868488625775200E-1
9.88518460634394991E-7	-3.92227306608018900E-1
9.88526886661043669E-7	-3.81186819674651289E-1
9.88534299863568044E-7	-3.69732700336001852E-1
9.88543219314697730E-7	-3.55507856519729071E-1
9.88549263551655244E-7	-3.47992896097373361E-1
9.88557097533284690E-7	-3.39810653421588826E-1
9.88563295869796121E-7	-3.33137591304327740E-1
9.88571420080375241E-7	-3.26005349948162859E-1
9.88577912029338179E-7	-3.21870102231168431E-1
9.88583431192102680E-7	-3.17614946190184666E-1
9.88589402531106209E-7	-3.11651730370726554E-1
9.88595258013384459E-7	-3.05694952538138587E-1
9.88600665251910371E-7	-3.00042906274490928E-1
9.88605949365961756E-7	-2.93032468249499756E-1
9.88611022338324830E-7	-2.84653353712484147E-1
9.88614973434127720E-7	-2.77687755694777705E-1
9.88619703750312162E-7	-2.69409175571183113E-1
9.88623269499186996E-7	-2.62916035203571274E-1
9.88627768045541799E-7	-2.53767937199837545E-1
9.88633332866117165E-7	-2.41362629429765940E-1
9.88639154328976844E-7	-2.28494660766001889E-1
9.88645932847380493E-7	-2.14094599477838576E-1
9.88653116574314517E-7	-1.98373567256138861E-1
9.88660196821162529E-7	-1.82918709481130537E-1
9.88666231320942401E-7	-1.70949974405479566E-1
9.88671700882249915E-7	-1.60691324473638275E-1
9.88678447920289294E-7	-1.47656372783194434E-1
9.88685450688165979E-7	-1.34359790632423537E-1
9.88692769016385498E-7	-1.21200532000925643E-1
9.88697329571412453E-7	-1.12691095851047862E-1
9.88702498016114717E-7	-1.02133837716178233E-1
9.88707481301956470E-7	-9.15429968171683583E-2
9.88712940067477852E-7	-7.99258636614030138E-2
9.88718991961415306E-7	-6.62443819793081090E-2
9.88726103418743563E-7	-4.82410211224202268E-2
9.88732698239626551E-7	-3.05733182660162228E-2
9.88738808197532393E-7	-1.41405927023696165E-2
9.88745618461659603E-7	4.93088671174662174E-3
9.88753791792570524E-7	2.88199351121697633E-2
9.88758899997086260E-7	4.33757009287546769E-2
9.88764640370000514E-7	5.88347544985285253E-2
9.88767829553891531E-7	6.72446429295888493E-2
9.88772477062817856E-7	7.94889130241158171E-2
9.88776804638076534E-7	9.04594850952173246E-2
9.88782225095528666E-7	1.02866960273257702E-1
9.88787704553147329E-7	1.14074261617920536E-1
9.88792811647909176E-7	1.23921663849452202E-1
9.88798087230762590E-7	1.33452352367079619E-1
9.88803714207399409E-7	1.42253939156694154E-1
9.88811670346443528E-7	1.52713622658422121E-1
9.88817455103118981E-7	1.59751356332017158E-1
9.88826857078100296E-7	1.70411885700598931E-1
9.88833802598559330E-7	1.77367619902755091E-1
9.88841587521975640E-7	1.85283110621778313E-1
9.88848614426724382E-7	1.93185964202928218E-1
9.88855232715052068E-7	2.00784591663868062E-1
9.88864053788844011E-7	2.11124258169419798E-1
9.88870093492754343E-7	2.18847046938248768E-1
9.88878422599365159E-7	2.29876847427800435E-1
9.88884896870836627E-7	2.38034829835677453E-1
9.88890176607840488E-7	2.44449889695052391E-1
9.88893750427060958E-7	2.48814818211180810E-1
9.88897800152470019E-7	2.53644993440139022E-1
9.88902792644662476E-7	2.59021820743009723E-1
9.88907172190140393E-7	2.63098115779826180E-1
9.88911836434428970E-7	2.66980615393095455E-1
9.88915998028067200E-7	2.70154803993599701E-1
9.88920055078204996E-7	2.72834016395793189E-1
9.88923469487955131E-7	2.74603624944506519E-1
9.88926767020069164E-7	2.75862223171156007E-1
9.88930385612491136E-7	2.76862803053845674E-1
9.88935410444834417E-7	2.77800097910751953E-1
9.88939673629719351E-7	2.78131882551949783E-1
9.88944346443036437E-7	2.77795518942571018E-1
9.88950801030451743E-7	2.76217401114149919E-1
9.88955486217437851E-7	2.74557179530564088E-1
9.88964741122496527E-7	2.70332281977419830E-1
9.88971296996544780E-7	2.66367370295516048E-1
9.88981296996544579E-7	2.59308353805200831E-1
9.88991197185884552E-7	2.51900353833435453E-1
9.89001197185884706E-7	2.43736603775758409E-1
9.89011197185885038E-7	2.34999612158278248E-1
9.89021197185885015E-7	2.26509334201312651E-1
9.89031197185884992E-7	2.18531764006030205E-1
9.89039956777983775E-7	2.12482773719146101E-1
9.89048095211475342E-7	2.08153421793656968E-1
9.89056786422727363E-7	2.04412407961521314E-1
9.89066260255895102E-7	2.01414893065736766E-1
9.89074484381928798E-7	2.00220288367610477E-1
9.89084484381928775E-7	1.99059434180757422E-1
9.89094484381928929E-7	1.96943273705539790E-1
9.89104484381928728E-7	1.94629507625163067E-1
9.89114484381928882E-7	1.91494052059901643E-1
9.89124484381929214E-7	1.86250459294848669E-1
9.89134484381929191E-7	1.79925209773745709E-1
9.89144484381929345E-7	1.72582025628645441E-1
9.89154484381929322E-7	1.63003141813951591E-1
9.89164484381929299E-7	1.52227302357293492E-1
9.89174484381929453E-7	1.40845003402152558E-1
9.89184484381929607E-7	1.27678412674390396E-1
9.89194484381929406E-7	1.13587692400194573E-1
9.89204484381929738E-7	9.95509547531297301E-2
9.89214484381929715E-7	8.44455422089701102E-2
9.89224484381929869E-7	6.88183980541318707E-2
9.89234484381929846E-7	5.39097576177730176E-2
9.89244484381929823E-7	3.87038495307080455E-2
9.89254484381929799E-7	2.33498875359011970E-2
9.89264484381930131E-7	9.22756211600219700E-3
9.89274484381930108E-7	-4.49232262231352664E-3
9.89284484381930262E-7	-1.80879426399717902E-2
9.89294484381930417E-7	-3.01682289621844335E-2
9.89304484381930394E-7	-4.12848862146670292E-2
9.89314484381930370E-7	-5.21118069349508062E-2
9.89324484381930169E-7	-6.13836168938978233E-2
9.89334484381930501E-7	-6.93036029273329657E-2
9.89344484381930478E-7	-7.68543639495568254E-2
9.89354484381930810E-7	-8.30501755309337852E-2
9.89364484381930609E-7	-8.77854149777385473E-2
9.89374466972678945E-7	-9.35747138484422258E-2
9.89382733738606390E-7	-1.02074515486780881E-1
9.89387217848100953E-7	-1.08572565116804176E-1
9.89391228851450144E-7	-1.14863228616359114E-1
9.89395631565536959E-7	-1.22606961195164521E-1
9.89399603051241350E-7	-1.31802536161345119E-1
9.89405875275378754E-7	-1.51659761311811470E-1
9.89411151931496846E-7	-1.71402706815142247E-1
9.89417946405186655E-7	-1.99198538300520056E-1
9.89423511831903291E-7	-2.25411328731623017E-1
9.89430735682335083E-7	-2.62261539576835245E-1
9.89437117215056006E-7	-2.93019564262383803E-1
9.89444455736678208E-7	-3.25295922860041919E-1
9.89450238359637702E-7	-3.49325695903768718E-1
9.89457092806952687E-7	-3.73211752062068847E-1
9.89462081644098568E-7	-3.85639965549852581E-1
9.89467380092101045E-7	-3.95218646676222907E-1
9.89472593166934544E-7	-4.02619498201405168E-1
9.89479160411396386E-7	-4.08188686349796015E-1
9.89484948234774997E-7	-4.08005657682662637E-1
9.89492150297303574E-7	-4.02800744942745848E-1
9.89498968734703332E-7	-3.96181611845730908E-1
9.89506401714178629E-7	-3.87184247684043870E-1
9.89513165096440517E-7	-3.76247445975286743E-1
9.89521543665385295E-7	-3.62751312800956249E-1
9.89528468326035338E-7	-3.53868732904887384E-1
9.89532892999659985E-7	-3.48497575055182596E-1
9.89537942633130996E-7	-3.41949277022659581E-1
9.89543118053959070E-7	-3.36093095833362643E-1
9.89549933747557908E-7	-3.30707611756660214E-1
9.89556627544424749E-7	-3.25818982598040208E-1
9.89561984945422957E-7	-3.21059974738550524E-1
9.89566598237218109E-7	-3.17063229832235915E-1
9.89572127553411462E-7	-3.12825544014530399E-1
9.89577219478839076E-7	-3.08272313806275644E-1
9.89583163571124835E-7	-3.01002341841768128E-1
9.89588555626358435E-7	-2.93352261641527567E-1
9.89594256023049823E-7	-2.85064165754004062E-1
9.89597691428994963E-7	-2.79699099272720231E-1
9.89602493540481021E-7	-2.70967685260087254E-1
9.89606512764102675E-7	-2.62724343526225201E-1
9.89610867853399512E-7	-2.53620154810331888E-1
9.89616867699082903E-7	-2.41321645901557602E-1
9.89622623622961051E-7	-2.29036907547307944E-1
9.89631236711772111E-7	-2.09525727556161012E-1
9.89638671567660211E-7	-1.93454378202658672E-1
9.89648156992062056E-7	-1.74477222790794517E-1
9.89656499424870617E-7	-1.57810576497030786E-1
9.89664173748345277E-7	-1.43210460562052111E-1
9.89673331343475304E-7	-1.26823232564191613E-1
9.89679146601465298E-7	-1.15754552824491896E-1
9.89685729517030843E-7	-1.02342978509594307E-1
9.89691262527275839E-7	-9.10519861617012971E-2
9.89697953795652730E-7	-7.67770456339764795E-2
9.89704366683407954E-7	-6.13738773482035604E-2
9.89711507846084970E-7	-4.28939218265934041E-2
9.89718656390713392E-7	-2.41181159821851576E-2
9.89724651701390279E-7	-7.68890918917497412E-3
9.89731791371191783E-7	1.31140841285024257E-2
9.89737267656590269E-7	2.90383618655340126E-2
9.89743173191309999E-7	4.53599717610193043E-2
9.89747176173862719E-7	5.61972830041118776E-2
9.89751457421638214E-7	6.78922416725467937E-2
9.89755642813994285E-7	7.90881361725597642E-2
9.89760098452383552E-7	9.01207345260835524E-2
9.89765858457652747E-7	1.02967675174306139E-1
9.89770448548408410E-7	1.12577449504686244E-1
9.89774776160045100E-7	1.21342792335524030E-1
9.89779865028356198E-7	1.30735864084320630E-1
9.89785347628874312E-7	1.39355171621727592E-1
9.89790904405771244E-7	1.47077375886861872E-1
9.89797031118180115E-7	1.55185851134525254E-1
9.89803595409697934E-7	1.63084039750996901E-1
9.89810591447339760E-7	1.70343123858152312E-1
9.89817138669589980E-7	1.76961906723428464E-1
9.89824220385954412E-7	1.84631595791796776E-1
9.89830660519477590E-7	1.91631223365155900E-1
9.89839590497472344E-7	2.01498945933811280E-1
9.89845768918216251E-7	2.09047854146896039E-1
9.89853999325610445E-7	2.19719054322208907E-1
9.89860622625396402E-7	2.28138800970806876E-1
9.89867406225744872E-7	2.36722011345822203E-1
9.89873666277574316E-7	2.44756809439836198E-1
9.89878537981173068E-7	2.50697774178133503E-1
9.89883470883498262E-7	2.56079159506319032E-1
9.89888549775961302E-7	2.61096301085889770E-1
9.89893383623128287E-7	2.65552076106686208E-1
9.89897799749560114E-7	2.69188255599558524E-1
9.89903252778213272E-7	2.72710815147281727E-1
9.89907162317421552E-7	2.74570167223731776E-1
9.89911312668592913E-7	2.76133052717555394E-1
9.89916084141639985E-7	2.77481213176769792E-1
9.89920228799292445E-7	2.78105288351709579E-1
9.89926308019260048E-7	2.77891581718105618E-1
9.89930619745461726E-7	2.77085414743079372E-1
9.89935878224090082E-7	2.75696284068575670E-1
9.89941594944919956E-7	2.73615787506966068E-1
9.89947504253423460E-7	2.70624554153836128E-1
9.89954056945446581E-7	2.66593377700272871E-1
9.89961491096328139E-7	2.61702545187901681E-1
9.89969460032709136E-7	2.55957836480975143E-1
9.89979460032709113E-7	2.47869638876901321E-1
9.89989357180125218E-7	2.39646982937368458E-1
9.89999357180125550E-7	2.31149636705441441E-1
9.90009357180125527E-7	2.22522262751754285E-1
9.90019357180125503E-7	2.15171805423339313E-1
9.90026240772223787E-7	2.11158848363551765E-1
9.90026865772223807E-7	2.10822688842857708E-1
9.90028502887266271E-7	2.09943128780300770E-1
9.90033414232392950E-7	2.07345715375954809E-1
9.90039960574451605E-7	2.04375295949253655E-1
9.90046233014999011E-7	2.02560714463644231E-1
9.90054722600478243E-7	2.01217525835673783E-1
9.90064722600478220E-7	1.99604605161668092E-1
9.90074722600478552E-7	1.97857520171767209E-1
9.90084722600478528E-7	1.96055254805496371E-1
9.90094722600478505E-7	1.92857776597716501E-1
9.90104722600478837E-7	1.88158539890198906E-1
9.90114722600478636E-7	1.82582972205147476E-1
9.90124722600478790E-7	1.75281476363031286E-1
9.90134722600478767E-7	1.66151615157650334E-1
9.90144722600478921E-7	1.56121379580420649E-1
9.90154722600479253E-7	1.44732014129268327E-1
9.90164722600479053E-7	1.31782265024521328E-1
9.90174722600479207E-7	1.18303628186847076E-1
9.90184722600479006E-7	1.04156133865954126E-1
9.90194722600479338E-7	8.89922845002970675E-2
9.90204722600479315E-7	7.37897790747450699E-2
9.90214722600479291E-7	5.86753793667991186E-2
9.90224722600479268E-7	4.31556823543428436E-2
9.90234722600479245E-7	2.80311354985587968E-2
9.90244722600479577E-7	1.36517463783382809E-2
9.90254722600479731E-7	-5.77904102935478203E-4
9.90264722600479708E-7	-1.41236558783882682E-2
9.90274722600479507E-7	-2.64586650011785229E-2
9.90284722600479661E-7	-3.82011733684078436E-2
9.90294722600479993E-7	-4.91333172133601703E-2
9.90304722600479970E-7	-5.86128847633387462E-2
9.90314722600480124E-7	-6.71868295120840742E-2
9.90324722600480278E-7	-7.49652912756545309E-2
9.90334722600480077E-7	-8.12854553843216365E-2
9.90344722600480054E-7	-8.65771403541416795E-2
9.90354722600480386E-7	-9.15240584528338275E-2
9.90364722600480185E-7	-9.99221506538480675E-2
9.90370140672207633E-7	-1.07544110389398617E-1
9.90374671248911298E-7	-1.14795719775435656E-1
9.90379519365737693E-7	-1.23229710165279771E-1
9.90383619161057638E-7	-1.32636345986717785E-1
9.90389185501960867E-7	-1.50348043908546103E-1
9.90394358229633731E-7	-1.69810199259348837E-1
9.90400285144141179E-7	-1.93562845223102675E-1
9.90405903955054256E-7	-2.19200058320465274E-1
9.90412227122964950E-7	-2.51555914594045049E-1
9.90418282549590501E-7	-2.81662660942848042E-1
9.90426715920199818E-7	-3.19478807384625707E-1
9.90432419545096465E-7	-3.43709215916604638E-1
9.90442419545096797E-7	-3.78406800273188360E-1
9.90447836366854517E-7	-3.90515612138032031E-1
9.90454366915237649E-7	-4.00284444169438292E-1
9.90460234900156067E-7	-4.06600984056280268E-1
9.90466714311549801E-7	-4.09287978300076372E-1
9.90472345278429955E-7	-4.06551581466959355E-1
9.90479899673829678E-7	-3.98969678302839270E-1
9.90487208669423325E-7	-3.90839645447420114E-1
9.90494564748581041E-7	-3.80580606972534996E-1
9.90501703068694539E-7	-3.68175000809894781E-1
9.90507733107931543E-7	-3.58796476306212853E-1
9.90514874050417227E-7	-3.50205836428602035E-1
9.90519110751723630E-7	-3.45094049428836591E-1
9.90525903990648793E-7	-3.36581749759242266E-1
9.90531131971408740E-7	-3.31577193637736922E-1
9.90539768288171096E-7	-3.25722204451411290E-1
9.90546230072311396E-7	-3.20465919520263887E-1
9.90551250723731513E-7	-3.15613778997408989E-1
9.90556601573277362E-7	-3.11121154697092628E-1
9.90561444387856938E-7	-3.07161138534306133E-1
9.90566282865505698E-7	-3.01767896880364095E-1
9.90571183810599187E-7	-2.94657288414798391E-1
9.90576047209529342E-7	-2.87184888431060870E-1
9.90579267464878654E-7	-2.82396054692326359E-1
9.90582844336505097E-7	-2.76841208984683496E-1
9.90587000555606956E-7	-2.69336863941541615E-1
9.90590614063217956E-7	-2.61828113585552913E-1
9.90594675700982208E-7	-2.53031711147648775E-1
9.90600028266658938E-7	-2.41898504908008283E-1
9.90605544036260710E-7	-2.30513660417708399E-1
9.90612043547736754E-7	-2.15946598493110775E-1
9.90618222639849400E-7	-2.01792591396216769E-1
9.90624736723112775E-7	-1.88237375607685586E-1
9.90630947505131232E-7	-1.75978426843105029E-1
9.90636232723389121E-7	-1.65145951594822038E-1
9.90641386222849185E-7	-1.54803604711572795E-1
9.90647765762453325E-7	-1.43227745447406707E-1
9.90653540736255422E-7	-1.32967778009718929E-1
9.90658592704552987E-7	-1.23227627355174962E-1
9.90662796812844704E-7	-1.14839578523725416E-1
9.90666649291510382E-7	-1.07397405752647823E-1
9.90671723591394304E-7	-9.76448046152723137E-2
9.90676186087952715E-7	-8.83472246667495575E-2
9.90682489705189973E-7	-7.37139804701581447E-2
9.90687781082210606E-7	-6.09019946069093798E-2
9.90694696102861094E-7	-4.39522987294698719E-2
9.90700786173911396E-7	-2.78685084033234665E-2
9.90705987846758873E-7	-1.30120864753361776E-2
9.90711528517775264E-7	2.91129542370245842E-3
9.90717826724802819E-7	2.04773669033925509E-2
9.90722808936630273E-7	3.44707054691998049E-2
9.90729819276970858E-7	5.45188242183003524E-2
9.90733338952815146E-7	6.42798143011069190E-2
9.90738116187066709E-7	7.65480248492986259E-2
9.90742062959071923E-7	8.60468123644497140E-2
9.90746713017325220E-7	9.70245591711173816E-2
9.90752387876424123E-7	1.09875202278913675E-1
9.90757448513020478E-7	1.20072294500569865E-1
9.90761561258610435E-7	1.27305668672640815E-1
9.90766588700172690E-7	1.35494764987014826E-1
9.90772233244857503E-7	1.44261280321241969E-1
9.90777818364956175E-7	1.52032482071727393E-1
9.90785146530283889E-7	1.60557267427848926E-1
9.90791130844570489E-7	1.66978478596117874E-1
9.90798659371859891E-7	1.75224892713841807E-1
9.90805041724300217E-7	1.81912163808510297E-1
9.90814169966650660E-7	1.91349814947714414E-1
9.90820282172144751E-7	1.98368902105408562E-1
9.90828493731208226E-7	2.08498568057462963E-1
9.90835070838048715E-7	2.16572494135586968E-1
9.90841719800178566E-7	2.24970418525481675E-1
9.90848466260216654E-7	2.33963800178455683E-1
9.90854636855581283E-7	2.41936778508439110E-1
9.90858396953111686E-7	2.46411881459233495E-1
9.90862756045570592E-7	2.51371581315040293E-1
9.90866495054005014E-7	2.55569549602622548E-1
9.90870709017516127E-7	2.60121018091743927E-1
9.90875644390444066E-7	2.64800889200495604E-1
9.90879922330059415E-7	2.68147630178300744E-1
9.90884270104618636E-7	2.71051761372843858E-1
9.90887791318921529E-7	2.73165868958159708E-1
9.90891036923971313E-7	2.74879608911763018E-1
9.90895282442534864E-7	2.76550876452057892E-1
9.90899675783705014E-7	2.77508284316582854E-1
9.90903467163959917E-7	2.77837589305171884E-1
9.90908132065323422E-7	2.77868256981470285E-1
9.90912899579519291E-7	2.77439561310867955E-1
9.90917666744727654E-7	2.76321319132511967E-1
9.90924061850090787E-7	2.73807574578482749E-1
9.90929204422342380E-7	2.71318884185420295E-1
9.90938401454316420E-7	2.66176801566551990E-1
9.90945217824917712E-7	2.61524744197816261E-1
9.90955217824917511E-7	2.53907589060529215E-1
9.90965217824917843E-7	2.46091114228256247E-1
9.90975217824917642E-7	2.37658053035422201E-1
9.90985217824917619E-7	2.28810001639468608E-1
9.90995217824917951E-7	2.20750726134352560E-1
9.91005211529227736E-7	2.13770805428387645E-1
9.91013735127874185E-7	2.08769879491939436E-1
9.91014337277293933E-7	2.08466016741858606E-1
9.91015776220186240E-7	2.07761967712196416E-1
9.91020093048863160E-7	2.05865885196078091E-1
9.91025551037654395E-7	2.03847254157417801E-1
9.91032865360724813E-7	2.01841148385629765E-1
9.91041799808836110E-7	2.00397628663067362E-1
9.91051799808836265E-7	1.99042890928086402E-1
9.91061799808836064E-7	1.97119925674340868E-1
9.91071799808836396E-7	1.94705327271002293E-1
9.91081799808836372E-7	1.91251304800865096E-1
9.91091799808836527E-7	1.86096285584188093E-1
9.91101799808836503E-7	1.79707704059539886E-1
9.91111799808836480E-7	1.72009799988525103E-1
9.91121799808836457E-7	1.62458223775089028E-1
9.91131799808836433E-7	1.51692631559356284E-1
9.91141799808836588E-7	1.39978727761319188E-1
9.91151799808836742E-7	1.26801060251308084E-1
9.91161799808836719E-7	1.12804638292023385E-1
9.91171799808836518E-7	9.84974902817479858E-2
9.91181799808837027E-7	8.33512540008933200E-2
9.91191799808837004E-7	6.78934022240605017E-2
9.91201799808836981E-7	5.27984859059226874E-2
9.91211799808837135E-7	3.75228240746379837E-2
9.91221799808836934E-7	2.23893344139592454E-2
9.91231799808837266E-7	8.17641749558816144E-3
9.91241799808837420E-7	-5.64210580839452280E-3
9.91251799808837220E-7	-1.89990250088461798E-2
9.91261799808837374E-7	-3.10719305820350478E-2
9.91271799808837528E-7	-4.23105658815108043E-2
9.91281799808837505E-7	-5.29158442891752578E-2
9.91291799808837659E-7	-6.20891752014367437E-2
9.91301799808837458E-7	-7.01408263964631118E-2
9.91311799808837790E-7	-7.75186399916586666E-2
9.91321799808837767E-7	-8.35443319594982015E-2
9.91331799808837921E-7	-8.84095275472811082E-2
9.91341799808838076E-7	-9.43466731088035182E-2
9.91349588365977930E-7	-1.02396871187014504E-1
9.91354000017608250E-7	-1.08826367644614064E-1
9.91357999879581264E-7	-1.15161486526778289E-1
9.91362467921141821E-7	-1.23058555266058822E-1
9.91366513078677336E-7	-1.32428339122943384E-1
9.91372835275001307E-7	-1.52492299451964497E-1
9.91378200033943280E-7	-1.72687667830859182E-1
9.91385122299918997E-7	-2.01226337363255192E-1
9.91390661282716223E-7	-2.27403231627301983E-1
9.91398251889631865E-7	-2.65990165077898943E-1
9.91404809562471279E-7	-2.97335497996112030E-1
9.91413070042913169E-7	-3.33026288441972307E-1
9.91419171482473338E-7	-3.57271879294485828E-1
9.91425813561366809E-7	-3.78603335816724318E-1
9.91430698508314379E-7	-3.89522775571956847E-1
9.91436103710326933E-7	-3.98214385139098592E-1
9.91441907811486622E-7	-4.05139090136069502E-1
9.91448352272877820E-7	-4.08703715242609888E-1
9.91453517448724497E-7	-4.07296990384511570E-1
9.91461735969675928E-7	-4.00290965325037895E-1
9.91469051679064783E-7	-3.92376863678863685E-1
9.91477637407246526E-7	-3.80602415366661351E-1
9.91485278457475516E-7	-3.67790741031538371E-1
9.91492018402933617E-7	-3.57720339341482241E-1
9.91500029776510061E-7	-3.48136206777094115E-1
9.91505074988085511E-7	-3.42090561419400929E-1
9.91514525928104185E-7	-3.31915996722546502E-1
9.91521771212863001E-7	-3.26645486504632476E-1
9.91531017294043338E-7	-3.19852347970837281E-1
9.91537646544256113E-7	-3.13491161650009786E-1
9.91544582621885340E-7	-3.06820923875772023E-1
9.91550907256933023E-7	-3.00276636382509743E-1
9.91556502631829773E-7	-2.92534944050696577E-1
9.91561885068661120E-7	-2.83525395298950089E-1
9.91565920289376734E-7	-2.76594881087508337E-1
9.91570428138323656E-7	-2.68844826748613652E-1
9.91573653227775687E-7	-2.62887437397375034E-1
9.91578982437200729E-7	-2.51726227157796467E-1
9.91584018055959326E-7	-2.40416804858869604E-1
9.91590321963489707E-7	-2.26772081415929794E-1
9.91596666149152917E-7	-2.13315251646663118E-1
9.91604281964169054E-7	-1.96406192662558099E-1
9.91610739125835572E-7	-1.82439338218629898E-1
9.91616557809687116E-7	-1.71089694521161428E-1
9.91621682248714009E-7	-1.61391057851863406E-1
9.91629046366431410E-7	-1.47012552562311205E-1
9.91635651472860502E-7	-1.34605665744586678E-1
9.91639869686143527E-7	-1.27176382649946529E-1
9.91643906101118233E-7	-1.19873591631587262E-1
9.91647523406536990E-7	-1.12798680368109938E-1
9.91651285794646320E-7	-1.05049419417674605E-1
9.91655080424421698E-7	-9.72235449851324063E-2
9.91660057612157964E-7	-8.70252741200692803E-2
9.91665178211059839E-7	-7.58971981466640067E-2
9.91671803577707855E-7	-5.98008962327840088E-2
9.91677816654822664E-7	-4.42674580826510589E-2
9.91684927840988095E-7	-2.56735866219110553E-2
9.91690389535352601E-7	-1.07355407587146323E-2
9.91697484144090780E-7	9.86482214065564200E-3
9.91703030534130292E-7	2.59733788500500218E-2
9.91709541418894247E-7	4.40264941306310842E-2
9.91713885872655609E-7	5.58705387671495224E-2
9.91718988529001422E-7	6.98257214235489876E-2
9.91723351575846124E-7	8.13121718501773749E-2
9.91728617930102807E-7	9.39315940376116743E-2
9.91733642412771843E-7	1.04911615429305960E-1
9.91739014687143161E-7	1.16107958526785415E-1
9.91743299306085291E-7	1.24556910638873264E-1
9.91748821919218670E-7	1.34148835486635232E-1
9.91755431317450586E-7	1.43880993321789319E-1
9.91760980219452115E-7	1.51371031775655829E-1
9.91769079781871277E-7	1.61500630809960000E-1
9.91775521596517784E-7	1.68440224732452126E-1
9.91783849752970958E-7	1.76831522649656403E-1
9.91790259658510998E-7	1.83708404861000796E-1
9.91797869291456990E-7	1.92084009022222046E-1
9.91805254295904604E-7	2.00201854217258202E-1
9.91811747334545579E-7	2.07946099223895509E-1
9.91820604402061434E-7	2.19409638168219701E-1
9.91827042220543831E-7	2.27671693773495809E-1
9.91833825491508492E-7	2.36193501193352207E-1
9.91840059758813020E-7	2.44141645568630983E-1
9.91844544744751921E-7	2.49707414416035656E-1
9.91850128375681273E-7	2.55926669643042404E-1
9.91854813195354801E-7	2.60550696370829016E-1
9.91860046325558464E-7	2.65334392345666847E-1
9.91864276893361918E-7	2.68856199696341180E-1
9.91869354948397941E-7	2.72300220357479095E-1
9.91873104246520931E-7	2.74195768340770973E-1
9.91877222540937531E-7	2.75792547105616226E-1
9.91881998675444265E-7	2.77202527161710766E-1
9.91886384010632050E-7	2.78000452577528545E-1
9.91891149292160890E-7	2.78096251003810480E-1
9.91896725058822781E-7	2.77255594070238853E-1
9.91901143554102482E-7	2.76123742878572331E-1
9.91909398446865787E-7	2.73153200500545301E-1
9.91915242517833562E-7	2.70167638493924178E-1
9.91925242517833539E-7	2.63775352720455780E-1
9.91933750121392954E-7	2.57810092090361387E-1
9.91943750121393286E-7	2.50127710772872991E-1
9.91953750121393263E-7	2.41679346794056338E-1
9.91963750121393062E-7	2.33169492405607137E-1
9.91973750121393039E-7	2.24686356615960614E-1
9.91983750121393371E-7	2.16772720984577516E-1
9.91992759137452040E-7	2.11179986772574457E-1
9.92001659273425140E-7	2.06783856728216042E-1
9.92009814066071627E-7	2.03298301763709466E-1
9.92019814066071604E-7	2.00881001416682770E-1
9.92028685614031858E-7	2.00012570172547521E-1
9.92038685614031834E-7	1.98252725020590326E-1
9.92048685614031989E-7	1.96054367914324046E-1
9.92058685614032143E-7	1.93782666787579694E-1
9.92068685614032120E-7	1.89610646385198400E-1
9.92078685614032274E-7	1.83805397143442484E-1
9.92088685614032606E-7	1.77420309991668712E-1
9.92098685614032405E-7	1.69039007173099720E-1
9.92108685614032382E-7	1.58755604257381933E-1
9.92118685614032536E-7	1.48046341366025902E-1
9.92128685614032690E-7	1.35875086876388984E-1
9.92138685614032667E-7	1.22046623099186302E-1
9.92148685614032644E-7	1.08234200554358817E-1
9.92158685614032798E-7	9.37748299110486805E-2
9.92168685614032775E-7	7.81325868683874081E-2
9.92178685614032929E-7	6.29826378225442163E-2
9.92188685614032728E-7	4.80430947458518087E-2
9.92198685614033060E-7	3.24452117317511579E-2
9.92208685614033037E-7	1.76935125581381114E-2
9.92217214336353415E-7	5.94274275631220483E-3
9.92227214336353924E-7	-8.08361398129179776E-3
9.92237214336353546E-7	-2.12400492409010999E-2
9.92246449668850516E-7	-3.19660308805383986E-2
9.92256449668850671E-7	-4.33342145559081882E-2
9.92266449668850647E-7	-5.39137665317610626E-2
9.92276153917508275E-7	-6.24197133705957441E-2
9.92286153917508429E-7	-7.05134106501482094E-2
9.92296153917508406E-7	-7.79833509766910904E-2
9.92306153917508738E-7	-8.36704423612143522E-2
9.92316153917508714E-7	-8.84953519289019752E-2
9.92326153917508691E-7	-9.50252037867267063E-2
9.92333264664878456E-7	-1.02591180398408155E-1
9.92337638177655990E-7	-1.08853986886769327E-1
9.92341668907767449E-7	-1.15265785800412712E-1
9.92346364774695466E-7	-1.23968755248294138E-1
9.92350758857771176E-7	-1.34754984454865356E-1
9.92357077093024031E-7	-1.55329720937198390E-1
9.92362738477468653E-7	-1.76906060405857901E-1
9.92371121599939876E-7	-2.13023932985002240E-1
9.92377278323198553E-7	-2.43373835692742446E-1
9.92387034175952643E-7	-2.91754588727857112E-1
9.92394701189103934E-7	-3.25657076337042284E-1
9.92402226381621233E-7	-3.55240566963080262E-1
9.92409354843899649E-7	-3.78623096565076001E-1
9.92414159574479804E-7	-3.90019742461376406E-1
9.92422474526559917E-7	-4.02129931600938217E-1
9.92428634113965913E-7	-4.06982946758929298E-1
9.92437001155739296E-7	-4.07900264833288073E-1
9.92444258551454794E-7	-4.02266507308718690E-1
9.92453843163302452E-7	-3.90242055180811942E-1
9.92462159481832629E-7	-3.78919062243269078E-1
9.92470193353877050E-7	-3.66469273491982861E-1
9.92479411599793160E-7	-3.52250222753168085E-1
9.92485396355372629E-7	-3.45172924344438803E-1
9.92493723399224770E-7	-3.36829734383591051E-1
9.92500597452980138E-7	-3.29887688801764556E-1
9.92508198459492341E-7	-3.23677373696606008E-1
9.92514005184534653E-7	-3.19977199161050407E-1
9.92519981212970848E-7	-3.15130264509483027E-1
9.92525840998463948E-7	-3.09002211072407507E-1
9.92531863816470228E-7	-3.02487228318613166E-1
9.92537060258463910E-7	-2.96570199944368884E-1
9.92542093715427676E-7	-2.89451770015306087E-1
9.92546541031859952E-7	-2.81831720697294141E-1
9.92550998034680099E-7	-2.73695128278179256E-1
9.92555322565112874E-7	-2.65821373818358531E-1
9.92559059891932094E-7	-2.58805861763550293E-1
9.92563815404601257E-7	-2.48967590509487202E-1
9.92569283847253203E-7	-2.36672004238449230E-1
9.92575480593624704E-7	-2.22885160864254006E-1
9.92581834122320750E-7	-2.09347576146155756E-1
9.92589453140371347E-7	-1.92847844431570170E-1
9.92595681374603345E-7	-1.79429597426200660E-1
9.92601235380141489E-7	-1.68419094267375424E-1
9.92606391531380439E-7	-1.58786360639071722E-1
9.92612984286555466E-7	-1.46235587625779928E-1
9.92619573470281402E-7	-1.33705266695752645E-1
9.92626383884917729E-7	-1.21302496475219090E-1
9.92631232731914359E-7	-1.12303765959500423E-1
9.92636194235373992E-7	-1.02309599480741209E-1
9.92641605867170007E-7	-9.08016896615708546E-2
9.92647132954305178E-7	-7.88624820650380798E-2
9.92654247812752999E-7	-6.25348715633262220E-2
9.92661386761972686E-7	-4.43009266249231271E-2
9.92669135105881040E-7	-2.33416820139906145E-2
9.92676390797805119E-7	-3.43317436596164427E-3
9.92684147927058724E-7	1.86856778158208492E-2
9.92693283037027285E-7	4.50426305155604645E-2
9.92698344721621062E-7	5.89053448272835922E-2
9.92704338189222213E-7	7.44567398318267681E-2
9.92709573322861694E-7	8.76786566126925138E-2
9.92715786198474603E-7	1.02487353129437109E-1
9.92721625770473182E-7	1.14753604564738909E-1
9.92728412625403323E-7	1.27271124819467074E-1
9.92734869426665334E-7	1.38195759874069690E-1
9.92742351343118301E-7	1.49279124494287530E-1
9.92750049784542554E-7	1.58611895554394566E-1
9.92756792226015250E-7	1.66060649859323539E-1
9.92765307104190953E-7	1.75358601779258305E-1
9.92771972901912569E-7	1.82162575128673976E-1
9.92780993897600617E-7	1.91418376402418455E-1
9.92787125013496663E-7	1.98461093378504927E-1
9.92795168744577872E-7	2.08213312198813139E-1
9.92801908070892836E-7	2.16357986659535717E-1
9.92808202601768564E-7	2.24309397665000798E-1
9.92815290823739183E-7	2.33737814654075748E-1
9.92821139948220299E-7	2.41240848924132711E-1
9.92824867975942738E-7	2.45677750083525837E-1
9.92830221136348179E-7	2.51820721920575608E-1
9.92833798235393239E-7	2.55864686290870269E-1
9.92839196731157969E-7	2.61565670110569304E-1
9.92843829955927504E-7	2.65739892713237547E-1
9.92848882420250867E-7	2.69492843522737546E-1
9.92853436737368789E-7	2.72386015101129164E-1
9.92856218114760658E-7	2.73966899161880839E-1
9.92860234395896946E-7	2.75850918041962645E-1
9.92864048157981927E-7	2.77066079948924626E-1
9.92868142631602701E-7	2.77761254166940530E-1
9.92871996575561511E-7	2.78001726697971208E-1
9.92877889003433900E-7	2.77781469208044474E-1
9.92882343556297720E-7	2.77038717501910003E-1
9.92888965210615204E-7	2.74858352828489139E-1
9.92894180568340623E-7	2.72467237238588478E-1
9.92901831403675494E-7	2.68385492074932586E-1
9.92908952352929752E-7	2.63865307745107858E-1
9.92918952352929551E-7	2.56472668233457846E-1
9.92928756950077585E-7	2.48795987466210944E-1
9.92938756950077916E-7	2.40543743300021351E-1
9.92948756950077716E-7	2.31716077463725689E-1
9.92958756950077692E-7	2.23246799557204190E-1
9.92968756950077847E-7	2.15807208197643163E-1
9.92976168626804778E-7	2.11061224988132468E-1
9.92976793626804799E-7	2.10702433293550895E-1
9.92978263877806100E-7	2.09882015900487584E-1
9.92982674630810180E-7	2.07654730234663099E-1
9.92989438051406559E-7	2.04739542156499565E-1
9.92995572799765114E-7	2.02646349813150195E-1
9.93003578287824240E-7	2.00985460910894576E-1
9.93013578287824039E-7	1.99732173788601863E-1
9.93023578287824371E-7	1.98049774565743952E-1
9.93033578287824525E-7	1.95954910786018210E-1
9.93043578287824502E-7	1.93290508642123293E-1
9.93053578287824656E-7	1.88943333112751488E-1
9.93063578287824456E-7	1.83154978574220184E-1
9.93073578287824787E-7	1.76361226792267156E-1
9.93083578287824587E-7	1.67706963477145843E-1
9.93093578287824741E-7	1.57453199347210027E-1
9.93103578287825073E-7	1.46429379340956745E-1
9.93113578287825050E-7	1.33977917249115963E-1
9.93123578287825026E-7	1.20233118157314878E-1
9.93133578287825003E-7	1.06253125849009900E-1
9.93143578287824980E-7	9.15531724672850977E-2
9.93153578287825312E-7	7.60501325644912907E-2
9.93163578287825466E-7	6.08930493970641429E-2
9.93173578287825265E-7	4.57728375512118735E-2
9.93183578287825597E-7	3.03463991200193473E-2
9.93193578287825396E-7	1.57337321548007258E-2
9.93203578287825550E-7	1.82273402539917084E-3
9.93213578287825527E-7	-1.19834675994973305E-2
9.93223578287825681E-7	-2.47004744563899692E-2
9.93233578287825480E-7	-3.62176789223468676E-2
9.93243578287825812E-7	-4.73307158290736574E-2
9.93253578287825789E-7	-5.72844157922163699E-2
9.93263578287825766E-7	-6.57378427283482125E-2
9.93273578287826098E-7	-7.35938329072738107E-2
9.93283578287826074E-7	-8.04112226270505914E-2
9.93293578287826229E-7	-8.56803129576789502E-2
9.93303578287826205E-7	-9.04709324948117732E-2
9.93313578287826360E-7	-9.84953376472302899E-2
9.93319116202160401E-7	-1.05727252411684547E-1
9.93324981510136595E-7	-1.14785569366018492E-1
9.93329794993994675E-7	-1.23356613291149642E-1
9.93334617320118696E-7	-1.35047492426011306E-1
9.93341031812853359E-7	-1.56328581451720172E-1
9.93346573069418604E-7	-1.77649957824225457E-1
9.93354184817895991E-7	-2.10072554750387752E-1
9.93359962707865485E-7	-2.38398768305670217E-1
9.93368952961027674E-7	-2.83714525730165512E-1
9.93376135517775616E-7	-3.16279056649831425E-1
9.93383519792293335E-7	-3.46507981704815604E-1
9.93389879571533641E-7	-3.69699547570816645E-1
9.93394802860013648E-7	-3.83656006236210434E-1
9.93402055835915831E-7	-3.97046108982729340E-1
9.93407333420532623E-7	-4.03340122328932882E-1
9.93414314139440435E-7	-4.08411144396325820E-1
9.93420007427699936E-7	-4.08200043877420793E-1
9.93427395022161619E-7	-4.02147550496186312E-1
9.93434331331415876E-7	-3.94187071560626290E-1
9.93441830320455743E-7	-3.84843862904959044E-1
9.93448512940758732E-7	-3.74378121810612363E-1
9.93456850886630782E-7	-3.60566287342395642E-1
9.93462916485569991E-7	-3.52533838111397912E-1
9.93468721083231010E-7	-3.45961929381371558E-1
9.93473714529534391E-7	-3.39924907937037712E-1
9.93480628274042132E-7	-3.32422758641248040E-1
9.93487198475344435E-7	-3.27561748813744558E-1
9.93495057023863204E-7	-3.22013299800517583E-1
9.93500431809109941E-7	-3.17092635838191850E-1
9.93506077008907518E-7	-3.11875373707952264E-1
9.93512024943991534E-7	-3.06669657030896570E-1
9.93517573544329302E-7	-3.00581953549649850E-1
9.93523484550336633E-7	-2.91964667261149335E-1
9.93529146105950645E-7	-2.82838492542905939E-1
9.93533312713458017E-7	-2.76109218828840497E-1
9.93537829299446962E-7	-2.68227291689707492E-1
9.93541617551871958E-7	-2.60666833949698429E-1
9.93546445787111843E-7	-2.50156424611031003E-1
9.93551652781238381E-7	-2.38874712993694649E-1
9.93557590120055245E-7	-2.26405928411379387E-1
9.93564076618172720E-7	-2.12180391370644239E-1
9.93571053651552738E-7	-1.96431521977286194E-1
9.93578016739034275E-7	-1.81937080289627073E-1
9.93584667254953402E-7	-1.69042528392085889E-1
9.93591738471133468E-7	-1.55065372054078843E-1
9.93598390456622305E-7	-1.42282106819257126E-1
9.93606204114877656E-7	-1.28299715910734635E-1
9.93611663053271243E-7	-1.18190233720616988E-1
9.93616113411261459E-7	-1.09228621996308117E-1
9.93620710004913832E-7	-9.97754182958253821E-2
9.93624894211370346E-7	-9.12932600234212899E-2
9.93630271867218440E-7	-7.99473454690932783E-2
9.93636344715917730E-7	-6.56411345715359040E-2
9.93642616792198297E-7	-4.96631486663159727E-2
9.93649353597443330E-7	-3.22423831182127607E-2
9.93655101783946293E-7	-1.68702941617778746E-2
9.93661278085699529E-7	8.18470104095359829E-4
9.93667460185530871E-7	1.89033047202670179E-2
9.93672868489687389E-7	3.41163749282315276E-2
9.93677879394936880E-7	4.78520905496888105E-2
9.93681929077116877E-7	5.90591404968006994E-2
9.93686342197876371E-7	7.11802257721068532E-2
9.93690336691440379E-7	8.15413286835570617E-2
9.93695504097115290E-7	9.37538355380562116E-2
9.93699756332392425E-7	1.03138970113344852E-1
9.93704959648517594E-7	1.14256578722735291E-1
9.93710189916056663E-7	1.24616638440392191E-1
9.93715292946738415E-7	1.33368741654781786E-1
9.93722063683634005E-7	1.43422869535641628E-1
9.93727813637341306E-7	1.51360455457640231E-1
9.93735691580496905E-7	1.61203993517553745E-1
9.93742521356892716E-7	1.68444890428052996E-1
9.93749788868974449E-7	1.75837459793418494E-1
9.93756741717897008E-7	1.83356189804875114E-1
9.93763436322967664E-7	1.90596279898982024E-1
9.93772311413056997E-7	2.00328783685364442E-1
9.93778498609364291E-7	2.07835037009895318E-1
9.93786944292904550E-7	2.18732598108811915E-1
9.93793568248237769E-7	2.27133838127486687E-1
9.93800467098616203E-7	2.35876755144388905E-1
9.93806989965027654E-7	2.44277849857155349E-1
9.93812469043092683E-7	2.50932538628840440E-1
9.93817372506705610E-7	2.56235983051591365E-1
9.93822572505664148E-7	2.61365939082102328E-1
9.93827168368407854E-7	2.65611004341259838E-1
9.93831795375104221E-7	2.69390242496521193E-1
9.93836594876611024E-7	2.72478258430196885E-1
9.93840543595840487E-7	2.74397888225448394E-1
9.93844689637528411E-7	2.76011363300945778E-1
9.93849273072705230E-7	2.77375188805140915E-1
9.93853427303356973E-7	2.78066022448705485E-1
9.93859980981224922E-7	2.77890396186713939E-1
9.93864233460909929E-7	2.77113130071515235E-1
9.93869854526604968E-7	2.75639544472909170E-1
9.93875628509385223E-7	2.73499255837768018E-1
9.93881929092338900E-7	2.70236848201540525E-1
9.93888512002329350E-7	2.66150422087855798E-1
9.93896628908775881E-7	2.60762320033323558E-1
9.93904630427708646E-7	2.54863132973554762E-1
9.93914630427708623E-7	2.46697107068151666E-1
9.93924630427708777E-7	2.38387263916908365E-1
9.93934630427708754E-7	2.29821739228725219E-1
9.93944630427708731E-7	2.21293958532056001E-1
9.93954630427708530E-7	2.14227883210909553E-1
9.93961266930298848E-7	2.10470155255005187E-1
9.93961891930298869E-7	2.10137076242813903E-1
9.93963615012395429E-7	2.09218960059197912E-1
9.93968784258683691E-7	2.06547159180712780E-1
9.93974347730336305E-7	2.04138971648188905E-1
9.93980822253824314E-7	2.02397609907335685E-1
9.93990204619671935E-7	2.00947084428467004E-1
9.94000204619671912E-7	1.99267045760401063E-1
9.94010204619671889E-7	1.97538174145619028E-1
9.94020204619672221E-7	1.95584628655728032E-1
9.94030204619672375E-7	1.92069241979599337E-1
9.94040204619672174E-7	1.87195482535837932E-1
9.94050204619671973E-7	1.81393537555455797E-1
9.94060204619672305E-7	1.73720460953085398E-1
9.94070204619672460E-7	1.64378484654801715E-1
9.94080204619672614E-7	1.54172235144365466E-1
9.94090204619672591E-7	1.42473022809649219E-1
9.94100204619672922E-7	1.29356370349395067E-1
9.94110204619672722E-7	1.15809564504723328E-1
9.94120204619672876E-7	1.01469251921815884E-1
9.94130204619672675E-7	8.62161163628923255E-2
9.94140204619672829E-7	7.10638675112649310E-2
9.94150204619672806E-7	5.58883815185931709E-2
9.94160204619672960E-7	4.03574509677590054E-2
9.94170204619672937E-7	2.53819287949047645E-2
9.94180204619672914E-7	1.10621973343499969E-2
9.94190204619673246E-7	-3.11688290080601282E-3
9.94200204619673222E-7	-1.64504212800630656E-2
9.94210204619673377E-7	-2.86300420056038440E-2
9.94220204619673353E-7	-4.02809205626175171E-2
9.94230204619673330E-7	-5.09771461372191581E-2
9.94240204619673662E-7	-6.02367731438853404E-2
9.94250204619673461E-7	-6.86967973820468636E-2
9.94260204619673615E-7	-7.62529219882649301E-2
9.94270204619673947E-7	-8.23276085871326302E-2
9.94280204619673924E-7	-8.75175671967348379E-2
9.94290204619673723E-7	-9.27514291204236052E-2
9.94294957494812515E-7	-9.62052614370331405E-2
9.94299141703103473E-7	-1.01030576461922017E-1
9.94302213728857964E-7	-1.05496207972977452E-1
9.94305219667871221E-7	-1.09907127100465640E-1
9.94309724879864731E-7	-1.16504935897920769E-1
9.94312924331279646E-7	-1.22144647690536767E-1
9.94317047179230329E-7	-1.32370063501655943E-1
9.94322738568152786E-7	-1.50962594695226771E-1
9.94327387456418954E-7	-1.67752952538054778E-1
9.94336297454445805E-7	-2.04398627124359278E-1
9.94341795470943524E-7	-2.31589913766244848E-1
9.94350605452034486E-7	-2.76244822856598793E-1
9.94357643009866798E-7	-3.08467776096416202E-1
9.94364193408773822E-7	-3.36755166662850547E-1
9.94370834618678501E-7	-3.63049427128882130E-1
9.94375753416441732E-7	-3.78176107787108862E-1
9.94383169891782792E-7	-3.93519157916952311E-1
9.94387955541473190E-7	-4.00699701811153286E-1
9.94395400868793189E-7	-4.08359217460153001E-1
9.94401201914683774E-7	-4.09080990797208877E-1
9.94409194149312015E-7	-4.03231447916389740E-1
9.94415830728925343E-7	-3.96450237690056007E-1
9.94424127379810407E-7	-3.86612114622067704E-1
9.94430572856909478E-7	-3.76078947141028586E-1
9.94439636459780196E-7	-3.61067719425733102E-1
9.94446009937813713E-7	-3.53101640050845145E-1
9.94450686424404218E-7	-3.47735404242600632E-1
9.94455350323759824E-7	-3.41662591755976086E-1
9.94460260398503593E-7	-3.35780758943140700E-1
9.94465822713171477E-7	-3.31308665260957103E-1
9.94472221617344943E-7	-3.27154316100095599E-1
9.94478071681942133E-7	-3.22126759665954321E-1
9.94482258187903767E-7	-3.18186064749762654E-1
9.94487074718014341E-7	-3.14463555905267356E-1
9.94491417345573403E-7	-3.11322717203869725E-1
9.94496039212787686E-7	-3.06750619696707538E-1
9.94500658333481269E-7	-3.00626931359471250E-1
9.94505672349880321E-7	-2.93455077207575155E-1
9.94509659610701213E-7	-2.87929770738274371E-1
9.94512323614708293E-7	-2.84130310527788144E-1
9.94515897978047292E-7	-2.78275833978706411E-1
9.94519228218979734E-7	-2.71882182033769748E-1
9.94521972047149028E-7	-2.66156166225735547E-1
9.94525601153773486E-7	-2.58586315267735456E-1
9.94530210122439939E-7	-2.49368220366863413E-1
9.94534817054804954E-7	-2.40030989869769984E-1
9.94541148468748482E-7	-2.25859506794810994E-1
9.94547123899722507E-7	-2.12005022500138907E-1
9.94553913365597708E-7	-1.97591274993437871E-1
9.94560548168652403E-7	-1.84171442372818017E-1
9.94567198259543872E-7	-1.70263583292394172E-1
9.94571943628605837E-7	-1.60699294174641549E-1
9.94578234842105324E-7	-1.49326064913807688E-1
9.94584126991473383E-7	-1.38819873540845062E-1
9.94590297559461334E-7	-1.26938320822706086E-1
9.94595055628858304E-7	-1.17719456411665924E-1
9.94599792268666860E-7	-1.08945583879007302E-1
9.94604381588446174E-7	-1.00182181810256377E-1
9.94608452156940537E-7	-9.15628344663641691E-2
9.94613770252971996E-7	-7.93511865308253572E-2
9.94618981788770817E-7	-6.71974834992494685E-2
9.94625496711923240E-7	-5.16829027997616564E-2
9.94631358648506847E-7	-3.63778089833036233E-2
9.94637198616146634E-7	-1.98832464853547108E-2
9.94642679087898429E-7	-4.38936653267241272E-3
9.94648634217127459E-7	1.21411189448614598E-2
9.94653824080472759E-7	2.69512016447993119E-2
9.94656860834387402E-7	3.59030187238510878E-2
9.94659739773263674E-7	4.43408934494617668E-2
9.94662027696206508E-7	5.08319210751340034E-2
9.94664768106190422E-7	5.82527625576346075E-2
9.94666951060756155E-7	6.39269226791058109E-2
9.94669696123822078E-7	7.09262867281698650E-2
9.94672812005042317E-7	7.88636399934311072E-2
9.94676923922285106E-7	8.92753432770320643E-2
9.94681062563197571E-7	9.92185674154027986E-2
9.94686157936446236E-7	1.10140318380349678E-1
9.94691270481452072E-7	1.19921946805339030E-1
9.94695673487346887E-7	1.27923594805640772E-1
9.94700937306444288E-7	1.36946632606103624E-1
9.94706381243189952E-7	1.45055864978137272E-1
9.94713423654801865E-7	1.53917284428910928E-1
9.94719143585069787E-7	1.60642202865767025E-1
9.94727487680973610E-7	1.70060221531313283E-1
9.94734130215272394E-7	1.76825836271263892E-1
9.94741631227341649E-7	1.84418904266862049E-1
9.94748227729922618E-7	1.91814093353950721E-1
9.94755037177306178E-7	1.99778246678616878E-1
9.94762651521611474E-7	2.08734060286563761E-1
9.94768883624437805E-7	2.16583363307186616E-1
9.94777433332158623E-7	2.27992658191338249E-1
9.94784066040334025E-7	2.36545045316031821E-1
9.94789240164692323E-7	2.42886702489113127E-1
9.94794487911221559E-7	2.49287019095042073E-1
9.94798544534865137E-7	2.54117000030938245E-1
9.94804047791922486E-7	2.59978023114610401E-1
9.94808521828189463E-7	2.64038132186320063E-1
9.94813232352446164E-7	2.67845099793782637E-1
9.94817367657501173E-7	2.70894937761133647E-1
9.94821482090904929E-7	2.73481539095706383E-1
9.94824211818092152E-7	2.74829187941767961E-1
9.94827873084487635E-7	2.76148397324512818E-1
9.94831426733223090E-7	2.77029314352891243E-1
9.94836507232423806E-7	2.77855403296055847E-1
9.94840798489424927E-7	2.78104860415990007E-1
9.94845496215986458E-7	2.77669506485428652E-1
9.94851305520959173E-7	2.76146897063291785E-1
9.94855763147897676E-7	2.74527389032840485E-1
9.94864086907600687E-7	2.70832754984432089E-1
9.94869842828272866E-7	2.67542890921855392E-1
9.94879842828273020E-7	2.60656376924013600E-1
9.94887770812427341E-7	2.54859354471558719E-1
9.94897770812427318E-7	2.47088612696145793E-1
9.94907770812427472E-7	2.38522780001641221E-1
9.94917770812427449E-7	2.29956504553802832E-1
9.94927770812427603E-7	2.21812157917939023E-1
9.94937354719571410E-7	2.14731641813202678E-1
9.94944982021847579E-7	2.10263782953446077E-1
9.94945554811754995E-7	2.09986980261271050E-1
9.94947110716905492E-7	2.09252414741193560E-1
9.94951778432357514E-7	2.07118572744758023E-1
9.94956990128014063E-7	2.04821290893673025E-1
9.94963438603277517E-7	2.02651292819665896E-1
9.94972943201492122E-7	2.01200009300573068E-1
9.94982943201492454E-7	1.99922856012818295E-1
9.94992943201492253E-7	1.97857341119150920E-1
9.95002943201492229E-7	1.95900387570822287E-1
9.95012943201492561E-7	1.92897596810721383E-1
9.95022943201492538E-7	1.87804878726325319E-1
9.95032943201492515E-7	1.81918565443219871E-1
9.95042943201492669E-7	1.74774945140031868E-1
9.95052943201492468E-7	1.65297655976954583E-1
9.95062943201492978E-7	1.54901152179698531E-1
9.95072943201492777E-7	1.43686883973224044E-1
9.95082943201492931E-7	1.30503493893982458E-1
9.95092943201493085E-7	1.16662933619217224E-1
9.95102943201493062E-7	1.02723988536347655E-1
9.95112943201492861E-7	8.74693758441181579E-2
9.95122943201493193E-7	7.19410360708922347E-2
9.95132943201493347E-7	5.70585003753493414E-2
9.95142943201493502E-7	4.15926336207395586E-2
9.95152943201493301E-7	2.61931482797589821E-2
9.95162943201493455E-7	1.20426957288102376E-2
9.95172943201493609E-7	-2.00580847376520133E-3
9.95182943201493408E-7	-1.57678500941517252E-2
9.95192943201493563E-7	-2.79086109657782888E-2
9.95202943201493540E-7	-3.93727314599367206E-2
9.95212943201493871E-7	-5.04549211999648417E-2
9.95222943201493848E-7	-5.98022470274393125E-2
9.95232943201493825E-7	-6.80401354547303772E-2
9.95242943201493802E-7	-7.58949042457546685E-2
9.95252943201494311E-7	-8.21633942677171270E-2
9.95262943201494288E-7	-8.71191916287416390E-2
9.95272943201494087E-7	-9.22797676186670657E-2
9.95277864483350605E-7	-9.58008333787820376E-2
9.95282291268159724E-7	-1.00733937015747155E-1
9.95285825538177171E-7	-1.05702367469086211E-1
9.95288898724552773E-7	-1.10079732264108521E-1
9.95294009284150505E-7	-1.17762447601424092E-1
9.95297375852796051E-7	-1.24277199764057156E-1
9.95302326576667085E-7	-1.37836468432241044E-1
9.95307444509018602E-7	-1.55301849884980281E-1
9.95312617934190769E-7	-1.74300835483641303E-1
9.95319232527349840E-7	-2.02124129040553946E-1
9.95323962520371097E-7	-2.25556999489379972E-1
9.95330740943389181E-7	-2.60090599140638856E-1
9.95336406857203215E-7	-2.86979877053841603E-1
9.95342395299593363E-7	-3.14474533156456371E-1
9.95348541360104377E-7	-3.41905026811172874E-1
9.95353826921650509E-7	-3.61990987223501692E-1
9.95359954104308642E-7	-3.79293625533961576E-1
9.95363902893959995E-7	-3.88064137656807695E-1
9.95368884564590317E-7	-3.97837220172430595E-1
9.95373951823669145E-7	-4.05217931560603351E-1
9.95379471675111205E-7	-4.08436727782184406E-1
9.95386119389790736E-7	-4.06876359829864231E-1
9.95392332310619210E-7	-4.03292675866709338E-1
9.95399171898455037E-7	-3.97576169121209588E-1
9.95405534445841056E-7	-3.88808267076921688E-1
9.95413187414653855E-7	-3.76003675093764667E-1
9.95419712275346313E-7	-3.66509554035554608E-1
9.95427442407198626E-7	-3.56243429083876295E-1
9.95431558207375744E-7	-3.50233894487740827E-1
9.95436581478936588E-7	-3.43325933274265127E-1
9.95441201190130087E-7	-3.38633682030944794E-1
9.95447283344122802E-7	-3.33896595868479196E-1
9.95452990164638507E-7	-3.28964427733077658E-1
9.95457934958698232E-7	-3.24403032256415313E-1
9.95461327718582467E-7	-3.21816492631371975E-1
9.95464594512872836E-7	-3.19813178420022393E-1
9.95468821685028260E-7	-3.16986825943548478E-1
9.95473398806795196E-7	-3.12739984621413836E-1
9.95477940311118914E-7	-3.07569442231447843E-1
9.95483394786939080E-7	-3.01284355800750792E-1
9.95487575312420425E-7	-2.96400388860694308E-1
9.95491938739247040E-7	-2.90356175733265154E-1
9.95495547018321503E-7	-2.84287088541017630E-1
9.95498683281567587E-7	-2.78475060244295358E-1
9.95502494022562701E-7	-2.71349394685907397E-1
9.95506159810477520E-7	-2.64615534323306045E-1
9.95509668232025291E-7	-2.57975630950111956E-1
9.95514951435539430E-7	-2.46858109465279929E-1
9.95520636148097715E-7	-2.33896144007445095E-1
9.95526935555582071E-7	-2.19991847546234531E-1
9.95534022953627407E-7	-2.05066129282514797E-1
9.95541432847742946E-7	-1.89021067334107040E-1
9.95547985623604070E-7	-1.75160759514133457E-1
9.95552671088964480E-7	-1.66233559191334601E-1
9.95559467848241297E-7	-1.53784090702794107E-1
9.95565989987164102E-7	-1.41313304234596071E-1
9.95572415432044266E-7	-1.29166133272284300E-1
9.95579024594808892E-7	-1.17281592757582720E-1
9.95583361918900067E-7	-1.09137834681848545E-1
9.95589108677329193E-7	-9.71367814963459075E-2
9.95593954424375838E-7	-8.64674277111936895E-2
9.95600238054420217E-7	-7.25869204854516958E-2
9.95606198012583476E-7	-5.85867668576224965E-2
9.95613232130697057E-7	-4.01008838944549595E-2
9.95619548295016799E-7	-2.26447692684722934E-2
9.95624682165292718E-7	-8.59619720006156207E-3
9.95630891320966072E-7	8.80023042204304318E-3
9.95637712692855104E-7	2.87994168214424251E-2
9.95642298520890634E-7	4.21239810309902740E-2
9.95645473301401474E-7	5.08843767685037207E-2
9.95647450367256326E-7	5.61404383647149263E-2
9.95649537225757442E-7	6.16088299854805310E-2
9.95653269009437203E-7	7.13887261019482011E-2
9.95657032924744456E-7	8.12312700664469389E-2
9.95661157796135221E-7	9.15811787138693312E-2
9.95666456306577174E-7	1.03577206972391700E-1
9.95671710296844381E-7	1.14215999364430965E-1
9.95676106507258574E-7	1.22633221455901276E-1
9.95680681738006435E-7	1.30966835395964765E-1
9.95686158756690709E-7	1.39798821563004250E-1
9.95692415986018631E-7	1.48336830096094685E-1
9.95698256290772932E-7	1.55599440312301196E-1
9.95706076366114523E-7	1.64820854595944644E-1
9.95712849710639070E-7	1.71978793804098218E-1
9.95721393653404618E-7	1.80588754960469844E-1
9.95728335007477128E-7	1.88143540887701799E-1
9.95735980676822052E-7	1.96884017481357887E-1
9.95743931745528599E-7	2.06125202515526729E-1
9.95750607075991567E-7	2.14471936030324839E-1
9.95760265803118827E-7	2.27256140446072585E-1
9.95767463147655363E-7	2.36501958385814781E-1
9.95773219887922068E-7	2.43618015848335379E-1
9.95778944751296535E-7	2.50618813155947340E-1
9.95783817665871496E-7	2.56232507788414576E-1
9.95789833362670507E-7	2.62221918856922187E-1
9.95795141459545086E-7	2.66720886993135409E-1
9.95800715370238265E-7	2.70882259026358163E-1
9.95804891125350267E-7	2.73504661431733886E-1
9.95808706504616126E-7	2.75319692858421661E-1
9.95813010915105146E-7	2.76688513080194198E-1
9.95816848530304810E-7	2.77472756908270446E-1
9.95822657361048691E-7	2.78090316525722026E-1
9.95826993779539471E-7	2.77978553431325537E-1
9.95832703253655716E-7	2.76853835837454021E-1
9.95837230021259145E-7	2.75324055918113597E-1
9.95842811977653497E-7	2.73062896147880263E-1
9.95848863986835653E-7	2.70138377046571732E-1
9.95855060475935794E-7	2.66384901071268487E-1
9.95862534341051919E-7	2.61161765166600013E-1
9.95870391075770200E-7	2.55484903752326176E-1
9.95879221296632622E-7	2.48670528590226514E-1
9.95889221296632421E-7	2.40195621331974740E-1
9.95899221296632753E-7	2.31665189757726475E-1
9.95909221296632730E-7	2.23381620004390813E-1
9.95919221296633062E-7	2.15771570578212746E-1
9.95927430593587282E-7	2.10845326724437054E-1
9.95927982861297068E-7	2.10573390508294311E-1
9.95929474621120470E-7	2.09853923331828929E-1
9.95933949900590498E-7	2.07746565873763522E-1
9.95939470429966001E-7	2.05210193921697748E-1
9.95945693406099508E-7	2.02978221433550843E-1
9.95954342500278678E-7	2.01536194406122515E-1
9.95964342500278654E-7	2.00297245440088023E-1
9.95974342500278809E-7	1.98272891468410295E-1
9.95984342500278963E-7	1.96401911608153146E-1
9.95994342500279117E-7	1.93704622582637231E-1
9.96004342500279094E-7	1.88878644995167488E-1
9.96014342500278893E-7	1.83185846801824681E-1
9.96024342500279047E-7	1.76396460293439228E-1
9.96034342500279379E-7	1.67230559259448652E-1
9.96044342500279356E-7	1.56995742965126439E-1
9.96054342500279333E-7	1.46057924978259202E-1
9.96064342500279487E-7	1.33131356621824448E-1
9.96074342500279286E-7	1.19356098889213147E-1
9.96084342500279440E-7	1.05557453987371064E-1
9.96094342500279595E-7	9.04629528493560287E-2
9.96104342500279394E-7	7.48900477122750452E-2
9.96114342500279903E-7	5.99996666026714109E-2
9.96124342500279880E-7	4.45918559725769725E-2
9.96134342500279857E-7	2.90568813934143666E-2
9.96144342500279834E-7	1.47682142020823615E-2
9.96154342500279988E-7	6.90690774874625468E-4
9.96164342500279965E-7	-1.32624385654488641E-2
9.96174342500280297E-7	-2.56377851487557429E-2
9.96184342500280273E-7	-3.71958680024747856E-2
9.96194342500280428E-7	-4.84865064074895535E-2
9.96204342500280227E-7	-5.81244893377657412E-2
9.96214342500280381E-7	-6.64991344789785899E-2
9.96224342500280535E-7	-7.45452267985268335E-2
9.96234342500280334E-7	-8.11136736159758698E-2
9.96244342500280489E-7	-8.62087191444562073E-2
9.96254342500280288E-7	-9.12104918339917070E-2
9.96264342500280620E-7	-9.93451850277406123E-2
9.96270017039322120E-7	-1.06818979877570186E-1
9.96275231956206397E-7	-1.14985599749493494E-1
9.96280119645494011E-7	-1.23743582105433614E-1
9.96284821992185421E-7	-1.35048398054282059E-1
9.96291238778989552E-7	-1.56155349294094892E-1
9.96296840107417658E-7	-1.77730300806349684E-1
9.96304283892242282E-7	-2.09423907381414498E-1
9.96309984524734560E-7	-2.37208936828764871E-1
9.96318827340183510E-7	-2.81830730718460876E-1
9.96325991818687839E-7	-3.14603502993658468E-1
9.96333694703663042E-7	-3.46247736225681102E-1
9.96340150920149092E-7	-3.69759097892951250E-1
9.96345301764177904E-7	-3.84300286299852800E-1
9.96352597871159595E-7	-3.97613713568479188E-1
9.96358029996041772E-7	-4.03919594140031624E-1
9.96365100977628515E-7	-4.08665109178047015E-1
9.96370704247451222E-7	-4.08148070119835094E-1
9.96378120014590962E-7	-4.01851191364554339E-1
9.96385065028671590E-7	-3.93760480705862204E-1
9.96392668029572093E-7	-3.84109716565035164E-1
9.96399374211251576E-7	-3.73489840415200991E-1
9.96407885756210021E-7	-3.59495259954033930E-1
9.96414036327187347E-7	-3.51488564675650661E-1
9.96419857086386251E-7	-3.44931345047212368E-1
9.96425099512631007E-7	-3.38642830144121909E-1
9.96431658007666954E-7	-3.31701082064192621E-1
9.96438427480202371E-7	-3.26800829809817328E-1
9.96445942783461369E-7	-3.21442856326928705E-1
9.96451101319431842E-7	-3.16678028245973175E-1
9.96457024877351039E-7	-3.11184549916683428E-1
9.96462437214882790E-7	-3.06423674290085124E-1
9.96468233663014935E-7	-3.00017997445544315E-1
9.96473754234917841E-7	-2.91941359558217917E-1
9.96479687451709495E-7	-2.82345300441471370E-1
9.96483712350372386E-7	-2.75806323664240072E-1
9.96488309382418969E-7	-2.67770387755228256E-1
9.96492067715570862E-7	-2.60282601956597182E-1
9.96496998215894969E-7	-2.49556359012495799E-1
9.96502223781424767E-7	-2.38202853668741721E-1
9.96508020995079313E-7	-2.26001107429027082E-1
9.96514643937899613E-7	-2.11505439594256872E-1
9.96521216348693528E-7	-1.96675837449543645E-1
9.96528251430157219E-7	-1.81959437489313891E-1
9.96534493287597734E-7	-1.69841170120772245E-1
9.96541363700465510E-7	-1.56297594703012255E-1
9.96547638873253305E-7	-1.44144796104780126E-1
9.96555151901047509E-7	-1.30601166516225931E-1
9.96560960093413506E-7	-1.19955775346692661E-1
9.96564787022939669E-7	-1.12365675844139901E-1
9.96569373518738111E-7	-1.02985096275602883E-1
9.96572975440587783E-7	-9.56913630194178388E-2
9.96578667443409394E-7	-8.39221385629848626E-2
9.96584182622020620E-7	-7.13999976077315690E-2
9.96591680705714644E-7	-5.26702984627294590E-2
9.96598210851974464E-7	-3.58145312489317558E-2
9.96604489041397379E-7	-1.91549958050396008E-2
9.96610614406948159E-7	-1.78672128873903624E-3
9.96617838073494688E-7	1.92880533731299120E-2
9.96623416376277227E-7	3.50133908892569456E-2
9.96629072270603444E-7	5.05151335985865657E-2
9.96633260901102247E-7	6.20509936540746132E-2
9.96638023492829461E-7	7.49580554914846608E-2
9.96642340408170924E-7	8.58818375051449934E-2
9.96648143713274592E-7	9.91910142763395974E-2
9.96652795442542327E-7	1.09179364397274670E-1
9.96657785543506591E-7	1.19479005190110277E-1
9.96662682910245223E-7	1.28688128142879377E-1
9.96668331305283495E-7	1.37786062584596447E-1
9.96673975692184655E-7	1.45822260899721390E-1
9.96680493172767967E-7	1.54580938891949149E-1
9.96687036550182448E-7	1.62491513107346797E-1
9.96694593964592102E-7	1.70370439359747050E-1
9.96701022033032835E-7	1.76929962015317299E-1
9.96709021479190227E-7	1.85609141971407210E-1
9.96715466699169284E-7	1.92578504326485289E-1
9.96724618804233131E-7	2.02793294656646950E-1
9.96730806685454240E-7	2.10473612277331901E-1
9.96738525662410346E-7	2.20486033784257307E-1
9.96745229631928709E-7	2.28971925545777921E-1
9.96751800597732540E-7	2.37306710673020493E-1
9.96757704548024748E-7	2.44889868524611565E-1
9.96763601259817023E-7	2.51971217538415448E-1
9.96768253735921306E-7	2.56933760612707340E-1
9.96773506978861334E-7	2.62055095895501866E-1
9.96777896232135951E-7	2.66049019680337917E-1
9.96782614560252966E-7	2.69824780970061884E-1
9.96787058697635686E-7	2.72636435730228710E-1
9.96790893408950929E-7	2.74491142799320720E-1
9.96795072914079228E-7	2.76098251019820662E-1
9.96799561501643083E-7	2.77407477704071326E-1
9.96803764632600497E-7	2.78094744182308551E-1
9.96810426684298179E-7	2.77907741414543219E-1
9.96814730907297175E-7	2.77105497557861558E-1
9.96820497430861252E-7	2.75541711906917985E-1
9.96826534620370808E-7	2.73219590161629400E-1
9.96833119387972566E-7	2.69722466230321745E-1
9.96840254016665561E-7	2.65219572438179352E-1
9.96849237897293250E-7	2.59094300494693641E-1
9.96857962278424736E-7	2.52436880862606694E-1
9.96867962278424713E-7	2.44147732452246391E-1
9.96877962278425045E-7	2.35757938043769588E-1
9.96887962278424844E-7	2.27128574650736592E-1
9.96897962278424998E-7	2.18909528742516368E-1
9.96907840792366606E-7	2.12444440706195836E-1
9.96916213184455557E-7	2.08003513274316143E-1
9.96925111669908226E-7	2.03946411938800898E-1
9.96934877168358469E-7	2.01302165051011261E-1
9.96943368434619792E-7	2.00291017125436399E-1
9.96953368434619591E-7	1.98652438056118852E-1
9.96963368434619746E-7	1.96590254692368371E-1
9.96973368434619900E-7	1.94420342806051138E-1
9.96983368434619877E-7	1.90631185853774987E-1
9.96993368434619853E-7	1.85197876548208162E-1
9.97003368434620185E-7	1.79010926229472145E-1
9.97013368434620340E-7	1.71030222022644396E-1
9.97023368434620139E-7	1.61153545479541904E-1
9.97033368434620115E-7	1.50591797899179713E-1
9.97043368434620447E-7	1.38703066356989613E-1
9.97053368434620602E-7	1.25208304150704963E-1
9.97063368434620578E-7	1.11429949975820075E-1
9.97073368434620555E-7	9.70763190799820386E-2
9.97083256981773580E-7	8.18215016000506878E-2
9.97093256981773735E-7	6.65844373946799628E-2
9.97103256981773889E-7	5.15687785887246708E-2
9.97113256981773688E-7	3.60656254270353083E-2
9.97123256981773842E-7	2.11319880373563729E-2
9.97132962934685096E-7	7.50751692916698232E-3
9.97142962934685251E-7	-6.49478192379212782E-3
9.97152962934685227E-7	-1.97244494412249161E-2
9.97162789718593245E-7	-3.13794809871596980E-2
9.97172789718593400E-7	-4.27587602184355120E-2
9.97182789718593554E-7	-5.33177032664858608E-2
9.97192789718593531E-7	-6.22710425314106786E-2
9.97202789718593330E-7	-7.04043082392498665E-2
9.97212789718593484E-7	-7.77964092648537697E-2
9.97222789718593638E-7	-8.36139361758503163E-2
9.97232789718593793E-7	-8.85069735535599555E-2
9.97242789718593592E-7	-9.47187975387148562E-2
9.97250211195632019E-7	-1.02446201783943547E-1
9.97254591599988416E-7	-1.08777502168260076E-1
9.97258595491431699E-7	-1.15150695792793067E-1
9.97263148107468034E-7	-1.23360619103767100E-1
9.97267334000879302E-7	-1.33254825676782285E-1
9.97273565301929210E-7	-1.53156309856483919E-1
9.97279063119829345E-7	-1.73906459259848467E-1
9.97286311173820117E-7	-2.04208565041707235E-1
9.97291858305287349E-7	-2.30752319939886741E-1
9.97299868857246530E-7	-2.71300657432967629E-1
9.97306862747186074E-7	-3.04218755300652344E-1
9.97315466671549089E-7	-3.40595646421968468E-1
9.97322140158766324E-7	-3.65655027302144164E-1
9.97328203250259016E-7	-3.83275094131783867E-1
9.97335348372630470E-7	-3.96646838267478330E-1
9.97341058173343420E-7	-4.03544596402822009E-1
9.97348519598438266E-7	-4.08469399560846913E-1
9.97354224110367760E-7	-4.07666374707776225E-1
9.97362244763664485E-7	-4.00672123810720571E-1
9.97369455555096884E-7	-3.92270948429599420E-1
9.97377981922426038E-7	-3.81005729290879236E-1
9.97385027690043202E-7	-3.69524383906396237E-1
9.97392494216927972E-7	-3.57715890205934350E-1
9.97398802342858382E-7	-3.49968791488355535E-1
9.97404081911725982E-7	-3.44069749803896885E-1
9.97409863728140955E-7	-3.37273956661493024E-1
9.97415954448269737E-7	-3.31259345344117095E-1
9.97423087872092218E-7	-3.26308158570136975E-1
9.97430124793494599E-7	-3.21078170184378475E-1
9.97435300482310794E-7	-3.16228813303119249E-1
9.97441307353037487E-7	-3.10720218257418423E-1
9.97446529966045858E-7	-3.05990745873514669E-1
9.97452099939782322E-7	-2.99522858063394848E-1
9.97457434201255388E-7	-2.91558871280816190E-1
9.97462850135869417E-7	-2.82787343887852227E-1
9.97466817109085646E-7	-2.76322250834975902E-1
9.97471647664648309E-7	-2.67789392693098005E-1
9.97475695725809075E-7	-2.59628549691584176E-1
9.97480742424349032E-7	-2.48623445615291017E-1
9.97486265374837799E-7	-2.36691203666633498E-1
9.97492307483152985E-7	-2.23918929306767955E-1
9.97499467807023166E-7	-2.08096303604139043E-1
9.97506102644289783E-7	-1.93306041883842794E-1
9.97513055636080104E-7	-1.79105667438369198E-1
9.97519135897909948E-7	-1.67356846933285319E-1
9.97526885310930744E-7	-1.52163194705446703E-1
9.97533681038827957E-7	-1.39362904871822813E-1
9.97543188333739295E-7	-1.22205491387322174E-1
9.97548339166161213E-7	-1.12330781479456765E-1
9.97556627242651928E-7	-9.52160785724226244E-2
9.97562409284543605E-7	-8.29896052880279100E-2
9.97570849860926145E-7	-6.38279484996813284E-2
9.97578201443925572E-7	-4.50155131146217613E-2
9.97586045694151480E-7	-2.38797893363557190E-2
9.97592595782823288E-7	-6.02413647681249298E-3
9.97599974930002276E-7	1.50317293737919355E-2
9.97608913180228285E-7	4.09646392934917625E-2
9.97613948887871516E-7	5.48434279837980210E-2
9.97618182920513341E-7	6.59726414891327373E-2
9.97622301801171041E-7	7.66842063143422603E-2
9.97626417923251374E-7	8.72532930148629404E-2
9.97630965150127125E-7	9.82230685195963460E-2
9.97637443586348205E-7	1.12022307953041578E-1
9.97642450882712417E-7	1.21628176895382456E-1
9.97647584484378491E-7	1.31008207207994953E-1
9.97653843703375465E-7	1.41288809698977413E-1
9.97660843768237449E-7	1.50794840526710883E-1
9.97667066462305030E-7	1.58255253336448520E-1
9.97674191786719611E-7	1.66553431384022588E-1
9.97680668707318041E-7	1.73487875706545935E-1
9.97689288094477433E-7	1.82031574838815380E-1
9.97695233677159976E-7	1.88323149772575693E-1
9.97704443977350763E-7	1.98923364844046291E-1
9.97710743669134104E-7	2.06224424172947529E-1
9.97718612572653640E-7	2.15750057063948697E-1
9.97724874178272358E-7	2.24011492376843258E-1
9.97731710854012022E-7	2.33036449493822051E-1
9.97737460914460961E-7	2.40161567032555734E-1
9.97742873911379391E-7	2.46692739037917530E-1
9.97746243805900690E-7	2.50773442001668512E-1
9.97751337260915960E-7	2.56638615353529609E-1
9.97755762022574366E-7	2.61124268889059641E-1
9.97760718588345519E-7	2.65444149815620589E-1
9.97765323066905729E-7	2.69025353702950820E-1
9.97768968154640135E-7	2.71607137708140201E-1
9.97773485733283039E-7	2.74251668806777449E-1
9.97776142124240373E-7	2.75425492204073308E-1
9.97780159189146154E-7	2.76690036954320195E-1
9.97783848184892719E-7	2.77460815467223743E-1
9.97789009393932425E-7	2.78073185201153095E-1
9.97793180516963574E-7	2.78066313940309895E-1
9.97798901750920741E-7	2.77108107865291675E-1
9.97803606552024469E-7	2.75630403605445284E-1
9.97809012434434628E-7	2.73513847278774325E-1
9.97815974283693841E-7	2.70147181251825952E-1
9.97822542241116395E-7	2.66119692440713651E-1
9.97831550317908622E-7	2.59781908775073589E-1
9.97841299418490735E-7	2.52522522003459260E-1
9.97851299418490889E-7	2.44380509374915933E-1
9.97861299418490688E-7	2.35702202863161414E-1
9.97871299418490842E-7	2.27193520978734620E-1
9.97881299418490642E-7	2.19112948582752232E-1
9.97890528941294441E-7	2.12702563986947268E-1
9.97898700575055919E-7	2.08339784892334468E-1
9.97907620209271329E-7	2.04440588985839655E-1
9.97917071391302457E-7	2.01438143769127631E-1
9.97925357666347068E-7	2.00261157115819488E-1
9.97935357666347223E-7	1.99072228881945001E-1
9.97945357666347199E-7	1.96935579637929425E-1
9.97955357666347176E-7	1.94656982534325063E-1
9.97965357666347153E-7	1.91500801391847508E-1
9.97975357666347485E-7	1.86228615550796595E-1
9.97985357666347639E-7	1.79936439927019975E-1
9.97995357666347438E-7	1.72580766444091593E-1
9.98005357666347415E-7	1.62967517146993290E-1
9.98015357666347569E-7	1.52220946133207358E-1
9.98025357666347723E-7	1.40835104268595024E-1
9.98035357666347878E-7	1.27631146974407095E-1
9.98045357666347854E-7	1.13564557755154905E-1
9.98055357666347653E-7	9.95332520784146624E-2
9.98065357666347630E-7	8.43901642672666341E-2
9.98075357666348140E-7	6.87809062772269364E-2
9.98085357666347939E-7	5.38858750141951859E-2
9.98095357666348093E-7	3.86444320560323717E-2
9.98105357666348425E-7	2.33012954284247265E-2
9.98115357666348402E-7	9.19929662261312941E-3
9.98125357666348378E-7	-4.55182111303984005E-3
9.98135280896396182E-7	-1.80455909484476518E-2
9.98145280896396159E-7	-3.01101722232555247E-2
9.98155280896396668E-7	-4.12565373363089094E-2
9.98165280896396467E-7	-5.20946745723370164E-2
9.98175280896396444E-7	-6.13499280776478617E-2
9.98185280896396421E-7	-6.92936236739944000E-2
9.98195280896396575E-7	-7.68618414503682423E-2
9.98205280896396729E-7	-8.30411947739218625E-2
9.98215280896396706E-7	-8.77917436459908096E-2
9.98225216484152256E-7	-9.35398690094557139E-2
9.98233531613802860E-7	-1.02035864169659884E-1
9.98238020656345881E-7	-1.08532327902725978E-1
9.98242021429351212E-7	-1.14811697118971634E-1
9.98246410200940382E-7	-1.22513393920136737E-1
9.98250360676513004E-7	-1.31609337754665678E-1
9.98256489933546654E-7	-1.50899719797258025E-1
9.98261750651269963E-7	-1.70501961609046204E-1
9.98268358164876446E-7	-1.97352646873283333E-1
9.98274027073700410E-7	-2.23861861254406769E-1
9.98281009247140538E-7	-2.59493080404799015E-1
9.98287354714211261E-7	-2.90280384878020614E-1
9.98294506671980741E-7	-3.21983705325652281E-1
9.98300233107387491E-7	-3.46117078372036868E-1
9.98307598367656546E-7	-3.72293305554542764E-1
9.98312695041879650E-7	-3.85192191120371241E-1
9.98318172278576910E-7	-3.95184557991089536E-1
9.98323387985580801E-7	-4.02630983929685016E-1
9.98329993529896242E-7	-4.08255188267208435E-1
9.98335780289947472E-7	-4.08051317599912799E-1
9.98342970128051022E-7	-4.02846831363463931E-1
9.98349771993818536E-7	-3.96271127644731713E-1
9.98357165911981781E-7	-3.87342486251651907E-1
9.98363893342930453E-7	-3.76454343681523929E-1
9.98372203980809125E-7	-3.63039087575589781E-1
9.98379090321222584E-7	-3.54191997657268764E-1
9.98383498368916200E-7	-3.48835367915285843E-1
9.98388447910369337E-7	-3.42380348768499809E-1
9.98393540983595962E-7	-3.36530444172262566E-1
9.98400083269339511E-7	-3.31277816513499790E-1
9.98406717989206527E-7	-3.26473604982639731E-1
9.98412248976585559E-7	-3.21597157578808890E-1
9.98416666566355460E-7	-3.17740268264699832E-1
9.98422130795956519E-7	-3.13582402158117723E-1
9.98427002364047134E-7	-3.09421989804376230E-1
9.98432685807243381E-7	-3.02768211845875657E-1
9.98437828486217427E-7	-2.95624619160026869E-1
9.98443890056560868E-7	-2.86961269283145626E-1
9.98446947036937082E-7	-2.82370536544386308E-1
9.98451413068151084E-7	-2.74659174487364499E-1
9.98455810082692352E-7	-2.65916012201610030E-1
9.98459692508257213E-7	-2.57822647663720828E-1
9.98465443431363120E-7	-2.46066070506896128E-1
9.98471090169596387E-7	-2.34285777634683345E-1
9.98478565265124907E-7	-2.17471049236296388E-1
9.98485568645269339E-7	-2.01809156981338855E-1
9.98493670367875019E-7	-1.85201035475424747E-1
9.98501435069450771E-7	-1.69569410144588506E-1
9.98508259524321140E-7	-1.55909383427713655E-1
9.98515893421205547E-7	-1.41917444611739163E-1
9.98524284815910690E-7	-1.26762955685702972E-1
9.98529729883908068E-7	-1.16105663895553146E-1
9.98534538104199321E-7	-1.06477038277591496E-1
9.98539290485549280E-7	-9.71317485379871037E-2
9.98544614899792116E-7	-8.61856573032520146E-2
9.98550685394717874E-7	-7.22031981536061629E-2
9.98556652637554976E-7	-5.74006550576819308E-2
9.98563624444320119E-7	-3.98272228997688371E-2
9.98570517799545243E-7	-2.15318799275476458E-2
9.98576484514007667E-7	-4.42225093798493418E-3
9.98582655147169440E-7	1.35322582138257985E-2
9.98588714308033154E-7	3.05264918461266710E-2
9.98593647965777365E-7	4.42086037379844221E-2
9.98598604494783615E-7	5.81534032088861075E-2
9.98602528263131539E-7	6.89873212746839748E-2
9.98606754660980300E-7	7.98789023993823921E-2
9.98611725910911829E-7	9.16531689249362813E-2
9.98615977771801688E-7	1.01261457176377956E-1
9.98621195628575542E-7	1.12674920795607436E-1
9.98626340972582049E-7	1.22934598548409713E-1
9.98630795636216106E-7	1.30649850542343438E-1
9.98636552802436839E-7	1.39550971809524582E-1
9.98642394500370223E-7	1.48031882151360161E-1
9.98649112487393786E-7	1.56837222319195635E-1
9.98655871632722736E-7	1.64332710253932479E-1
9.98662788605441953E-7	1.71501806064542373E-1
9.98669631555237736E-7	1.78868552760484212E-1
9.98676531652214372E-7	1.86211837086167953E-1
9.98685122016766336E-7	1.95367992126920553E-1
9.98691591638934462E-7	2.02975012582353953E-1
9.98700214735144520E-7	2.13874995693373560E-1
9.98707095093696573E-7	2.22548130636525077E-1
9.98714160685976360E-7	2.31575471634799257E-1
9.98721392176902967E-7	2.41037922256621018E-1
9.98727865429848727E-7	2.49007811328938722E-1
9.98732727850351409E-7	2.54388974029601211E-1
9.98738213835597222E-7	2.60047385526470665E-1
9.98742714946889976E-7	2.64402358461673614E-1
9.98747817407777916E-7	2.68681516148278066E-1
9.98752469159898659E-7	2.71754494013963388E-1
9.98756976053306111E-7	2.74093874174571983E-1
9.98761447356559628E-7	2.75985114400479459E-1
9.98766313978102183E-7	2.77470533084882787E-1
9.98770931119430472E-7	2.78099935685656252E-1
9.98776649647052750E-7	2.77866333340558258E-1
9.98780809117143953E-7	2.77220383055549968E-1
9.98789052211851391E-7	2.75001461833550387E-1
9.98794565976134585E-7	2.72622850757116808E-1
9.98803611810101977E-7	2.67432219839810204E-1
9.98811115560316587E-7	2.62569803108045896E-1
9.98820497925530937E-7	2.55845192975804592E-1
9.98830497925531269E-7	2.47748774796916127E-1
9.98840497925531068E-7	2.39436327023115414E-1
9.98850497925531222E-7	2.30935716418094650E-1
9.98860497925531376E-7	2.22330705693849096E-1
9.98870497925531353E-7	2.15032820346801845E-1
9.98877307796526814E-7	2.11095216923375384E-1
9.98877932796527190E-7	2.10761132894707526E-1
9.98879598529605062E-7	2.09871253343048725E-1
9.98884595728838143E-7	2.07243886503879438E-1
9.98890884292054970E-7	2.04407910466278908E-1
9.98897159487555797E-7	2.02611975904779396E-1
9.98905797670816042E-7	2.01263542293404996E-1
9.98915797670815842E-7	1.99640895026808618E-1
9.98925797670815996E-7	1.97892694867991326E-1
9.98935797670815973E-7	1.96084829250953518E-1
9.98945797670815949E-7	1.92842264414862652E-1
9.98955797670816104E-7	1.88109025587402368E-1
9.98965797670816080E-7	1.82512729194159018E-1
9.98975797670816412E-7	1.75158458235639336E-1
9.98985797670816211E-7	1.65984583893704585E-1
9.98995797670816366E-7	1.55935750150679264E-1
9.99005797670816698E-7	1.44502608061608107E-1
9.99015797670816497E-7	1.31512109008746303E-1
9.99025797670816829E-7	1.18025312486764822E-1
9.99035797670816628E-7	1.03851413942974813E-1
9.99045789555680841E-7	8.86688320823887466E-2
9.99055789555680818E-7	7.34705786533349325E-2
9.99065789555681150E-7	5.83497991234679514E-2
9.99075789555681126E-7	4.28106472716080333E-2
9.99085789555681281E-7	2.77002350693989285E-2
9.99095789555681613E-7	1.33324005163043791E-2
9.99105789555681412E-7	-9.06027798971284071E-4
9.99115789555681211E-7	-1.44318676949319125E-2
9.99125789555681365E-7	-2.67411341304907246E-2
9.99135789555681342E-7	-3.84832114494630328E-2
9.99145789555681851E-7	-4.93941439590811537E-2
9.99155789555681828E-7	-5.88387389009386563E-2
9.99165789555681627E-7	-6.74047207099290624E-2
9.99175789555681959E-7	-7.51646110315438598E-2
9.99185789555681936E-7	-8.14466866597168249E-2
9.99195789555681912E-7	-8.67269559284532221E-2
9.99205789555682244E-7	-9.16935869178633922E-2
9.99215789555682221E-7	-1.00201715675878278E-1
9.99221075296794581E-7	-1.07713651554518397E-1
9.99225493470421711E-7	-1.14805301653797120E-1
9.99230187673168579E-7	-1.22899117661882284E-1
9.99234180357766633E-7	-1.31885082883681837E-1
9.99239510280586707E-7	-1.48559555122385412E-1
9.99244642119347759E-7	-1.67696773327089277E-1
9.99250273621226270E-7	-1.89966104289637183E-1
9.99256166214694197E-7	-2.16400322624830022E-1
9.99262106113931914E-7	-2.46695165619299406E-1
9.99268240924179452E-7	-2.77502721644017836E-1
9.99276079068923906E-7	-3.13084105983578231E-1
9.99281748496957967E-7	-3.37615840777729614E-1
9.99290608131578750E-7	-3.70771395928880798E-1
9.99295809179085559E-7	-3.84501524715993481E-1
9.99302456620253388E-7	-3.96448171479452283E-1
9.99307709518188503E-7	-4.03577589977086593E-1
9.99314886431427851E-7	-4.09087134527527407E-1
9.99320338876447778E-7	-4.08193318811317951E-1
9.99328771884127498E-7	-4.01027365695916238E-1
9.99335619177726819E-7	-3.93822108137525984E-1
9.99344490502800653E-7	-3.82083167357870490E-1
9.99351425399424542E-7	-3.70090958161290740E-1
9.99357934066601317E-7	-3.59720115794366713E-1
9.99364528697402044E-7	-3.51679748689636540E-1
9.99368651517387008E-7	-3.46759087232928698E-1
9.99374108424609986E-7	-3.39632067676933413E-1
9.99378872951115227E-7	-3.34314945612585834E-1
9.99386100174115022E-7	-3.28976141253007448E-1
9.99392298243293276E-7	-3.24563630354523713E-1
9.99396989739972597E-7	-3.20206230791792512E-1
9.99401698274136230E-7	-3.15958994434089702E-1
9.99406748994176120E-7	-3.12184724586850582E-1
9.99411825067091897E-7	-3.07898462399806894E-1
9.99416951508286289E-7	-3.01730076799700431E-1
9.99422096540630989E-7	-2.94312404506720071E-1
9.99427325796784594E-7	-2.86787748959637678E-1
9.99430119127327110E-7	-2.82768657026152725E-1
9.99433959808919248E-7	-2.76539376865335873E-1
9.99437753079060620E-7	-2.69278871329446012E-1
9.99440976518987867E-7	-2.62498656019682031E-1
9.99445017645983214E-7	-2.54016147586226859E-1
9.99449949974827767E-7	-2.44075235318847161E-1
9.99455004561985305E-7	-2.33591073791432358E-1
9.99461928217574958E-7	-2.17860125046678688E-1
9.99468371496187657E-7	-2.03280819856756256E-1
9.99475540557185838E-7	-1.88576437898259397E-1
9.99482613460856051E-7	-1.74286802662562623E-1
9.99487496754474414E-7	-1.64129281160445961E-1
9.99493336713330649E-7	-1.52802948977803221E-1
9.99500907110492953E-7	-1.39338090998058162E-1
9.99506248491405103E-7	-1.29450822514623365E-1
9.99514656869725115E-7	-1.12877065324244530E-1
9.99519061903137640E-7	-1.04322669840402016E-1
9.99524027157103490E-7	-9.46620303111999739E-2
9.99529233203215206E-7	-8.34957987295470971E-2
9.99535732812154620E-7	-6.80020724975539714E-2
9.99541345689014804E-7	-5.42365184410653089E-2
9.99547908597334711E-7	-3.78452543394165941E-2
9.99553141594410022E-7	-2.37250580950272694E-2
9.99558468954351298E-7	-8.36075570630895015E-3
9.99563600379044281E-7	6.39962451105099461E-3
9.99569940014095693E-7	2.40602979228385117E-2
9.99574703354545413E-7	3.74383730462651698E-2
9.99581896943303505E-7	5.79207388112147648E-2
9.99585550668270173E-7	6.79240418407935387E-2
9.99590974272695476E-7	8.15541395822205750E-2
9.99595061644394889E-7	9.11798208421123313E-2
9.99600553056846408E-7	1.03844924698798224E-1
9.99606084921468785E-7	1.15803883167503052E-1
9.99610559711571156E-7	1.24276324154744300E-1
9.99615981756364036E-7	1.33264226986969136E-1
9.99621052330964055E-7	1.41133766500634961E-1
9.99627668160125182E-7	1.50727979667723133E-1
9.99633383037600609E-7	1.57805654849021515E-1
9.99641611068822833E-7	1.66643422480781789E-1
9.99647416419921164E-7	1.72875161976615677E-1
9.99655470440560201E-7	1.81573888042472964E-1
9.99662027707895717E-7	1.88292513250817950E-1
9.99668717251085148E-7	1.95489018978747486E-1
9.99675206974286468E-7	2.03340614075977522E-1
9.99681477594165280E-7	2.11176921056988798E-1
9.99688894864732980E-7	2.20323205927264487E-1
9.99694801469400041E-7	2.27933675360296917E-1
9.99701594415467554E-7	2.37006731419071182E-1
9.99707550287277869E-7	2.44507684229916755E-1
9.99711242924683496E-7	2.48776693515664071E-1
9.99716390849809500E-7	2.54525219995382690E-1
9.99720093261366571E-7	2.58578665735452518E-1
9.99724986730603860E-7	2.63507554806127331E-1
9.99729451039694972E-7	2.67273078273565323E-1
9.99734228528406632E-7	2.70564172938068070E-1
9.99738637412818676E-7	2.73175167941868802E-1
9.99741768896124228E-7	2.74821530426973748E-1
9.99745985899942724E-7	2.76555730718492487E-1
9.99750449267318686E-7	2.77604011893096114E-1
9.99754465641882817E-7	2.77931776466600944E-1
9.99758421298248123E-7	2.77911987754049150E-1
9.99764572640320281E-7	2.77304751199508814E-1
9.99769115156557930E-7	2.76209379348348172E-1
9.99777651705324644E-7	2.72629712834040827E-1
9.99783202087017742E-7	2.69671557426075337E-1
9.99793202087017541E-7	2.63629307987410177E-1
9.99800755612081993E-7	2.58151707548406106E-1
9.99810755612082147E-7	2.50254812641941893E-1
9.99820755612082124E-7	2.42244259627165359E-1
9.99830755612082456E-7	2.33605741066498318E-1
9.99840755612082432E-7	2.24858662511815677E-1
9.99850755612082587E-7	2.17321695753118505E-1
9.99858930834667348E-7	2.12066183851794587E-1
9.99859555834667368E-7	2.11688319739934983E-1
9.99861203561669498E-7	2.10709310731561050E-1
9.99866146742676420E-7	2.08033672518189672E-1
9.99873078270678306E-7	2.05019756552084109E-1
9.99879462223459825E-7	2.03000319229465465E-1
9.99887139312627582E-7	2.01381416900749288E-1
9.99896819567567796E-7	1.99987318596334007E-1
9.99906819567567595E-7	1.98462908897722023E-1
9.99916819567567927E-7	1.96429052943406712E-1
9.99926819567568081E-7	1.93613999124579372E-1
9.99936819567567881E-7	1.89443698260535109E-1
9.99946819567568213E-7	1.83789647528201971E-1
9.99956819567568189E-7	1.76852173095522502E-1
9.99966819567567988E-7	1.68337921964347936E-1
9.99976819567568143E-7	1.58246332150409619E-1
9.99986819567568119E-7	1.47067402729228958E-1
9.99996819567568096E-7	1.34690570186183090E-1
1.00000000000000000E-6	1.30443821483284239E-1


