time	Tran1.TRAN.Vout
3.22000000000000020E-11	7.08122341943915323E-17
1.32200000000000051E-10	5.90612073044704999E-16
2.32199999999999918E-10	1.07191711573822990E-15
3.32200000000000006E-10	-9.68257497545404533E-17
4.32200000000000273E-10	4.78661361563943721E-16
5.32200000000000006E-10	1.60527108825589981E-15
6.32199999999999562E-10	1.73757056856230285E-15
7.32199999999999385E-10	1.37685436799058736E-15
8.32199999999998852E-10	8.79273272455173327E-16
9.32199999999998852E-10	2.90508759590102983E-16
1.03219999999999845E-9	-2.79350524912507003E-15
1.13219999999999832E-9	-1.01196528208591463E-14
1.23219999999999730E-9	-1.23925615508276321E-14
1.33219999999999716E-9	-1.24075023088088465E-14
1.43219999999999681E-9	-5.12998888763920569E-15
1.53219999999999668E-9	7.90312549479432835E-15
1.63219999999999610E-9	2.26793580285553054E-14
1.73219999999999597E-9	3.34239922001360235E-14
1.83219999999999539E-9	3.31988010339697492E-14
1.93219999999999636E-9	2.22323209012398815E-14
2.03219999999999867E-9	-3.92364638184603987E-15
2.13220000000000010E-9	-3.48886636249424953E-14
2.23220000000000196E-9	-6.21314798492876630E-14
2.33220000000000294E-9	-6.80091568299258320E-14
2.43220000000000525E-9	-4.77118310673697277E-14
2.53220000000000667E-9	2.06623097779536380E-15
2.63220000000000853E-9	6.26873856490908654E-14
2.73220000000001129E-9	1.09031069639603673E-13
2.83220000000001182E-9	1.07226142062645691E-13
2.93220000000001368E-9	4.69803573643579409E-14
3.03220000000001599E-9	-6.03535382733307380E-14
3.13220000000001697E-9	-1.75202206159578555E-13
3.23220000000001884E-9	-2.39655230587411916E-13
3.33220000000002070E-9	-2.05032377206559824E-13
3.43220000000002301E-9	-5.76142209258423765E-14
3.53220000000002443E-9	1.64188726999685564E-13
3.63220000000002541E-9	3.70304033309343028E-13
3.73220000000002727E-9	4.57805195841563517E-13
3.83220000000002425E-9	3.43856052996388417E-13
3.93220000000002168E-9	1.95537282679434110E-14
4.03220000000001999E-9	-4.13982816458719327E-13
4.13220000000001786E-9	-7.76810502669362535E-13
4.23220000000001573E-9	-8.61622012793823622E-13
4.33220000000001271E-9	-5.32647347735315879E-13
4.43220000000000969E-9	1.72670935049424767E-13
4.53220000000000756E-9	1.01579070833490448E-12
4.63220000000000542E-9	1.61734811002526424E-12
4.73220000000000329E-9	1.58702675974223939E-12
4.83220000000000116E-9	7.40387827159970158E-13
4.93219999999999814E-9	-7.53619644113628340E-13
5.03219999999999601E-9	-2.34727366025826045E-12
5.13219999999999210E-9	-3.26480434729319668E-12
5.23219999999999175E-9	-2.82206127730617506E-12
5.33219999999998961E-9	-8.07071829815496677E-13
5.43219999999998571E-9	2.26183469743146448E-12
5.53219999999998358E-9	5.16363203342726074E-12
5.63219999999998144E-9	6.37341451212167787E-12
5.73219999999997842E-9	4.74010750735924180E-12
5.83219999999997629E-9	1.81243893755205621E-13
5.93219999999997682E-9	-5.92984978248469741E-12
6.03219999999997203E-9	-1.09851613271258164E-11
6.13219999999996990E-9	-1.20840460755774837E-11
6.23219999999996510E-9	-7.40212993722286328E-12
6.33219999999996563E-9	2.54314814304064063E-12
6.43219999999996350E-9	1.43891746240074636E-11
6.53219999999995871E-9	2.27425151909852463E-11
6.63219999999995657E-9	2.22373121871645818E-11
6.73219999999995355E-9	1.02872054014487513E-11
6.83219999999995231E-9	-1.07220927540007027E-11
6.93219999999995018E-9	-3.30378042381393788E-11
7.03219999999994805E-9	-4.57550165712979506E-11
7.13219999999994414E-9	-3.93410669441334448E-11
7.23219999999994201E-9	-1.09111792331867252E-11
7.33219999999993899E-9	3.21787231093250892E-11
7.43219999999993863E-9	7.27743483813208591E-11
7.53219999999993561E-9	8.94728539247329202E-11
7.63219999999993348E-9	6.61269940643439291E-11
7.73219999999993135E-9	1.72094178109479357E-12
7.83219999999992833E-9	-8.42487221929591357E-11
7.93219999999992353E-9	-1.55068498948909061E-10
8.03219999999992318E-9	-1.69944914414449344E-10
8.13219999999992105E-9	-1.03353818920496354E-10
8.23219999999991892E-9	3.70668558750237187E-11
8.33219999999991678E-9	2.03765052034663308E-10
8.43219999999991110E-9	3.20585117524493990E-10
8.53219999999991252E-9	3.12230546277899812E-10
8.63219999999991039E-9	1.42741513503923056E-10
8.73219999999990648E-9	-1.53608141414063648E-10
8.83219999999990257E-9	-4.67170912253167447E-10
8.93219999999990222E-9	-6.44348234678144305E-10
9.03219999999990009E-9	-5.51424839745504691E-10
9.13219999999989795E-9	-1.48824073135955093E-10
9.23219999999989582E-9	4.58597093963000013E-10
9.33219999999989014E-9	1.02836697073137340E-9
9.43219999999989156E-9	1.25923565007369809E-9
9.53219999999988943E-9	9.25220590654205211E-10
9.63219999999988374E-9	1.44134485726852946E-11
9.73219999999988516E-9	-1.19620196127290268E-9
9.83219999999987948E-9	-2.18854948327200027E-9
9.93219999999987735E-9	-2.38894359014177748E-9
1.00321999999998734E-8	-1.44136380799249642E-9
1.01321999999998713E-8	5.41979698323471304E-10
1.02321999999998714E-8	2.88721874177686466E-9
1.03321999999998670E-8	4.52041425611772318E-9
1.04321999999998671E-8	4.38410164927404722E-9
1.05321999999998650E-8	1.97918477427811013E-9
1.06321999999998629E-8	-2.20242860512287431E-9
1.07321999999998585E-8	-6.60925130194203092E-9
1.08321999999998564E-8	-9.07724646711308658E-9
1.09321999999998520E-8	-7.73132979834918288E-9
1.10321999999998499E-8	-2.02971569133967167E-9
1.11321999999998500E-8	6.53294773011421359E-9
1.12321999999998456E-8	1.45301233948669717E-8
1.13321999999998413E-8	1.77218334230460939E-8
1.14321999999998392E-8	1.29451306783962661E-8
1.15321999999998392E-8	6.50992825347413007E-11
1.16321999999998371E-8	-1.69842714717316068E-8
1.17321999999998350E-8	-3.08897746789345451E-8
1.18321999999998306E-8	-3.35850856532241782E-8
1.19321999999998307E-8	-2.01023610759543647E-8
1.20321999999998241E-8	7.91166714563156148E-9
1.21321999999998220E-8	4.09071597983553481E-8
1.22321999999998243E-8	6.37394629657991807E-8
1.23321999999998200E-8	6.15579146589898052E-8
1.24321999999998156E-8	2.74366190794678033E-8
1.25321999999998157E-8	-3.15658349555128304E-8
1.26321999999998136E-8	-9.34974400232044189E-8
1.27321999999998114E-8	-1.27870069985011714E-7
1.28321999999998071E-8	-1.08390187205611510E-7
1.29321999999998050E-8	-2.76491841247191505E-8
1.30321999999998028E-8	9.30523346633231263E-8
1.31321999999997985E-8	2.05294345276365142E-7
1.32321999999998008E-8	2.49400041940075168E-7
1.33321999999997964E-8	1.81105292576330013E-7
1.34321999999997943E-8	-1.02842874071564472E-9
1.35321999999997900E-8	-2.41130638004259179E-7
1.36321999999997878E-8	-4.35970862655496916E-7
1.37321999999997835E-8	-4.72137214079345924E-7
1.38321999999997836E-8	-2.80320414214222069E-7
1.39321999999997814E-8	1.15351784786336298E-7
1.40321999999997793E-8	5.79553230839854194E-7
1.41321999999997772E-8	8.98721714901610369E-7
1.42321999999997750E-8	8.64309106052885312E-7
1.43321999999997707E-8	3.80226586545065581E-7
1.44321999999997663E-8	-4.52271361819813045E-7
1.45321999999997642E-8	-1.32259554493526643E-6
1.46321999999997643E-8	-1.80122270409818253E-6
1.47321999999997622E-8	-1.51948119643742197E-6
1.48321999999997600E-8	-3.76172167999683715E-7
1.49321999999997623E-8	1.32519959776260943E-6
1.50321999999997735E-8	2.90047214490185201E-6
1.51321999999997914E-8	3.50973487170453513E-6
1.52321999999998048E-8	2.53353238891196364E-6
1.53321999999998182E-8	-4.19137378532757765E-8
1.54321999999998316E-8	-3.42313905356465842E-6
1.55321999999998517E-8	-6.15293379199225665E-6
1.56321999999998629E-8	-6.63684751942356321E-6
1.57321999999998763E-8	-3.90823864483269556E-6
1.58321999999998941E-8	1.67986068595883276E-6
1.59321999999999031E-8	8.21025442243943182E-6
1.60321999999999187E-8	1.26717802254437073E-5
1.61321999999999321E-8	1.21355462227058264E-5
1.62321999999999456E-8	5.26807455114569478E-6
1.63321999999999634E-8	-6.47844817871402512E-6
1.64321999999999768E-8	-1.87084201419824292E-5
1.65321999999999925E-8	-2.53702357187134275E-5
1.66321999999999992E-8	-2.12969957829490930E-5
1.67322000000000171E-8	-5.11015018874580562E-6
1.68322000000000305E-8	1.88685706691611577E-5
1.69322000000000417E-8	4.09780558704615672E-5
1.70322000000000573E-8	4.93974437272094846E-5
1.71322000000000751E-8	3.54488348281149168E-5
1.72322000000000886E-8	-9.76362330944380474E-7
1.73322000000001042E-8	-4.85973801881494616E-5
1.74322000000001176E-8	-8.68257612275648505E-5
1.75322000000001310E-8	-9.32564219693788488E-5
1.76322000000001466E-8	-5.44494101679442988E-5
1.77322000000001645E-8	2.44297759736657749E-5
1.78322000000001690E-8	1.16286494113140026E-4
1.79322000000001891E-8	1.78721101441783370E-4
1.80322000000002047E-8	1.70525034199564973E-4
1.81322000000002159E-8	7.30530460823525374E-5
1.82322000000002293E-8	-9.28330684323097444E-5
1.83322000000002450E-8	-2.64644824175552973E-4
1.84322000000002584E-8	-3.57009912253168071E-4
1.85322000000002696E-8	-2.97937117304290400E-4
1.86322000000002874E-8	-6.91318451802948886E-5
1.87322000000002986E-8	2.68311949328104937E-4
1.88322000000003120E-8	5.79066307551236292E-4
1.89322000000003299E-8	6.96736476472645627E-4
1.90322000000003433E-8	4.97856950193977799E-4
1.91322000000003545E-8	-1.90575505304730863E-5
1.92322000000003768E-8	-6.91015349569141879E-4
1.93322000000003880E-8	-1.22335160028681922E-3
1.94322000000003992E-8	-1.30340713596911506E-3
1.95322000000004192E-8	-7.52301641720172931E-4
1.96322000000004326E-8	3.53263294187457788E-4
1.97322000000004438E-8	1.64333395994989973E-3
1.98322000000004550E-8	2.53160047214308959E-3
1.99322000000004707E-8	2.42341160263599020E-3
2.00322000000004863E-8	1.02981682743149494E-3
2.01322000000005019E-8	-1.34153411809256440E-3
2.02322000000005087E-8	-3.74527777977019660E-3
2.03322000000005243E-8	-4.95520111502756677E-3
2.04322000000005399E-8	-4.05685950091204361E-3
2.05322000000005556E-8	-8.98793096680797277E-4
2.06322000000005712E-8	3.74759957839715385E-3
2.07322000000005824E-8	8.19384121167895252E-3
2.08322000000005936E-8	1.00938541327217024E-2
2.09322000000006181E-8	7.34726982068764212E-3
2.10322000000006248E-8	-3.03694229500805513E-4
2.11322000000006405E-8	-9.98936125293036703E-3
2.12322000000006605E-8	-1.66735175259358481E-2
2.13322000000006717E-8	-1.66006079070113710E-2
2.14322000000006785E-8	-9.15260068003553862E-3
2.15322000000006941E-8	4.57462918329575707E-3
2.16322000000007097E-8	2.19609990096996066E-2
2.17322000000007254E-8	3.65886715690271735E-2
2.18322000000007410E-8	3.80410729470662679E-2
2.19322000000007522E-8	1.75646478747977763E-2
2.20322000000007678E-8	-2.00855308957535117E-2
2.21322000000007790E-8	-4.70527759121580136E-2
2.22322000000007902E-8	-4.65867818713980952E-2
2.23322000000008059E-8	-3.26388981296452751E-2
2.24322000000008215E-8	-1.01013593470694918E-2
2.25322000000008327E-8	2.95859023143254074E-2
2.26322000000008483E-8	8.53106746143857819E-2
2.27322000000008639E-8	1.31173213980013137E-1
2.28322000000008840E-8	1.20577688386853077E-1
2.29322000000008952E-8	1.81445245283989243E-2
2.30309911367404396E-8	-8.84335821673532685E-2
2.31294416630909394E-8	-8.91493835086805397E-2
2.32290921730926803E-8	-5.64352970428876333E-2
2.33277598860488444E-8	-2.41864224893723900E-2
2.34275580355038793E-8	7.00313207802409465E-4
2.35275580355038905E-8	3.77008626206736919E-2
2.36275580355039105E-8	1.36578973929213388E-1
2.37275580355039173E-8	2.31634722497825685E-1
2.38275580355039329E-8	2.14563444806311443E-1
2.39275580355039441E-8	-8.73771339066923503E-3
2.40269119414321120E-8	-1.40888142720158571E-1
2.41260451338933279E-8	-1.36897671102400809E-1
2.42230696884054097E-8	-6.74658075033760607E-2
2.43212825684799805E-8	3.64676582852625231E-3
2.44212825684799961E-8	3.82700906441143207E-2
2.44976776319480161E-8	4.84713130535983971E-2
2.45976776319480361E-8	1.22196964467409441E-1
2.46976776319480429E-8	2.03345577643753161E-1
2.47976776319480630E-8	1.51503230608882689E-1
2.48941720415969669E-8	3.23326056115254268E-2
2.49926293508364550E-8	-2.09051021864779907E-1
2.50915624587337627E-8	-1.80674319674726713E-1
2.51891212276140042E-8	-7.75319866747809527E-2
2.52607785100844540E-8	-1.80265836636653076E-2
2.53249696555107384E-8	4.61915848231276005E-2
2.54086828250634111E-8	7.24143184362423753E-2
2.54880884842922395E-8	8.43649803953519140E-2
2.55880884842922551E-8	1.33274797053642491E-1
2.56880884842922663E-8	1.32180808700649055E-1
2.57880884842922820E-8	5.20406726709552014E-2
2.58790279849322413E-8	-2.02917759108525964E-2
2.59378496676507364E-8	-2.00777027594045343E-1
2.60214490267032295E-8	-2.00314748624634076E-1
2.60939435527818109E-8	-1.71688700457009102E-1
2.61771946217164952E-8	-6.76654029201356888E-2
2.62299564140699371E-8	-1.71188818167314882E-2
2.62576835380005313E-8	2.50211677312891778E-2
2.62988810024028830E-8	6.81732232773662084E-2
2.63732406027286093E-8	9.09536707417728962E-2
2.64432583780260799E-8	1.08289896959781951E-1
2.65432583780260778E-8	1.40126985710885510E-1
2.66432583780261067E-8	1.26054088722310387E-1
2.67432583780261179E-8	3.89964782864077453E-2
2.68432583780261336E-8	-2.41530282356552117E-2
2.69148833232804430E-8	-2.13043157149406515E-1
2.69955219169818905E-8	-2.20435820699203111E-1
2.70739972225752012E-8	-1.72423526698578344E-1
2.71487077694488610E-8	-6.92047241039249972E-2
2.72133217392537885E-8	5.32020402333381170E-3
2.72347988717753564E-8	4.09908180004839284E-2
2.72731753134191113E-8	8.49015877538810670E-2
2.73491511308818991E-8	1.09611810504699525E-1
2.74134968876358576E-8	1.26347019589219434E-1
2.75134968876358732E-8	1.45736369570999580E-1
2.76134968876358800E-8	1.21577108572558057E-1
2.77134968876359000E-8	2.93480320258300775E-2
2.78134968876359157E-8	-3.10300472783436199E-2
2.78839928404949200E-8	-1.99595517322781579E-1
2.79622691598440554E-8	-2.45062707139058933E-1
2.80365218057782251E-8	-1.92811315518943283E-1
2.81105814657836905E-8	-8.26855220260052626E-2
2.81752050940896348E-8	-9.74678222503606406E-3
2.82201944659087722E-8	6.73266609257182491E-2
2.82750859393456944E-8	1.08275306185123510E-1
2.83532630388576035E-8	1.35571416233969932E-1
2.84232964326772741E-8	1.40264371573401103E-1
2.85232964326772853E-8	1.46632346286437487E-1
2.86232964326773054E-8	8.77480879130770752E-2
2.87232964326773121E-8	-2.77411442744671666E-3
2.88131156622619766E-8	-5.49065957429969576E-2
2.88691302132769589E-8	-2.36233037714675564E-1
2.89327113057933305E-8	-2.64100390975999622E-1
2.89904055448755082E-8	-2.13844849067776854E-1
2.90464036915281376E-8	-1.48947514525586544E-1
2.91193589038323219E-8	-5.11529956094470162E-2
2.91750164580199289E-8	3.90800216183289528E-2
2.92019196947838333E-8	8.40676303307927419E-2
2.92544983950598159E-8	1.18513272268899361E-1
2.93267898248782677E-8	1.48051532434278799E-1
2.93780428937682858E-8	1.49018388169944771E-1
2.94715637448703660E-8	1.40221025574046920E-1
2.95715637448703772E-8	1.11941158114682970E-1
2.96715637448703973E-8	1.98561766174541443E-2
2.97715637448704129E-8	-3.79414540752993856E-2
2.98278171714615770E-8	-1.70046629088581036E-1
2.98819340851626869E-8	-3.01211378932086848E-1
2.99407894947872943E-8	-2.35821428607184069E-1
3.00006727590640798E-8	-1.91842772445538068E-1
3.00654332576099925E-8	-8.60986058329735116E-2
3.01253445604814329E-8	-8.03088783222369251E-3
3.01663534160822655E-8	7.05402350778238318E-2
3.02130279510953059E-8	1.19880879379925243E-1
3.02917288071297630E-8	1.54145423551484040E-1
3.03428348759253641E-8	1.60692251088026983E-1
3.03846806576034822E-8	1.44094291140115249E-1
3.04820144952092065E-8	1.38844942031740803E-1
3.05820144952091955E-8	8.48129848048704105E-2
3.06820144952091667E-8	-5.31176192778800527E-3
3.07705990471341551E-8	-6.02957157226035267E-2
3.08355372504143199E-8	-2.82114162630995402E-1
3.08999992299380288E-8	-2.64624129489827897E-1
3.09627426829929231E-8	-2.16588660154620083E-1
3.10283385258722166E-8	-1.10344918877416776E-1
3.10962625125594139E-8	-1.96407400156533640E-2
3.11481349249220330E-8	8.12547396498478491E-2
3.11975767195094500E-8	1.28380908618181611E-1
3.12686247551972851E-8	1.62751646239049608E-1
3.13105452042415866E-8	1.72023171873366554E-1
3.13615349761029538E-8	1.47842264634461351E-1
3.14527596464195325E-8	1.37285269996530146E-1
3.15527596464195170E-8	9.36007176952493403E-2
3.16527596464194927E-8	9.64900563202934158E-4
3.17459912113270981E-8	-5.65449311849257796E-2
3.18125617025886820E-8	-2.82362265481793040E-1
3.18816713180037059E-8	-2.68657951054213529E-1
3.19449714717093203E-8	-2.19230364466260497E-1
3.20149058258712671E-8	-1.02597308563900724E-1
3.20706877928682932E-8	-2.77718322887710833E-2
3.21258316161636337E-8	8.27617162391164740E-2
3.21810805537784361E-8	1.35270486723320871E-1
3.22574505347743301E-8	1.75935272508647644E-1
3.23066255932738411E-8	1.74373855306216008E-1
3.23826430710266600E-8	1.33792718791597798E-1
3.24826430710266356E-8	1.29407613830984092E-1
3.25826430710266246E-8	4.59451984417165793E-2
3.26826430710265958E-8	-3.19638707100633246E-2
3.27536566401902007E-8	-1.32705212094894609E-1
3.28236219833664222E-8	-3.23607195787464397E-1
3.28874509618377964E-8	-2.48845821751780072E-1
3.29514409444705558E-8	-1.84607623110105257E-1
3.30231783655911659E-8	-6.87358661731109422E-2
3.30787497996814750E-8	3.03390090028319115E-2
3.31261774772948980E-8	1.16116898286849057E-1
3.31965457458168745E-8	1.57832700440721063E-1
3.32574327289612537E-8	1.89162910272896534E-1
3.32975890254524964E-8	1.74818566858407420E-1
3.33764009615508250E-8	1.35181199744929570E-1
3.34764009615508140E-8	1.23492542761430490E-1
3.35764009615507941E-8	3.19360747773749587E-2
3.36764009615507787E-8	-4.00927985318285174E-2
3.37478274967218361E-8	-1.96689354451763210E-1
3.38123401895897802E-8	-3.22603144285941168E-1
3.38702032597461278E-8	-2.53611232555676036E-1
3.39351360153060000E-8	-1.81711874235923121E-1
3.40104104781174588E-8	-6.06754055681754600E-2
3.40737876715140775E-8	6.39645541419926467E-2
3.41257654466102167E-8	1.35709755391554743E-1
3.42036722879099475E-8	1.82259073694580387E-1
3.42542816319098220E-8	1.94161389080959434E-1
3.43039933648854589E-8	1.61163509419718998E-1
3.44022738205453082E-8	1.41759136417415643E-1
3.45022738205452839E-8	8.78708730053578968E-2
3.46022738205452640E-8	-1.01391912038811260E-2
3.46907671626762060E-8	-7.04094175069999295E-2
3.47482319781907423E-8	-2.82498677222989203E-1
3.48053509240016634E-8	-3.13494089223917749E-1
3.48618033585235043E-8	-2.51657164874432215E-1
3.49184700697459105E-8	-1.80879045150890549E-1
3.49926211422942401E-8	-6.03022800003792270E-2
3.50471211965843654E-8	5.00187881987736205E-2
3.50833086375615100E-8	1.16691374192812414E-1
3.51475214387844215E-8	1.61420424936743157E-1
3.52138388501215482E-8	2.02315817765806960E-1
3.52568647796659729E-8	1.88529160022267472E-1
3.53300632960900929E-8	1.42231012818374714E-1
3.54299510254069405E-8	1.31674615421824193E-1
3.55299510254069295E-8	3.84565744138932075E-2
3.56299510254069052E-8	-4.23406562515207252E-2
3.56961255900490126E-8	-1.44993097595580123E-1
3.57566462936810003E-8	-3.41506551306599970E-1
3.58198429194030998E-8	-2.72468467265258063E-1
3.58782437484464589E-8	-2.22691709006024352E-1
3.59388804826114150E-8	-1.10755375438144754E-1
3.59963370276629036E-8	-2.07573901426697560E-2
3.60445561052592023E-8	8.68779978471492775E-2
3.61002903283554932E-8	1.48945979129115402E-1
3.61715345786859110E-8	1.98296337153336855E-1
3.62164627453107135E-8	2.05894582832149897E-1
3.62702464010848713E-8	1.68034270992495527E-1
3.63672755781344392E-8	1.47498872463694797E-1
3.64672755781344238E-8	8.56228097388471809E-2
3.65672755781344083E-8	-1.70852450961772862E-2
3.66530664923030081E-8	-7.73715845661452573E-2
3.67259577258043635E-8	-3.34453192828775059E-1
3.68057179207970631E-8	-2.73984254133131033E-1
3.68709167710786323E-8	-2.05925906252925239E-1
3.69369849176618370E-8	-8.84808023050007364E-2
3.70056397198532006E-8	4.38978266250377036E-2
3.70428696847873828E-8	1.17680520580009507E-1
3.71133646742433720E-8	1.71973029581883341E-1
3.71750234084949671E-8	2.13117085779783899E-1
3.72107450659766936E-8	2.04659490120461296E-1
3.72860661150385742E-8	1.51636143707120441E-1
3.73857648135723863E-8	1.39069178200783394E-1
3.74857648135723664E-8	4.44057291185036096E-2
3.75857648135723421E-8	-4.39744438792855608E-2
3.76533933965345646E-8	-1.31929401405295210E-1
3.77137867488968137E-8	-3.45974769481706534E-1
3.77774821135679906E-8	-2.87324231124801477E-1
3.78355709689780495E-8	-2.36753435935401191E-1
3.78946868586194441E-8	-1.27244116756682502E-1
3.79519598344729259E-8	-3.48016971999676183E-2
3.80070121485143275E-8	8.99091476979999626E-2
3.80678047166135780E-8	1.57057262607739068E-1
3.81395976788704560E-8	2.11646223157368496E-1
3.81835521841130232E-8	2.14074488529956053E-1
3.82535205237451681E-8	1.61919653034861866E-1
3.83494188501713484E-8	1.48869292810914100E-1
3.84494188501713285E-8	6.44364007669688288E-2
3.85494188501713131E-8	-3.55641985308005504E-2
3.86248802304950845E-8	-1.02079864789420771E-1
3.87003687231016791E-8	-3.53854249412902799E-1
3.87730645424473286E-8	-2.77947564271538061E-1
3.88343646125088604E-8	-2.11516029530067273E-1
3.88987048260528656E-8	-9.40245592311603495E-2
3.89724030659846932E-8	5.57778678597011002E-2
3.90265535715061906E-8	1.43890065470944295E-1
3.91009446844259223E-8	2.00520485231029966E-1
3.91439487779528594E-8	2.23301693457461337E-1
3.91873365040049881E-8	2.04252504232228604E-1
3.92782917413168731E-8	1.55370226521637478E-1
3.93782917413168576E-8	1.21438014061806299E-1
3.94782917413168377E-8	1.00144721536069925E-2
3.95782917413168267E-8	-6.20644320248621728E-2
3.96225168685469775E-8	-1.61002880904673962E-1
3.96797937454994276E-8	-3.58124887574359807E-1
3.97407008019743913E-8	-2.94017759957009028E-1
3.97948655776088422E-8	-2.48943858273130836E-1
3.98473402644024954E-8	-1.50916571675200650E-1
3.99084988771794880E-8	-4.92958598117950775E-2
3.99575233062633561E-8	6.51011161956567719E-2
4.00011159536059324E-8	1.38608668025256598E-1
4.00766919822901091E-8	1.99020085637574451E-1
4.01272713828787797E-8	2.27196954821935826E-1
4.01758117206648180E-8	2.02526584930242759E-1
4.02384718407631503E-8	1.60644655686205895E-1
4.03345976914915738E-8	1.43138969097068536E-1
4.04345976914915539E-8	3.76615626537026937E-2
4.05345976914915340E-8	-5.33785203959196863E-2
4.06061300111979584E-8	-1.72824254383990294E-1
4.06788128513183089E-8	-3.58230645484747035E-1
4.07558938294561646E-8	-2.72163197677773150E-1
4.08190293523635894E-8	-1.73030122400968578E-1
4.08928394785437099E-8	-4.46371109443113312E-2
4.09572044606512264E-8	1.03629242666311905E-1
4.10285789636694620E-8	1.74868329998836525E-1
4.10914886519802813E-8	2.27241183801146196E-1
4.11327713571417775E-8	2.24206004636655276E-1
4.12129114403099983E-8	1.65801376891689634E-1
4.13119922994999911E-8	1.47190596098273296E-1
4.14119922994999801E-8	4.30012265830485507E-2
4.15106724970186480E-8	-5.16300742276850144E-2
4.15792746868334184E-8	-1.38432287756395911E-1
4.16387470684908578E-8	-3.58504044612582229E-1
4.16998842080878696E-8	-3.07398386548032398E-1
4.17500328182780223E-8	-2.63841199004196536E-1
4.17966339209969195E-8	-1.83941585125067975E-1
4.18651421377006816E-8	-6.44221295336492883E-2
4.19216765895331989E-8	6.76532789600714679E-2
4.19647504058243648E-8	1.41338053402088448E-1
4.20379257500192338E-8	2.02895002288777659E-1
4.20884011446953998E-8	2.34457903090411168E-1
4.21440526451824216E-8	2.05940719406182504E-1
4.22111405212087210E-8	1.64918968429654189E-1
4.23107582980748465E-8	1.36879878486759776E-1
4.24107582980748354E-8	2.18067278798332209E-2
4.25107582980748155E-8	-6.28538116856641338E-2
4.25744820881412611E-8	-1.96799985064337069E-1
4.26365230565770759E-8	-3.68576208722279564E-1
4.27035730710167005E-8	-2.89271296335653583E-1
4.27606384534138684E-8	-2.23331228147937644E-1
4.28327887223616255E-8	-9.03636340646872327E-2
4.28933378947309762E-8	4.23861494276996531E-2
4.29385320657876512E-8	1.32839908058123313E-1
4.30109951345782360E-8	1.96512491265366873E-1
4.30665488858144840E-8	2.37080769286578530E-1
4.31229652281269527E-8	2.11948402626484977E-1
4.32171865635031605E-8	1.66644942254393857E-1
4.33171865635031406E-8	1.14315977319883921E-1
4.34159249349454246E-8	-5.42968139533491900E-3
4.35106559503873491E-8	-7.35867861581210736E-2
4.35563025901117395E-8	-1.98634966644486743E-1
4.36121681362269520E-8	-3.72446793514226782E-1
4.36699648158640574E-8	-3.04973135721121302E-1
4.37252320173685227E-8	-2.56238795690000476E-1
4.37803931627862308E-8	-1.48884839988316831E-1
4.38436828471846063E-8	-3.68010559271879689E-2
4.38909061167047554E-8	8.03530130090336492E-2
4.39437942610797183E-8	1.56699037749929548E-1
4.40179012499896594E-8	2.23287993190225853E-1
4.40653621653587102E-8	2.39182709895141121E-1
4.41369724543135256E-8	1.87654604737390329E-1
4.42049065838425470E-8	1.69100665019034757E-1
4.43049065838425271E-8	1.09222581285337306E-1
4.44049065838425072E-8	-1.34827604387327238E-2
4.45005055554864626E-8	-8.46254162830552481E-2
4.45645079886553308E-8	-3.15710435807355783E-1
4.46291096839334145E-8	-3.40789858620248642E-1
4.46972309023059733E-8	-2.71093704342622566E-1
4.47560342464987748E-8	-1.63410896923177806E-1
4.48185120721104546E-8	-5.32390300289256135E-2
4.48793458671679169E-8	9.47952233642551434E-2
4.49401532592294828E-8	1.68802002807773355E-1
4.50073054846328890E-8	2.31569730602819268E-1
4.50511342241096457E-8	2.40663078259590790E-1
4.51320460038323112E-8	1.81537265684326177E-1
4.52308366931125772E-8	1.58940341476855496E-1
4.53308366931125661E-8	5.45412997934820254E-2
4.54308366931125462E-8	-5.22851311670341712E-2
4.54936756089390926E-8	-1.02864796859276897E-1
4.55507550464362065E-8	-3.34193070389094604E-1
4.56071436484009585E-8	-3.48222182225945742E-1
4.56642269003808643E-8	-2.87323864176806287E-1
4.57099897423026036E-8	-2.24428264188647875E-1
4.57818526365760370E-8	-9.00234295891019265E-2
4.58397233222726097E-8	4.26484091365616180E-2
4.58780585416423392E-8	1.24922558110700721E-1
4.59474934763707754E-8	1.92205455793122781E-1
4.60094472164839363E-8	2.44782713002937236E-1
4.60637533448848480E-8	2.24669785115599119E-1
4.61548770098663663E-8	1.73331607109567520E-1
4.62548770098663464E-8	1.27244212593525496E-1
4.63548770098663354E-8	1.66008584595205244E-3
4.64548770098663066E-8	-7.64186969848298325E-2
4.65129327339701426E-8	-2.51242040878745065E-1
4.65808513907356492E-8	-3.63673136567523825E-1
4.66485709764392542E-8	-2.86975743918864890E-1
4.67060301270572875E-8	-1.97668848866464519E-1
4.67758143657696923E-8	-6.91675590403921259E-2
4.68356609902940679E-8	7.61763130494347163E-2
4.68910362457598406E-8	1.60393487964154957E-1
4.69594614394797905E-8	2.24909219123167592E-1
4.70042246705880462E-8	2.48149653798037484E-1
4.70671268081732119E-8	2.09561673852902652E-1
4.71359458172323009E-8	1.75328727112532912E-1
4.72359458172322810E-8	1.29686614042583526E-1
4.73345774305672951E-8	4.39774887336116027E-3
4.74344520246818036E-8	-7.55278239430960063E-2
4.74899900882815551E-8	-2.24804164205340795E-1
4.75484559748424207E-8	-3.80286436286310314E-1
4.76126297003190402E-8	-3.03025903492805737E-1
4.76624434121901697E-8	-2.51660807347446047E-1
4.77166426019317491E-8	-1.42808779795091256E-1
4.77733233575767713E-8	-3.80474296096126086E-2
4.78237742427503587E-8	8.95472427836548412E-2
4.78800952562639370E-8	1.66338402954874476E-1
4.79509674889885584E-8	2.35500731743769043E-1
4.79951973203225268E-8	2.48792835462458717E-1
4.80692635557694459E-8	1.95303215421653831E-1
4.81346571791404543E-8	1.76317549665074447E-1
4.82346571791404255E-8	1.11536642541478015E-1
4.83346571791404145E-8	-1.68322416384441276E-2
4.84302391762614892E-8	-9.01834867108254734E-2
4.84940498840265111E-8	-3.22305700064457357E-1
4.85598116646164257E-8	-3.48225767545343423E-1
4.86254377747200017E-8	-2.80555560910177437E-1
4.86856399827726971E-8	-1.70027472416019676E-1
4.87498002667434616E-8	-5.24116337900776408E-2
4.88111850639355271E-8	1.00640443321842521E-1
4.88766699866729404E-8	1.79131141734897836E-1
4.89353475444740482E-8	2.38713263883182458E-1
4.89801220961719785E-8	2.49970730840738975E-1
4.90636871739427072E-8	1.89197393530843860E-1
4.91617068601206153E-8	1.63876500170936179E-1
4.92617068601206043E-8	5.34952662446255278E-2
4.93614311909945336E-8	-5.69480762303209964E-2
4.94335876605153768E-8	-1.36158034573204501E-1
4.94920253973936397E-8	-3.68035660296344957E-1
4.95532607327955965E-8	-3.33608787991266986E-1
4.95980918039201324E-8	-2.91975065124603628E-1
4.96460795293539014E-8	-2.18521503768624292E-1
4.97172083737171100E-8	-8.43856681528327890E-2
4.97766183872292167E-8	6.08553517716944370E-2
4.98253045466336353E-8	1.49351553737228482E-1
4.98995445619952438E-8	2.22499085177832878E-1
4.99495812299438668E-8	2.54062672129645994E-1
5.00165618644821475E-8	2.14497891123424900E-1
5.00817902949875293E-8	1.80510373144430303E-1
5.01817902949875183E-8	1.34111060065710497E-1
5.02817902949874984E-8	3.76247243772697271E-3
5.03817902949874696E-8	-7.85743213863244083E-2
5.04375920207897455E-8	-2.27462874862903996E-1
5.05008517472019136E-8	-3.82523897414047021E-1
5.05634929848661674E-8	-3.06371811885324075E-1
5.06109388440476682E-8	-2.55292581721266032E-1
5.06687387158419611E-8	-1.39023349285464093E-1
5.07309486538408194E-8	-1.50082498127692920E-2
5.07825760157836736E-8	1.13222986534428194E-1
5.08456128777533323E-8	1.84018376185665256E-1
5.09070032447548471E-8	2.47090882523936450E-1
5.09497157692297087E-8	2.51980086550911864E-1
5.10277989728333559E-8	1.93787548105508955E-1
5.10943443539653330E-8	1.79086993223365831E-1
5.11943443539653309E-8	9.84435346676519174E-2
5.12943443539653021E-8	-3.07758300381225336E-2
5.13842488364658578E-8	-1.02004564904259909E-1
5.14394659029860790E-8	-3.15926578171384165E-1
5.15010028344906523E-8	-3.64300905475026804E-1
5.15516306052851192E-8	-3.03014023933813670E-1
5.15965247217686063E-8	-2.50687041667567012E-1
5.16562587625241854E-8	-1.32500335095657773E-1
5.17160966051291915E-8	-8.41571895766437450E-3
5.17597675423303727E-8	1.02465764636147050E-1
5.18205558541434996E-8	1.77559611623904900E-1
5.18874109841482767E-8	2.46808505089236663E-1
5.19318693692088384E-8	2.53643328583751204E-1
5.20147726306759761E-8	1.92808590741643271E-1
5.20806972193147644E-8	1.79841815212574008E-1
5.21806972193147800E-8	9.42447362651407339E-2
5.22791627451364960E-8	-3.34617647905187088E-2
5.23610658971220388E-8	-9.41454046560328983E-2
5.24159021541835024E-8	-2.90984138098828282E-1
5.24765934259621591E-8	-3.75472164259309427E-1
5.25261917156245506E-8	-3.11866146092016860E-1
5.25727306393657035E-8	-2.64347955649059996E-1
5.26254768610693446E-8	-1.57098355899871622E-1
5.26830033921447782E-8	-4.92695376630523008E-2
5.27310614320296978E-8	7.61969668518516841E-2
5.27850703574780589E-8	1.62107393802098843E-1
5.28579087413721727E-8	2.37279165856489405E-1
5.29051053513719527E-8	2.58254117190368904E-1
5.29783167102893326E-8	2.07790541396539030E-1
5.30740458761375677E-8	1.77772236326688815E-1
5.31740458761375479E-8	8.00825848548734598E-2
5.32725074937054721E-8	-4.40927540929865458E-2
5.33548662241832705E-8	-1.12323345674919173E-1
5.34133906344532861E-8	-3.49686247129690297E-1
5.34760746010510246E-8	-3.51284527612242092E-1
5.35376544287209555E-8	-2.89752512052874822E-1
5.35914329932968414E-8	-1.92578066324377351E-1
5.36521877151105819E-8	-7.94991630535561455E-2
5.37079282884243270E-8	6.13864962796912383E-2
5.37600839317193291E-8	1.54972856790222924E-1
5.38310602306556873E-8	2.28074452777324055E-1
5.38813226443424131E-8	2.60221408180587632E-1
5.39434089373292291E-8	2.24659885645727053E-1
5.40105450598703296E-8	1.86110532347555169E-1
5.41103606935150516E-8	1.39786918396065585E-1
5.42103606935150228E-8	6.02770781454353610E-3
5.43103606935150118E-8	-8.07437938059526417E-2
5.43780900299023529E-8	-2.76456993944061313E-1
5.44523646368834235E-8	-3.64109215076146420E-1
5.45258066919472739E-8	-2.84069590582081677E-1
5.45785135074298644E-8	-1.85605812614971799E-1
5.46414371464347770E-8	-6.60812453155298130E-2
5.47073277951687942E-8	1.00264315322450392E-1
5.47772748650241414E-8	1.87527715386629890E-1
5.48360253564015743E-8	2.50534274547030389E-1
5.48771979484291439E-8	2.59417343894896213E-1
5.49557014328345339E-8	2.01644201282876567E-1
5.50229862349118903E-8	1.83565787054508567E-1
5.51229862349118704E-8	1.03912472507255504E-1
5.52229862349118505E-8	-2.92234665835767338E-2
5.53145037016459451E-8	-1.03037692135687875E-1
5.53783356852975928E-8	-3.47627765034872382E-1
5.54515376818998185E-8	-3.39898707201889083E-1
5.55149819013358492E-8	-2.77647430970148257E-1
5.55749159859313746E-8	-1.59008423889557915E-1
5.56444236128111669E-8	-1.84084168495152234E-2
5.56995077564428342E-8	1.18603405324050848E-1
5.57711418358744559E-8	1.99849276316416713E-1
5.58302974422787557E-8	2.58540838259894024E-1
5.58742917311094800E-8	2.53769404142560440E-1
5.59650953412373831E-8	1.89688507685131436E-1
5.60638756256452808E-8	1.53229687190851194E-1
5.61638756256452432E-8	2.26846420623427703E-2
5.62638756256452321E-8	-7.58307130689119280E-2
5.63318106095078264E-8	-2.16580975552470001E-1
5.64059325169928449E-8	-3.83551455630020932E-1
5.64761386941072629E-8	-3.02540472084092027E-1
5.65278618199558203E-8	-2.22734069516983180E-1
5.65896611940242167E-8	-1.03265262356799870E-1
5.66522180743978776E-8	4.86321780610859378E-2
5.67047729074725382E-8	1.51089799728918495E-1
5.67786256365846675E-8	2.28853185769414136E-1
5.68218210012303881E-8	2.62753643103027112E-1
5.68813034360636927E-8	2.37717166390136114E-1
5.69764178728256798E-8	1.87106351161420736E-1
5.70764178728256510E-8	1.21246292251322219E-1
5.71753868448717650E-8	-1.43531881137911066E-2
5.72739036099548926E-8	-9.40697655463101690E-2
5.73276436210664464E-8	-2.79730501068806259E-1
5.73899658488374875E-8	-3.83002672294277868E-1
5.74525729559095311E-8	-3.08261739658440392E-1
5.75023232664724482E-8	-2.41524780917523785E-1
5.75763215772413961E-8	-9.66683809587650700E-2
5.76362480472878147E-8	5.05690242749121577E-2
5.76850846103436332E-8	1.47938887156609078E-1
5.77583511855436438E-8	2.25566780220808072E-1
5.78090759166129331E-8	2.64537523576837907E-1
5.78727412581101675E-8	2.31769710454601618E-1
5.79674816294594208E-8	1.86695831496934206E-1
5.80674816294594187E-8	1.11194716306675279E-1
5.81661210632662851E-8	-2.33913019565160241E-2
5.82612788062578790E-8	-1.00315819806493933E-1
5.83150186275897209E-8	-2.98158137513448818E-1
5.83780335922874904E-8	-3.78794748713532492E-1
5.84379065564721056E-8	-3.06846594475339174E-1
5.84791081841939331E-8	-2.55176656337415686E-1
5.85423172271680770E-8	-1.28955574642228954E-1
5.86007134839176214E-8	-1.83227716625550086E-4
5.86482018149677931E-8	1.17986258398723143E-1
5.87127445809237258E-8	1.93077559771835383E-1
5.87702795508849718E-8	2.55947573686854390E-1
5.88154894687025376E-8	2.60967879794981927E-1
5.89050342278206074E-8	1.96284650686983420E-1
5.90023020573720469E-8	1.64627791502803911E-1
5.91023020573720181E-8	3.77834053225351596E-2
5.92023020573719982E-8	-7.14149495380093224E-2
5.92682733466982636E-8	-1.62804278886574783E-1
5.93331876520516666E-8	-3.94681634348532695E-1
5.94077047552329240E-8	-3.18012310097940842E-1
5.94645423885971436E-8	-2.52393825443632158E-1
5.95254851123422224E-8	-1.28701797070376323E-1
5.95856797253406878E-8	3.84088726613100340E-3
5.96310828948226757E-8	1.17207176343433250E-1
5.96954572700855035E-8	1.93022650752375768E-1
5.97524580913384451E-8	2.55885767437137535E-1
5.97993487240866806E-8	2.61717478924995284E-1
5.98817084239692488E-8	2.00611138833719105E-1
5.99508325637039441E-8	1.84943400331421470E-1
6.00508325637039242E-8	8.82913136061315207E-2
6.01508325637039132E-8	-4.38327919695845836E-2
6.02367694518907015E-8	-1.16899527265941261E-1
6.03019414261422249E-8	-3.74456419415826369E-1
6.03733056818450553E-8	-3.37412391282891022E-1
6.04317869583773870E-8	-2.80034760115471215E-1
6.04855143020993147E-8	-1.72699033517088330E-1
6.05404221459529879E-8	-6.85397931735453270E-2
6.05998692624434199E-8	8.69578675023838521E-2
6.06587962798357250E-8	1.73581133361011286E-1
6.07268729140745478E-8	2.48882294160347328E-1
6.07720855211141320E-8	2.66079059161500631E-1
6.08513238180226779E-8	2.10038518595208679E-1
6.09176119905427349E-8	1.88867438824669298E-1
6.10176119905427150E-8	1.11484215815032228E-1
6.11174982509502485E-8	-2.61710292605812800E-2
6.12061982565437468E-8	-9.55128877494580486E-2
6.12583231154732566E-8	-2.73095877320578850E-1
6.13261202461628940E-8	-3.82287002449732949E-1
6.13940157673509646E-8	-3.04205471094715785E-1
6.14390072248660513E-8	-2.36297233338184842E-1
6.15014677484748340E-8	-1.13231853012790107E-1
6.15550238391163518E-8	1.24307180092797354E-2
6.16013195121359658E-8	1.24728146344239699E-1
6.16670851593634328E-8	1.99685736128212410E-1
6.17221760234627226E-8	2.59927191904902166E-1
6.17683553862194401E-8	2.61859451858252656E-1
6.18488710479437742E-8	2.01822444230871634E-1
6.19283429724346313E-8	1.81654560013031352E-1
6.20283429724346025E-8	7.26427787763009292E-2
6.21283429724345915E-8	-5.45923788660642195E-2
6.22074250091371361E-8	-1.26890740952206782E-1
6.22684114203641137E-8	-3.75169492999076715E-1
6.23375370570241039E-8	-3.42135625285926803E-1
6.23922825966099293E-8	-2.89677956516524127E-1
6.24436232789522450E-8	-1.90997824190726107E-1
6.25041144222351353E-8	-7.53727865247929785E-2
6.25610047776162759E-8	7.39498819075147296E-2
6.26183317680284990E-8	1.67329869629845196E-1
6.26844651219736537E-8	2.40965040572731137E-1
6.27278400167542394E-8	2.68728534957335574E-1
6.27930879018742694E-8	2.32652772437351363E-1
6.28599919332992663E-8	1.93309284903373868E-1
6.29597458942286181E-8	1.42620619069640231E-1
6.30597458942286249E-8	3.44729377033999196E-3
6.31597458942285783E-8	-8.57093512248665057E-2
6.32242351331620966E-8	-2.70171147962899605E-1
6.32936393571658940E-8	-3.82327861384862544E-1
6.33638387820712090E-8	-3.02538581142782714E-1
6.34150708399634500E-8	-2.17458005870065030E-1
6.34821909915014082E-8	-8.60130582987754622E-2
6.35439110832925458E-8	7.22282591066901780E-2
6.36031014272565720E-8	1.69651641242088802E-1
6.36694474853492665E-8	2.43052035407499512E-1
6.37105127316800601E-8	2.69237547451515447E-1
6.37838189941966593E-8	2.26768393764608422E-1
6.38788078835284701E-8	1.87888394711415407E-1
6.39788078835284413E-8	9.64983606839078867E-2
6.40784656663713736E-8	-3.86996196764888811E-2
6.41650513365088493E-8	-1.09989939779215762E-1
6.42244641978292563E-8	-3.43926830427673247E-1
6.42877665454121505E-8	-3.66833437910300253E-1
6.43484697831017360E-8	-3.02859378682677871E-1
6.44009973411508163E-8	-2.12430500269603550E-1
6.44722600673687474E-8	-7.26613987121269478E-2
6.45347789091255208E-8	9.13312342000673993E-2
6.45950164652155845E-8	1.77612432671869991E-1
6.46601291824795421E-8	2.51513491994956606E-1
6.47055242020071031E-8	2.68732663305931263E-1
6.47863393322321279E-8	2.11545899655643899E-1
6.48810321320050232E-8	1.81121428536547113E-1
6.49810321320050210E-8	6.87733136841521642E-2
6.50795061780596029E-8	-5.62303744472049338E-2
6.51508901549270458E-8	-1.13348425128585295E-1
6.52048004910559698E-8	-3.33934325617965477E-1
6.52601181126405638E-8	-3.84309753805335497E-1
6.53178261993832088E-8	-3.14435792183902318E-1
6.53603308659312709E-8	-2.62554946070169404E-1
6.54184379727358856E-8	-1.44392752657918488E-1
6.54835439806755915E-8	-1.35343210587678797E-3
6.55272055649563256E-8	1.11119584165213237E-1
6.55892885167152961E-8	1.88902069410265661E-1
6.56526306827063877E-8	2.60174457063256481E-1
6.56973691611625377E-8	2.66303880898291290E-1
6.57871883409032687E-8	2.01686357285688933E-1
6.58842024378435198E-8	1.69001635595474187E-1
6.59842024378435088E-8	3.97779447909903094E-2
6.60842024378434978E-8	-7.30069356658509161E-2
6.61418387178133393E-8	-1.32376183604747322E-1
6.62007044526823840E-8	-3.74631143326283844E-1
6.62645740887607193E-8	-3.52949670800742865E-1
6.63140658300779329E-8	-3.05454802704803674E-1
6.63581487415302540E-8	-2.34012834707212702E-1
6.64282946499121607E-8	-9.58701606651765026E-2
6.64866246572532926E-8	5.38909599211895340E-2
6.65322049803487126E-8	1.46716049741678667E-1
6.66067251913529823E-8	2.29858792535484158E-1
6.66558470156557359E-8	2.70503133939661788E-1
6.67198414541396279E-8	2.40629592170585038E-1
6.67843635209617936E-8	1.97107809183524885E-1
6.68830653207301751E-8	1.54878310222551296E-1
6.69830653207301729E-8	1.71659251644059196E-2
6.70830653207301530E-8	-8.21037345898753479E-2
6.71508740205234655E-8	-2.37103723146707335E-1
6.72236648579454954E-8	-3.88988034108066527E-1
6.72977133398541305E-8	-3.04450488775609163E-1
6.73546819690534537E-8	-2.06060874232530633E-1
6.74188357195829013E-8	-8.03117509882930136E-2
6.74737008372370362E-8	6.29518866946614430E-2
6.75237720517831175E-8	1.56605651717978023E-1
6.75945716633553495E-8	2.35268696776225017E-1
6.76362707383551687E-8	2.70124257158323022E-1
6.76986370642586177E-8	2.45035645954865711E-1
6.77931250574893518E-8	1.93419782476833957E-1
6.78931250574893497E-8	1.23321045196277312E-1
6.79923747378385634E-8	-1.73701228143473441E-2
6.80902426469664501E-8	-9.87085474383320260E-2
6.81470532778151838E-8	-2.99620541960494746E-1
6.82129105841685401E-8	-3.82213033615157549E-1
6.82837827716243329E-8	-3.02463851224260249E-1
6.83365605762922534E-8	-2.09967413917212475E-1
6.83946829696558289E-8	-9.63496417864381272E-2
6.84527598218060440E-8	5.11187170612389696E-2
6.85031037272838539E-8	1.51830996392618189E-1
6.85761384247984296E-8	2.33352592767254441E-1
6.86262217044315825E-8	2.71881007969520372E-1
6.87059633604804532E-8	2.25218384283055340E-1
6.87724747766356259E-8	1.94708414149461961E-1
6.88724747766356149E-8	1.28974397561042120E-1
6.89714887749177663E-8	-1.21216577253899449E-2
6.90711161041880128E-8	-9.56514171016157988E-2
6.91319848962790218E-8	-3.05919133724102332E-1
6.92000334399872230E-8	-3.77685905734033200E-1
6.92652937748884145E-8	-3.04469025981038355E-1
6.93149498358525129E-8	-2.21312628408163414E-1
6.93761680842954753E-8	-1.00460355912596899E-1
6.94366832758513297E-8	5.23260394941339158E-2
6.94917256026826458E-8	1.58207318174675726E-1
6.95632765820473331E-8	2.38158884710121299E-1
6.96080545286196806E-8	2.72033905874224669E-1
6.96749050442278595E-8	2.38068002285001601E-1
6.97708271946410630E-8	1.92130176066762548E-1
6.98708271946410342E-8	1.08988004165884478E-1
6.99683028479538560E-8	-2.81354462165164243E-2
7.00566672370250743E-8	-9.84494449710249775E-2
7.01082061245750143E-8	-2.73990051364992215E-1
7.01753427676905961E-8	-3.88592963106463030E-1
7.02369979810298872E-8	-3.15429629565036773E-1
7.02815989248205497E-8	-2.56748100284037406E-1
7.03460185593832943E-8	-1.26868426890664820E-1
7.04031819482966892E-8	5.51108002513086692E-3
7.04508668935235338E-8	1.23921388039095048E-1
7.05174383544115457E-8	2.02547170697301482E-1
7.05740629972873901E-8	2.65420905336003266E-1
7.06201378980319561E-8	2.65970101649221080E-1
7.06987431792974075E-8	2.06934416009743094E-1
7.07755203689822032E-8	1.86707554619577576E-1
7.08755203689821567E-8	7.83473955763393093E-2
7.09755203689821457E-8	-5.35823480757854131E-2
7.10563702499081273E-8	-1.26583181403569389E-1
7.11267961668268889E-8	-3.93684413035094050E-1
7.12051764845680601E-8	-3.27835241562710866E-1
7.12657470238912971E-8	-2.56015926406933714E-1
7.13323604115495691E-8	-1.20931352340584297E-1
7.13998267535760611E-8	4.18181432168747591E-2
7.14610739831382347E-8	1.61251522544285342E-1
7.15330551656464131E-8	2.42251019869035433E-1
7.15783807159004049E-8	2.73240084287929053E-1
7.16480173639896911E-8	2.33778538751908993E-1
7.17136751306919429E-8	1.96420694311904254E-1
7.18136751306919141E-8	1.40961696563549754E-1
7.19136751306919031E-8	-1.16502961720844311E-3
7.20136751306918832E-8	-8.93457994768851194E-2
7.20595301506018693E-8	-1.96341394691118509E-1
7.21146458209197672E-8	-4.00741017582858472E-1
7.21724964929354673E-8	-3.45083140956949874E-1
7.22166999623632933E-8	-3.05202262373969990E-1
7.22614322942017662E-8	-2.29886793616029550E-1
7.23254788281500183E-8	-1.04146143404868541E-1
7.23825625384319338E-8	4.07453894474902611E-2
7.24217333125371887E-8	1.30664524990347841E-1
7.24891998901583978E-8	2.08538626174996855E-1
7.25460073268818917E-8	2.69225698116007006E-1
7.25997204012464081E-8	2.58934431800477149E-1
7.26901098147108726E-8	1.97967313509276099E-1
7.27883891876522071E-8	1.51146653292716704E-1
7.28881515415536541E-8	1.10123067475263592E-2
7.29881515415536697E-8	-8.52830602846124286E-2
7.30351933403471953E-8	-1.65266211359272552E-1
7.31004744245083327E-8	-4.02539149161864707E-1
7.31559227627854991E-8	-3.46104784612456839E-1
7.32031100258416600E-8	-3.02586646451529173E-1
7.32439852860096607E-8	-2.32703315781607323E-1
7.33126154636715199E-8	-9.69454122772576099E-2
7.33705633464096785E-8	5.30799865258460368E-2
7.34153929540303007E-8	1.45999487356234803E-1
7.34893848145234507E-8	2.30021650785654996E-1
7.35376308579179394E-8	2.72652702307826278E-1
7.36029007435865701E-8	2.44489563495519491E-1
7.36684983684408046E-8	1.99608553179771753E-1
7.37664037080100599E-8	1.57163146556718436E-1
7.38664037080100311E-8	1.81452202901826509E-2
7.39664037080100201E-8	-8.30581500443603638E-2
7.40326967705362371E-8	-2.27033465586415506E-1
7.41043854944311065E-8	-3.95656028097363777E-1
7.41792033596044842E-8	-3.09764683172218902E-1
7.42411129868432251E-8	-2.03538415985216092E-1
7.43059636902332521E-8	-7.52645344520014170E-2
7.43699799515553472E-8	9.28679285430621348E-2
7.44373164738874937E-8	1.87621332119052919E-1
7.44993242572383174E-8	2.59716898871986279E-1
7.45441453671854770E-8	2.71994617000351813E-1
7.46336066439134083E-8	2.07485111951958734E-1
7.47030021575322323E-8	1.89736860361719661E-1
7.48030021575321946E-8	8.83539646124241962E-2
7.49030021575321836E-8	-4.74645932267725534E-2
7.49879866879910928E-8	-1.20846039108379633E-1
7.50476842769590835E-8	-3.65771410255847318E-1
7.51142225146955766E-8	-3.57822000018249842E-1
7.51688529455517784E-8	-3.04841190867040934E-1
7.52169865241085311E-8	-2.20638890585525171E-1
7.52781020832774139E-8	-9.98578337048764375E-2
7.53352405823520588E-8	4.59696275010251831E-2
7.53861361730455215E-8	1.50904468537211134E-1
7.54591884877223507E-8	2.33812801313393637E-1
7.55066190366839152E-8	2.73655189147502309E-1
7.55675871924219322E-8	2.46892982933048888E-1
7.56361058854234081E-8	1.99894465636274443E-1
7.57331735486097379E-8	1.57674210152093108E-1
7.58331735486097003E-8	1.84374292261359818E-2
7.59328729544284631E-8	-8.31194072306597853E-2
7.59993236895360980E-8	-2.25379256552923435E-1
7.60813260945235470E-8	-3.83580906672325117E-1
7.61531583758187747E-8	-3.03339939682919280E-1
7.62021284747813610E-8	-2.16653199548348141E-1
7.62664542509851984E-8	-8.99932592123455599E-2
7.63337020180844306E-8	8.47989619316576793E-2
7.63998453031088953E-8	1.83501891378733650E-1
7.64632766026934885E-8	2.57046279187561444E-1
7.65082510697134843E-8	2.73319592527969224E-1
7.65945217338632212E-8	2.11728110092443211E-1
7.66612768259205701E-8	1.92779984891418787E-1
7.67612768259205325E-8	1.01513805959106995E-1
7.68612768259205303E-8	-3.81494995316267804E-2
7.69441777564179041E-8	-1.03578303920109938E-1
7.69953283387379983E-8	-2.86892885225094929E-1
7.70503086373073920E-8	-4.00201969430139215E-1
7.71027861003106096E-8	-3.33068943681956098E-1
7.71480795159698474E-8	-2.90750705113760333E-1
7.71999472747572923E-8	-1.86084312094833049E-1
7.72609514305181211E-8	-6.62073588239115995E-2
7.73083577769412056E-8	6.25497099452345662E-2
7.73568838663942682E-8	1.54996308364917534E-1
7.74308756079828697E-8	2.39884752073254148E-1
7.74781911954436175E-8	2.74679630005884334E-1
7.75429815668157740E-8	2.40633171870225349E-1
7.76364063430066675E-8	1.94979233611746761E-1
7.77364063430066210E-8	1.13243366543860424E-1
7.78362315038038055E-8	-2.88161927067271906E-2
7.79300339180292134E-8	-1.07378942703499014E-1
7.79862840619398678E-8	-3.19731732394282719E-1
7.80521576660182070E-8	-3.79587405255266219E-1
7.81148600901926216E-8	-3.09070639525894908E-1
7.81615387767478254E-8	-2.34204599866104735E-1
7.82276070180564709E-8	-1.02020150690979516E-1
7.82850250297596606E-8	4.34663135471751971E-2
7.83342286859466963E-8	1.47528978450674719E-1
7.84075076290519135E-8	2.31237322646699095E-1
7.84582751865870787E-8	2.74472324752144958E-1
7.85283066745645630E-8	2.39352925527890603E-1
7.86226221372801515E-8	1.94228705769614685E-1
7.87226221372801405E-8	1.09637222195546813E-1
7.88217325088288323E-8	-3.09436538467274991E-2
7.89133465634562725E-8	-1.07265056897821065E-1
7.89755109399632715E-8	-3.43624309493166624E-1
7.90531372957504352E-8	-3.52182345048214041E-1
7.91183255067594349E-8	-2.86137777738480903E-1
7.91703952448425508E-8	-1.79487237273718092E-1
7.92307769357783620E-8	-5.97371725326324210E-2
7.93000505048853110E-8	1.19512219180885326E-1
7.93736450277239847E-8	2.09646580015282069E-1
7.94253712014078239E-8	2.67263574794101055E-1
7.94676907523044740E-8	2.70708842167695041E-1
7.95571284870193196E-8	2.05447758133290792E-1
7.96543692714405527E-8	1.70314765825860892E-1
7.97543692714405505E-8	3.81457075046621430E-2
7.98543692714405307E-8	-7.56169491123962345E-2
7.99201340201290300E-8	-1.67306157019105051E-1
7.99819944147494599E-8	-3.99830668803130118E-1
8.00514361206861658E-8	-3.34858477515806019E-1
8.01083961275198320E-8	-2.75335144761287109E-1
8.01734713182351655E-8	-1.42018169130572014E-1
8.02261580952210096E-8	-2.94118205788077258E-2
8.02741410120614773E-8	9.95349112102792510E-2
8.03358245709229735E-8	1.85477328563684507E-1
8.04038120939223155E-8	2.63800624088294189E-1
8.04546904315283129E-8	2.69301883501689687E-1
8.05393599613406863E-8	2.06764362788163458E-1
8.06179943907583230E-8	1.84429864754747297E-1
8.07179192971211990E-8	6.81670556968694008E-2
8.08176385955907506E-8	-6.03171825914382254E-2
8.08929354634770270E-8	-1.30682829013299706E-1
8.09607044944078247E-8	-3.93799303905294984E-1
8.10310183669540862E-8	-3.40289313265853766E-1
8.10889771622095346E-8	-2.79904971824931570E-1
8.11435484991379674E-8	-1.68323706786577398E-1
8.12004462389748838E-8	-5.31874506768466304E-2
8.12597956490147411E-8	1.04200034818989518E-1
8.13256601160627746E-8	1.92346970138917328E-1
8.13831985403273883E-8	2.60106001272512799E-1
8.14258383100788841E-8	2.74132567260707649E-1
8.15160533639127927E-8	2.10466247913749038E-1
8.16104875633574167E-8	1.79016762255839068E-1
8.17099926925342146E-8	5.54356281699798892E-2
8.18090455699306496E-8	-6.68023464926853094E-2
8.18737806013854374E-8	-1.23034325740530037E-1
8.19294104580517413E-8	-3.57701124550203264E-1
8.19863416612417240E-8	-3.78557359272801586E-1
8.20420675038484504E-8	-3.16607654826964247E-1
8.20831820014951674E-8	-2.61059686215626829E-1
8.21464290085507542E-8	-1.31883788795991164E-1
8.22110173087765084E-8	2.00327100254335688E-2
8.22522985051475075E-8	1.22131407547690252E-1
8.23152584168172652E-8	1.99034948949337465E-1
8.23763826716649739E-8	2.68187056891538234E-1
8.24250233384515951E-8	2.67787112887495304E-1
8.25067208564543719E-8	2.06927309355671341E-1
8.25858835919152945E-8	1.84377161050757765E-1
8.26858835919152924E-8	6.66549646830896325E-2
8.27857056636849542E-8	-6.15445675227246713E-2
8.28604430244701007E-8	-1.32348003997281172E-1
8.29318611825341279E-8	-3.99412176829108478E-1
8.30077528222541261E-8	-3.30478131543551701E-1
8.30662990625473086E-8	-2.62194505275920875E-1
8.31233278606551274E-8	-1.44309034078091658E-1
8.31855795720077396E-8	-5.56515624720061908E-3
8.32468778846491730E-8	1.40855819651097569E-1
8.33221717921064986E-8	2.27750183578439769E-1
8.33679087395094776E-8	2.72674084297289721E-1
8.34232374728547121E-8	2.58670668549827942E-1
8.35192934708253532E-8	1.98055740730842111E-1
8.36192934708253688E-8	1.38382886187164633E-1
8.37192934708253134E-8	-5.51043602145485600E-3
8.38192934708253112E-8	-9.31434343507865492E-2
8.38758270077908463E-8	-2.66609759738125129E-1
8.39396866039426648E-8	-3.97368146100429165E-1
8.40161296446475347E-8	-3.10143978274021048E-1
8.40663098041876466E-8	-2.27489361790026567E-1
8.41301320946677933E-8	-1.00587233340717130E-1
8.41897136355775366E-8	5.24179372845020630E-2
8.42384282796336770E-8	1.51245026557535800E-1
8.43112799929949475E-8	2.34946271382709160E-1
8.43563939012729236E-8	2.74459722590005661E-1
8.44214261283113032E-8	2.47589409043151765E-1
8.44899198571580357E-8	2.00619297346680536E-1
8.45887469193520758E-8	1.54940940705645258E-1
8.46881795909759383E-8	1.47489627875690932E-2
8.47874426870579612E-8	-8.47083796716401594E-2
8.48545139814326177E-8	-2.40690239042424725E-1
8.49280622236758020E-8	-3.92567683416591606E-1
8.50030445494896725E-8	-3.07023983584192317E-1
8.50509685712724739E-8	-2.25363195388064330E-1
8.51121852543459845E-8	-1.03979036303643091E-1
8.51763242681444943E-8	6.06151691249570224E-2
8.52279950997770896E-8	1.58686656614940502E-1
8.52991614820406596E-8	2.40381942200085419E-1
8.53384355156705432E-8	2.74302604988161747E-1
8.53942110086808270E-8	2.56000781726478088E-1
8.54886158788794859E-8	1.98221506753633236E-1
8.55886158788794660E-8	1.35978956706480414E-1
8.56868883131359205E-8	-6.25005834130550308E-3
8.57865676508756536E-8	-9.36149262320911291E-2
8.58491300264110180E-8	-2.96086008320597394E-1
8.59180865114205261E-8	-3.84088681906879659E-1
8.59879117038252971E-8	-3.05907175162145784E-1
8.60399865546627041E-8	-2.13835483116913494E-1
8.61011273848803071E-8	-9.28162051180175851E-2
8.61648418835772034E-8	7.33739783420377911E-2
8.62227124792940280E-8	1.71051670348208007E-1
8.62883295762086711E-8	2.47140487111040796E-1
8.63295606110456326E-8	2.75968040636222645E-1
8.64064826026156929E-8	2.32536650203665696E-1
8.65005094928119433E-8	1.92990541021305728E-1
8.66005094928119057E-8	9.71067133875161659E-2
8.67005094928119213E-8	-4.22360450955820976E-2
8.67860642888964762E-8	-1.14139163745743155E-1
8.68569204739710266E-8	-3.85027283990167213E-1
8.69266198939574863E-8	-3.47199149558923104E-1
8.69903276321439556E-8	-2.81409727086827610E-1
8.70446463807095405E-8	-1.69308891059371946E-1
8.71037753995138608E-8	-4.92572452392196691E-2
8.71614038744562336E-8	1.04755602264324299E-1
8.72276208101998307E-8	1.93104918262291658E-1
8.72854091099904394E-8	2.61574153400131015E-1
8.73303857836808817E-8	2.74151679511403179E-1
8.74200333857332090E-8	2.09766124737736925E-1
8.74863000043017358E-8	1.92913743667001603E-1
8.75863000043017337E-8	9.39259946484917130E-2
8.76855544339492710E-8	-4.41580001182798654E-2
8.77705542061573674E-8	-1.15756265100333944E-1
8.78423918304434537E-8	-3.89050474420359960E-1
8.79238207177060183E-8	-3.33263342473836710E-1
8.79815392984709987E-8	-2.67800382936782766E-1
8.80378816570494926E-8	-1.51199010555405655E-1
8.81048347413234190E-8	-2.00446902258639970E-3
8.81683028131579150E-8	1.45844096439365956E-1
8.82428137170620985E-8	2.31435494532057406E-1
8.82897742813068831E-8	2.74717984786436809E-1
8.83502408775772707E-8	2.52464789291860159E-1
8.84202416173739358E-8	2.02115864250295996E-1
8.85172213639684280E-8	1.61239663042824599E-1
8.86172213639684259E-8	2.23896051116874606E-2
8.87172213639684060E-8	-8.25727452754298952E-2
8.87801506039015464E-8	-1.99664771857227752E-1
8.88470712176003019E-8	-4.06936922044402749E-1
8.89229347027516859E-8	-3.20918310538545981E-1
8.89723673321873321E-8	-2.54102841165649718E-1
8.90384806614009072E-8	-1.20016980371410553E-1
8.91077269250713577E-8	5.26947126486284478E-2
8.91591278630948025E-8	1.54852862399171420E-1
8.92319782916736060E-8	2.38843079812571979E-1
8.92721046641413274E-8	2.74478647141586229E-1
8.93258325290493538E-8	2.58469791330860588E-1
8.94187437750437830E-8	1.99202887373578186E-1
8.95187437750437809E-8	1.41714233670079937E-1
8.96187437750437610E-8	-2.63754592817431410E-3
8.97186434758363838E-8	-9.16867533657349476E-2
8.97634910554582000E-8	-1.97837086765579229E-1
8.98214414248539228E-8	-4.05905527192616766E-1
8.98817312034415217E-8	-3.41815972131879642E-1
8.99273369586067872E-8	-3.01169997266420886E-1
8.99696772917956622E-8	-2.23719530831897284E-1
9.00368562875746292E-8	-9.07615799845832782E-2
9.00881675359596912E-8	4.44601639762143197E-2
9.01253104922488291E-8	1.29910899613174169E-1
9.01983036117400339E-8	2.16840208775534160E-1
9.02551108784269651E-8	2.74505864421532975E-1
9.03116483954514315E-8	2.56808468539695189E-1
9.04036990114131100E-8	1.99346907217326130E-1
9.05036990114130901E-8	1.40053307171673502E-1
9.06036990114130703E-8	-4.70655958061540325E-3
9.07036990114130504E-8	-9.31715164276473118E-2
9.07599098358289069E-8	-2.61681791951162213E-1
9.08219179248057173E-8	-4.01035359826796256E-1
9.08905963952476981E-8	-3.20574048365365183E-1
9.09389354722861576E-8	-2.54894193935656421E-1
9.10073090884518443E-8	-1.17009747108910966E-1
9.10700650040133652E-8	3.91596460583672279E-2
9.11176390672644487E-8	1.43357473560619830E-1
9.11885966606832987E-8	2.25681769409677457E-1
9.12405465250281544E-8	2.74906497242388603E-1
9.12986153397641154E-8	2.54662039362555337E-1
9.13686322830389841E-8	2.03460887531583667E-1
9.14633133891721073E-8	1.66098920289696883E-1
9.15633133891720696E-8	2.89471805477682187E-2
9.16633133891720675E-8	-8.03766697272138586E-2
9.17314465243807575E-8	-2.01374384124110151E-1
9.17963414645923237E-8	-4.07939927335712582E-1
9.18719028280717609E-8	-3.22100186869065341E-1
9.19212113644423567E-8	-2.58717784391778949E-1
9.19804452999706257E-8	-1.35878219080703055E-1
9.20508278449307049E-8	3.11675758410120451E-2
9.20980341673094216E-8	1.39257652384191033E-1
9.21679786253778666E-8	2.20263385783269916E-1
9.22139081297661356E-8	2.70310915439759869E-1
9.22587585612715166E-8	2.70365765476682229E-1
9.23404342071158091E-8	2.09130695887660467E-1
9.24200040210988050E-8	1.85816408859481053E-1
9.25197855810884739E-8	6.99956520731829102E-2
9.26187283511058723E-8	-5.92781811222379940E-2
9.26895360654935985E-8	-1.16878778045040255E-1
9.27475415006275661E-8	-3.53759561522057497E-1
9.28109420140740049E-8	-3.71930113039023880E-1
9.28564433211835727E-8	-3.20994516061047852E-1
9.28959667651498222E-8	-2.74676843821493444E-1
9.29468064658784421E-8	-1.68357343199853404E-1
9.30022997740670121E-8	-5.73327331528471351E-2
9.30502995428594915E-8	7.48113187268391133E-2
9.31038246811089820E-8	1.66562068120823392E-1
9.31745727297017545E-8	2.49591108745189549E-1
9.32190280729121312E-8	2.77057513727868754E-1
9.32920987048672856E-8	2.32946941695378440E-1
9.33865630771124700E-8	1.93935098755227830E-1
9.34865630771124323E-8	9.59218125915139730E-2
9.35853047113577396E-8	-4.25580939211517961E-2
9.36711532440245520E-8	-1.14779879997361367E-1
9.37389158876097639E-8	-3.77749065789122529E-1
9.38132471399826073E-8	-3.46094633132436513E-1
9.38767960859324724E-8	-2.79745165344479796E-1
9.39311956094490164E-8	-1.66946855407937544E-1
9.39906159925474149E-8	-4.49476679629404430E-2
9.40582378929435592E-8	1.27510906674301006E-1
9.41304915493115679E-8	2.14435412348960375E-1
9.41808743134148685E-8	2.70088523797375935E-1
9.42250138310468621E-8	2.70824908353340499E-1
9.43205760703812324E-8	2.03183568990965391E-1
9.44186659228103764E-8	1.61622561559617828E-1
9.45186659228103565E-8	2.23555812414001931E-2
9.46186659228103366E-8	-8.29499252961987921E-2
9.46818860789876382E-8	-2.01040176615621657E-1
9.47436525291236720E-8	-4.07552239753424317E-1
9.48111843719756031E-8	-3.31147794305056431E-1
9.48687124973766238E-8	-2.64998245922017173E-1
9.49363449959066230E-8	-1.27020153411280257E-1
9.49854550690741561E-8	-1.49641433031102467E-2
9.50360218040948190E-8	1.16924271241012523E-1
9.51005669674262677E-8	1.98012090628712700E-1
9.51631144954606434E-8	2.69621761866796694E-1
9.52195162000426798E-8	2.64378988471340648E-1
9.53137259410147308E-8	2.00653037685308711E-1
9.54120546173217043E-8	1.51354429925656375E-1
9.55111416093711796E-8	9.82128868436851654E-3
9.56108368225232041E-8	-8.71356220798302594E-2
9.56699477747205052E-8	-2.21300408504616719E-1
9.57342217063140133E-8	-4.06471805150116516E-1
9.58023907054717583E-8	-3.25705655088293478E-1
9.58511253289394638E-8	-2.67388073232032664E-1
9.59131590611990426E-8	-1.39365578519778888E-1
9.59732714355793171E-8	-2.81249676678729887E-3
9.60222600276063787E-8	1.22158643945385292E-1
9.60871132322177424E-8	2.01490020800462855E-1
9.61456476126565995E-8	2.68938345169416415E-1
9.61986965873724387E-8	2.67236012134907241E-1
9.62752608422753831E-8	2.09300680413209550E-1
9.63620331061722979E-8	1.81948672132963774E-1
9.64620331061722780E-8	5.82312605924252580E-2
9.65620331061722581E-8	-6.70719379199914290E-2
9.66361989849900382E-8	-1.49168551395445137E-1
9.67008724998910907E-8	-3.98612935450951955E-1
9.67647574401602029E-8	-3.46233381009213037E-1
9.68182907770657231E-8	-2.93762501690061928E-1
9.68646922040760039E-8	-2.02741635648108609E-1
9.69258030465257825E-8	-8.27349069934671455E-2
9.69828254837359083E-8	7.01917517977252814E-2
9.70393558399384482E-8	1.67744106341786692E-1
9.71044152715014874E-8	2.44318723609025135E-1
9.71471926500657545E-8	2.76796780283751698E-1
9.72161625285446718E-8	2.42172077866557611E-1
9.73115346202563281E-8	1.95963523006928719E-1
9.74115346202563082E-8	1.09141566363306186E-1
9.75115346202563060E-8	-3.36825110890437207E-2
9.76023134165136241E-8	-1.09858735582137323E-1
9.76682531068056292E-8	-3.61900590346686579E-1
9.77487255946039824E-8	-3.44840458018982687E-1
9.78124689636460865E-8	-2.77951908513197798E-1
9.78674809073667618E-8	-1.63225251256072035E-1
9.79321039146217842E-8	-2.62128733825614191E-2
9.79778893554075836E-8	9.80325727735435848E-2
9.80455001944029547E-8	1.91572667597095947E-1
9.81027681601089796E-8	2.60430581428919528E-1
9.81436897247166051E-8	2.76834653297303657E-1
9.82241552080262537E-8	2.21388753046501696E-1
9.82894726470431124E-8	1.97042616160232975E-1
9.83894726470431280E-8	1.17300933724134215E-1
9.84894726470430903E-8	-2.67214892427665118E-2
9.85847329562566976E-8	-1.07177084830146629E-1
9.86386979086418414E-8	-3.07742278074666809E-1
9.86980887942774920E-8	-3.94884527035072219E-1
9.87488379278021888E-8	-3.29362888692229339E-1
9.87937314337974293E-8	-2.82100036245051200E-1
9.88476667501121042E-8	-1.70142941585850749E-1
9.89062822381842821E-8	-5.13173854320110934E-2
9.89535141888906544E-8	7.85933539288682947E-2
9.90093394164954965E-8	1.70967137777846223E-1
9.90793447832056984E-8	2.53326947164004901E-1
9.91264486844528037E-8	2.76914161884132026E-1
9.92027166801898375E-8	2.25657888253085748E-1
9.92949751323766705E-8	1.91575345272260389E-1
9.93949751323766328E-8	8.52483863411847587E-2
9.94949751323766129E-8	-5.15078945971659152E-2
9.95698550365554169E-8	-1.10107346600520106E-1
9.96238034404064265E-8	-3.16437122413300198E-1
9.96865124317793772E-8	-3.88288071964822068E-1
9.97370201475619744E-8	-3.25376781956541539E-1
9.97802835565756929E-8	-2.76460517016513529E-1
9.98394804158173876E-8	-1.54777792228157018E-1
9.99040826690990080E-8	-1.24089621566617625E-2
9.99510575500550047E-8	1.11344936543299688E-1
1.00017273701001486E-7	1.96831080073118092E-1
1.00082691734454321E-7	2.70711545966382250E-1
1.00139416660740510E-7	2.63486197465896232E-1
1.00233173740257797E-7	2.00881242861928921E-1
1.00331832672934018E-7	1.49399738760211975E-1
1.00431832672934007E-7	5.70396505370792894E-3
1.00531832672933996E-7	-8.88730130070508828E-2
1.00596528058163348E-7	-2.65308000878211914E-1
1.00678638833334522E-7	-3.75577170174223385E-1
1.00749016116365420E-7	-2.98687058279014206E-1
1.00799984080899652E-7	-2.01457160919133393E-1
1.00860631388617694E-7	-8.11564811873188852E-2
1.00916473589766942E-7	6.77479684178383668E-2
1.00968675011033771E-7	1.62655222369573371E-1
1.01038516710475124E-7	2.43695192776342839E-1
1.01077468583273400E-7	2.76004007952093566E-1
1.01135643411912346E-7	2.54304619078811589E-1
1.01206329165394115E-7	2.03347397308305888E-1
1.01303222987921293E-7	1.62367130911282675E-1
1.01403222987921260E-7	2.30849121646155098E-2
1.01503055314795421E-7	-8.26772866525655914E-2
1.01566296085547103E-7	-1.97390448572596133E-1
1.01629828855834181E-7	-4.08114766172135823E-1
1.01698593774388546E-7	-3.29558337414346747E-1
1.01754374208107556E-7	-2.64389728537984148E-1
1.01822022582690330E-7	-1.26222957812384973E-1
1.01881549732480625E-7	1.63785502449531428E-2
1.01934893486090017E-7	1.40611560462613916E-1
1.02004947415163238E-7	2.22182050182852242E-1
1.02054101593658642E-7	2.73233316916164881E-1
1.02108545375844351E-7	2.62119546279952331E-1
1.02182135678640362E-7	2.06826701517008482E-1
1.02274701778149568E-7	1.73925781895504561E-1
1.02374701778149535E-7	4.11492362405931189E-2
1.02474185809009666E-7	-7.52972932773190884E-2
1.02542263733981165E-7	-1.65812805802303265E-1
1.02604007493325389E-7	-4.01014905575798863E-1
1.02671178451705614E-7	-3.40033354821962241E-1
1.02722541100510156E-7	-2.90172599153290989E-1
1.02769655910526336E-7	-1.95977056202788225E-1
1.02826322254130331E-7	-8.49990119014500678E-2
1.02881443213743884E-7	6.23978260119504569E-2
1.02934772005628883E-7	1.61089289131064217E-1
1.03004823282313840E-7	2.43041245287245200E-1
1.03047777332781965E-7	2.76783209728506518E-1
1.03112506454065400E-7	2.46706871792867766E-1
1.03178540192223300E-7	2.02146135948992978E-1
1.03277121959633811E-7	1.55356910634205603E-1
1.03377121959633822E-7	1.31026111502368714E-2
1.03477121959633789E-7	-8.65321199932148488E-2
1.03538552349317570E-7	-2.20268762682699037E-1
1.03597601882261769E-7	-4.08436456518739988E-1
1.03665195819226663E-7	-3.30256279288069532E-1
1.03718675666666194E-7	-2.69956096603403184E-1
1.03777296222523319E-7	-1.47946089925862245E-1
1.03838215509352416E-7	-1.36756712516572843E-2
1.03886784466156157E-7	1.13911156011711112E-1
1.03949937623863398E-7	1.94793429754040237E-1
1.04008419683125952E-7	2.64574958799580751E-1
1.04054581620207864E-7	2.74188193545271641E-1
1.04139645646039813E-7	2.12004211435847711E-1
1.04236391877116197E-7	1.77758582180631963E-1
1.04336391877116164E-7	4.94049545626210040E-2
1.04436391877116130E-7	-7.15460877105927207E-2
1.04510230340070631E-7	-1.70413793113274448E-1
1.04587017779525859E-7	-4.07094956279570752E-1
1.04663732477896110E-7	-3.18513518267176154E-1
1.04714277693547864E-7	-2.45861888352316438E-1
1.04778481339949514E-7	-1.15047241991692872E-1
1.04843193611287644E-7	4.70440665861769780E-2
1.04888540647406425E-7	1.45101131792093141E-1
1.04959108001152335E-7	2.26257560366894994E-1
1.05005057557361581E-7	2.73305460101984110E-1
1.05052494692991005E-7	2.66973066150856653E-1
1.05128468584761814E-7	2.08792612785242948E-1
1.05214428663553594E-7	1.81732453794844129E-1
1.05314428663553583E-7	5.83387556227596882E-2
1.05414428663553550E-7	-6.68311444326584070E-2
1.05488722726394046E-7	-1.49782478114338202E-1
1.05547469202406718E-7	-3.89347735160002539E-1
1.05607914114826373E-7	-3.58273396613265049E-1
1.05652448807464139E-7	-3.14948107569551317E-1
1.05694574108110562E-7	-2.52507375027199776E-1
1.05762661321534357E-7	-1.14248491841502808E-1
1.05826017772064795E-7	4.51638860535210540E-2
1.05871852528849830E-7	1.44347696109742074E-1
1.05942113294677087E-7	2.25773806237045616E-1
1.05996454956765618E-7	2.76492837860057339E-1
1.06067842782254673E-7	2.43017896891323071E-1
1.06163019863468744E-7	1.96368784807711450E-1
1.06263019863468688E-7	1.10410865126578250E-1
1.06363019863468677E-7	-3.28311087954728276E-2
1.06454124857585453E-7	-1.09281402431754016E-1
1.06521860942241586E-7	-3.66198499449978598E-1
1.06600555256350704E-7	-3.45569769063318422E-1
1.06661625032353746E-7	-2.83763229519456717E-1
1.06713332424651508E-7	-1.76214289453911910E-1
1.06770502005687473E-7	-6.25084556191727359E-2
1.06831876311443841E-7	1.01990750000959851E-1
1.06896839488214801E-7	1.90670306430742587E-1
1.06954832090481378E-7	2.60498250662027209E-1
1.06994049610489750E-7	2.77385169170197798E-1
1.07072034356655710E-7	2.25339002358096074E-1
1.07165502152394532E-7	1.90752725785594657E-1
1.07265502152394498E-7	8.28917367601248145E-2
1.07365272897610975E-7	-5.26499576287229942E-2
1.07445900647456405E-7	-1.22635202354085715E-1
1.07511191214775415E-7	-3.83214243478725436E-1
1.07578563179048725E-7	-3.53085527652671782E-1
1.07639806473824184E-7	-2.91674869686750116E-1
1.07695796705514235E-7	-1.78861721142531982E-1
1.07767481556359734E-7	-2.74235658879734601E-2
1.07825057721639306E-7	1.21164071934130413E-1
1.07890319901678278E-7	2.02116853735108792E-1
1.07944441812070613E-7	2.65689826201963575E-1
1.07987447046409812E-7	2.74723369872025902E-1
1.08079900992797207E-7	2.08643488761178286E-1
1.08148726974900478E-7	1.90954189392140483E-1
1.08248726974900444E-7	8.31863323625805506E-2
1.08348443930361671E-7	-5.24415390191286601E-2
1.08429430142956340E-7	-1.22692497877311224E-1
1.08494105841089317E-7	-3.81632003292286903E-1
1.08563269613850899E-7	-3.51682242981672610E-1
1.08624197538533185E-7	-2.90487279089711858E-1
1.08679860369605952E-7	-1.77915921052089887E-1
1.08747812749336226E-7	-3.61479806512633406E-2
1.08803996017494553E-7	1.12117818234052002E-1
1.08870844359055186E-7	1.98634711031846978E-1
1.08925475427783658E-7	2.63561027898153633E-1
1.08970098516315761E-7	2.75071283230566843E-1
1.09061486346454473E-7	2.09707843357912660E-1
1.09130361057854430E-7	1.91893672049495256E-1
1.09230361057854353E-7	8.61903238946898043E-2
1.09329484790913245E-7	-4.99744485384946113E-2
1.09413148299198504E-7	-1.22227633274699343E-1
1.09470769140985325E-7	-3.60646067754802235E-1
1.09535739192014936E-7	-3.67128794617783960E-1
1.09589564481710022E-7	-3.12306334792806117E-1
1.09629168807441801E-7	-2.51717189742334524E-1
1.09697051402643786E-7	-1.13968079390130184E-1
1.09755937313430452E-7	3.22010931123609989E-2
1.09803013636542990E-7	1.39345190656110551E-1
1.09871351116028704E-7	2.19137876603698878E-1
1.09922518846507056E-7	2.73179615956907318E-1
1.09972568813612193E-7	2.65590049187846322E-1
1.10047713069259889E-7	2.08422687013648700E-1
1.10132559730463675E-7	1.81734597789327545E-1
1.10232559730463664E-7	5.75818019194742714E-2
1.10332559730463653E-7	-6.75230217235315777E-2
1.10406107537583065E-7	-1.48288609433109730E-1
1.10465469664222771E-7	-3.89692359258124332E-1
1.10528021816684241E-7	-3.55572221788605658E-1
1.10575602427572939E-7	-3.10275766839328604E-1
1.10615812930898594E-7	-2.45714703982802662E-1
1.10684426256246948E-7	-1.06985981580562295E-1
1.10742079021584128E-7	3.98602808410486675E-2
1.10787967485225303E-7	1.41703468118708109E-1
1.10859931827395619E-7	2.25698892788017869E-1
1.10913965155208016E-7	2.76500406739227644E-1
1.10971001884812859E-7	2.54778899137602721E-1
1.11038729191014074E-7	2.05213095912676646E-1
1.11132508612442682E-7	1.69169770033934053E-1
1.11232508612442693E-7	3.24679938273296331E-2
1.11331851280082672E-7	-7.92427406602921813E-2
1.11401329095539303E-7	-1.95263473520381958E-1
1.11475784766483654E-7	-4.04533591827864303E-1
1.11554867213447917E-7	-3.14088201397745603E-1
1.11606948511113613E-7	-2.28604925954317828E-1
1.11675512726606030E-7	-9.14521309793243908E-2
1.11745575099192229E-7	9.18255175282015479E-2
1.11812514874854640E-7	1.88733250362740268E-1
1.11875095102501820E-7	2.62518297372491372E-1
1.11920967519239078E-7	2.75349095203974059E-1
1.12008021753418330E-7	2.12107826374791308E-1
1.12103624189992157E-7	1.78861249779097697E-1
1.12203624189992168E-7	5.20723618721062742E-2
1.12303624189992157E-7	-7.01100863580315181E-2
1.12375044072199248E-7	-1.55805696718421838E-1
1.12444598898276249E-7	-4.05455595786733092E-1
1.12526270830790986E-7	-3.22892298650098608E-1
1.12576451986489467E-7	-2.59187553683042138E-1
1.12637561319581581E-7	-1.32975758788424137E-1
1.12702782021112369E-7	2.10805367790458309E-2
1.12761576407002240E-7	1.51070787666996220E-1
1.12835836175948567E-7	2.37033832972981884E-1
1.12877502256693374E-7	2.75290885432450416E-1
1.12929400252565837E-7	2.61574448699340945E-1
1.13004231278212264E-7	2.05597639383830755E-1
1.13097519395818225E-7	1.71009106943099054E-1
1.13197519395818169E-7	3.63735537537541775E-2
1.13297410079215011E-7	-7.76122455509236620E-2
1.13365538777048647E-7	-1.82746952283643016E-1
1.13440487883436392E-7	-4.06623465746007096E-1
1.13514453337013577E-7	-3.20273574101295244E-1
1.13563921842183446E-7	-2.51304254201464161E-1
1.13626998870131324E-7	-1.22430875149139662E-1
1.13692883301642755E-7	4.01770148626494894E-2
1.13743081510182975E-7	1.48170633131096974E-1
1.13815089025810634E-7	2.31618339455588762E-1
1.13858869799810813E-7	2.74411782207911026E-1
1.13917498975752562E-7	2.58155796840379370E-1
1.14011473782173600E-7	1.99691196116887570E-1
1.14111473782173589E-7	1.38363675151604215E-1
1.14211310255992338E-7	-6.75884881668835558E-3
1.14311310255992304E-7	-9.49094562374564177E-2
1.14374696361712447E-7	-3.04340760859436221E-1
1.14445747562477873E-7	-3.80515584133138907E-1
1.14514821186513860E-7	-3.04387653111747447E-1
1.14564758409952394E-7	-2.13420739613894694E-1
1.14625970252856080E-7	-9.17787442690187127E-2
1.14688337356219328E-7	7.20693802291629382E-2
1.14746536479041183E-7	1.71350168558001581E-1
1.14812836809765839E-7	2.49007983578074388E-1
1.14854189062101764E-7	2.77493294040063843E-1
1.14932831959276416E-7	2.32098632278399819E-1
1.14996972771046746E-7	1.99912819237734873E-1
1.15096972771046713E-7	1.35979860625576787E-1
1.15196325248765352E-7	-9.05308360016815250E-3
1.15296300942476670E-7	-9.64088547646554872E-2
1.15357530598105851E-7	-3.00779663436540101E-1
1.15434382342512976E-7	-3.72969935867550184E-1
1.15506699827450121E-7	-2.94676249950009517E-1
1.15564642839544107E-7	-1.78372617485838481E-1
1.15631556260986956E-7	-4.01057881926842352E-2
1.15695285970748052E-7	1.24626734030582043E-1
1.15769454160437313E-7	2.15155622370237598E-1
1.15822011985944462E-7	2.72149405369235975E-1
1.15872404473080892E-7	2.66767941567325995E-1
1.15950821555890404E-7	2.07486760247356194E-1
1.16038164124697030E-7	1.78882489110058396E-1
1.16138164124696974E-7	5.16388508150971948E-2
1.16238164124696963E-7	-7.04599711268451045E-2
1.16309542460025517E-7	-1.56538688350445376E-1
1.16379490978696021E-7	-4.05886954835718150E-1
1.16461213127773267E-7	-3.22509806322118964E-1
1.16512037652656342E-7	-2.56741299769897635E-1
1.16572137812736276E-7	-1.32516130234987428E-1
1.16637531244533155E-7	2.23205869423571546E-2
1.16698130517983922E-7	1.53941513659077800E-1
1.16773799849065063E-7	2.41689396198846929E-1
1.16815817471161232E-7	2.76738847492675921E-1
1.16877467129409074E-7	2.51126673790812038E-1
1.16973210572508801E-7	1.97912406682875286E-1
1.17073210572508768E-7	1.23625401117476241E-1
1.17173210572508757E-7	-2.13601338585372424E-2
1.17269594403623545E-7	-1.03243756632910744E-1
1.17332608673816186E-7	-3.34326240420392207E-1
1.17410056956518827E-7	-3.59409077448056191E-1
1.17476117168294802E-7	-2.91758826082436817E-1
1.17531130968356945E-7	-1.79693532522095101E-1
1.17594157597829518E-7	-5.20536882246253185E-2
1.17640284621533642E-7	7.50738404720828356E-2
1.17697641259260410E-7	1.71795276124480556E-1
1.17763306893578878E-7	2.48636933323608300E-1
1.17804169711043816E-7	2.77423273065545217E-1
1.17878496842345393E-7	2.36591998448443563E-1
1.17945115280221779E-7	2.00096086667916628E-1
1.18045115280221791E-7	1.39291054227902489E-1
1.18144711423597859E-7	-5.71667028723351223E-3
1.18244711423597826E-7	-9.42469273928419682E-2
1.18303578416793798E-7	-2.78424826673634218E-1
1.18372868460017178E-7	-3.90401269801792239E-1
1.18438672806221912E-7	-3.14745917147125898E-1
1.18490033435814635E-7	-2.32973108042770916E-1
1.18560415982398926E-7	-9.15858636719258712E-2
1.18625006635777486E-7	7.80819265947153696E-2
1.18686201709573291E-7	1.76821842980103794E-1
1.18749628404712682E-7	2.51896793900167282E-1
1.18792844269452535E-7	2.77820578841537547E-1
1.18867490042433044E-7	2.31885178051650787E-1
1.18932776507497806E-7	1.99744895732999472E-1
1.19032776507497795E-7	1.33896973327549373E-1
1.19132776507497806E-7	-1.20541486622057725E-2
1.19232698626184197E-7	-9.82812917604287506E-2
1.19297129287219139E-7	-3.23144104547202371E-1
1.19364931621261183E-7	-3.79040613596214593E-1
1.19427587051332518E-7	-3.09643021864770107E-1
1.19479309386901078E-7	-2.21013644068287940E-1
1.19546500947515377E-7	-8.62623461116320911E-2
1.19612372416223911E-7	8.77592486002722438E-2
1.19676401782756980E-7	1.83361516591419260E-1
1.19736367778966613E-7	2.55581247024062330E-1
1.19775933160768511E-7	2.77869887581964781E-1
1.19858202569182359E-7	2.25832883325035105E-1
1.19952366081745110E-7	1.90604620544290615E-1
1.20052366081745210E-7	8.21960979690610394E-2
1.20152366081745354E-7	-5.34487603999751038E-2
1.20232563141432003E-7	-1.23314868903270725E-1
1.20303578748170281E-7	-3.95430328265213138E-1
1.20377173644120572E-7	-3.39570371402548243E-1
1.20436385142673386E-7	-2.75204413223979394E-1
1.20491562969169941E-7	-1.60959188813311682E-1
1.20553083236123881E-7	-2.98465531868814304E-2
1.20608449199439960E-7	1.15299433613198743E-1
1.20675720158016175E-7	2.01065425332584802E-1
1.20730139080540178E-7	2.65257168330443438E-1
1.20776033661596638E-7	2.74155689493378540E-1
1.20869897142230753E-7	2.07096777416297018E-1
1.20966609945540515E-7	1.70680612231173900E-1
1.21066609945540637E-7	3.56632501101858690E-2
1.21166394737538097E-7	-7.79316427128628497E-2
1.21235611580431790E-7	-1.88766775422225419E-1
1.21307356118812382E-7	-4.07502112926542637E-1
1.21381907542208567E-7	-3.21334884910281504E-1
1.21431955230978117E-7	-2.52523419625045520E-1
1.21496500256600104E-7	-1.20956070850514918E-1
1.21559269249994495E-7	3.39075183095706656E-2
1.21608309322877228E-7	1.43496342056186998E-1
1.21683547254631885E-7	2.31494295821541085E-1
1.21727462132012954E-7	2.74494270302376320E-1
1.21787991387582117E-7	2.56859531986847900E-1
1.21858281696135240E-7	2.05084134318919542E-1
1.21952128737667431E-7	1.69011530429248191E-1
1.22052128737667509E-7	3.24323678851224440E-2
1.22151632770659546E-7	-7.92100570157626471E-2
1.22222416561407909E-7	-2.02677504326055802E-1
1.22294463414454624E-7	-4.05111653195170263E-1
1.22371161426062525E-7	-3.16923491072548424E-1
1.22427706247569112E-7	-2.25511090187064012E-1
1.22495199068399208E-7	-9.06817121505547341E-2
1.22561891655998689E-7	8.45677198757877058E-2
1.22629263661691312E-7	1.86025218061902953E-1
1.22690819686306529E-7	2.59230582730084258E-1
1.22736394795071280E-7	2.76633836873917582E-1
1.22823842174718800E-7	2.14490084276480042E-1
1.22890493739737305E-7	1.94978307425534547E-1
1.22990493739737405E-7	1.01214348803803089E-1
1.23090493739737550E-7	-4.00443173184766632E-2
1.23172382391802748E-7	-1.05236493000148701E-1
1.23225035976507113E-7	-2.95609265113357633E-1
1.23284669700579919E-7	-3.98050725953552575E-1
1.23348152074001538E-7	-3.21587634740925754E-1
1.23392313211123028E-7	-2.65386596252909124E-1
1.23452590492441816E-7	-1.41846265426945051E-1
1.23507741810215599E-7	-1.88867082114291240E-2
1.23544204000988600E-7	8.18723150797911359E-2
1.23599135001704963E-7	1.71473307819759446E-1
1.23667601551836071E-7	2.52503650004245550E-1
1.23711603087160804E-7	2.77809796896350925E-1
1.23790180609770584E-7	2.27809635505837127E-1
1.23885338850774529E-7	1.91594674936048692E-1
1.23985338850774651E-7	8.43295516150479152E-2
1.24085338850774773E-7	-5.22567622920988128E-2
1.24166400752670514E-7	-1.22481151887696815E-1
1.24227110868721713E-7	-3.70604592856224002E-1
1.24292512161934665E-7	-3.62439963384531660E-1
1.24348705442639362E-7	-3.07448560554125994E-1
1.24402474055817791E-7	-2.08531028967595322E-1
1.24471558776606939E-7	-7.03070521169808060E-2
1.24528098480051130E-7	8.31607806538762162E-2
1.24586038529713550E-7	1.74796822576351629E-1
1.24652594816594053E-7	2.54042788240662709E-1
1.24699009972913255E-7	2.77344942220510671E-1
1.24777453704825425E-7	2.24667312430877741E-1
1.24871736785836429E-7	1.89806244716048633E-1
1.24971736785836551E-7	7.96137408867511187E-2
1.25071736785836696E-7	-5.49456560181680409E-2
1.25152018898094997E-7	-1.27221030953909109E-1
1.25223590358503323E-7	-3.98518000961920871E-1
1.25300666543634254E-7	-3.33758720297672173E-1
1.25360193805197384E-7	-2.64096749443604883E-1
1.25417913719767915E-7	-1.44711104441320981E-1
1.25483131092020583E-7	3.93888638391942925E-3
1.25528250358177296E-7	1.19364548993718467E-1
1.25600654488195751E-7	2.09652262084591978E-1
1.25654330744072240E-7	2.70129357660977165E-1
1.25696233313799821E-7	2.73264159824561537E-1
1.25786581722405777E-7	2.07527378877723567E-1
1.25883900577277252E-7	1.70916360689572255E-1
1.25983900577277352E-7	3.64592475792674087E-2
1.26083900577277497E-7	-7.76200545303204148E-2
1.26152205448296528E-7	-1.83848161256685816E-1
1.26225014536027635E-7	-4.07715235961205646E-1
1.26299214688212258E-7	-3.21587420399374313E-1
1.26349207944494091E-7	-2.53757729519932962E-1
1.26414137069105204E-7	-1.21115047678283405E-1
1.26476276058804760E-7	3.16481713580249524E-2
1.26522113531118308E-7	1.37625131999466221E-1
1.26589190534660156E-7	2.15674151658289404E-1
1.26641086714385809E-7	2.72430989619737618E-1
1.26689260607381238E-7	2.68350083304179599E-1
1.26767384720245513E-7	2.09227875415299103E-1
1.26854093061458828E-7	1.81486894863212922E-1
1.26953789998145083E-7	5.72962744470976482E-2
1.27053319480933302E-7	-6.73083506686966970E-2
1.27126804498744250E-7	-1.48300200237338387E-1
1.27187564804048781E-7	-3.92630166026514349E-1
1.27253034051686198E-7	-3.50098042851217528E-1
1.27303511502287914E-7	-3.02061729893001685E-1
1.27344862585872498E-7	-2.27318514365581281E-1
1.27412889464838952E-7	-9.13114002600617880E-2
1.27474135981614856E-7	7.13004606287328091E-2
1.27531683146048369E-7	1.69535450158014833E-1
1.27597172333163456E-7	2.47084860442490273E-1
1.27640894474182742E-7	2.77752824261301612E-1
1.27706329331008384E-7	2.43448240355653622E-1
1.27801912055338907E-7	1.96506394314114119E-1
1.27901912055339051E-7	1.09954103027047223E-1
1.28001912055339173E-7	-3.33391795923244594E-2
1.28092832295628178E-7	-1.09801901197709406E-1
1.28159807340118892E-7	-3.64837052314597710E-1
1.28239950511828460E-7	-3.44900769111032401E-1
1.28303893227173726E-7	-2.77461531973516573E-1
1.28358657048445490E-7	-1.62952269328087929E-1
1.28422938207150672E-7	-2.63135129717469241E-2
1.28469002961093492E-7	9.87709808794131838E-2
1.28536568595308176E-7	1.92157590429254044E-1
1.28593499340785766E-7	2.60902954313318158E-1
1.28634673489049556E-7	2.77391269250531547E-1
1.28715041457361767E-7	2.21956818159204383E-1
1.28780203965847440E-7	1.97513216056702046E-1
1.28880203965847540E-7	1.17633381503359735E-1
1.28980203965847662E-7	-2.67527313574036851E-2
1.29075465984813120E-7	-1.07467070046161961E-1
1.29129456455244407E-7	-3.08266560201332229E-1
1.29188719588529288E-7	-3.95561305556593990E-1
1.29239665565218731E-7	-3.29883735677976064E-1
1.29284409427681668E-7	-2.82757348493662120E-1
1.29338448858900334E-7	-1.70500345619830829E-1
1.29397133773528794E-7	-5.12400255927744475E-2
1.29444308592877011E-7	7.87347587240877367E-2
1.29500090899222720E-7	1.71166261196522229E-1
1.29570021813472991E-7	2.53757331093485794E-1
1.29617120357960980E-7	2.77486808654911554E-1
1.29693156359593198E-7	2.26516807366988093E-1
1.29785461975460925E-7	1.92069843068252899E-1
1.29885461975461047E-7	8.57903690430895693E-2
1.29985461975461147E-7	-5.14173386119511111E-2
1.30060492191468735E-7	-1.10286341303591540E-1
1.30114325111086027E-7	-3.16087210005308972E-1
1.30173745946117192E-7	-3.93651330670905297E-1
1.30230831025748306E-7	-3.23244564304565873E-1
1.30272787968171100E-7	-2.73563346263033491E-1
1.30337116072838866E-7	-1.42382939884145632E-1
1.30396390100232473E-7	-7.96470235917558966E-3
1.30443682572349506E-7	1.15249675692088416E-1
1.30509298442345067E-7	1.98733387420304997E-1
1.30570764003156592E-7	2.69516552120144137E-1
1.30618338645985799E-7	2.70925233626444717E-1
1.30703319095541648E-7	2.08379438618345514E-1
1.30799840799328515E-7	1.72886412920419463E-1
1.30899840799328659E-7	3.89312574493626107E-2
1.30999840799328737E-7	-7.68328094896459390E-2
1.31066274024835883E-7	-1.69424855959592779E-1
1.31126920327145413E-7	-4.00907596386650145E-1
1.31192723685398649E-7	-3.42840612567315395E-1
1.31249057648810918E-7	-2.86249685651245311E-1
1.31309844746548721E-7	-1.62266773636821959E-1
1.31367094378674354E-7	-4.31761822974995635E-2
1.31417796778230445E-7	9.44548063582348441E-2
1.31479728568960264E-7	1.84457569642906405E-1
1.31543800473553363E-7	2.60666539101636063E-1
1.31591105896076632E-7	2.75775963945414659E-1
1.31678445048522397E-7	2.13046197750233990E-1
1.31774506548574477E-7	1.79491829072913989E-1
1.31874506548574599E-7	5.23257418356459425E-2
1.31974506548574722E-7	-7.03222460170941766E-2
1.32045281233516620E-7	-1.52756491666358007E-1
1.32111970290072800E-7	-4.02422208198777120E-1
1.32182371661184339E-7	-3.36348531011211582E-1
1.32238377626602244E-7	-2.76518375693403229E-1
1.32297057016158881E-7	-1.55200687719744068E-1
1.32355574042308932E-7	-3.01278468217335549E-2
1.32407246823248115E-7	1.07617317474319196E-1
1.32469186937682526E-7	1.90806947689513895E-1
1.32533991857595512E-7	2.66672090182399790E-1
1.32583913719123259E-7	2.71982263331455298E-1
1.32666588896426685E-7	2.10412287005759335E-1
1.32745823157820508E-7	1.87101156877455765E-1
1.32845797270495281E-7	7.09785224685262683E-2
1.32945797270495381E-7	-6.01613779706979468E-2
1.33015298044582186E-7	-1.16441179851873566E-1
1.33076839979630535E-7	-3.64456733654833398E-1
1.33145413078032937E-7	-3.60603427375783170E-1
1.33196915412706596E-7	-3.11194233464158554E-1
1.33235855872036324E-7	-2.49029894843783284E-1
1.33299416844419039E-7	-1.19947610902386348E-1
1.33356631845188667E-7	1.92027946024596496E-2
1.33395481333193189E-7	1.17719151700977998E-1
1.33459904858613387E-7	1.98826621375849077E-1
1.33517193508379428E-7	2.66561823909786444E-1
1.33560435156785418E-7	2.74845003663797893E-1
1.33648003573546514E-7	2.11485526299538718E-1
1.33713253573630730E-7	1.94544330885835803E-1
1.33813253573630830E-7	9.55941564168670155E-2
1.33912453475866711E-7	-4.38040799705628459E-2
1.33997755978440458E-7	-1.15784573623123466E-1
1.34072789798574621E-7	-3.95423944657059234E-1
1.34155161096903219E-7	-3.31520709473989594E-1
1.34210190065770063E-7	-2.67610973034061717E-1
1.34269679776526352E-7	-1.44754675561491264E-1
1.34334833392930797E-7	3.95092703629578690E-3
1.34397295946298723E-7	1.47790942442276863E-1
1.34471400637666494E-7	2.33515684679107993E-1
1.34518905120744670E-7	2.76544313774880646E-1
1.34580600883143386E-7	2.51967436775989206E-1
1.34675333175761192E-7	1.98243829624931545E-1
1.34775333175761314E-7	1.25831040944778261E-1
1.34875333175761414E-7	-1.93146941923015314E-2
1.34972638142989876E-7	-1.02199934187428210E-1
1.35032968529759212E-7	-3.20433778721150597E-1
1.35108550766576307E-7	-3.68211863583151899E-1
1.35177267832149872E-7	-2.95464078856691570E-1
1.35227457751637581E-7	-1.96051115879483939E-1
1.35286218699279792E-7	-7.95362732109183668E-2
1.35352306810961420E-7	9.55895013882379807E-2
1.35421817140622336E-7	1.92814259898581408E-1
1.35477807228116665E-7	2.60611549048780589E-1
1.35518345507139815E-7	2.77602699202331848E-1
1.35599533969525599E-7	2.22139791112718887E-1
1.35665182074535196E-7	1.97524381967771756E-1
1.35765182074535318E-7	1.17221792520738943E-1
1.35865182074535440E-7	-2.71686248925191531E-2
1.35960282388572340E-7	-1.07743804380005836E-1
1.36012591500790236E-7	-3.01402783435154120E-1
1.36072690113393402E-7	-3.96417876209294562E-1
1.36123863726115757E-7	-3.30345740716505265E-1
1.36169168554727071E-7	-2.82670827366383159E-1
1.36222886024209044E-7	-1.70984595667988049E-1
1.36280905047554235E-7	-5.35213360988246656E-2
1.36328210670125216E-7	7.67813983539528699E-2
1.36384234282944217E-7	1.70665618651497297E-1
1.36455118008511378E-7	2.54271971538313002E-1
1.36502855134522894E-7	2.77381786162169286E-1
1.36580709634241937E-7	2.24198364487671453E-1
1.36672855230974610E-7	1.90883207167138425E-1
1.36772855230974688E-7	8.15015295994907341E-2
1.36871774670162427E-7	-5.31320784703805238E-2
1.36952514203283360E-7	-1.23226999814832805E-1
1.37018863401532087E-7	-3.86129912135878106E-1
1.37087630934435500E-7	-3.50485765623758905E-1
1.37147368770733591E-7	-2.90594516223310162E-1
1.37206589259349654E-7	-1.70995273968624018E-1
1.37264014735564643E-7	-5.40554163949279332E-2
1.37326068140117696E-7	1.10186215188530645E-1
1.37392117900168831E-7	1.96821126139790326E-1
1.37449065329628861E-7	2.64373972461260820E-1
1.37492974547179525E-7	2.75448422962780226E-1
1.37584241578509592E-7	2.10228575750645152E-1
1.37652822509780703E-7	1.92398614561523185E-1
1.37752822509780826E-7	8.71488912195656873E-2
1.37852164500184715E-7	-4.97215199864801427E-2
1.37936130390815426E-7	-1.22490037545185593E-1
1.37994463705155290E-7	-3.63489566387951824E-1
1.38059568247710862E-7	-3.66107922981766976E-1
1.38112450871550108E-7	-3.12740017132357906E-1
1.38152134498527657E-7	-2.52014591427476908E-1
1.38220376221248253E-7	-1.13472433359308256E-1
1.38278839696662503E-7	3.20097654772869822E-2
1.38326062945240658E-7	1.39533957246705453E-1
1.38394594830577344E-7	2.19736660297448338E-1
1.38445727032571675E-7	2.73632242704449347E-1
1.38497317851476831E-7	2.64770997325547386E-1
1.38590293800227360E-7	2.01621799440508331E-1
1.38688759524407179E-7	1.51517670413285588E-1
1.38788759524407279E-7	8.01483778841528682E-3
1.38888759524407446E-7	-8.84053593612715893E-2
1.38946967316589620E-7	-2.24075323426367889E-1
1.39009224274190024E-7	-4.07712878041619575E-1
1.39081662967465403E-7	-3.24884027090541583E-1
1.39134647808224354E-7	-2.53910695232412920E-1
1.39203928881273975E-7	-1.13993316708750392E-1
1.39264534034761800E-7	3.87353693602080273E-2
1.39309885861538829E-7	1.40369099044674228E-1
1.39378460514572589E-7	2.20494323791367064E-1
1.39430180856749275E-7	2.74123235053208747E-1
1.39487217144614761E-7	2.60243559085760312E-1
1.39581542436875949E-7	2.00482195767440663E-1
1.39681542436876049E-7	1.41199287076654256E-1
1.39780359625023953E-7	-2.70374753108608612E-3
1.39880271128107614E-7	-9.23993824876492376E-2
1.39926565707602091E-7	-2.04646919751088552E-1
1.39987446612486299E-7	-4.09031566196509289E-1
1.40045829013064171E-7	-3.40425081357748294E-1
1.40094381787025823E-7	-2.95863351212807313E-1
1.40135680526489237E-7	-2.15560188914667084E-1
1.40196565503450032E-7	-9.57696511514589233E-2
1.40250039475116006E-7	4.47862648405169761E-2
1.40283825856568845E-7	1.24276067772499044E-1
1.40351089749475033E-7	2.06520369015473726E-1
1.40409573441972091E-7	2.72146471451917815E-1
1.40460409573374245E-7	2.67224896233212394E-1
1.40537501245541541E-7	2.09080305852202208E-1
1.40623596409699170E-7	1.81612024232948865E-1
1.40723596409699314E-7	5.63783616079381389E-2
1.40823596409699370E-7	-6.83708156050099625E-2
1.40886854431726949E-7	-1.22606097703557726E-1
1.40947433227768881E-7	-3.72393503839572659E-1
1.41010277611967316E-7	-3.65597376539207541E-1
1.41063968322282074E-7	-3.12504755847666083E-1
1.41104524272445087E-7	-2.48342288786695331E-1
1.41167319933934765E-7	-1.20398341869918402E-1
1.41223266589914931E-7	1.48203755747713339E-2
1.41255363212888074E-7	1.00629250080522126E-1
1.41315237463678400E-7	1.84325329914287606E-1
1.41381572890239449E-7	2.63461486637341524E-1
1.41428659429214232E-7	2.74809553359923164E-1
1.41511169290928129E-7	2.14589657171074100E-1
1.41577084441226497E-7	1.95841789141558031E-1
1.41677084441226597E-7	1.01992414470802251E-1
1.41777084441226719E-7	-3.99766612610504524E-2
1.41859408053285319E-7	-1.05531746566424389E-1
1.41913608196659102E-7	-3.02958333390241474E-1
1.41973446690194693E-7	-3.96501737887368932E-1
1.42034397501883225E-7	-3.22342076726947857E-1
1.42075336526876961E-7	-2.73427745057648108E-1
1.42130991489710623E-7	-1.57292010182917030E-1
1.42189835701124112E-7	-3.26901264864497110E-2
1.42240577257800549E-7	1.04398120248636994E-1
1.42303695299263122E-7	1.89725039024657027E-1
1.42364109270387118E-7	2.62693562697210581E-1
1.42405508843134898E-7	2.77082365076062942E-1
1.42491849902114254E-7	2.16605518764357541E-1
1.42554818852009935E-7	1.96927937806763520E-1
1.42654818852010035E-7	1.10031150025998437E-1
1.42754105138048537E-7	-3.26079666429453319E-2
1.42845340125240039E-7	-1.09446865813519678E-1
1.42914242811468828E-7	-3.70273826896433977E-1
1.42997850003057758E-7	-3.39516052261350509E-1
1.43057886386073196E-7	-2.75328429423618060E-1
1.43114420928598363E-7	-1.57292092022064089E-1
1.43179287122166010E-7	-1.62266296379302633E-2
1.43242277909569848E-7	1.37920508630903482E-1
1.43317157148071539E-7	2.26116946507025052E-1
1.43366579711118858E-7	2.75096133268306353E-1
1.43423340688128942E-7	2.58999028799644559E-1
1.43516998773037363E-7	1.99864783091960607E-1
1.43616998773037463E-7	1.38961114132950869E-1
1.43716998773037585E-7	-6.30032430777684027E-3
1.43816998773037730E-7	-9.45472356063349118E-2
1.43877903958464759E-7	-2.90813198254382765E-1
1.43952320334661366E-7	-3.80140706205607737E-1
1.44023256688636825E-7	-3.01882807057934599E-1
1.44071737481759921E-7	-2.11743193695382859E-1
1.44132544547684849E-7	-9.10017510234327176E-2
1.44199844950734590E-7	8.55641814984590710E-2
1.44267456260915727E-7	1.86645540344633765E-1
1.44326419082187840E-7	2.57446346155529637E-1
1.44366953828943934E-7	2.77887150743326750E-1
1.44442697667564834E-7	2.29116652614405103E-1
1.44510656766890366E-7	1.98643877710565731E-1
1.44610656766890511E-7	1.25769370343417086E-1
1.44710656766890589E-7	-1.97129915446832693E-2
1.44807835839259846E-7	-1.02491805864873742E-1
1.44872963725649662E-7	-3.40277514808713999E-1
1.44943953894412170E-7	-3.67764593480433533E-1
1.45011528130756151E-7	-2.96676549788199750E-1
1.45062734015949246E-7	-1.95683508603237688E-1
1.45120775757946130E-7	-8.08877282533591213E-2
1.45182797094975702E-7	8.43350605336783943E-2
1.45245813882433494E-7	1.81170642767207535E-1
1.45308146413830053E-7	2.55694632678809652E-1
1.45348666394720061E-7	2.78025473833670711E-1
1.45427557635492666E-7	2.28060645135264739E-1
1.45495140678877322E-7	1.98511929607126070E-1
1.45595140678877399E-7	1.24355454537761045E-1
1.45694532323163983E-7	-2.02123659006647749E-2
1.45791494308692648E-7	-1.02708214873065184E-1
1.45856955638082919E-7	-3.42180956522400148E-1
1.45930524390107141E-7	-3.62845801629351383E-1
1.45994465882646018E-7	-2.97467628300746911E-1
1.46046109051524242E-7	-1.95935761721346613E-1
1.46105028130831327E-7	-7.93607848439884656E-2
1.46168385485834529E-7	8.95485107831038007E-2
1.46238769875942620E-7	1.90990158803174737E-1
1.46298473987556332E-7	2.62626223990212582E-1
1.46339043888640741E-7	2.77298345935744361E-1
1.46426024341533734E-7	2.16357912605665836E-1
1.46490255160412097E-7	1.96258184548435688E-1
1.46590255160412175E-7	1.08315112191085783E-1
1.46689693366749285E-7	-3.38993130591703151E-2
1.46780716666608102E-7	-1.11072555105247828E-1
1.46845150341875619E-7	-3.60088903825961637E-1
1.46917967163123886E-7	-3.56378350455924586E-1
1.46980156081485802E-7	-2.94507869958317947E-1
1.47039430131125615E-7	-1.75181355977780062E-1
1.47103790354940323E-7	-4.22083838746646389E-2
1.47165753345843586E-7	1.19362588615093212E-1
1.47240709182319529E-7	2.12813578173532703E-1
1.47295917934673293E-7	2.72807644476419320E-1
1.47349343633107499E-7	2.64685445566202926E-1
1.47444582770107901E-7	2.00770671772678710E-1
1.47543257466224209E-7	1.48353063241641570E-1
1.47643257466224309E-7	4.53166128686265068E-3
1.47743257466224476E-7	-8.93356943658351099E-2
1.47805410632498324E-7	-2.58365949945059858E-1
1.47877682357936813E-7	-3.91886613722389354E-1
1.47946253367351455E-7	-3.13470900634803717E-1
1.47997194429774992E-7	-2.30474175690674432E-1
1.48056720356241178E-7	-1.11619170791761513E-1
1.48112431468122030E-7	2.81607776463887394E-2
1.48171497886261250E-7	1.53759349583614013E-1
1.48246345763497822E-7	2.41001623841287183E-1
1.48289568432611429E-7	2.76858717549222000E-1
1.48353240260661434E-7	2.49383908556895895E-1
1.48447522089894868E-7	1.98213572795340687E-1
1.48547522089894968E-7	1.21802227156083553E-1
1.48646295714290222E-7	-2.17467088359766114E-2
1.48742227488076217E-7	-1.02924342326309115E-1
1.48802891990946806E-7	-3.23346643284630186E-1
1.48877388244125175E-7	-3.68652178453289547E-1
1.48945274495981872E-7	-2.97226353967644918E-1
1.49000620620896340E-7	-1.87397288318213762E-1
1.49066752016738047E-7	-5.31536501569579212E-2
1.49134940777574343E-7	1.23585787732354224E-1
1.49208601520357553E-7	2.13963674187502528E-1
1.49261051868222872E-7	2.71685340351290350E-1
1.49310403473242870E-7	2.68374245715265580E-1
1.49388517433467238E-7	2.09032703860443014E-1
1.49475587650526531E-7	1.81036375525972382E-1
1.49575587650526654E-7	5.59416297542686625E-2
1.49675587650526798E-7	-6.83671928451183319E-2
1.49738217663853201E-7	-1.21676409031227228E-1
1.49798209216730238E-7	-3.69654476668315457E-1
1.49861597099967381E-7	-3.66049788141676480E-1
1.49911247721311502E-7	-3.16247094109767346E-1
1.49950635858812187E-7	-2.59492774977984553E-1
1.50012880864680809E-7	-1.32003607978155713E-1
1.50069059498744806E-7	-1.75845714218768712E-3
1.50109907758754613E-7	1.06775425307860328E-1
1.50172458553196586E-7	1.90471346313296652E-1
1.50235597075181060E-7	2.65398252980982718E-1
1.50281199923735254E-7	2.74441495318977813E-1
1.50367478489573436E-7	2.11765041647207930E-1
1.50461580296733488E-7	1.79505694811316174E-1
1.50561580296733588E-7	5.20694496336301693E-2
1.50660700436925499E-7	-6.98180127150263274E-2
1.50732463489808421E-7	-1.53936295533326750E-1
1.50798232704614721E-7	-4.01967870276526273E-1
1.50866077981844948E-7	-3.39816288849973080E-1
1.50926116391567033E-7	-2.75089333978868211E-1
1.50987367101840153E-7	-1.48494408521361576E-1
1.51039295065766010E-7	-3.83091658851849370E-2
1.51095051650680645E-7	1.09693743454269299E-1
1.51161840066616904E-7	1.97287619589027940E-1
1.51222561330821237E-7	2.68126577077257222E-1
1.51275746556385071E-7	2.69375240346261302E-1
1.51355024824555828E-7	2.09547403538508137E-1
1.51440558281871773E-7	1.82502346390060244E-1
1.51540242881114784E-7	5.95293145214191810E-2
1.51639554699752099E-7	-6.60240644900077722E-2
1.51716914261639424E-7	-1.56650172227975659E-1
1.51784644142369030E-7	-4.04776104211879062E-1
1.51855485656761768E-7	-3.33406436456226096E-1
1.51909328137411559E-7	-2.75500578299739107E-1
1.51967049014055888E-7	-1.56020545210782347E-1
1.52026697359476270E-7	-2.79739851019214036E-2
1.52079006659390670E-7	1.10561936509018199E-1
1.52145155908703700E-7	1.97130272028059106E-1
1.52205097136664880E-7	2.67282897065986624E-1
1.52251988255935333E-7	2.73160996267869427E-1
1.52344651485713145E-7	2.06569492879189376E-1
1.52441812385304520E-7	1.68445207717836576E-1
1.52541639645877192E-7	3.18315721760938786E-2
1.52638572265574313E-7	-7.79168132043533834E-2
1.52705030721224810E-7	-1.75197854194742764E-1
1.52776769448518124E-7	-4.08532172128721172E-1
1.52855495746349535E-7	-3.20828852903550921E-1
1.52907159210093346E-7	-2.47596060022197539E-1
1.52968238913516630E-7	-1.22885862907018595E-1
1.53035461493297209E-7	4.35053450864784530E-2
1.53098702840630363E-7	1.65121009665730933E-1
1.53166467884010515E-7	2.44276124002291750E-1
1.53204904481553750E-7	2.76463860474736700E-1
1.53262957927374743E-7	2.55423246036679252E-1
1.53333830564224560E-7	2.04090455832749340E-1
1.53430267271091925E-7	1.63687374668155572E-1
1.53530267271092047E-7	2.43758792038137262E-2
1.53630267271092169E-7	-8.26174755982788689E-2
1.53693562702428999E-7	-1.94854414767670847E-1
1.53754712470859545E-7	-4.07800502976380663E-1
1.53818395092232230E-7	-3.37177600963493740E-1
1.53870719151151336E-7	-2.85300226218092234E-1
1.53927565399055988E-7	-1.68583052842593362E-1
1.53987063392625512E-7	-4.56425907309536161E-2
1.54038751390179884E-7	9.46055306923662798E-2
1.54100152704679783E-7	1.83992901189930413E-1
1.54167161900747240E-7	2.63186021663040126E-1
1.54216410100354429E-7	2.74306910605904353E-1
1.54306030411594675E-7	2.09348335015505693E-1
1.54374769174442861E-7	1.91223263936016430E-1
1.54474769174443005E-7	8.36021545791949627E-2
1.54574769174443105E-7	-5.26026820038760334E-2
1.54655589661334725E-7	-1.22912341961524874E-1
1.54721185575004161E-7	-3.84206076052332612E-1
1.54792381351459674E-7	-3.48656395023580945E-1
1.54850489865678731E-7	-2.90848930057519972E-1
1.54904320526648731E-7	-1.81679802613932440E-1
1.54959525261647846E-7	-7.31788481728727902E-2
1.55020027266226434E-7	8.98951085055713683E-2
1.55084001776210112E-7	1.84246922240594246E-1
1.55144659579916988E-7	2.57258638733860057E-1
1.55188287152818827E-7	2.77501425157348924E-1
1.55272352033383587E-7	2.20160193928481362E-1
1.55338376212878559E-7	1.97076416686704081E-1
1.55438376212878637E-7	1.13303096227385436E-1
1.55538219201061367E-7	-3.04278362301940275E-2
1.55630685560309145E-7	-1.08554351481893585E-1
1.55690086029328634E-7	-3.34234059769364000E-1
1.55762239394998270E-7	-3.67901986515880797E-1
1.55823748582756028E-7	-3.04626700458622057E-1
1.55874437544532474E-7	-2.10776900603079653E-1
1.55932881095933862E-7	-9.49562305912399296E-2
1.55993405373108240E-7	6.37094872210596286E-2
1.56050537971022019E-7	1.66753078489106077E-1
1.56120103761819529E-7	2.48257408006097480E-1
1.56163227866380439E-7	2.77991659962474102E-1
1.56239255217921080E-7	2.34115115515583261E-1
1.56335205086983486E-7	1.93777772996929243E-1
1.56435205086983586E-7	9.39749177217260367E-2
1.56532218645287102E-7	-4.23356207307939592E-2
1.56618230646828005E-7	-1.14937526124273126E-1
1.56681209873953797E-7	-3.63554807866600971E-1
1.56750341628252476E-7	-3.60173961867077175E-1
1.56811352829903217E-7	-2.99931412906901329E-1
1.56865416157130100E-7	-1.93969401856400214E-1
1.56927285669611671E-7	-7.13646338035900829E-2
1.56988801510888654E-7	9.40689935272319744E-2
1.57052644210030579E-7	1.85966010858798136E-1
1.57113284610298165E-7	2.58962608710776143E-1
1.57158244763249244E-7	2.76991699240527245E-1
1.57245786362145457E-7	2.15465002248568505E-1
1.57312473098754180E-7	1.95720237659467911E-1
1.57412473098754302E-7	1.03270126424313569E-1
1.57511234308356096E-7	-3.73879409239025673E-2
1.57601756797865544E-7	-1.14821577032821165E-1
1.57666115602832080E-7	-3.67900179198507615E-1
1.57735254838562455E-7	-3.58166090092499667E-1
1.57795184240451913E-7	-2.99461488413279353E-1
1.57846827734065887E-7	-1.98685359226108438E-1
1.57905722942980464E-7	-8.28050197809475108E-2
1.57964783924953478E-7	7.55010268716371247E-2
1.58023642460149194E-7	1.72861052745915211E-1
1.58091531181458467E-7	2.53455363468566297E-1
1.58135489154097164E-7	2.78021315336209796E-1
1.58215307102638070E-7	2.26416176976125127E-1
1.58311100972263485E-7	1.90129841888218021E-1
1.58411065134367091E-7	7.99633628379439720E-2
1.58508849476268998E-7	-5.27933522335914152E-2
1.58589602692031661E-7	-1.22894605217498532E-1
1.58654744814613125E-7	-3.83095573852193105E-1
1.58724216991123712E-7	-3.51249849325883012E-1
1.58783993475920870E-7	-2.91610096822471387E-1
1.58838486851169458E-7	-1.81417132180570184E-1
1.58896665568943551E-7	-6.55310555362731417E-2
1.58952535709167564E-7	8.63171090513694672E-2
1.59012222453135932E-7	1.78046901340086361E-1
1.59079831593736243E-7	2.58474124174499931E-1
1.59125765231484539E-7	2.76800032483461456E-1
1.59211123481547467E-7	2.16638795216811886E-1
1.59305571823696890E-7	1.84071315573444538E-1
1.59405487323356021E-7	6.35999515552420647E-2
1.59503054867741367E-7	-6.22015723099170081E-2
1.59577635555098962E-7	-1.33749433757858593E-1
1.59647351249326253E-7	-3.99297448452373605E-1
1.59726057368730601E-7	-3.31490974213722245E-1
1.59782722209747563E-7	-2.65421232635203097E-1
1.59838963576866533E-7	-1.48631642479050941E-1
1.59904549068160273E-7	-7.90470044473707389E-4
1.59970782719471405E-7	1.50891520297686710E-1
1.60044505940236137E-7	2.36264988749771065E-1
1.60087051756015897E-7	2.75639427365584044E-1
1.60140312963576825E-7	2.60905040038643010E-1
1.60236563281579825E-7	1.99813809922146701E-1
1.60336563281579902E-7	1.39222405314269859E-1
1.60436563281580047E-7	-5.93581202759956383E-3
1.60536563281580169E-7	-9.43926726691522333E-2
1.60596000389627180E-7	-2.83498442530212458E-1
1.60662930873871734E-7	-3.92293111493558744E-1
1.60729061514034610E-7	-3.16039856677622755E-1
1.60781243744009217E-7	-2.33769801733999349E-1
1.60842195168641577E-7	-1.11730358747526215E-1
1.60895968941002798E-7	2.24947109487192076E-2
1.60954493154750811E-7	1.50448960732232018E-1
1.61027904860432636E-7	2.36068003809950611E-1
1.61073386545672737E-7	2.76432644651810433E-1
1.61132791778941109E-7	2.54188044407971647E-1
1.61202031548246127E-7	2.04004878803689049E-1
1.61298629807103411E-7	1.63384485444693639E-1
1.61398621739160575E-7	2.39678842251032487E-2
1.61498621739160741E-7	-8.27662071934724430E-2
1.61560864387783920E-7	-1.92326938975211026E-1
1.61629953223114997E-7	-4.08604503542064812E-1
1.61700470777819816E-7	-3.25767748118907141E-1
1.61751928570236725E-7	-2.61697393485133167E-1
1.61812804015661671E-7	-1.35737663838686196E-1
1.61872885953482237E-7	3.12828623833444031E-3
1.61921283946474404E-7	1.25210509855234164E-1
1.61987558018787903E-7	2.05618681428397299E-1
1.62042551733451123E-7	2.69405440971137722E-1
1.62088757348631818E-7	2.72343144193288378E-1
1.62170413150191051E-7	2.11374765044908219E-1
1.62247374445992909E-7	1.89145589527676217E-1
1.62347374445993031E-7	7.66003320630662543E-2
1.62447374445993131E-7	-5.69869503445006487E-2
1.62528850511173983E-7	-1.35328656994120355E-1
1.62596075831208808E-7	-3.96783197983799285E-1
1.62670528574038742E-7	-3.37543860145706365E-1
1.62734642446436784E-7	-2.62815296740819360E-1
1.62789406900306655E-7	-1.48792610774606948E-1
1.62854447252496159E-7	-2.47898223342762503E-3
1.62914020377255775E-7	1.40503603239992469E-1
1.62985696395178259E-7	2.23985402056479144E-1
1.63031938207700322E-7	2.72852565119132029E-1
1.63074809290494604E-7	2.71041205266376206E-1
1.63155578189543715E-7	2.10061632860889436E-1
1.63231786738533535E-7	1.88524735983572667E-1
1.63331786738533657E-7	7.50441816247200322E-2
1.63431786738533757E-7	-5.78446436163580557E-2
1.63512119831257352E-7	-1.34257493611255829E-1
1.63577983182379816E-7	-3.94134914609427023E-1
1.63646559466359753E-7	-3.45829312979759518E-1
1.63708753632297244E-7	-2.79748588600422643E-1
1.63762692160799350E-7	-1.68500516505780507E-1
1.63820196602832202E-7	-5.01714543337252206E-2
1.63875437562607118E-7	9.86541308666323147E-2
1.63934949666369745E-7	1.83799367439417294E-1
1.63998432547622963E-7	2.59495210946692900E-1
1.64043940768459118E-7	2.76647449504282106E-1
1.64134785953722906E-7	2.12705991359454005E-1
1.64229595782860693E-7	1.79933096916817403E-1
1.64329162742885138E-7	5.41791873305713967E-2
1.64428248069774074E-7	-6.86535534974345740E-2
1.64490533951113971E-7	-1.21787440478125619E-1
1.64553402392168224E-7	-3.77604052968979653E-1
1.64617260561548528E-7	-3.61589242945993572E-1
1.64659859062749736E-7	-3.18809112931049121E-1
1.64698269162383548E-7	-2.68748025982335381E-1
1.64757528729512637E-7	-1.46972296238652023E-1
1.64815413828085999E-7	-1.86593733105833159E-2
1.64856335678768007E-7	9.32673796304006686E-2
1.64917989711952062E-7	1.82847034686211019E-1
1.64984129191131701E-7	2.62082537786741909E-1
1.65030226901765431E-7	2.75808331915308447E-1
1.65116829559473599E-7	2.13689051616071168E-1
1.65184733234137959E-7	1.94799524588380235E-1
1.65284733234138059E-7	9.69088658488193744E-2
1.65384641758286843E-7	-4.36070054607211155E-2
1.65469975934018088E-7	-1.15733026104533998E-1
1.65543161907387737E-7	-3.92008278804086130E-1
1.65622076157050713E-7	-3.36594306204873250E-1
1.65681841985747047E-7	-2.68789308097292778E-1
1.65738527499306754E-7	-1.51220286547566340E-1
1.65804754186264836E-7	-2.63629250779929336E-3
1.65867997007932999E-7	1.45618736547683336E-1
1.65941016192776303E-7	2.30260870189236089E-1
1.65989353317529398E-7	2.76083383876464916E-1
1.66050176933858462E-7	2.54204300990368548E-1
1.66120047449175612E-7	2.03651274048062136E-1
1.66216773257557238E-7	1.62609313939720246E-1
1.66316773257557271E-7	2.30465259604683803E-2
1.66416773257557460E-7	-8.30731232909616324E-2
1.66479017733875856E-7	-1.95557519485929165E-1
1.66545826008265863E-7	-4.08716028542300069E-1
1.66618767819500002E-7	-3.25365535994702704E-1
1.66671223620592612E-7	-2.57714031321038917E-1
1.66735292634413668E-7	-1.26768138251941309E-1
1.66791297152560514E-7	6.06039590068938416E-3
1.66839409125333837E-7	1.26458153855090227E-1
1.66907202124822795E-7	2.08423563100257159E-1
1.66965469837380254E-7	2.72865317774712635E-1
1.67017511891964232E-7	2.65630876508451141E-1
1.67093399038220491E-7	2.08466248305140978E-1
1.67180184994116354E-7	1.80292249630493950E-1
1.67280184994116476E-7	5.33632453529503969E-2
1.67380184994116576E-7	-6.99783548298065750E-2
1.67450782369031193E-7	-1.49855415838649919E-1
1.67519383918861253E-7	-4.03692402552372087E-1
1.67590524959267473E-7	-3.34527208075060756E-1
1.67645183819016386E-7	-2.75665347012220119E-1
1.67702900872174387E-7	-1.56197827002907497E-1
1.67760288470233809E-7	-3.42038697424988447E-2
1.67817203903295997E-7	1.15242882362834509E-1
1.67885584798716647E-7	2.02245972376089034E-1
1.67940062438123539E-7	2.66532578043936086E-1
1.67986846192545558E-7	2.73679587556760628E-1
1.68078546357418812E-7	2.07612593694095171E-1
1.68175503750558608E-7	1.70700632004582498E-1
1.68275286424991677E-7	3.54967606796934243E-2
1.68372891784558831E-7	-7.67529671760392773E-2
1.68439933785637441E-7	-1.70599269578888046E-1
1.68504348882818067E-7	-4.05465953966898951E-1
1.68571992049512809E-7	-3.36199755182437565E-1
1.68628160644420211E-7	-2.76861427982848740E-1
1.68687008667046801E-7	-1.54798033604133245E-1
1.68758523965276419E-7	6.39675057856844909E-3
1.68810344386018607E-7	1.33276524057399337E-1
1.68874996548689316E-7	2.09285151770057753E-1
1.68927085155495393E-7	2.69401155220095179E-1
1.68975321933399236E-7	2.71303600223303043E-1
1.69070072079111733E-7	2.03992692502837114E-1
1.69168252780043105E-7	1.61368943252657493E-1
1.69267804617622630E-7	2.18789957426047055E-2
1.69366061962655778E-7	-8.26094631716926919E-2
1.69418284213261638E-7	-1.52018402836929467E-1
1.69482675186811149E-7	-3.99999204795280905E-1
1.69547406450422944E-7	-3.45545775073128825E-1
1.69603672166942165E-7	-2.89647731648903450E-1
1.69651461301883222E-7	-1.92850853039664627E-1
1.69717973661669674E-7	-5.81101216857185943E-2
1.69774586914419356E-7	9.45826307638733432E-2
1.69834489980359682E-7	1.82358412199470798E-1
1.69896376008902528E-7	2.56525238251147369E-1
1.69940698569427617E-7	2.77510397721602775E-1
1.70021830678072861E-7	2.22511651189683812E-1
1.70087970491924612E-7	1.98038143382918586E-1
1.70187970491924712E-7	1.17268106878304845E-1
1.70287970491924812E-7	-2.75396190329948043E-2
1.70382981302183811E-7	-1.08149450176056972E-1
1.70435012471394964E-7	-3.00761140946454297E-1
1.70494262796892349E-7	-3.97618924172989185E-1
1.70546439537630801E-7	-3.30586342135050248E-1
1.70592882528986856E-7	-2.80970481393935767E-1
1.70645416122371918E-7	-1.71214349544108835E-1
1.70701024744188956E-7	-5.96785134485577196E-2
1.70751471515738285E-7	7.84931024857324022E-2
1.70806932028357705E-7	1.70815056440544177E-1
1.70875771342369021E-7	2.52232958846062560E-1
1.70919230762242802E-7	2.78081034801289828E-1
1.70997514491613400E-7	2.29085584517320839E-1
1.71064806093004784E-7	1.99185628340020005E-1
1.71164806093004862E-7	1.25965241747809165E-1
1.71264273198604222E-7	-1.92301037559554522E-2
1.71362125928230191E-7	-1.02525073283767165E-1
1.71419680054009116E-7	-3.07881360119285574E-1
1.71489151763927894E-7	-3.82248005810910030E-1
1.71554402895834412E-7	-3.09594506467901942E-1
1.71606477624246545E-7	-2.19180605490529423E-1
1.71664631259038614E-7	-1.03376321304822461E-1
1.71725212800042049E-7	5.26542075856925962E-2
1.71780809687997804E-7	1.60536414086689394E-1
1.71854446412489481E-7	2.46371422811542962E-1
1.71899895465522601E-7	2.78072242113280677E-1
1.71982720794847621E-7	2.27637969727827061E-1
1.72076849287770006E-7	1.91719317070705353E-1
1.72176849287770106E-7	8.51008767434516145E-2
1.72276849287770251E-7	-5.17368981507453540E-2
1.72358539092908725E-7	-1.22627762159163689E-1
1.72417085130996650E-7	-3.64209342987241325E-1
1.72477546473499777E-7	-3.73346502676726821E-1
1.72524429167362103E-7	-3.21107518111493295E-1
1.72567407065456502E-7	-2.66309857999304889E-1
1.72637590481053982E-7	-1.23882590898320100E-1
1.72699588994732434E-7	2.70385444103324923E-2
1.72751407989653027E-7	1.43846416319922321E-1
1.72824342845728296E-7	2.29158649822863891E-1
1.72875878455108456E-7	2.76875283520924675E-1
1.72945705715324283E-7	2.45086931447497358E-1
1.73012224006469140E-7	2.02012954745585604E-1
1.73112224006469262E-7	1.50937941930780939E-1
1.73212224006469340E-7	6.96720134565775595E-3
1.73312224006469462E-7	-8.88850423476035800E-2
1.73373015731205271E-7	-2.41751489680797915E-1
1.73448777994897840E-7	-3.91701050025034991E-1
1.73522747291313340E-7	-3.08071167428308490E-1
1.73570757400524078E-7	-2.24510989847808329E-1
1.73631607821506329E-7	-1.03738553174845971E-1
1.73699838627498826E-7	7.30332457735081153E-2
1.73764537553902665E-7	1.78732145329438152E-1
1.73827942514938316E-7	2.53639756022625740E-1
1.73866520421830395E-7	2.77917584537617124E-1
1.73936714468105924E-7	2.38910741514694536E-1
1.74003353564097574E-7	2.00428571419116874E-1
1.74103353564097674E-7	1.42002819923549861E-1
1.74203353564097774E-7	-3.29364969089153714E-3
1.74303353564097918E-7	-9.28256163472420504E-2
1.74349167238298852E-7	-2.05282440000617772E-1
1.74412004026725675E-7	-4.09119505337291756E-1
1.74466512371953053E-7	-3.42823994924029929E-1
1.74513279270669619E-7	-3.00366052209393875E-1
1.74554490442063015E-7	-2.23658061692117194E-1
1.74622621867744954E-7	-8.81973450218056776E-2
1.74678518222368129E-7	6.11418549912362774E-2
1.74728369358190272E-7	1.56763530781795080E-1
1.74800789921606459E-7	2.41597366246501410E-1
1.74845837569219231E-7	2.77474929454959707E-1
1.74909740488375154E-7	2.47670715940988773E-1
1.74974005928597309E-7	2.03324608454816591E-1
1.75071960104458912E-7	1.58797182295766914E-1
1.75171960104459035E-7	1.71218640686791712E-2
1.75271960104459179E-7	-8.53694414609183561E-2
1.75342864261450071E-7	-2.55540326177924904E-1
1.75417771796797628E-7	-3.89187146739001522E-1
1.75489506787621519E-7	-3.08240019593139847E-1
1.75540175282274169E-7	-2.19345100301141693E-1
1.75599508834341078E-7	-1.01676111635456756E-1
1.75667907037877757E-7	7.57959229207641361E-2
1.75736768072456839E-7	1.84051335970481755E-1
1.75799418562061094E-7	2.58565041831674991E-1
1.75843749262247151E-7	2.77382337235576104E-1
1.75930380645868478E-7	2.16728404828414956E-1
1.75996318448875555E-7	1.95967840811414051E-1
1.76096318448875699E-7	1.06476622158687495E-1
1.76196318448875755E-7	-3.60542370011455926E-2
1.76287891925310358E-7	-1.14598438436844563E-1
1.76351998805610588E-7	-3.66524201107754299E-1
1.76422609530407803E-7	-3.56749952368416112E-1
1.76483128420024826E-7	-2.97262768836661806E-1
1.76536830839675640E-7	-1.90612441001592248E-1
1.76604773609026178E-7	-5.24346652578432071E-2
1.76664784884741088E-7	1.07700904892115323E-1
1.76728526970478916E-7	1.92770745102191055E-1
1.76785627671901135E-7	2.61408719630417741E-1
1.76829447363887438E-7	2.76756717386196005E-1
1.76915192542533317E-7	2.15754603791881783E-1
1.76980747014699880E-7	1.95854059678357828E-1
1.77080747014699891E-7	1.05328196545161568E-1
1.77180346048626536E-7	-3.66125084548891166E-2
1.77271533038277873E-7	-1.14770643443584275E-1
1.77338999259045393E-7	-3.77144839837664669E-1
1.77411033863618450E-7	-3.50190856770033410E-1
1.77476546009502689E-7	-2.81834041542053804E-1
1.77529098501654103E-7	-1.72704435836088432E-1
1.77592072711520865E-7	-4.25912909727256928E-2
1.77656531088133329E-7	1.23774221279027397E-1
1.77723548506205242E-7	2.06178135196769263E-1
1.77775813657299597E-7	2.67100313491458596E-1
1.77816553269728761E-7	2.75683071715964800E-1
1.77905426615317830E-7	2.11418214165637686E-1
1.77971519080261720E-7	1.93935599196969588E-1
1.78071519080261864E-7	9.45582968090054976E-2
1.78170233533192901E-7	-4.38548612550249128E-2
1.78255449086260231E-7	-1.15802223210999244E-1
1.78327481116498876E-7	-3.89775720623069821E-1
1.78402393833317729E-7	-3.41571704140079868E-1
1.78462281264427336E-7	-2.77820893520348022E-1
1.78522539477786313E-7	-1.53735615283980298E-1
1.78590026310202599E-7	-2.90925309054572967E-3
1.78651108224492061E-7	1.42302630586118939E-1
1.78723655680574778E-7	2.26724199735578313E-1
1.78769498510222347E-7	2.73731002945258872E-1
1.78822212510206802E-7	2.64038150549208694E-1
1.78895123065134887E-7	2.08100774903463082E-1
1.78985498502396245E-7	1.77481142275375881E-1
1.79085498502396367E-7	4.81988096542526989E-2
1.79185498502396490E-7	-7.23379610672825102E-2
1.79259127010171548E-7	-1.74143737405587440E-1
1.79326041191066987E-7	-4.07435098193929335E-1
1.79400616229317267E-7	-3.27364478777964552E-1
1.79453722103552415E-7	-2.63558139121651180E-1
1.79520802684978209E-7	-1.26119629891091378E-1
1.79587444989784473E-7	3.70092017259971140E-2
1.79644619170592379E-7	1.55521820740743566E-1
1.79718883890553660E-7	2.42009434482712882E-1
1.79759416250894644E-7	2.76530861851822118E-1
1.79822634628971612E-7	2.51287181364605106E-1
1.79917492814663382E-7	1.98439941326728508E-1
1.80017492814663482E-7	1.24521191555669919E-1
1.80117492814663649E-7	-2.08642992364364144E-2
1.80214159949436259E-7	-1.03121241976515177E-1
1.80277139489480431E-7	-3.33272684280140741E-1
1.80348163431814879E-7	-3.70338709094711493E-1
1.80414777800255699E-7	-3.00209334307931019E-1
1.80467420640933018E-7	-1.98260717255138608E-1
1.80527783502546235E-7	-7.86867154413229830E-2
1.80587864425669742E-7	8.23301455541013638E-2
1.80648085128929359E-7	1.77339515358517774E-1
1.80712175227436722E-7	2.53737003581895593E-1
1.80754469452484035E-7	2.78098682344144921E-1
1.80832082211103473E-7	2.29378234527453184E-1
1.80898218078667372E-7	1.99203930028626464E-1
1.80998218078667517E-7	1.28258935483933545E-1
1.81097937446636870E-7	-1.71501562850202882E-2
1.81192598704261787E-7	-9.67563140113119680E-2
1.81239730832584933E-7	-2.35564450305346362E-1
1.81306327637596354E-7	-4.03088937536297820E-1
1.81368891255364062E-7	-3.27431197217328096E-1
1.81414434781394140E-7	-2.75506551143566458E-1
1.81471513874960055E-7	-1.56127353099287536E-1
1.81532176995529682E-7	-2.64443632211067259E-2
1.81587787953338031E-7	1.19236393078965786E-1
1.81650341267994153E-7	1.97268185948024932E-1
1.81709117244215301E-7	2.66999329302544286E-1
1.81756811826183218E-7	2.72989446282647696E-1
1.81845727468318974E-7	2.08254405711196977E-1
1.81942652197820198E-7	1.72054845698826120E-1
1.82042652197820343E-7	3.78079478454519391E-2
1.82142652197820443E-7	-7.72136125377216853E-2
1.82208396932111882E-7	-1.69586425178678302E-1
1.82273794885331686E-7	-4.05867124648153865E-1
1.82346549890476139E-7	-3.30796876493962166E-1
1.82403525180597081E-7	-2.64974216006971819E-1
1.82461847572057723E-7	-1.43269218621242000E-1
1.82516018000211799E-7	-2.53145793908914785E-2
1.82571845927724108E-7	1.19920835080858179E-1
1.82636994649175577E-7	2.01057146730252079E-1
1.82694668981033592E-7	2.68459031747837651E-1
1.82742638320956607E-7	2.72051358419737355E-1
1.82827054268766265E-7	2.09498358591122891E-1
1.82905193665659249E-7	1.86579056165271062E-1
1.83005033110338089E-7	6.99533642238242326E-2
1.83104798407889158E-7	-6.05373356665635320E-2
1.83173879825129116E-7	-1.16624948464634604E-1
1.83236488127705410E-7	-3.67920073101166700E-1
1.83307105230184009E-7	-3.56401155903988398E-1
1.83364569930666321E-7	-3.01414397301373382E-1
1.83409564758224986E-7	-2.16415455320143701E-1
1.83464922065503022E-7	-1.06558952387714867E-1
1.83521618065556291E-7	3.73629183855343960E-2
1.83573459149604656E-7	1.49142686127435620E-1
1.83642839068991814E-7	2.29251816857446133E-1
1.83690418306485115E-7	2.75511007868402835E-1
1.83748107577567588E-7	2.57752333898878350E-1
1.83820026258527114E-7	2.05047158939401131E-1
1.83913834936985054E-7	1.68474017694259715E-1
1.84013834936985199E-7	3.12484134143936787E-2
1.84113834936985299E-7	-8.01691896802943660E-2
1.84184958453883629E-7	-2.09334020348535033E-1
1.84252584823828891E-7	-4.07340814850963806E-1
1.84326762781298825E-7	-3.21370750465997945E-1
1.84375982103274083E-7	-2.53606519439494615E-1
1.84441278772423556E-7	-1.20634905321424823E-1
1.84509037882431137E-7	4.87063307763568609E-2
1.84560489300948150E-7	1.53640164356836761E-1
1.84632043989154426E-7	2.36700833382812936E-1
1.84674764587252360E-7	2.75801341493981722E-1
1.84735316237322778E-7	2.54965765341557749E-1
1.84805820183679193E-7	2.03911559132803699E-1
1.84902618565321175E-7	1.62769853534079578E-1
1.85002618565321297E-7	2.32117234793857863E-2
1.85102380190448890E-7	-8.29113906552879953E-2
1.85165712584413744E-7	-1.96974556531393175E-1
1.85229811446497816E-7	-4.08776062059066891E-1
1.85297194581461033E-7	-3.30838934334846257E-1
1.85352676376253855E-7	-2.67393409445602881E-1
1.85416355008997802E-7	-1.36052371070843336E-1
1.85476145695986494E-7	1.93210616394276880E-3
1.85525431901414883E-7	1.26021735384257028E-1
1.85592425105683567E-7	2.07075786286345620E-1
1.85650685338255017E-7	2.72193797488925959E-1
1.85701736911858117E-7	2.66881465286119512E-1
1.85776818892962159E-7	2.09838137330384056E-1
1.85863217318597673E-7	1.82353864110227182E-1
1.85963217318597773E-7	5.81783068908647039E-2
1.86063217318597873E-7	-6.74430477767058889E-2
1.86136969740902725E-7	-1.48590059552278841E-1
1.86200262720316889E-7	-3.96920485118642130E-1
1.86265973789177419E-7	-3.46771731822052764E-1
1.86319603405414869E-7	-2.94058844620733018E-1
1.86366226195055362E-7	-2.02255609192505270E-1
1.86429549193669186E-7	-7.67703094205371972E-2
1.86482922635415216E-7	6.77865385775771134E-2
1.86534005434744721E-7	1.61243409215587241E-1
1.86603198425923722E-7	2.42239662083860807E-1
1.86643403466233426E-7	2.76452709600847424E-1
1.86705338741189042E-7	2.52387455189933041E-1
1.86800443759946599E-7	1.98734209431438846E-1
1.86900443759946677E-7	1.26306528179044730E-1
1.87000443759946822E-7	-1.93158117892853620E-2
1.87097938577983958E-7	-1.02433103410273918E-1
1.87152632640273930E-7	-2.95095987491553258E-1
1.87216990509164960E-7	-3.92732239274394601E-1
1.87288758243824716E-7	-3.10746663863349948E-1
1.87345019162726145E-7	-2.13168157294135607E-1
1.87399477205646914E-7	-1.05220617066271971E-1
1.87454518322694863E-7	3.47983409767188867E-2
1.87503080483343432E-7	1.42806822598586747E-1
1.87574701338567018E-7	2.26704589710246118E-1
1.87626936897930752E-7	2.76204215444927526E-1
1.87697374535620054E-7	2.45570085763352086E-1
1.87763745929442383E-7	2.01936303091342095E-1
1.87863745929442505E-7	1.51949360887557772E-1
1.87963503722964376E-7	8.71341916812327710E-3
1.88063503722964542E-7	-8.81926684691762652E-2
1.88122057052981462E-7	-2.25230684719342422E-1
1.88194865407104883E-7	-3.99280321583920816E-1
1.88269833032782796E-7	-3.13287989342218154E-1
1.88320673141672246E-7	-2.29668086108615288E-1
1.88383379394258199E-7	-1.04696814238984293E-1
1.88451775934772403E-7	7.21001994773788368E-2
1.88516694397094087E-7	1.78547883047886469E-1
1.88578929697114628E-7	2.52145178776058421E-1
1.88616557561474618E-7	2.77627488816789825E-1
1.88686826688307385E-7	2.40694830079081257E-1
1.88750854079525743E-7	2.01056797109630025E-1
1.88850854079525843E-7	1.47597857100534635E-1
1.88950038139406873E-7	4.41408865106648740E-3
1.89050038139407017E-7	-8.95643727314159044E-2
1.89113971720908136E-7	-2.67927898408425280E-1
1.89184492613555300E-7	-3.91759508906951748E-1
1.89252784653086015E-7	-3.13612218208018101E-1
1.89306238834804752E-7	-2.25344864311981707E-1
1.89373655224040349E-7	-9.02702771824880124E-2
1.89438347648191563E-7	8.01103984430783278E-2
1.89507193711855138E-7	1.85418000301373342E-1
1.89570105646677556E-7	2.60624746078599978E-1
1.89613142637568455E-7	2.77206308000613966E-1
1.89699113928377239E-7	2.16768304703315007E-1
1.89763264955063904E-7	1.96363418363228215E-1
1.89863264955064048E-7	1.09196008160732805E-1
1.89962410950863658E-7	-3.28530440682685621E-2
1.90053366673314672E-7	-1.09586258452380747E-1
1.90120125534967155E-7	-3.64320029801821743E-1
1.90200503207416660E-7	-3.45052413051751428E-1
1.90264733719540269E-7	-2.76894137605365565E-1
1.90319225381258672E-7	-1.63019148640380829E-1
1.90383716494501254E-7	-2.54872173816360403E-2
1.90447960295966756E-7	1.34511390697117705E-1
1.90520702874232573E-7	2.20749230821512699E-1
1.90571993076158419E-7	2.74024513703702022E-1
1.90627723129724380E-7	2.61440638641144352E-1
1.90700671619297935E-7	2.06204010938041460E-1
1.90792219140827823E-7	1.73451127667766269E-1
1.90892219140827946E-7	4.05630120867418853E-2
1.90992219140828023E-7	-7.59150602987679868E-2
1.91048897548426244E-7	-1.32005248291425525E-1
1.91110960769366356E-7	-3.85208484743597745E-1
1.91176647223427132E-7	-3.55094416580635341E-1
1.91229168037330677E-7	-3.04841480482955429E-1
1.91274386609399949E-7	-2.22469044352153578E-1
1.91335813672812272E-7	-1.01101086205531510E-1
1.91388968568791151E-7	3.63962447603891004E-2
1.91424430344461172E-7	1.22221649807589183E-1
1.91488354629238633E-7	2.01371156307706878E-1
1.91549707955255832E-7	2.71035975252888095E-1
1.91596658922638952E-7	2.70379484930148406E-1
1.91678455249224688E-7	2.09366625414523622E-1
1.91756669593648033E-7	1.86726198463055892E-1
1.91856669593648133E-7	6.92012241332226985E-2
1.91956369748008493E-7	-6.10589051110224368E-2
1.92032428332244320E-7	-1.32558818733272932E-1
1.92095627817240877E-7	-3.87853530369092692E-1
1.92163568607500679E-7	-3.50662009173928624E-1
1.92221687295578647E-7	-2.92525478027700281E-1
1.92275936402153746E-7	-1.83796193524207641E-1
1.92341690569446833E-7	-4.88926218401251855E-2
1.92394399648000469E-7	9.40568705193802934E-2
1.92455435633836913E-7	1.83224968452992254E-1
1.92520238507843722E-7	2.60253191927889915E-1
1.92565822108388174E-7	2.76399596971210570E-1
1.92651560021565205E-7	2.15331670817355070E-1
1.92717323690927977E-7	1.95982915108896649E-1
1.92817323690928122E-7	1.03944415247629762E-1
1.92917323690928244E-7	-3.83616972672738754E-2
1.93007207113531853E-7	-1.14810643666015433E-1
1.93064646229218906E-7	-3.42428784909366701E-1
1.93133502868330509E-7	-3.69382921910343853E-1
1.93188331020200987E-7	-3.12222252031572101E-1
1.93231733858768528E-7	-2.43848408760844526E-1
1.93297433585751910E-7	-1.10727751972022181E-1
1.93354028289821511E-7	3.07331298794573593E-2
1.93402480148252520E-7	1.40697050027179227E-1
1.93471180767402351E-7	2.20995364094759461E-1
1.93520912374911802E-7	2.73399882691419638E-1
1.93575089075686879E-7	2.63427678469343718E-1
1.93647897112986800E-7	2.07947184928147610E-1
1.93738589485299917E-7	1.76781424639049556E-1
1.93838589485300083E-7	4.63166348327686705E-2
1.93938589485300161E-7	-7.34621281689362959E-2
1.94012110698349627E-7	-1.77513779898186730E-1
1.94080316804711162E-7	-4.08388501514875735E-1
1.94150929061400324E-7	-3.28653868896505852E-1
1.94204729610796489E-7	-2.65823608699208336E-1
1.94267414016103679E-7	-1.36146719432755781E-1
1.94317923952830207E-7	-2.46471450244586388E-2
1.94378831410677555E-7	1.29809539261630391E-1
1.94452173867178835E-7	2.17844481859263572E-1
1.94505959224491876E-7	2.74379854521347610E-1
1.94561752380275066E-7	2.61044793941497444E-1
1.94634806956957807E-7	2.06436702744003320E-1
1.94726999611432028E-7	1.72897410119905870E-1
1.94826963540201548E-7	3.89446192173252470E-2
1.94926749009302558E-7	-7.67420055837669945E-2
1.94993906119738125E-7	-1.70551010543964376E-1
1.95059273926055687E-7	-4.06175533024807844E-1
1.95130978575880776E-7	-3.31284249940408015E-1
1.95188286186412685E-7	-2.65696929697574546E-1
1.95246480278348855E-7	-1.44261638031305939E-1
1.95303651009470824E-7	-1.85295719193637320E-2
1.95357707192860830E-7	1.21301188263772186E-1
1.95422480075599037E-7	2.01470486187850373E-1
1.95478873370418027E-7	2.67698942447920807E-1
1.95528615957231411E-7	2.71599520513113468E-1
1.95623328691968723E-7	2.04224580185264770E-1
1.95721194862623737E-7	1.62386542052598726E-1
1.95820651226541043E-7	2.34576910548775430E-2
1.95919291308123755E-7	-8.22333697581730050E-2
1.95971881638900047E-7	-1.50581618485200952E-1
1.96035192163470429E-7	-3.97930274776175708E-1
1.96096337502726925E-7	-3.52039123937435683E-1
1.96141872428877018E-7	-3.10004116473014291E-1
1.96181144400875751E-7	-2.46098171362871465E-1
1.96245055798015811E-7	-1.16644182444535982E-1
1.96305076778801180E-7	3.31277450595042700E-2
1.96344118478736274E-7	1.26557819671121674E-1
1.96410517035133836E-7	2.07050397472492076E-1
1.96466837084999524E-7	2.71050214930964106E-1
1.96516773946026291E-7	2.68875098283809022E-1
1.96606048123941224E-7	2.04946360930633009E-1
1.96703497506521607E-7	1.64002394055927425E-1
1.96803497506521796E-7	2.42555013619556759E-2
1.96903497506521807E-7	-8.29215108785776245E-2
1.96955519509308452E-7	-1.51609451232174375E-1
1.97017097685299181E-7	-3.95468931161842718E-1
1.97078184788686794E-7	-3.54213784266642007E-1
1.97123071319399124E-7	-3.12339933422029681E-1
1.97165022683927638E-7	-2.45001975947962336E-1
1.97233928945588621E-7	-1.06377467722134678E-1
1.97295506899790984E-7	5.30501015563229394E-2
1.97343876180897770E-7	1.51517570015261294E-1
1.97417217089269847E-7	2.37181226173590565E-1
1.97468535830376490E-7	2.77812512213319751E-1
1.97545447990124501E-7	2.34293104504026406E-1
1.97640886624929757E-7	1.93893695909551056E-1
1.97740886624929968E-7	9.46075735346201974E-2
1.97840367085164193E-7	-4.44765011192292992E-2
1.97925260468019726E-7	-1.16370730626451069E-1
1.97997970208745722E-7	-3.91923278283488008E-1
1.98078420284804269E-7	-3.35186775543133519E-1
1.98136338281170188E-7	-2.69368149346392860E-1
1.98193466497403881E-7	-1.50969246264606838E-1
1.98258855265749334E-7	-4.64250709132216244E-3
1.98304721335969125E-7	1.15030626076914544E-1
1.98372786087069897E-7	2.01754918553647533E-1
1.98427350671798441E-7	2.66077624603920793E-1
1.98467457830635841E-7	2.76439729820772184E-1
1.98552166029612165E-7	2.15470602404179523E-1
1.98616557694654938E-7	1.95890370512251466E-1
1.98716557694655060E-7	1.06276338101532897E-1
1.98816557694655138E-7	-3.61626243095977573E-2
1.98907957574880223E-7	-1.14616643618094893E-1
1.98974286907313225E-7	-3.73795064807262545E-1
1.99039685990243109E-7	-3.60883152179801447E-1
1.99101747684161889E-7	-2.99036344540559673E-1
1.99157308282834578E-7	-1.89510881196039405E-1
1.99226038172123410E-7	-4.90061182813027418E-2
1.99289044769736234E-7	1.16333661220215889E-1
1.99356964972870720E-7	2.02593643136544488E-1
1.99407037498171436E-7	2.62719120915543147E-1
1.99449124657379406E-7	2.76834972898856080E-1
1.99531596646077669E-7	2.18290941942632610E-1
1.99625754454870519E-7	1.85379087128822584E-1
1.99725754454870619E-7	6.70024113561805468E-2
1.99824614593871130E-7	-6.13850700271066252E-2
1.99899876302688373E-7	-1.31857314272236437E-1
1.99962829922304852E-7	-3.86729840936443958E-1
