freq	stab_fact(S)
1.00000000000000000E6	5.51455846090903368E4
2.00000000000000000E6	2.52165011026127184E4
3.00000000000000000E6	1.38227293382316452E4
4.00000000000000000E6	8.15480494281745294E3
5.00000000000000000E6	5.04103220128190799E3
6.00000000000000000E6	3.23850142036249844E3
7.00000000000000000E6	2.15347154565585308E3
8.00000000000000000E6	1.47746341359704436E3
9.00000000000000000E6	1.04274582342226418E3
1.00000000000000000E7	7.54928799080763735E2
1.10000000000000009E7	5.59221371226781550E2
1.19999999999999996E7	4.22872573311263533E2
1.30000000000000004E7	3.25755998278063919E2
1.39999999999999991E7	2.55178666830334855E2
1.50000000000000000E7	2.02940617115135113E2
1.60000000000000009E7	1.63625336847574232E2
1.69999999999999996E7	1.33580758056312909E2
1.80000000000000004E7	1.10297433316922411E2
1.89999999999999991E7	9.20206426912946363E1
2.00000000000000000E7	7.75034104077969666E1
2.10000000000000009E7	6.58462099328261719E1
2.20000000000000018E7	5.63910642359743974E1
2.29999999999999982E7	4.86504138733635205E1
2.39999999999999991E7	4.22585942305511164E1
2.50000000000000000E7	3.69382542451019935E1
2.60000000000000009E7	3.24767994919012803E1
2.70000000000000018E7	2.87096565128631998E1
2.79999999999999982E7	2.55082408385994963E1
2.89999999999999991E7	2.27712092824363843E1
3.00000000000000000E7	2.04180325649470173E1
3.10000000000000009E7	1.83842255472705451E1
3.20000000000000018E7	1.66177741218505237E1
3.29999999999999982E7	1.50764346085197620E1
3.39999999999999991E7	1.37256753205676274E1
3.50000000000000000E7	1.25370950070591736E1
3.60000000000000009E7	1.14871984362711510E1
3.70000000000000018E7	1.05564416111387094E1
3.79999999999999982E7	9.72848211561370313E0
3.89999999999999991E7	8.98958666401438755E0
4.00000000000000000E7	8.32815996513088486E0
4.09999999999999964E7	7.73436782968379255E0
4.20000000000000018E7	7.19983395651627056E0
4.29999999999999982E7	6.71739467075510621E0
4.40000000000000036E7	6.28089950897986959E0
4.50000000000000000E7	5.88504827703946631E0
4.59999999999999964E7	5.52525727754838769E0
4.70000000000000018E7	5.19754898565047530E0
4.79999999999999982E7	4.89846066630667831E0
4.90000000000000036E7	4.62496836448993243E0
5.00000000000000000E7	4.37442342843695187E0
5.09999999999999964E7	4.14449929508861903E0
5.20000000000000018E7	3.93314671334679922E0
5.29999999999999982E7	3.73855593304034084E0
5.40000000000000036E7	3.55912466658003490E0
5.50000000000000000E7	3.39343085229859609E0
5.59999999999999964E7	3.24020942636303788E0
5.70000000000000018E7	3.09833245250637868E0
5.79999999999999982E7	2.96679207403648659E0
5.90000000000000036E7	2.84468584551824710E0
6.00000000000000000E7	2.73120407729199632E0
6.09999999999999964E7	2.62561888753753392E0
6.20000000000000018E7	2.52727470725320336E0
6.29999999999999982E7	2.43558002481342628E0
6.40000000000000036E7	2.35000019110839009E0
6.50000000000000000E7	2.27005113439238704E0
6.59999999999999964E7	2.19529385751212747E0
6.70000000000000018E7	2.12532960959896000E0
6.79999999999999982E7	2.05979564062287368E0
6.90000000000000036E7	1.99836146082461141E0
7.00000000000000000E7	1.94072553840783080E0
7.09999999999999964E7	1.88661237857636022E0
7.20000000000000018E7	1.83576993501465213E0
7.29999999999999982E7	1.78796731182253366E0
7.40000000000000036E7	1.74299271974687309E0
7.50000000000000000E7	1.70065165539463159E0
7.59999999999999964E7	1.66076527647410987E0
7.70000000000000018E7	1.62316894955650448E0
7.79999999999999982E7	1.58771095002003348E0
7.90000000000000036E7	1.55425129644438043E0
8.00000000000000000E7	1.52266070398891351E0
8.09999999999999964E7	1.49281964324376082E0
8.19999999999999929E7	1.46461749272957564E0
8.30000000000000071E7	1.43795177467914237E0
8.40000000000000036E7	1.41272746497963930E0
8.50000000000000000E7	1.38885636928120570E0
8.59999999999999964E7	1.36625655818904179E0
8.69999999999999929E7	1.34485185532065055E0
8.80000000000000071E7	1.32457137269767555E0
8.90000000000000036E7	1.30534908863164278E0
9.00000000000000000E7	1.28712346372308373E0
9.09999999999999964E7	1.26983709117876664E0
9.19999999999999929E7	1.25343637801502661E0
9.30000000000000071E7	1.23787125409024612E0
9.40000000000000036E7	1.22309490628642226E0
9.50000000000000000E7	1.20906353538711064E0
9.59999999999999964E7	1.19573613351043240E0
9.69999999999999929E7	1.18307428014742877E0
9.80000000000000071E7	1.17104195506985076E0
9.90000000000000036E7	1.15960536656575064E0
1.00000000000000000E8	1.14873279357332048E0
1.01000000000000001E8	1.13839444047993243E0
1.02000000000000002E8	1.12856230346024278E0
1.03000000000000003E8	1.11921004728717000E0
1.04000000000000004E8	1.11031289175400749E0
1.05000000000000004E8	1.10184750682785859E0
1.06000000000000005E8	1.09379191580890289E0
1.06999999999999984E8	1.08612540579717054E0
1.08000000000000007E8	1.07882844487209395E0
1.09000000000000008E8	1.07188260539501279E0
1.10000000000000009E8	1.06527049294783538E0
1.10999999999999988E8	1.05897568044285295E0
1.11999999999999988E8	1.05298264698413413E0
1.13000000000000012E8	1.04727672108674685E0
1.14000000000000012E8	1.04184402791743858E0
1.14999999999999991E8	1.03667144023930047E0
1.15999999999999992E8	1.03174653276677297E0
1.16999999999999993E8	1.02705753965447544E0
1.18000000000000016E8	1.02259331491360173E0
1.18999999999999995E8	1.01834329548082358E0
1.19999999999999996E8	1.01429746679074473E0
1.20999999999999996E8	1.01044633063257505E0
1.21999999999999997E8	1.00678087512037440E0
1.22999999999999998E8	1.00329254664541323E0
1.23999999999999999E8	9.99973223638586006E-1
1.25000000000000000E8	9.96815192031987074E-1
1.26000000000000001E8	9.93811122278199655E-1
1.27000000000000002E8	9.90954047840089736E-1
1.28000000000000003E8	9.88237345020986346E-1
1.29000000000000004E8	9.85654714059343284E-1
1.30000000000000004E8	9.83200161397895123E-1
1.31000000000000005E8	9.80867983034301361E-1
1.31999999999999984E8	9.78652748896660718E-1
1.33000000000000007E8	9.76549288153105088E-1
1.34000000000000008E8	9.74552675418793690E-1
1.35000000000000009E8	9.72658217773105704E-1
1.35999999999999988E8	9.70861442548858911E-1
1.36999999999999988E8	9.69158085845114492E-1
1.38000000000000012E8	9.67544081703942283E-1
1.39000000000000012E8	9.66015551917721460E-1
1.39999999999999991E8	9.64568796419371033E-1
1.40999999999999992E8	9.63200284226682513E-1
1.41999999999999993E8	9.61906644897249663E-1
1.43000000000000016E8	9.60684660467472362E-1
1.43999999999999995E8	9.59531257838142793E-1
1.44999999999999996E8	9.58443501593677816E-1
1.45999999999999996E8	9.57418587202644389E-1
1.46999999999999997E8	9.56453834607119902E-1
1.47999999999999998E8	9.55546682151869931E-1
1.48999999999999999E8	9.54694680845762456E-1
1.50000000000000000E8	9.53895488933621394E-1
1.51000000000000001E8	9.53146866752427968E-1
1.52000000000000002E8	9.52446671871842909E-1
1.53000000000000003E8	9.51792854477958805E-1
1.54000000000000004E8	9.51183453013971558E-1
1.55000000000000004E8	9.50616590032824682E-1
1.56000000000000005E8	9.50090468283480760E-1
1.56999999999999984E8	9.49603366978689500E-1
1.58000000000000007E8	9.49153638272031053E-1
1.59000000000000008E8	9.48739703902008280E-1
1.60000000000000009E8	9.48360052017222799E-1
1.61000000000000010E8	9.48013234147469852E-1
1.61999999999999988E8	9.47697862344959319E-1
1.63000000000000012E8	9.47412606446530425E-1
1.63999999999999990E8	9.47156191496691235E-1
1.64999999999999991E8	9.46927395270038019E-1
1.66000000000000014E8	9.46725045937673215E-1
1.66999999999999993E8	9.46548019840351174E-1
1.68000000000000016E8	9.46395239361856255E-1
1.68999999999999995E8	9.46265670912950796E-1
1.69999999999999996E8	9.46158323018374148E-1
1.71000000000000019E8	9.46072244476870239E-1
1.71999999999999997E8	9.46006522625968138E-1
1.72999999999999998E8	9.45960281679659687E-1
1.73999999999999977E8	9.45932681148011056E-1
1.75000000000000000E8	9.45922914329138642E-1
1.76000000000000023E8	9.45930206870155210E-1
1.77000000000000002E8	9.45953815400575415E-1
1.78000000000000003E8	9.45993026219586675E-1
1.78999999999999981E8	9.46047154054051198E-1
1.80000000000000004E8	9.46115540864144577E-1
1.81000000000000005E8	9.46197554709885935E-1
1.81999999999999984E8	9.46292588663030010E-1
1.83000000000000007E8	9.46400059775160329E-1
1.83999999999999986E8	9.46519408085452341E-1
1.85000000000000009E8	9.46650095677570924E-1
1.86000000000000010E8	9.46791605776491529E-1
1.86999999999999988E8	9.46943441882502945E-1
1.88000000000000012E8	9.47105126949817944E-1
1.88999999999999990E8	9.47276202594857786E-1
1.89999999999999991E8	9.47456228348233509E-1
1.91000000000000014E8	9.47644780922706076E-1
1.91999999999999993E8	9.47841453533841971E-1
1.93000000000000016E8	9.48045855230630075E-1
1.93999999999999995E8	9.48257610271778795E-1
1.94999999999999996E8	9.48476357515422208E-1
1.96000000000000019E8	9.48701749841110065E-1
1.96999999999999997E8	9.48933453597746812E-1
1.97999999999999998E8	9.49171148069295434E-1
1.98999999999999977E8	9.49414524968446294E-1
2.00000000000000000E8	9.49663287949842605E-1
2.01000000000000023E8	9.49917152140932153E-1
2.02000000000000002E8	9.50175843698446165E-1
2.03000000000000025E8	9.50439099374616170E-1
2.04000000000000004E8	9.50706666111990373E-1
2.04999999999999982E8	9.50978300644497487E-1
2.06000000000000005E8	9.51253769122759962E-1
2.06999999999999984E8	9.51532846751247341E-1
2.08000000000000007E8	9.51815317438416564E-1
2.08999999999999986E8	9.52100973468279399E-1
2.10000000000000009E8	9.52389615173580140E-1
2.11000000000000032E8	9.52681050637790960E-1
2.12000000000000011E8	9.52975095390682725E-1
2.12999999999999989E8	9.53271572133149192E-1
2.13999999999999968E8	9.53570310462326454E-1
2.14999999999999991E8	9.53871146612136123E-1
2.16000000000000014E8	9.54173923202141516E-1
2.16999999999999993E8	9.54478488997717278E-1
2.18000000000000016E8	9.54784698679783617E-1
2.18999999999999995E8	9.55092412622985698E-1
2.20000000000000018E8	9.55401496679858830E-1
2.20999999999999996E8	9.55711821982155563E-1
2.21999999999999975E8	9.56023264736693612E-1
2.22999999999999998E8	9.56335706042627365E-1
2.23999999999999977E8	9.56649031706588815E-1
2.25000000000000000E8	9.56963132068886324E-1
2.26000000000000023E8	9.57277901832866362E-1
2.27000000000000002E8	9.57593239911225069E-1
2.28000000000000025E8	9.57909049259696843E-1
2.29000000000000004E8	9.58225236735707320E-1
2.29999999999999982E8	9.58541712953718417E-1
2.31000000000000005E8	9.58858392144391836E-1
2.31999999999999984E8	9.59175192022561340E-1
2.33000000000000007E8	9.59492033660851718E-1
2.33999999999999986E8	9.59808841366491095E-1
2.35000000000000009E8	9.60125542558828116E-1
2.36000000000000032E8	9.60442067662967247E-1
2.37000000000000011E8	9.60758349990773297E-1
2.37999999999999989E8	9.61074325645052596E-1
2.38999999999999968E8	9.61389933407754604E-1
2.39999999999999991E8	9.61705114653302928E-1
2.41000000000000014E8	9.62019813241836985E-1
2.41999999999999993E8	9.62333975440881240E-1
2.43000000000000016E8	9.62647549827967275E-1
2.43999999999999995E8	9.62960487212052385E-1
2.45000000000000018E8	9.63272740552227269E-1
2.45999999999999996E8	9.63584264876208607E-1
2.46999999999999975E8	9.63895017208142058E-1
2.47999999999999998E8	9.64204956494765142E-1
2.48999999999999977E8	9.64514043537933397E-1
2.50000000000000000E8	9.64822240922846142E-1
2.51000000000000023E8	9.65129512955692448E-1
2.52000000000000002E8	9.65435825603673692E-1
2.53000000000000025E8	9.65741146431644104E-1
2.54000000000000004E8	9.66045444542539045E-1
2.54999999999999982E8	9.66348690526615783E-1
2.56000000000000005E8	9.66650856401877157E-1
2.56999999999999984E8	9.66951915565948994E-1
2.58000000000000007E8	9.67251842745647927E-1
2.58999999999999986E8	9.67550613944878179E-1
2.60000000000000009E8	9.67848206403088795E-1
2.61000000000000032E8	9.68144598548204627E-1
2.62000000000000011E8	9.68439769950719764E-1
2.62999999999999989E8	9.68733701288064886E-1
2.63999999999999968E8	9.69026374295999204E-1
2.64999999999999991E8	9.69317771737725309E-1
2.66000000000000014E8	9.69607877361239190E-1
2.66999999999999993E8	9.69896675864902491E-1
2.68000000000000016E8	9.70184152861155980E-1
2.68999999999999995E8	9.70470294848683679E-1
2.70000000000000018E8	9.70755089169627183E-1
2.70999999999999996E8	9.71038523987100710E-1
2.71999999999999975E8	9.71320588252467765E-1
2.72999999999999998E8	9.71601271672156130E-1
2.73999999999999977E8	9.71880564684720483E-1
2.75000000000000000E8	9.72158458434022066E-1
2.76000000000000023E8	9.72434944734566464E-1
2.77000000000000002E8	9.72710016060520566E-1
2.78000000000000025E8	9.72983665506906092E-1
2.79000000000000004E8	9.73255886774157730E-1
2.79999999999999982E8	9.73526674143518811E-1
2.81000000000000005E8	9.73796022455340449E-1
2.81999999999999984E8	9.74063927088872816E-1
2.83000000000000007E8	9.74330383936382738E-1
2.83999999999999986E8	9.74595389392747258E-1
2.85000000000000009E8	9.74858940327649215E-1
2.86000000000000032E8	9.75121034070142656E-1
2.87000000000000011E8	9.75381668396480705E-1
2.87999999999999989E8	9.75640841501708778E-1
2.88999999999999968E8	9.75898551993584817E-1
2.89999999999999991E8	9.76154798871679574E-1
2.91000000000000014E8	9.76409581510491442E-1
2.91999999999999993E8	9.76662899650681382E-1
2.93000000000000016E8	9.76914753376631850E-1
2.93999999999999995E8	9.77165143107641931E-1
2.95000000000000018E8	9.77414069586483514E-1
2.95999999999999996E8	9.77661533860730891E-1
2.96999999999999975E8	9.77907537275014604E-1
2.97999999999999998E8	9.78152081454492262E-1
2.98999999999999977E8	9.78395168297457118E-1
3.00000000000000000E8	9.78636799961904025E-1
3.01000000000000023E8	9.78876978856091107E-1
3.02000000000000002E8	9.79115707625024534E-1
3.03000000000000025E8	9.79352989146716979E-1
3.04000000000000004E8	9.79588826512261690E-1
3.04999999999999982E8	9.79823223027075230E-1
3.06000000000000005E8	9.80056182195770376E-1
3.06999999999999984E8	9.80287707714569123E-1
3.08000000000000007E8	9.80517803459623138E-1
3.08999999999999986E8	9.80746473489171144E-1
3.10000000000000009E8	9.80973722021730943E-1
3.11000000000000032E8	9.81199553440070815E-1
3.12000000000000011E8	9.81423972274560619E-1
3.12999999999999989E8	9.81646983206313983E-1
3.13999999999999968E8	9.81868591050309192E-1
3.14999999999999991E8	9.82088800753015079E-1
3.16000000000000014E8	9.82307617388365095E-1
3.16999999999999993E8	9.82525046148151482E-1
3.18000000000000016E8	9.82741092337066569E-1
3.18999999999999995E8	9.82955761367206371E-1
3.20000000000000018E8	9.83169058752319103E-1
3.20999999999999996E8	9.83380990103579222E-1
3.22000000000000020E8	9.83591561121887281E-1
3.22999999999999954E8	9.83800777594549736E-1
3.23999999999999977E8	9.84008645392173165E-1
3.25000000000000000E8	9.84215170460958255E-1
3.26000000000000023E8	9.84420358817932772E-1
3.27000000000000046E8	9.84624216549480025E-1
3.27999999999999980E8	9.84826749808687829E-1
3.29000000000000004E8	9.85027964803850686E-1
3.29999999999999982E8	9.85227867801230950E-1
3.31000000000000005E8	9.85426465120464634E-1
3.32000000000000028E8	9.85623763128554664E-1
3.32999999999999963E8	9.85819768239185379E-1
3.33999999999999986E8	9.86014486904174881E-1
3.35000000000000009E8	9.86207925620063364E-1
3.36000000000000032E8	9.86400090912532335E-1
3.37000000000000011E8	9.86590989346229819E-1
3.37999999999999989E8	9.86780627508803221E-1
3.38999999999999968E8	9.86969012021221914E-1
3.39999999999999991E8	9.87156149524582993E-1
3.41000000000000014E8	9.87342046683652264E-1
3.42000000000000037E8	9.87526710180324940E-1
3.42999999999999972E8	9.87710146716010406E-1
3.43999999999999995E8	9.87892363005726715E-1
3.45000000000000018E8	9.88073365775264101E-1
3.45999999999999996E8	9.88253161762436427E-1
3.47000000000000020E8	9.88431757713057202E-1
3.47999999999999954E8	9.88609160378126894E-1
3.48999999999999977E8	9.88785376511927971E-1
3.50000000000000000E8	9.88960412877227490E-1
3.51000000000000023E8	9.89134276228026721E-1
3.52000000000000046E8	9.89306973326137040E-1
3.52999999999999980E8	9.89478510924381283E-1
3.54000000000000004E8	9.89648895777353488E-1
3.54999999999999982E8	9.89818134629328128E-1
3.56000000000000005E8	9.89986234218484995E-1
3.57000000000000028E8	9.90153201276693551E-1
3.57999999999999963E8	9.90319042523543835E-1
3.58999999999999986E8	9.90483764667795974E-1
3.60000000000000009E8	9.90647374409288162E-1
3.61000000000000032E8	9.90809878431506874E-1
3.62000000000000011E8	9.90971283403154324E-1
3.62999999999999989E8	9.91131595979411806E-1
3.63999999999999968E8	9.91290822796755045E-1
3.64999999999999991E8	9.91448970475836511E-1
3.66000000000000014E8	9.91606045618796372E-1
3.67000000000000037E8	9.91762054806730831E-1
3.67999999999999972E8	9.91917004601550367E-1
3.68999999999999995E8	9.92070901545749173E-1
3.70000000000000018E8	9.92223752156906258E-1
3.70999999999999996E8	9.92375562932005195E-1
3.72000000000000020E8	9.92526340343962232E-1
3.72999999999999954E8	9.92676090841886349E-1
3.73999999999999977E8	9.92824820851889100E-1
3.75000000000000000E8	9.92972536771426206E-1
3.76000000000000023E8	9.93119244975679649E-1
3.77000000000000046E8	9.93264951811036845E-1
3.77999999999999980E8	9.93409663600462878E-1
3.79000000000000004E8	9.93553386633406710E-1
3.79999999999999982E8	9.93696127176545119E-1
3.81000000000000005E8	9.93837891468733048E-1
3.82000000000000028E8	9.93978685715917365E-1
3.82999999999999963E8	9.94118516097951144E-1
3.83999999999999986E8	9.94257388764940586E-1
3.85000000000000009E8	9.94395309836880337E-1
3.86000000000000032E8	9.94532285401724181E-1
3.87000000000000011E8	9.94668321520795473E-1
3.87999999999999989E8	9.94803424222677357E-1
3.88999999999999968E8	9.94937599503537484E-1
3.89999999999999991E8	9.95070853329232463E-1
3.91000000000000014E8	9.95203191635472351E-1
3.92000000000000037E8	9.95334620323973951E-1
3.92999999999999972E8	9.95465145265977469E-1
3.93999999999999995E8	9.95594772301731012E-1
3.95000000000000018E8	9.95723507234418648E-1
3.95999999999999996E8	9.95851355840904162E-1
3.97000000000000020E8	9.95978323860230041E-1
3.97999999999999954E8	9.96104417001568443E-1
3.98999999999999977E8	9.96229640941152361E-1
4.00000000000000000E8	9.96354001321839888E-1
4.00999999999999979E8	9.96477503752461402E-1
4.02000000000000046E8	9.96600153808833689E-1
4.02999999999999936E8	9.96721957034998240E-1
4.04000000000000004E8	9.96842918941333522E-1
4.04999999999999982E8	9.96963045003504433E-1
4.06000000000000050E8	9.97082340665923894E-1
4.07000000000000028E8	9.97200811336916892E-1
4.08000000000000007E8	9.97318462395018734E-1
4.08999999999999986E8	9.97435299181499602E-1
4.09999999999999964E8	9.97551327006687849E-1
4.11000000000000032E8	9.97666551148001268E-1
4.12000000000000011E8	9.97780976846195600E-1
4.12999999999999989E8	9.97894609311770786E-1
4.13999999999999968E8	9.98007453722162907E-1
4.15000000000000036E8	9.98119515218984077E-1
4.16000000000000014E8	9.98230798912560324E-1
4.16999999999999993E8	9.98341309879375061E-1
4.17999999999999972E8	9.98451053163715230E-1
4.18999999999999950E8	9.98560033773149591E-1
4.20000000000000018E8	9.98668256688905487E-1
4.20999999999999996E8	9.98775726853485324E-1
4.22000000000000064E8	9.98882449178782750E-1
4.22999999999999954E8	9.98988428543699669E-1
4.24000000000000021E8	9.99093669795550809E-1
4.25000000000000000E8	9.99198177746066207E-1
4.25999999999999979E8	9.99301957179203981E-1
4.27000000000000046E8	9.99405012843189589E-1
4.27999999999999936E8	9.99507349454505878E-1
4.29000000000000004E8	9.99608971697009530E-1
4.29999999999999982E8	9.99709884225463341E-1
4.31000000000000050E8	9.99810091658707734E-1
4.32000000000000028E8	9.99909598588609505E-1
4.33000000000000007E8	1.00000840956911485E0
4.33999999999999986E8	1.00010652912842124E0
4.34999999999999964E8	1.00020396176220894E0
4.36000000000000032E8	1.00030071193229286E0
4.37000000000000011E8	1.00039678407142585E0
4.37999999999999989E8	1.00049218258179229E0
4.38999999999999968E8	1.00058691183236781E0
4.40000000000000036E8	1.00068097616579532E0
4.41000000000000014E8	1.00077437989037210E0
4.41999999999999993E8	1.00086712728494565E0
4.42999999999999972E8	1.00095922259957204E0
4.43999999999999950E8	1.00105067005391857E0
4.45000000000000018E8	1.00114147383460117E0
4.45999999999999996E8	1.00123163810455740E0
4.47000000000000064E8	1.00132116699108575E0
4.47999999999999954E8	1.00141006459433246E0
4.49000000000000021E8	1.00149833498872232E0
4.50000000000000000E8	1.00158598221521866E0
4.50999999999999979E8	1.00167301028503153E0
4.52000000000000046E8	1.00175942318542210E0
4.52999999999999936E8	1.00184522487179484E0
4.54000000000000004E8	1.00193041927228488E0
4.54999999999999982E8	1.00201501028549678E0
4.56000000000000050E8	1.00209900178283529E0
4.57000000000000028E8	1.00218239760809258E0
4.58000000000000007E8	1.00226520157697663E0
4.58999999999999986E8	1.00234741747780709E0
4.59999999999999964E8	1.00242904907126529E0
4.61000000000000032E8	1.00251010009094044E0
4.62000000000000011E8	1.00259057424377640E0
4.62999999999999989E8	1.00267047520927743E0
4.63999999999999968E8	1.00274980664078828E0
4.65000000000000036E8	1.00282857216420118E0
4.66000000000000014E8	1.00290677538056960E0
4.66999999999999993E8	1.00298441986271003E0
4.67999999999999972E8	1.00306150916005921E0
4.68999999999999950E8	1.00313804679333352E0
4.70000000000000018E8	1.00321403625947791E0
4.70999999999999996E8	1.00328948102995619E0
4.72000000000000064E8	1.00336438455088928E0
4.72999999999999954E8	1.00343875024097939E0
4.74000000000000021E8	1.00351258149819889E0
4.75000000000000000E8	1.00358588169153129E0
4.75999999999999979E8	1.00365865416677202E0
4.77000000000000046E8	1.00373090224741457E0
4.77999999999999936E8	1.00380262922942753E0
4.79000000000000004E8	1.00387383838692390E0
4.79999999999999982E8	1.00394453296866670E0
4.81000000000000050E8	1.00401471620011673E0
4.82000000000000028E8	1.00408439128447124E0
4.83000000000000007E8	1.00415356139876399E0
4.83999999999999986E8	1.00422222969843378E0
4.84999999999999964E8	1.00429039931583830E0
4.86000000000000032E8	1.00435807336170146E0
4.87000000000000011E8	1.00442525491931889E0
4.87999999999999989E8	1.00449194705356071E0
4.88999999999999968E8	1.00455815280746652E0
4.90000000000000036E8	1.00462387519902907E0
4.91000000000000014E8	1.00468911722441612E0
4.91999999999999993E8	1.00475388185959336E0
4.92999999999999972E8	1.00481817205670287E0
4.93999999999999950E8	1.00488199074733053E0
4.95000000000000018E8	1.00494534084420395E0
4.95999999999999996E8	1.00500822523238798E0
4.97000000000000064E8	1.00507064678169256E0
4.97999999999999954E8	1.00513260833810536E0
4.99000000000000021E8	1.00519411272807591E0
5.00000000000000000E8	1.00525516275475746E0
5.00999999999999979E8	1.00531576120427357E0
5.02000000000000046E8	1.00537591084125078E0
5.02999999999999936E8	1.00543561440772966E0
5.04000000000000004E8	1.00549487462959486E0
5.04999999999999982E8	1.00555369421088825E0
5.06000000000000050E8	1.00561207583331780E0
5.07000000000000028E8	1.00567002216387613E0
5.08000000000000007E8	1.00572753584690733E0
5.08999999999999986E8	1.00578461950868880E0
5.09999999999999964E8	1.00584127575545579E0
5.11000000000000032E8	1.00589750717458615E0
5.12000000000000011E8	1.00595331633614360E0
5.12999999999999989E8	1.00600870578790103E0
5.13999999999999968E8	1.00606367806310937E0
5.15000000000000036E8	1.00611823567579695E0
5.16000000000000014E8	1.00617238111793439E0
5.16999999999999993E8	1.00622611686788765E0
5.17999999999999972E8	1.00627944538441350E0
5.18999999999999950E8	1.00633236910699408E0
5.20000000000000018E8	1.00638489045943325E0
5.20999999999999996E8	1.00643701184734158E0
5.22000000000000064E8	1.00648873565808095E0
5.22999999999999954E8	1.00654006426239384E0
5.24000000000000021E8	1.00659100001490875E0
5.25000000000000000E8	1.00664154525038541E0
5.25999999999999979E8	1.00669170228772420E0
5.27000000000000046E8	1.00674147343163400E0
5.27999999999999936E8	1.00679086096776693E0
5.29000000000000004E8	1.00683986716405371E0
5.29999999999999982E8	1.00688849427581317E0
5.31000000000000050E8	1.00693674453777748E0
5.32000000000000028E8	1.00698462017112012E0
5.33000000000000007E8	1.00703212338200387E0
5.33999999999999986E8	1.00707925635828688E0
5.34999999999999964E8	1.00712602127258721E0
5.36000000000000032E8	1.00717242028324772E0
5.37000000000000011E8	1.00721845553093758E0
5.37999999999999989E8	1.00726412914380492E0
5.38999999999999968E8	1.00730944323230487E0
5.40000000000000036E8	1.00735439989298436E0
5.41000000000000014E8	1.00739900120583115E0
5.41999999999999993E8	1.00744324923712170E0
5.42999999999999972E8	1.00748714604124490E0
5.43999999999999950E8	1.00753069365126402E0
5.45000000000000018E8	1.00757389409079234E0
5.45999999999999996E8	1.00761674936786960E0
5.47000000000000064E8	1.00765926147573137E0
5.47999999999999954E8	1.00770143239431476E0
5.49000000000000021E8	1.00774326408815718E0
5.50000000000000000E8	1.00778475850722149E0
5.50999999999999979E8	1.00782591759009499E0
5.52000000000000046E8	1.00786674326171366E0
5.52999999999999936E8	1.00790723743049804E0
5.54000000000000004E8	1.00794740199114607E0
5.54999999999999982E8	1.00798723882975749E0
5.56000000000000050E8	1.00802674981357798E0
5.57000000000000028E8	1.00806593680075962E0
5.58000000000000007E8	1.00810480163245586E0
5.58999999999999986E8	1.00814334614151835E0
5.59999999999999964E8	1.00818157214244475E0
5.61000000000000032E8	1.00821948144302076E0
5.62000000000000011E8	1.00825707583238677E0
5.62999999999999989E8	1.00829435709042858E0
5.63999999999999968E8	1.00833132698439742E0
5.65000000000000036E8	1.00836798726865928E0
5.66000000000000014E8	1.00840433968511944E0
5.66999999999999993E8	1.00844038596236185E0
5.67999999999999972E8	1.00847612782114582E0
5.68999999999999950E8	1.00851156696425681E0
5.70000000000000018E8	1.00854670508705380E0
5.70999999999999996E8	1.00858154387132148E0
5.72000000000000064E8	1.00861608498586408E0
5.72999999999999954E8	1.00865033009198113E0
5.74000000000000021E8	1.00868428083487260E0
5.75000000000000000E8	1.00871793885037864E0
5.75999999999999979E8	1.00875130576336058E0
5.77000000000000046E8	1.00878438318653929E0
5.77999999999999936E8	1.00881717272181426E0
5.79000000000000004E8	1.00884967595940056E0
5.79999999999999982E8	1.00888189448088328E0
5.81000000000000050E8	1.00891382985296807E0
5.82000000000000028E8	1.00894548363469960E0
5.83000000000000007E8	1.00897685737393483E0
5.83999999999999986E8	1.00900795260601384E0
5.84999999999999964E8	1.00903877085855798E0
5.86000000000000032E8	1.00906931364527930E0
5.87000000000000011E8	1.00909958247416864E0
5.87999999999999989E8	1.00912957883722254E0
5.88999999999999968E8	1.00915930422130251E0
5.90000000000000036E8	1.00918876009836000E0
5.91000000000000014E8	1.00921794793584496E0
5.91999999999999993E8	1.00924686918569639E0
5.92999999999999972E8	1.00927552529451248E0
5.93999999999999950E8	1.00930391769551275E0
5.95000000000000018E8	1.00933204781507802E0
5.95999999999999996E8	1.00935991706660122E0
5.97000000000000064E8	1.00938752685660327E0
5.97999999999999954E8	1.00941487858178225E0
5.99000000000000021E8	1.00944197362851251E0
6.00000000000000000E8	1.00946881337309691E0
6.00999999999999979E8	1.00949539918519782E0
6.02000000000000046E8	1.00952173242269305E0
6.02999999999999936E8	1.00954781443513997E0
6.04000000000000004E8	1.00957364656331205E0
6.04999999999999982E8	1.00959923013942343E0
6.06000000000000050E8	1.00962456648405352E0
6.07000000000000028E8	1.00964965691298048E0
6.08000000000000007E8	1.00967450272990300E0
6.08999999999999986E8	1.00969910523185269E0
6.09999999999999964E8	1.00972346570612337E0
6.11000000000000032E8	1.00974758543121923E0
6.12000000000000011E8	1.00977146567726939E0
6.12999999999999989E8	1.00979510770767522E0
6.13999999999999968E8	1.00981851277490153E0
6.15000000000000036E8	1.00984168212442760E0
6.16000000000000014E8	1.00986461699331276E0
6.16999999999999993E8	1.00988731860961423E0
6.17999999999999972E8	1.00990978819536803E0
6.18999999999999950E8	1.00993202696135476E0
6.20000000000000018E8	1.00995403611444523E0
6.20999999999999996E8	1.00997581684949989E0
6.22000000000000064E8	1.00999737035477843E0
6.22999999999999954E8	1.01001869781399578E0
6.24000000000000021E8	1.01003980039772867E0
6.25000000000000000E8	1.01006067927250198E0
6.25999999999999979E8	1.01008133559602098E0
6.27000000000000046E8	1.01010177051806394E0
6.27999999999999936E8	1.01012198518231489E0
6.29000000000000004E8	1.01014198072308847E0
6.29999999999999982E8	1.01016175826934229E0
6.31000000000000050E8	1.01018131894069696E0
6.32000000000000028E8	1.01020066385124396E0
6.33000000000000007E8	1.01021979410674945E0
6.33999999999999986E8	1.01023871080506100E0
6.34999999999999964E8	1.01025741503918720E0
6.36000000000000032E8	1.01027590789355393E0
6.37000000000000011E8	1.01029419044635227E0
6.37999999999999989E8	1.01031226376658778E0
6.38999999999999968E8	1.01033012891928320E0
6.40000000000000036E8	1.01034778696181338E0
6.40999999999999925E8	1.01036523894356400E0
6.41999999999999993E8	1.01038248590929314E0
6.42999999999999972E8	1.01039952889371976E0
6.44000000000000039E8	1.01041636892895825E0
6.45000000000000018E8	1.01043300703675598E0
6.45999999999999908E8	1.01044944423613825E0
6.47000000000000064E8	1.01046568153469196E0
6.47999999999999954E8	1.01048171994008951E0
6.49000000000000021E8	1.01049756044798023E0
6.50000000000000000E8	1.01051320404919287E0
6.50999999999999979E8	1.01052865172969053E0
6.52000000000000046E8	1.01054390446910647E0
6.52999999999999936E8	1.01055896323797945E0
6.54000000000000092E8	1.01057382900557502E0
6.54999999999999982E8	1.01058850273059098E0
6.55999999999999961E8	1.01060298536691606E0
6.57000000000000028E8	1.01061727786512545E0
6.58000000000000007E8	1.01063138116489815E0
6.59000000000000075E8	1.01064529620446431E0
6.59999999999999964E8	1.01065902391406404E0
6.60999999999999943E8	1.01067256521784010E0
6.62000000000000011E8	1.01068592103576083E0
6.62999999999999989E8	1.01069909228049526E0
6.64000000000000057E8	1.01071207986148770E0
6.65000000000000036E8	1.01072488467746413E0
6.65999999999999925E8	1.01073750762706505E0
6.66999999999999993E8	1.01074994960111320E0
6.67999999999999972E8	1.01076221148331746E0
6.69000000000000039E8	1.01077429415489228E0
6.70000000000000018E8	1.01078619848923545E0
6.70999999999999908E8	1.01079792535676738E0
6.72000000000000064E8	1.01080947561911860E0
6.72999999999999954E8	1.01082085013642198E0
6.74000000000000021E8	1.01083204976077057E0
6.75000000000000000E8	1.01084307533985562E0
6.75999999999999979E8	1.01085392771655536E0
6.77000000000000046E8	1.01086460772787379E0
6.77999999999999936E8	1.01087511620747095E0
6.79000000000000092E8	1.01088545398129837E0
6.79999999999999982E8	1.01089562187196180E0
6.80999999999999961E8	1.01090562069803735E0
6.82000000000000028E8	1.01091545126780002E0
6.83000000000000007E8	1.01092511439275268E0
6.84000000000000075E8	1.01093461087373004E0
6.84999999999999964E8	1.01094394150781874E0
6.85999999999999943E8	1.01095310708917840E0
6.87000000000000011E8	1.01096210840353451E0
6.87999999999999989E8	1.01097094623636119E0
6.89000000000000057E8	1.01097962136425190E0
6.90000000000000036E8	1.01098813456367664E0
6.90999999999999925E8	1.01099648660131081E0
6.91999999999999993E8	1.01100467824304396E0
6.92999999999999972E8	1.01101271024914996E0
6.94000000000000039E8	1.01102058337319245E0
6.95000000000000018E8	1.01102829836800368E0
6.95999999999999908E8	1.01103585597979806E0
6.97000000000000064E8	1.01104325695027675E0
6.97999999999999954E8	1.01105050201750890E0
6.99000000000000021E8	1.01105759191468825E0
7.00000000000000000E8	1.01106452737022146E0
7.00999999999999979E8	1.01107130910993326E0
7.02000000000000046E8	1.01107793785229516E0
7.02999999999999936E8	1.01108441431548735E0
7.04000000000000092E8	1.01109073921042047E0
7.04999999999999982E8	1.01109691324540507E0
7.05999999999999961E8	1.01110293712329113E0
7.07000000000000028E8	1.01110881154274801E0
7.08000000000000007E8	1.01111453720141697E0
7.09000000000000075E8	1.01112011478925412E0
7.09999999999999964E8	1.01112554499340468E0
7.10999999999999943E8	1.01113082849825853E0
7.12000000000000011E8	1.01113596598163080E0
7.12999999999999989E8	1.01114095812015803E0
7.14000000000000057E8	1.01114580558451173E0
7.15000000000000036E8	1.01115050904261139E0
7.15999999999999925E8	1.01115506915680364E0
7.16999999999999993E8	1.01115948658942445E0
7.17999999999999972E8	1.01116376199494784E0
7.19000000000000039E8	1.01116789602584234E0
7.20000000000000018E8	1.01117188933141011E0
7.20999999999999908E8	1.01117574255521392E0
7.22000000000000064E8	1.01117945633968720E0
7.22999999999999954E8	1.01118303132122045E0
7.24000000000000021E8	1.01118646813447777E0
7.25000000000000000E8	1.01118976740891031E0
7.25999999999999979E8	1.01119292977241804E0
7.27000000000000046E8	1.01119595584638478E0
7.27999999999999936E8	1.01119884625146605E0
7.29000000000000092E8	1.01120160160317485E0
7.29999999999999982E8	1.01120422251525688E0
7.30999999999999961E8	1.01120670959426184E0
7.32000000000000028E8	1.01120906344896699E0
7.33000000000000007E8	1.01121128467848376E0
7.34000000000000075E8	1.01121337388474730E0
7.34999999999999964E8	1.01121533166115252E0
7.35999999999999943E8	1.01121715860024008E0
7.37000000000000011E8	1.01121885529093603E0
7.37999999999999989E8	1.01122042231907638E0
7.39000000000000057E8	1.01122186026608074E0
7.40000000000000036E8	1.01122316971186255E0
7.40999999999999925E8	1.01122435123278143E0
7.41999999999999993E8	1.01122540539909145E0
7.42999999999999972E8	1.01122633278288321E0
7.44000000000000039E8	1.01122713394912500E0
7.45000000000000018E8	1.01122780946116553E0
7.45999999999999908E8	1.01122835987897797E0
7.47000000000000064E8	1.01122878575990360E0
7.47999999999999954E8	1.01122908765711550E0
7.49000000000000021E8	1.01122926612202346E0
7.50000000000000000E8	1.01122932170316160E0
7.50999999999999979E8	1.01122925494350957E0
7.52000000000000046E8	1.01122906638661170E0
7.52999999999999936E8	1.01122875657014122E0
7.54000000000000092E8	1.01122832603183110E0
7.54999999999999982E8	1.01122777530245034E0
7.55999999999999961E8	1.01122710491328482E0
7.57000000000000028E8	1.01122631539213681E0
7.58000000000000007E8	1.01122540726198729E0
7.59000000000000075E8	1.01122438104634149E0
7.59999999999999964E8	1.01122323726143648E0
7.60999999999999943E8	1.01122197642608724E0
7.62000000000000011E8	1.01122059905201378E0
7.62999999999999989E8	1.01121910564937800E0
7.64000000000000057E8	1.01121749672596284E0
7.65000000000000036E8	1.01121577278744601E0
7.65999999999999925E8	1.01121393433561280E0
7.66999999999999993E8	1.01121198186938543E0
7.67999999999999972E8	1.01120991588748854E0
7.69000000000000039E8	1.01120773688220189E0
7.70000000000000018E8	1.01120544534716950E0
7.70999999999999908E8	1.01120304177046560E0
7.72000000000000064E8	1.01120052663841542E0
7.72999999999999954E8	1.01119790043571434E0
7.74000000000000021E8	1.01119516364095974E0
7.75000000000000000E8	1.01119231673724985E0
7.75999999999999979E8	1.01118936019723726E0
7.77000000000000046E8	1.01118629449681752E0
7.77999999999999936E8	1.01118312010637057E0
7.79000000000000092E8	1.01117983749491480E0
7.79999999999999982E8	1.01117644712878096E0
7.80999999999999961E8	1.01117294947285163E0
7.82000000000000028E8	1.01116934498710975E0
7.83000000000000007E8	1.01116563413169858E0
7.84000000000000075E8	1.01116181736320887E0
7.84999999999999964E8	1.01115789513575205E0
7.85999999999999943E8	1.01115386790144646E0
7.87000000000000011E8	1.01114973611033498E0
7.87999999999999989E8	1.01114550020902860E0
7.89000000000000057E8	1.01114116064314485E0
7.90000000000000036E8	1.01113671785528503E0
7.90999999999999925E8	1.01113217228605667E0
7.91999999999999993E8	1.01112752437415798E0
7.92999999999999972E8	1.01112277455551869E0
7.94000000000000039E8	1.01111792326269856E0
7.95000000000000018E8	1.01111297092776908E0
7.95999999999999908E8	1.01110791798149302E0
7.97000000000000064E8	1.01110276484984563E0
7.97999999999999954E8	1.01109751195766240E0
7.99000000000000021E8	1.01109215972752708E0
8.00000000000000000E8	1.01108670858172500E0
8.00999999999999979E8	1.01108115893719952E0
8.01999999999999957E8	1.01107551121196493E0
8.02999999999999936E8	1.01106976581906061E0
8.04000000000000092E8	1.01106392317158433E0
8.05000000000000071E8	1.01105798367951683E0
8.05999999999999872E8	1.01105194775094764E0
8.07000000000000028E8	1.01104581579191555E0
8.08000000000000007E8	1.01103958820725293E0
8.08999999999999986E8	1.01103326539850813E0
8.09999999999999964E8	1.01102684776593255E0
8.10999999999999943E8	1.01102033570688166E0
8.12000000000000099E8	1.01101372961999125E0
8.12999999999999901E8	1.01100702989598101E0
8.14000000000000057E8	1.01100023693026064E0
8.15000000000000036E8	1.01099335111055155E0
8.16000000000000014E8	1.01098637282708514E0
8.16999999999999993E8	1.01097930246465806E0
8.17999999999999972E8	1.01097214040981020E0
8.19000000000000128E8	1.01096488704360721E0
8.19999999999999929E8	1.01095754274807814E0
8.20999999999999908E8	1.01095010790204287E0
8.22000000000000064E8	1.01094258288028294E0
8.23000000000000043E8	1.01093496806114924E0
8.24000000000000021E8	1.01092726381793829E0
8.25000000000000000E8	1.01091947052037479E0
8.25999999999999979E8	1.01091158853894170E0
8.26999999999999957E8	1.01090361824263431E0
8.27999999999999936E8	1.01089555999640712E0
8.29000000000000092E8	1.01088741416600203E0
8.30000000000000071E8	1.01087918111330866E0
8.30999999999999872E8	1.01087086119999525E0
8.32000000000000028E8	1.01086245478590397E0
8.33000000000000007E8	1.01085396222659640E0
8.33999999999999986E8	1.01084538387858536E0
8.34999999999999964E8	1.01083672009776837E0
8.35999999999999943E8	1.01082797123598023E0
8.37000000000000099E8	1.01081913764321540E0
8.37999999999999901E8	1.01081021966745577E0
8.39000000000000057E8	1.01080121765874309E0
8.40000000000000036E8	1.01079213196152540E0
8.41000000000000014E8	1.01078296292130809E0
8.41999999999999993E8	1.01077371087861589E0
8.42999999999999972E8	1.01076437617590309E0
8.44000000000000128E8	1.01075495915293145E0
8.44999999999999929E8	1.01074546014590783E0
8.45999999999999908E8	1.01073587949250676E0
8.47000000000000064E8	1.01072621752606717E0
8.48000000000000043E8	1.01071647458108482E0
8.49000000000000021E8	1.01070665098835510E0
8.50000000000000000E8	1.01069674707856749E0
8.50999999999999979E8	1.01068676317796213E0
8.51999999999999957E8	1.01067669961680573E0
8.52999999999999936E8	1.01066655671753836E0
8.54000000000000092E8	1.01065633480634132E0
8.55000000000000071E8	1.01064603420477006E0
8.55999999999999872E8	1.01063565523358578E0
8.57000000000000028E8	1.01062519821189345E0
8.58000000000000007E8	1.01061466345840834E0
8.58999999999999986E8	1.01060405129009645E0
8.59999999999999964E8	1.01059336202205086E0
8.60999999999999943E8	1.01058259596638744E0
8.62000000000000099E8	1.01057175343676220E0
8.62999999999999901E8	1.01056083474283276E0
8.64000000000000057E8	1.01054984019597915E0
8.65000000000000036E8	1.01053877010301396E0
8.66000000000000014E8	1.01052762477075819E0
8.66999999999999993E8	1.01051640450397207E0
8.67999999999999972E8	1.01050510960685069E0
8.69000000000000128E8	1.01049374038379258E0
8.69999999999999929E8	1.01048229713225823E0
8.70999999999999908E8	1.01047078015519931E0
8.72000000000000064E8	1.01045918974992199E0
8.73000000000000043E8	1.01044752621286804E0
8.74000000000000021E8	1.01043578984149751E0
8.75000000000000000E8	1.01042398092812946E0
8.75999999999999979E8	1.01041209976861146E0
8.76999999999999957E8	1.01040014665351707E0
8.77999999999999936E8	1.01038812187175431E0
8.79000000000000092E8	1.01037602571645158E0
8.80000000000000071E8	1.01036385847220145E0
8.80999999999999872E8	1.01035162042727245E0
8.82000000000000028E8	1.01033931186690418E0
8.83000000000000007E8	1.01032693307620258E0
8.83999999999999986E8	1.01031448433669180E0
8.84999999999999964E8	1.01030196593128663E0
8.85999999999999943E8	1.01028937813995645E0
8.87000000000000099E8	1.01027672124210222E0
8.87999999999999901E8	1.01026399551617807E0
8.89000000000000057E8	1.01025120123975931E0
8.90000000000000036E8	1.01023833868797275E0
8.91000000000000014E8	1.01022540813453032E0
8.91999999999999993E8	1.01021240985292771E0
8.92999999999999972E8	1.01019934411630685E0
8.94000000000000128E8	1.01018621119541629E0
8.94999999999999929E8	1.01017301135963278E0
8.95999999999999908E8	1.01015974487793936E0
8.97000000000000064E8	1.01014641201738109E0
8.98000000000000043E8	1.01013301304592229E0
8.99000000000000021E8	1.01011954822670313E0
9.00000000000000000E8	1.01010601782507803E0
9.00999999999999979E8	1.01009242210336159E0
9.01999999999999957E8	1.01007876132480634E0
9.02999999999999936E8	1.01006503574860051E0
9.04000000000000092E8	1.01005124563572313E0
9.05000000000000071E8	1.01003739124320324E0
9.05999999999999872E8	1.01002347282978744E0
9.07000000000000028E8	1.01000949065178425E0
9.08000000000000007E8	1.00999544496456228E0
9.08999999999999986E8	1.00998133602121420E0
9.09999999999999964E8	1.00996716407726450E0
9.10999999999999943E8	1.00995292938236370E0
9.12000000000000099E8	1.00993863218944102E0
9.12999999999999901E8	1.00992427274801666E0
9.14000000000000057E8	1.00990985130566169E0
9.15000000000000036E8	1.00989536811340885E0
9.16000000000000014E8	1.00988082341583651E0
9.16999999999999993E8	1.00986621745972149E0
9.17999999999999972E8	1.00985155048992348E0
9.19000000000000128E8	1.00983682274968878E0
9.19999999999999929E8	1.00982203448325447E0
9.20999999999999908E8	1.00980718593221463E0
9.22000000000000064E8	1.00979227733675647E0
9.23000000000000043E8	1.00977730893707407E0
9.24000000000000021E8	1.00976228097254506E0
9.25000000000000000E8	1.00974719368153654E0
9.25999999999999979E8	1.00973204730033617E0
9.26999999999999957E8	1.00971684206527579E0
9.27999999999999936E8	1.00970157821141338E0
9.29000000000000092E8	1.00968625597330197E0
9.30000000000000071E8	1.00967087558433133E0
9.30999999999999872E8	1.00965543727473417E0
9.32000000000000028E8	1.00963994127857704E0
9.33000000000000007E8	1.00962438782502573E0
9.33999999999999986E8	1.00960877714443908E0
9.34999999999999964E8	1.00959310946424630E0
9.35999999999999943E8	1.00957738501318772E0
9.37000000000000099E8	1.00956160401743689E0
9.37999999999999901E8	1.00954576670272922E0
9.39000000000000057E8	1.00952987329491561E0
9.40000000000000036E8	1.00951392401745910E0
9.41000000000000014E8	1.00949791909403719E0
9.41999999999999993E8	1.00948185874559981E0
9.42999999999999972E8	1.00946574319620663E0
9.44000000000000128E8	1.00944957266315916E0
9.44999999999999929E8	1.00943334736836565E0
9.45999999999999908E8	1.00941706753055249E0
9.47000000000000064E8	1.00940073336809255E0
9.48000000000000043E8	1.00938434509769492E0
9.49000000000000021E8	1.00936790293443046E0
9.50000000000000000E8	1.00935140709620419E0
9.50999999999999979E8	1.00933485779457022E0
9.51999999999999957E8	1.00931825524632468E0
9.52999999999999936E8	1.00930159966272548E0
9.54000000000000092E8	1.00928489125692700E0
9.55000000000000071E8	1.00926813023965001E0
9.55999999999999872E8	1.00925131682132907E0
9.57000000000000028E8	1.00923445121169575E0
9.58000000000000007E8	1.00921753362052291E0
9.58999999999999986E8	1.00920056425516114E0
9.59999999999999964E8	1.00918354332334537E0
9.60999999999999943E8	1.00916647103094248E0
9.62000000000000099E8	1.00914934758410868E0
9.62999999999999901E8	1.00913217318792414E0
9.64000000000000057E8	1.00911494804739554E0
9.65000000000000036E8	1.00909767236404946E0
9.66000000000000014E8	1.00908034634197130E0
9.66999999999999993E8	1.00906297018325186E0
9.67999999999999972E8	1.00904554408782032E0
9.69000000000000128E8	1.00902806825740710E0
9.69999999999999929E8	1.00901054288961856E0
9.70999999999999908E8	1.00899296818555606E0
9.72000000000000064E8	1.00897534434346814E0
9.73000000000000043E8	1.00895767155901717E0
9.74000000000000021E8	1.00893995002900372E0
9.75000000000000000E8	1.00892217995072686E0
9.75999999999999979E8	1.00890436151837659E0
9.76999999999999957E8	1.00888649492675264E0
9.77999999999999936E8	1.00886858037039273E0
9.79000000000000092E8	1.00885061804156617E0
9.80000000000000071E8	1.00883260813192743E0
9.80999999999999872E8	1.00881455083394589E0
9.82000000000000028E8	1.00879644633911747E0
9.83000000000000007E8	1.00877829483687864E0
9.83999999999999986E8	1.00876009651648024E0
9.84999999999999964E8	1.00874185156841412E0
9.85999999999999943E8	1.00872356017851672E0
9.87000000000000099E8	1.00870522253602291E0
9.87999999999999901E8	1.00868683882721544E0
9.89000000000000057E8	1.00866840923775358E0
9.90000000000000036E8	1.00864993395455316E0
9.91000000000000014E8	1.00863141316127347E0
9.91999999999999993E8	1.00861284704132648E0
9.92999999999999972E8	1.00859423578067098E0
9.94000000000000128E8	1.00857557955940869E0
9.94999999999999929E8	1.00855687856096510E0
9.95999999999999908E8	1.00853813296621597E0
9.97000000000000064E8	1.00851934295761425E0
9.98000000000000043E8	1.00850050871264685E0
9.99000000000000021E8	1.00848163041345806E0
1.00000000000000000E9	1.00846270823798867E0
1.00099999999999989E9	1.00844374236505629E0
1.00200000000000000E9	1.00842473297119217E0
1.00299999999999989E9	1.00840568023367427E0
1.00400000000000000E9	1.00838658433010431E0
1.00500000000000012E9	1.00836744543502754E0
1.00599999999999978E9	1.00834826372477648E0
1.00700000000000012E9	1.00832903937250884E0
1.00800000000000001E9	1.00830977255392651E0
1.00899999999999990E9	1.00829046344051632E0
1.01000000000000001E9	1.00827111220571619E0
1.01099999999999990E9	1.00825171902316080E0
1.01200000000000001E9	1.00823228406238874E0
1.01299999999999990E9	1.00821280749526232E0
1.01400000000000001E9	1.00819328949192233E0
1.01500000000000012E9	1.00817373022150414E0
1.01600000000000001E9	1.00815412985491770E0
1.01699999999999990E9	1.00813448855920607E0
1.01800000000000002E9	1.00811480650327590E0
1.01900000000000013E9	1.00809508385429680E0
1.02000000000000002E9	1.00807532077865769E0
1.02099999999999991E9	1.00805551744359567E0
1.02200000000000002E9	1.00803567401429861E0
1.02300000000000013E9	1.00801579065575320E0
1.02400000000000002E9	1.00799586753324122E0
1.02499999999999991E9	1.00797590481103039E0
1.02600000000000002E9	1.00795590265149326E0
1.02699999999999991E9	1.00793586121811529E0
1.02800000000000002E9	1.00791578067416299E0
1.02900000000000014E9	1.00789566117910478E0
1.03000000000000003E9	1.00787550289726235E0
1.03099999999999992E9	1.00785530598810902E0
1.03200000000000003E9	1.00783507061016575E0
1.03299999999999992E9	1.00781479692646947E0
1.03400000000000003E9	1.00779448509420377E0
1.03499999999999992E9	1.00777413527198312E0
1.03600000000000003E9	1.00775374761808245E0
1.03700000000000014E9	1.00773332229002088E0
1.03799999999999981E9	1.00771285944665001E0
1.03900000000000015E9	1.00769235924093525E0
1.04000000000000004E9	1.00767182183199910E0
1.04099999999999993E9	1.00765124737384792E0
1.04200000000000004E9	1.00763063602264769E0
1.04299999999999993E9	1.00760998793087975E0
1.04400000000000004E9	1.00758930325484886E0
1.04499999999999993E9	1.00756858214703238E0
1.04599999999999982E9	1.00754782476018279E0
1.04700000000000015E9	1.00752703124647458E0
1.04800000000000004E9	1.00750620175955086E0
1.04899999999999993E9	1.00748533644894711E0
1.05000000000000004E9	1.00746443546665909E0
1.05099999999999993E9	1.00744349896310914E0
1.05200000000000005E9	1.00742252708834035E0
1.05299999999999994E9	1.00740151999202165E0
1.05400000000000005E9	1.00738047782350293E0
1.05500000000000016E9	1.00735940073095009E0
1.05599999999999983E9	1.00733828886024890E0
1.05699999999999994E9	1.00731714236339109E0
1.05800000000000005E9	1.00729596138520128E0
1.05899999999999994E9	1.00727474607238832E0
1.06000000000000005E9	1.00725349657134533E0
1.06099999999999994E9	1.00723221302703525E0
1.06200000000000006E9	1.00721089558597510E0
1.06299999999999994E9	1.00718954439288688E0
1.06400000000000006E9	1.00716815959229877E0
1.06499999999999995E9	1.00714674132679383E0
1.06600000000000006E9	1.00712528974131876E0
1.06699999999999995E9	1.00710380497804053E0
1.06800000000000006E9	1.00708228718020032E0
1.06900000000000017E9	1.00706073648901540E0
1.06999999999999984E9	1.00703915304617064E0
1.07099999999999995E9	1.00701753699475893E0
1.07200000000000006E9	1.00699588847370758E0
1.07299999999999995E9	1.00697420762407264E0
1.07400000000000007E9	1.00695249458462288E0
1.07499999999999996E9	1.00693074949723016E0
1.07600000000000007E9	1.00690897249905120E0
1.07699999999999996E9	1.00688716372975939E0
1.07799999999999985E9	1.00686532332640288E0
1.07900000000000018E9	1.00684345142747689E0
1.08000000000000007E9	1.00682154817005065E0
1.08099999999999996E9	1.00679961369112680E0
1.08200000000000007E9	1.00677764812747061E0
1.08299999999999996E9	1.00675565161451241E0
1.08400000000000007E9	1.00673362428906521E0
1.08499999999999996E9	1.00671156628689840E0
1.08599999999999985E9	1.00668947774008877E0
1.08700000000000019E9	1.00666735878464531E0
1.08799999999999986E9	1.00664520955564396E0
1.08899999999999997E9	1.00662303018566335E0
1.09000000000000008E9	1.00660082080818802E0
1.09099999999999997E9	1.00657858155429203E0
1.09200000000000008E9	1.00655631255869893E0
1.09299999999999997E9	1.00653401395331699E0
1.09400000000000008E9	1.00651168586841622E0
1.09499999999999997E9	1.00648932843664918E0
1.09599999999999986E9	1.00646694178775742E0
1.09699999999999998E9	1.00644452605235379E0
1.09800000000000009E9	1.00642208136111533E0
1.09899999999999998E9	1.00639960784362370E0
1.10000000000000009E9	1.00637710562712845E0
1.10099999999999998E9	1.00635457484413893E0
1.10199999999999987E9	1.00633201562037766E0
1.10299999999999998E9	1.00630942808532953E0
1.10400000000000009E9	1.00628681236556727E0
1.10499999999999998E9	1.00626416859015011E0
1.10599999999999987E9	1.00624149688502618E0
1.10699999999999998E9	1.00621879737647602E0
1.10800000000000010E9	1.00619607019176827E0
1.10899999999999999E9	1.00617331545562050E0
1.10999999999999988E9	1.00615053329515169E0
1.11099999999999999E9	1.00612772383433091E0
1.11200000000000010E9	1.00610488719822566E0
1.11299999999999999E9	1.00608202351083031E0
1.11400000000000010E9	1.00605913289707183E0
1.11499999999999999E9	1.00603621548039812E0
1.11600000000000010E9	1.00601327138393448E0
1.11699999999999999E9	1.00599030073026219E0
1.11799999999999988E9	1.00596730364302123E0
1.11900000000000022E9	1.00594428024359694E0
1.11999999999999988E9	1.00592123065447958E0
1.12100000000000000E9	1.00589815499774105E0
1.12200000000000011E9	1.00587505339372929E0
1.12300000000000000E9	1.00585192596308426E0
1.12400000000000011E9	1.00582877282655692E0
1.12500000000000000E9	1.00580559410547044E0
1.12599999999999989E9	1.00578238991909075E0
1.12700000000000000E9	1.00575916038596613E0
1.12799999999999989E9	1.00573590562552484E0
1.12900000000000000E9	1.00571262575878007E0
1.13000000000000012E9	1.00568932090188268E0
1.13099999999999978E9	1.00566599117350419E0
1.13200000000000012E9	1.00564263669196552E0
1.13300000000000001E9	1.00561925757412851E0
1.13399999999999990E9	1.00559585393769990E0
1.13500000000000001E9	1.00557242589986662E0
1.13599999999999990E9	1.00554897357667983E0
1.13700000000000001E9	1.00552549708442762E0
1.13799999999999990E9	1.00550199653718386E0
1.13900000000000001E9	1.00547847205397023E0
1.14000000000000012E9	1.00545492374719370E0
1.14100000000000001E9	1.00543135173384535E0
1.14199999999999990E9	1.00540775612699562E0
1.14300000000000002E9	1.00538413704124041E0
1.14400000000000013E9	1.00536049458997545E0
1.14500000000000002E9	1.00533682888858844E0
1.14599999999999991E9	1.00531314004980321E0
1.14700000000000002E9	1.00528942818503086E0
1.14800000000000013E9	1.00526569340883731E0
1.14900000000000002E9	1.00524193583275023E0
1.14999999999999991E9	1.00521815556929361E0
1.15100000000000002E9	1.00519435272931479E0
1.15199999999999991E9	1.00517052742581270E0
1.15300000000000002E9	1.00514667976861816E0
1.15400000000000014E9	1.00512280986931013E0
1.15500000000000003E9	1.00509891783790639E0
1.15599999999999992E9	1.00507500378530512E0
1.15700000000000003E9	1.00505106782135534E0
1.15799999999999992E9	1.00502711005529521E0
1.15900000000000003E9	1.00500313059622992E0
1.15999999999999992E9	1.00497912955488267E0
1.16100000000000003E9	1.00495510703772806E0
1.16200000000000014E9	1.00493106315576997E0
1.16299999999999981E9	1.00490699801491390E0
1.16400000000000015E9	1.00488291172456101E0
1.16500000000000004E9	1.00485880439099318E0
1.16599999999999993E9	1.00483467612251909E0
1.16700000000000004E9	1.00481052702746743E0
1.16799999999999993E9	1.00478635721006571E0
1.16900000000000004E9	1.00476216677788255E0
1.16999999999999993E9	1.00473795583776360E0
1.17099999999999982E9	1.00471372449420682E0
1.17200000000000015E9	1.00468947285451771E0
1.17300000000000004E9	1.00466520102219992E0
1.17399999999999993E9	1.00464090910359949E0
1.17500000000000004E9	1.00461659720371133E0
1.17599999999999993E9	1.00459226542600311E0
1.17700000000000005E9	1.00456791387595956E0
1.17799999999999994E9	1.00454354265537704E0
1.17900000000000005E9	1.00451915187093777E0
1.18000000000000016E9	1.00449474162462082E0
1.18099999999999983E9	1.00447031201934434E0
1.18199999999999994E9	1.00444586315709539E0
1.18300000000000005E9	1.00442139514330631E0
1.18399999999999994E9	1.00439690807828952E0
1.18500000000000005E9	1.00437240206321898E0
1.18599999999999994E9	1.00434787720212015E0
1.18700000000000006E9	1.00432333359529657E0
1.18799999999999994E9	1.00429877134505574E0
1.18900000000000006E9	1.00427419055176648E0
1.18999999999999995E9	1.00424959131546188E0
1.19100000000000006E9	1.00422497373776554E0
1.19199999999999995E9	1.00420033791801844E0
1.19300000000000006E9	1.00417568395701107E0
1.19400000000000017E9	1.00415101195455669E0
1.19499999999999984E9	1.00412632200978291E0
1.19599999999999995E9	1.00410161422155308E0
1.19700000000000006E9	1.00407688869046896E0
1.19799999999999995E9	1.00405214551254152E0
1.19900000000000007E9	1.00402738478840359E0
1.19999999999999996E9	1.00400260661565044E0
1.20100000000000007E9	1.00397781109172057E0
1.20199999999999996E9	1.00395299831522600E0
1.20299999999999985E9	1.00392816838423649E0
1.20400000000000018E9	1.00390332139405536E0
1.20500000000000007E9	1.00387845744210114E0
1.20599999999999996E9	1.00385357662661101E0
1.20700000000000007E9	1.00382867904226192E0
1.20799999999999996E9	1.00380376478698730E0
1.20900000000000007E9	1.00377883395538992E0
1.20999999999999996E9	1.00375388664408627E0
1.21099999999999985E9	1.00372892294859017E0
1.21200000000000019E9	1.00370394296336696E0
1.21299999999999986E9	1.00367894678468561E0
1.21399999999999997E9	1.00365393450605045E0
1.21500000000000008E9	1.00362890622389322E0
1.21599999999999997E9	1.00360386203014507E0
1.21700000000000008E9	1.00357880202168603E0
1.21799999999999997E9	1.00355372628921335E0
1.21900000000000008E9	1.00352863492900157E0
1.21999999999999997E9	1.00350352803339193E0
1.22099999999999986E9	1.00347840569596203E0
1.22199999999999998E9	1.00345326800900270E0
1.22300000000000009E9	1.00342811506588991E0
1.22399999999999998E9	1.00340294695827370E0
1.22500000000000009E9	1.00337776377979360E0
1.22599999999999998E9	1.00335256562026931E0
1.22699999999999987E9	1.00332735257472105E0
1.22799999999999998E9	1.00330212473204061E0
1.22900000000000009E9	1.00327688218508282E0
1.22999999999999998E9	1.00325162502441678E0
1.23099999999999987E9	1.00322635334059074E0
1.23199999999999998E9	1.00320106722508906E0
1.23300000000000010E9	1.00317576676743614E0
1.23399999999999999E9	1.00315045205864384E0
1.23499999999999988E9	1.00312512318902680E0
1.23599999999999999E9	1.00309978024760449E0
1.23700000000000010E9	1.00307442332403718E0
1.23799999999999999E9	1.00304905250909426E0
1.23900000000000010E9	1.00302366789013297E0
1.23999999999999999E9	1.00299826955694704E0
1.24100000000000010E9	1.00297285759831367E0
1.24199999999999999E9	1.00294743210197468E0
1.24299999999999988E9	1.00292199315754460E0
1.24400000000000022E9	1.00289654085235780E0
1.24499999999999988E9	1.00287107527366870E0
1.24600000000000000E9	1.00284559651077076E0
1.24700000000000011E9	1.00282010464928861E0
1.24800000000000000E9	1.00279459977821905E0
1.24900000000000011E9	1.00276908198436354E0
1.25000000000000000E9	1.00274355135346460E0
1.25099999999999989E9	1.00271800797228394E0
1.25200000000000000E9	1.00269245192828982E0
1.25299999999999989E9	1.00266688330724363E0
1.25400000000000000E9	1.00264130219489456E0
1.25500000000000012E9	1.00261570867731842E0
1.25599999999999978E9	1.00259010284022532E0
1.25700000000000012E9	1.00256448476848559E0
1.25800000000000001E9	1.00253885454801139E0
1.25899999999999990E9	1.00251321226386181E0
1.26000000000000001E9	1.00248755799936351E0
1.26099999999999990E9	1.00246189184136969E0
1.26200000000000001E9	1.00243621387324300E0
1.26299999999999990E9	1.00241052417894339E0
1.26400000000000001E9	1.00238482284216190E0
1.26500000000000012E9	1.00235910994740562E0
1.26600000000000001E9	1.00233338557853480E0
1.26699999999999990E9	1.00230764981815401E0
1.26800000000000002E9	1.00228190275033002E0
1.26900000000000013E9	1.00225614445638667E0
1.27000000000000002E9	1.00223037502218126E0
1.27099999999999991E9	1.00220459452804178E0
1.27200000000000002E9	1.00217880305717943E0
1.27300000000000013E9	1.00215300069174407E0
1.27400000000000002E9	1.00212718751381158E0
1.27499999999999991E9	1.00210136360511237E0
1.27600000000000002E9	1.00207552904830699E0
1.27699999999999991E9	1.00204968392262250E0
1.27800000000000002E9	1.00202382831224335E0
1.27900000000000014E9	1.00199796229645299E0
1.28000000000000003E9	1.00197208595680265E0
1.28099999999999992E9	1.00194619937411789E0
1.28199999999999981E9	1.00192030262819909E0
1.28300000000000014E9	1.00189439580046313E0
1.28400000000000003E9	1.00186847897090958E0
1.28499999999999992E9	1.00184255221923268E0
1.28600000000000003E9	1.00181661562478319E0
1.28699999999999992E9	1.00179066926887117E0
1.28800000000000003E9	1.00176471322957505E0
1.28900000000000015E9	1.00173874758595050E0
1.29000000000000004E9	1.00171277241877621E0
1.29099999999999993E9	1.00168678780509124E0
1.29199999999999982E9	1.00166079382455386E0
1.29300000000000015E9	1.00163479055568128E0
1.29400000000000004E9	1.00160877807724469E0
1.29499999999999993E9	1.00158275646734474E0
1.29599999999999982E9	1.00155672580356714E0
1.29699999999999993E9	1.00153068616359864E0
1.29800000000000004E9	1.00150463762552744E0
1.29899999999999993E9	1.00147858026715397E0
1.30000000000000004E9	1.00145251416561587E0
1.30099999999999993E9	1.00142643939778675E0
1.30200000000000005E9	1.00140035604057598E0
1.30300000000000016E9	1.00137426417167186E0
1.30400000000000005E9	1.00134816386643521E0
1.30500000000000016E9	1.00132205520307460E0
1.30599999999999983E9	1.00129593825632623E0
1.30699999999999994E9	1.00126981310270935E0
1.30800000000000027E9	1.00124367981816231E0
1.30899999999999994E9	1.00121753847886374E0
1.31000000000000005E9	1.00119138916021599E0
1.31099999999999994E9	1.00116523193813367E0
1.31199999999999983E9	1.00113906688667287E0
1.31300000000000017E9	1.00111289408256710E0
1.31400000000000006E9	1.00108671359925805E0
1.31499999999999995E9	1.00106052551217473E0
1.31600000000000006E9	1.00103432989605934E0
1.31699999999999973E9	1.00100812682599671E0
1.31800000000000006E9	1.00098191637421707E0
1.31900000000000017E9	1.00095569861655531E0
1.31999999999999984E9	1.00092947362681262E0
1.32099999999999995E9	1.00090324147838849E0
1.32199999999999984E9	1.00087700224549447E0
1.32299999999999995E9	1.00085075600038076E0
1.32400000000000007E9	1.00082450281789281E0
1.32499999999999996E9	1.00079824277001617E0
1.32600000000000007E9	1.00077197592990652E0
1.32699999999999996E9	1.00074570237112437E0
1.32800000000000007E9	1.00071942216595211E0
1.32900000000000018E9	1.00069313538593474E0
1.33000000000000007E9	1.00066684210406476E0
1.33099999999999996E9	1.00064054239388112E0
1.33199999999999985E9	1.00061423632572755E0
1.33300000000000018E9	1.00058792397246044E0
1.33400000000000007E9	1.00056160540438710E0
1.33499999999999996E9	1.00053528069490261E0
1.33599999999999985E9	1.00050894991344785E0
1.33699999999999997E9	1.00048261313216091E0
1.33800000000000008E9	1.00045627042349183E0
1.33899999999999997E9	1.00042992185661062E0
1.34000000000000008E9	1.00040356750229709E0
1.34099999999999997E9	1.00037720743276837E0
1.34199999999999986E9	1.00035084171697908E0
1.34300000000000019E9	1.00032447042598194E0
1.34400000000000008E9	1.00029809362863764E0
1.34499999999999997E9	1.00027171139675675E0
1.34599999999999986E9	1.00024532379912445E0
1.34699999999999998E9	1.00021893090560621E0
1.34800000000000009E9	1.00019253278663189E0
1.34899999999999998E9	1.00016612951021333E0
1.35000000000000009E9	1.00013972114651817E0
1.35099999999999998E9	1.00011330776439133E0
1.35199999999999987E9	1.00008688943260715E0
1.35300000000000020E9	1.00006046622109501E0
1.35400000000000009E9	1.00003403819638392E0
1.35499999999999998E9	1.00000760542910938E0
1.35599999999999987E9	9.99981167985868069E-1
1.35699999999999976E9	9.99954725936384037E-1
1.35800000000000010E9	9.99928279348238824E-1
1.35899999999999999E9	9.99901828288716032E-1
1.35999999999999988E9	9.99875372825834319E-1
1.36099999999999999E9	9.99848913028890784E-1
1.36199999999999988E9	9.99822448962475896E-1
1.36299999999999999E9	9.99795980696169906E-1
1.36400000000000010E9	9.99769508296449061E-1
1.36499999999999999E9	9.99743031829940776E-1
1.36600000000000010E9	9.99716551364389439E-1
1.36699999999999977E9	9.99690066965901281E-1
1.36800000000000010E9	9.99663578701681033E-1
1.36900000000000022E9	9.99637086637567762E-1
1.36999999999999988E9	9.99610590840939750E-1
1.37100000000000000E9	9.99584091375682782E-1
1.37199999999999989E9	9.99557588311753875E-1
1.37300000000000000E9	9.99531081711724134E-1
1.37400000000000011E9	9.99504571641691086E-1
1.37500000000000000E9	9.99478058169070493E-1
1.37599999999999989E9	9.99451541358165230E-1
1.37700000000000000E9	9.99425021274437420E-1
1.37800000000000011E9	9.99398497982773648E-1
1.37900000000000000E9	9.99371971549401117E-1
1.38000000000000012E9	9.99345442038921306E-1
1.38099999999999978E9	9.99318909514954257E-1
1.38199999999999990E9	9.99292374043226062E-1
1.38300000000000023E9	9.99265835687972448E-1
1.38399999999999990E9	9.99239294514358889E-1
1.38500000000000001E9	9.99212750585529541E-1
1.38599999999999990E9	9.99186203966460518E-1
1.38700000000000001E9	9.99159654720237356E-1
1.38800000000000012E9	9.99133102911099158E-1
1.38900000000000001E9	9.99106548604137323E-1
1.39000000000000012E9	9.99079991860442540E-1
1.39100000000000001E9	9.99053432745373904E-1
1.39199999999999990E9	9.99026871322378796E-1
1.39300000000000024E9	9.99000307653006203E-1
1.39400000000000013E9	9.98973741801701109E-1
1.39500000000000002E9	9.98947173830061708E-1
1.39599999999999991E9	9.98920603803357388E-1
1.39699999999999980E9	9.98894031781078695E-1
1.39800000000000013E9	9.98867457828142946E-1
1.39900000000000002E9	9.98840882006188657E-1
1.39999999999999991E9	9.98814304377206597E-1
1.40100000000000002E9	9.98787725003834481E-1
1.40199999999999991E9	9.98761143947655938E-1
1.40300000000000002E9	9.98734561270159915E-1
1.40400000000000014E9	9.98707977034751337E-1
1.40500000000000003E9	9.98681391301657051E-1
1.40599999999999992E9	9.98654804132194585E-1
1.40699999999999981E9	9.98628215588668411E-1
1.40800000000000014E9	9.98601625731786413E-1
1.40900000000000003E9	9.98575034622379931E-1
1.40999999999999992E9	9.98548442322678120E-1
1.41100000000000003E9	9.98521848891467201E-1
1.41199999999999992E9	9.98495254391805709E-1
1.41300000000000003E9	9.98468658882571525E-1
1.41400000000000015E9	9.98442062424861732E-1
1.41500000000000004E9	9.98415465079279763E-1
1.41599999999999993E9	9.98388866905274064E-1
1.41699999999999982E9	9.98362267964236949E-1
1.41800000000000015E9	9.98335668314046032E-1
1.41900000000000004E9	9.98309068017635681E-1
1.41999999999999993E9	9.98282467131477880E-1
1.42099999999999982E9	9.98255865717136004E-1
1.42199999999999993E9	9.98229263833598068E-1
1.42300000000000004E9	9.98202661540596381E-1
1.42399999999999993E9	9.98176058896957841E-1
1.42500000000000004E9	9.98149455961434384E-1
1.42599999999999993E9	9.98122852793541959E-1
1.42700000000000005E9	9.98096249451779016E-1
1.42800000000000016E9	9.98069645996645427E-1
1.42900000000000005E9	9.98043042483873144E-1
1.43000000000000016E9	9.98016438973681375E-1
1.43099999999999983E9	9.97989835523683233E-1
1.43199999999999994E9	9.97963232192922689E-1
1.43300000000000027E9	9.97936629039289436E-1
1.43399999999999994E9	9.97910026121597582E-1
1.43500000000000005E9	9.97883423495617627E-1
1.43599999999999994E9	9.97856821220806722E-1
1.43699999999999983E9	9.97830219354181835E-1
1.43800000000000017E9	9.97803617954034294E-1
1.43900000000000006E9	9.97777017077319250E-1
1.43999999999999995E9	9.97750416780140092E-1
1.44100000000000006E9	9.97723817121567969E-1
1.44199999999999973E9	9.97697218158400645E-1
1.44300000000000006E9	9.97670619946614678E-1
1.44400000000000017E9	9.97644022544285036E-1
1.44499999999999984E9	9.97617426006340580E-1
1.44599999999999995E9	9.97590830391088268E-1
1.44699999999999984E9	9.97564235754346029E-1
1.44799999999999995E9	9.97537642153519322E-1
1.44900000000000007E9	9.97511049642918479E-1
1.44999999999999996E9	9.97484458279419961E-1
1.45100000000000007E9	9.97457868120337032E-1
1.45199999999999996E9	9.97431279219177647E-1
1.45300000000000007E9	9.97404691634398333E-1
1.45400000000000018E9	9.97378105419507754E-1
1.45500000000000007E9	9.97351520632222588E-1
1.45599999999999996E9	9.97324937325446648E-1
1.45699999999999985E9	9.97298355555597205E-1
1.45800000000000018E9	9.97271775379020653E-1
1.45900000000000007E9	9.97245196849556592E-1
1.45999999999999996E9	9.97218620022366409E-1
1.46099999999999985E9	9.97192044952718604E-1
1.46199999999999997E9	9.97165471695482353E-1
1.46300000000000008E9	9.97138900304629772E-1
1.46399999999999997E9	9.97112330835767224E-1
1.46500000000000008E9	9.97085763342447073E-1
1.46599999999999997E9	9.97059197878813031E-1
1.46699999999999986E9	9.97032634500140702E-1
1.46800000000000019E9	9.97006073259161951E-1
1.46900000000000008E9	9.96979514211311013E-1
1.46999999999999997E9	9.96952957409823171E-1
1.47099999999999986E9	9.96926402907524967E-1
1.47199999999999998E9	9.96899850760277850E-1
1.47300000000000009E9	9.96873301019837044E-1
1.47399999999999998E9	9.96846753740077318E-1
1.47500000000000009E9	9.96820208974561695E-1
1.47599999999999998E9	9.96793666776661524E-1
1.47699999999999987E9	9.96767127198855540E-1
1.47800000000000020E9	9.96740590294948881E-1
1.47900000000000009E9	9.96714056117177805E-1
1.47999999999999998E9	9.96687524718711515E-1
1.48099999999999987E9	9.96660996152060363E-1
1.48199999999999976E9	9.96634470470130296E-1
1.48300000000000010E9	9.96607947725156862E-1
1.48399999999999999E9	9.96581427968927080E-1
1.48499999999999988E9	9.96554911254702347E-1
1.48599999999999999E9	9.96528397634491370E-1
1.48699999999999988E9	9.96501887159305078E-1
1.48799999999999999E9	9.96475379882889811E-1
1.48900000000000010E9	9.96448875855776883E-1
1.48999999999999999E9	9.96422375129422733E-1
1.49100000000000010E9	9.96395877755981552E-1
1.49199999999999977E9	9.96369383787712160E-1
1.49300000000000010E9	9.96342893274741748E-1
1.49400000000000022E9	9.96316406269224863E-1
1.49499999999999988E9	9.96289922822269958E-1
1.49600000000000000E9	9.96263442984055914E-1
1.49699999999999989E9	9.96236966807473223E-1
1.49800000000000000E9	9.96210494341156583E-1
1.49900000000000011E9	9.96184025637905890E-1
1.50000000000000000E9	9.96157560746537385E-1
1.50099999999999989E9	9.96131099719631230E-1
1.50200000000000000E9	9.96104642606198176E-1
1.50300000000000011E9	9.96078189456425811E-1
1.50400000000000000E9	9.96051740322376666E-1
1.50500000000000012E9	9.96025295252598930E-1
1.50599999999999978E9	9.95998854297841874E-1
1.50699999999999990E9	9.95972417507578633E-1
1.50800000000000023E9	9.95945984932352957E-1
1.50899999999999990E9	9.95919556620850699E-1
1.51000000000000001E9	9.95893132624250299E-1
1.51099999999999990E9	9.95866712991165137E-1
1.51200000000000001E9	9.95840297771844796E-1
1.51300000000000012E9	9.95813887013410692E-1
1.51400000000000001E9	9.95787480767949695E-1
1.51500000000000012E9	9.95761079082841682E-1
1.51600000000000001E9	9.95734682007665661E-1
1.51699999999999990E9	9.95708289592003837E-1
1.51800000000000024E9	9.95681901883832587E-1
1.51900000000000013E9	9.95655518932163908E-1
1.52000000000000002E9	9.95629140786132538E-1
1.52099999999999991E9	9.95602767494159835E-1
1.52199999999999980E9	9.95576399103612886E-1
1.52300000000000013E9	9.95550035664462385E-1
1.52400000000000002E9	9.95523677223771486E-1
1.52499999999999991E9	9.95497323830438319E-1
1.52600000000000002E9	9.95470975531634039E-1
1.52699999999999991E9	9.95444632376683636E-1
1.52800000000000002E9	9.95418294412919202E-1
1.52900000000000014E9	9.95391961687044002E-1
1.53000000000000003E9	9.95365634247708542E-1
1.53099999999999992E9	9.95339312142885468E-1
1.53199999999999981E9	9.95312995419595659E-1
1.53300000000000014E9	9.95286684125194121E-1
1.53400000000000003E9	9.95260378307017390E-1
1.53499999999999992E9	9.95234078012932599E-1
1.53600000000000003E9	9.95207783288628178E-1
1.53699999999999992E9	9.95181494182136284E-1
1.53800000000000003E9	9.95155210739332041E-1
1.53900000000000015E9	9.95128933009559802E-1
1.54000000000000004E9	9.95102661036306735E-1
1.54099999999999993E9	9.95076394869209579E-1
1.54199999999999982E9	9.95050134551686227E-1
1.54300000000000015E9	9.95023880131813954E-1
1.54400000000000004E9	9.94997631656415926E-1
1.54499999999999993E9	9.94971389171309717E-1
1.54599999999999982E9	9.94945152722107551E-1
1.54699999999999993E9	9.94918922355912905E-1
1.54800000000000004E9	9.94892698117793728E-1
1.54899999999999993E9	9.94866480053610758E-1
1.55000000000000004E9	9.94840268210272072E-1
1.55099999999999993E9	9.94814062631956197E-1
1.55200000000000005E9	9.94787863365208835E-1
1.55300000000000016E9	9.94761670455147851E-1
1.55400000000000005E9	9.94735483946989163E-1
1.55500000000000016E9	9.94709303887096929E-1
1.55599999999999983E9	9.94683130318957964E-1
1.55699999999999994E9	9.94656963289232365E-1
1.55800000000000027E9	9.94630802842207729E-1
1.55899999999999994E9	9.94604649023215615E-1
1.56000000000000005E9	9.94578501876757315E-1
1.56099999999999994E9	9.94552361447342292E-1
1.56199999999999983E9	9.94526227780752414E-1
1.56300000000000017E9	9.94500100919848151E-1
1.56400000000000006E9	9.94473980911745059E-1
1.56499999999999995E9	9.94447867797711815E-1
1.56600000000000006E9	9.94421761624208145E-1
1.56699999999999973E9	9.94395662434974170E-1
1.56800000000000006E9	9.94369570272957048E-1
1.56900000000000017E9	9.94343485184673881E-1
1.56999999999999984E9	9.94317407211764070E-1
1.57099999999999995E9	9.94291336398454284E-1
1.57199999999999984E9	9.94265272788830323E-1
1.57299999999999995E9	9.94239216427923012E-1
1.57400000000000007E9	9.94213167356605076E-1
1.57499999999999996E9	9.94187125620672063E-1
1.57600000000000007E9	9.94161091262715146E-1
1.57699999999999996E9	9.94135064325727136E-1
1.57800000000000007E9	9.94109044852485368E-1
1.57900000000000018E9	9.94083032888287121E-1
1.58000000000000007E9	9.94057028473216064E-1
1.58099999999999996E9	9.94031031653616459E-1
1.58199999999999985E9	9.94005042469363076E-1
1.58300000000000018E9	9.93979060964820782E-1
1.58400000000000007E9	9.93953087182404538E-1
1.58499999999999996E9	9.93927121163994620E-1
1.58599999999999985E9	9.93901162952610306E-1
1.58699999999999997E9	9.93875212591204260E-1
1.58800000000000008E9	9.93849270121003592E-1
1.58899999999999997E9	9.93823335585362599E-1
1.59000000000000008E9	9.93797409026288037E-1
1.59099999999999997E9	9.93771490485715248E-1
1.59199999999999986E9	9.93745580005103868E-1
1.59300000000000019E9	9.93719677627163733E-1
1.59400000000000008E9	9.93693783392774854E-1
1.59499999999999997E9	9.93667897344448114E-1
1.59599999999999986E9	9.93642019523699283E-1
1.59699999999999998E9	9.93616149972845264E-1
1.59800000000000009E9	9.93590288731611615E-1
1.59899999999999998E9	9.93564435842260707E-1
1.60000000000000009E9	9.93538591346875499E-1
1.60099999999999976E9	9.93512755285944316E-1
1.60199999999999987E9	9.93486927699351696E-1
1.60300000000000020E9	9.93461108630783407E-1
1.60399999999999987E9	9.93435298119760901E-1
1.60499999999999998E9	9.93409496207102904E-1
1.60599999999999987E9	9.93383702933833845E-1
1.60699999999999998E9	9.93357918339860824E-1
1.60800000000000010E9	9.93332142467635748E-1
1.60899999999999999E9	9.93306375356734605E-1
1.61000000000000010E9	9.93280617047020264E-1
1.61099999999999999E9	9.93254867579110368E-1
1.61199999999999966E9	9.93229126993221811E-1
1.61300000000000021E9	9.93203395330505501E-1
1.61400000000000010E9	9.93177672630986841E-1
1.61499999999999977E9	9.93151958933788670E-1
1.61600000000000010E9	9.93126254279091469E-1
1.61699999999999977E9	9.93100558707203440E-1
1.61799999999999988E9	9.93074872257702701E-1
1.61900000000000022E9	9.93049194969784210E-1
1.61999999999999988E9	9.93023526883934515E-1
1.62100000000000000E9	9.92997868039596732E-1
1.62199999999999989E9	9.92972218476511870E-1
1.62300000000000000E9	9.92946578232085031E-1
1.62400000000000011E9	9.92920947347945315E-1
1.62500000000000000E9	9.92895325862049205E-1
1.62599999999999989E9	9.92869713814118704E-1
1.62700000000000000E9	9.92844111243219984E-1
1.62800000000000011E9	9.92818518188020604E-1
1.62900000000000000E9	9.92792934686652195E-1
1.63000000000000012E9	9.92767360779843600E-1
1.63099999999999978E9	9.92741796505496055E-1
1.63200000000000012E9	9.92716241901212904E-1
1.63300000000000023E9	9.92690697006489664E-1
1.63399999999999990E9	9.92665161860015388E-1
1.63500000000000023E9	9.92639636500059197E-1
1.63599999999999990E9	9.92614120963561319E-1
1.63699999999999979E9	9.92588615290453014E-1
1.63800000000000034E9	9.92563119518660208E-1
1.63900000000000001E9	9.92537633685999054E-1
1.63999999999999990E9	9.92512157830904229E-1
1.64100000000000001E9	9.92486691990327863E-1
1.64199999999999990E9	9.92461236203061681E-1
1.64300000000000002E9	9.92435790506122295E-1
1.64400000000000013E9	9.92410354937628192E-1
1.64500000000000002E9	9.92384929535173832E-1
1.64600000000000013E9	9.92359514335928239E-1
1.64699999999999980E9	9.92334109377950213E-1
1.64800000000000013E9	9.92308714697684024E-1
1.64900000000000024E9	9.92283330333044411E-1
1.64999999999999991E9	9.92257956321522094E-1
1.65099999999999980E9	9.92232592699908622E-1
1.65199999999999991E9	9.92207239505202843E-1
1.65300000000000002E9	9.92181896775066541E-1
1.65399999999999991E9	9.92156564544851349E-1
1.65500000000000003E9	9.92131242852521567E-1
1.65599999999999992E9	9.92105931734771929E-1
1.65700000000000003E9	9.92080631228391852E-1
1.65800000000000014E9	9.92055341369028199E-1
1.65900000000000003E9	9.92030062194068663E-1
1.66000000000000014E9	9.92004793739442547E-1
1.66100000000000003E9	9.91979536041926302E-1
1.66199999999999970E9	9.91954289137773948E-1
1.66300000000000026E9	9.91929053062938948E-1
1.66400000000000015E9	9.91903827853533926E-1
1.66499999999999981E9	9.91878613546508880E-1
1.66599999999999993E9	9.91853410176346806E-1
1.66699999999999982E9	9.91828217778734356E-1
1.66799999999999993E9	9.91803036391786819E-1
1.66900000000000004E9	9.91777866048792767E-1
1.66999999999999993E9	9.91752706786133231E-1
1.67100000000000004E9	9.91727558641295559E-1
1.67199999999999993E9	9.91702421647023336E-1
1.67300000000000004E9	9.91677295839927808E-1
1.67400000000000015E9	9.91652181255574483E-1
1.67500000000000004E9	9.91627077928864864E-1
1.67599999999999971E9	9.91601985894918592E-1
1.67700000000000005E9	9.91576905189741353E-1
1.67800000000000016E9	9.91551835847465135E-1
1.67899999999999983E9	9.91526777902269352E-1
1.68000000000000016E9	9.91501731391821473E-1
1.68099999999999983E9	9.91476696348458830E-1
1.68199999999999994E9	9.91451672807769846E-1
1.68300000000000027E9	9.91426660804001791E-1
1.68399999999999994E9	9.91401660372484805E-1
1.68500000000000005E9	9.91376671547664934E-1
1.68599999999999994E9	9.91351694362930758E-1
1.68699999999999983E9	9.91326728854484784E-1
1.68800000000000017E9	9.91301775055251078E-1
1.68900000000000006E9	9.91276832999698065E-1
1.68999999999999995E9	9.91251902721632838E-1
1.69100000000000006E9	9.91226984256342725E-1
1.69199999999999973E9	9.91202077636327417E-1
1.69300000000000006E9	9.91177182896560183E-1
1.69400000000000017E9	9.91152300070347181E-1
1.69499999999999984E9	9.91127429192969878E-1
1.69600000000000017E9	9.91102570296047247E-1
1.69699999999999984E9	9.91077723414474221E-1
1.69799999999999995E9	9.91052888580930968E-1
1.69900000000000029E9	9.91028065829359761E-1
1.69999999999999996E9	9.91003255193218990E-1
1.70099999999999985E9	9.90978456706912603E-1
1.70199999999999996E9	9.90953670401979281E-1
1.70300000000000007E9	9.90928896312129126E-1
1.70399999999999996E9	9.90904134470759956E-1
1.70500000000000007E9	9.90879384911319150E-1
1.70599999999999996E9	9.90854647665580046E-1
1.70700000000000007E9	9.90829922768317317E-1
1.70800000000000018E9	9.90805210249856216E-1
1.70900000000000007E9	9.90780510145110327E-1
1.71000000000000019E9	9.90755822486013749E-1
1.71099999999999985E9	9.90731147305185011E-1
1.71199999999999974E9	9.90706484635529527E-1
1.71300000000000030E9	9.90681834509325476E-1
1.71399999999999997E9	9.90657196958825104E-1
1.71499999999999986E9	9.90632572015698187E-1
1.71599999999999997E9	9.90607959712934694E-1
1.71699999999999986E9	9.90583360083214792E-1
1.71799999999999997E9	9.90558773158232597E-1
1.71900000000000008E9	9.90534198970211754E-1
1.71999999999999997E9	9.90509637549913435E-1
1.72100000000000009E9	9.90485088930955904E-1
1.72199999999999998E9	9.90460553144050415E-1
1.72300000000000009E9	9.90436030222067210E-1
1.72400000000000020E9	9.90411520195644712E-1
1.72500000000000009E9	9.90387023096936403E-1
1.72599999999999976E9	9.90362538956824956E-1
1.72699999999999987E9	9.90338067807515365E-1
1.72800000000000020E9	9.90313609680420015E-1
1.72899999999999987E9	9.90289164606467054E-1
1.72999999999999998E9	9.90264732617326970E-1
1.73099999999999987E9	9.90240313744202716E-1
1.73199999999999998E9	9.90215908018280366E-1
1.73300000000000010E9	9.90191515469834194E-1
1.73399999999999999E9	9.90167136131780978E-1
1.73500000000000010E9	9.90142770032176855E-1
1.73599999999999999E9	9.90118417204026002E-1
1.73699999999999966E9	9.90094077677542117E-1
1.73800000000000021E9	9.90069751482946003E-1
1.73900000000000010E9	9.90045438652220433E-1
1.73999999999999977E9	9.90021139214728585E-1
1.74100000000000010E9	9.89996853201623850E-1
1.74199999999999977E9	9.89972580642724331E-1
1.74299999999999988E9	9.89948321569505651E-1
1.74400000000000022E9	9.89924076010635190E-1
1.74499999999999988E9	9.89899843997959117E-1
1.74600000000000000E9	9.89875625560532235E-1
1.74699999999999989E9	9.89851420729297438E-1
1.74800000000000000E9	9.89827229533236519E-1
1.74900000000000011E9	9.89803052003536976E-1
1.75000000000000000E9	9.89778888169141347E-1
1.75099999999999989E9	9.89754738061369643E-1
1.75200000000000000E9	9.89730601708314239E-1
1.75300000000000011E9	9.89706479139375972E-1
1.75400000000000000E9	9.89682370386439203E-1
1.75500000000000012E9	9.89658275477083649E-1
1.75599999999999978E9	9.89634194441302917E-1
1.75700000000000012E9	9.89610127308418441E-1
1.75800000000000023E9	9.89586074109364944E-1
1.75899999999999990E9	9.89562034870845508E-1
1.76000000000000023E9	9.89538009623868398E-1
1.76099999999999990E9	9.89513998396234484E-1
1.76199999999999979E9	9.89490001218768001E-1
1.76300000000000034E9	9.89466018119033386E-1
1.76400000000000001E9	9.89442049127171330E-1
1.76499999999999990E9	9.89418094270650350E-1
1.76600000000000001E9	9.89394153579290858E-1
1.76699999999999990E9	9.89370227081986542E-1
1.76800000000000002E9	9.89346314807479921E-1
1.76900000000000013E9	9.89322416783084257E-1
1.77000000000000002E9	9.89298533038770067E-1
1.77100000000000013E9	9.89274663602494364E-1
1.77199999999999980E9	9.89250808503218693E-1
1.77300000000000013E9	9.89226967768141030E-1
1.77400000000000024E9	9.89203141426063759E-1
1.77499999999999991E9	9.89179329505630989E-1
1.77599999999999980E9	9.89155532035001883E-1
1.77699999999999991E9	9.89131749042525854E-1
1.77800000000000002E9	9.89107980554748423E-1
1.77899999999999991E9	9.89084226601167416E-1
1.78000000000000003E9	9.89060487209915529E-1
1.78099999999999992E9	9.89036762407582692E-1
1.78200000000000003E9	9.89013052221933009E-1
1.78300000000000014E9	9.88989356681813270E-1
1.78400000000000003E9	9.88965675813927980E-1
1.78500000000000014E9	9.88942009646016196E-1
1.78600000000000003E9	9.88918358205842196E-1
1.78699999999999970E9	9.88894721521880271E-1
1.78800000000000026E9	9.88871099618926230E-1
1.78900000000000015E9	9.88847492526694083E-1
1.78999999999999981E9	9.88823900270913114E-1
1.79099999999999993E9	9.88800322880215887E-1
1.79199999999999982E9	9.88776760379820630E-1
1.79299999999999993E9	9.88753212798654424E-1
1.79400000000000004E9	9.88729680163400815E-1
1.79499999999999993E9	9.88706162499529562E-1
1.79600000000000004E9	9.88682659835279409E-1
1.79699999999999993E9	9.88659172196697611E-1
1.79800000000000004E9	9.88635699611783636E-1
1.79900000000000015E9	9.88612242106302830E-1
1.80000000000000004E9	9.88588799706355559E-1
1.80099999999999971E9	9.88565372439120615E-1
1.80200000000000005E9	9.88541960331694725E-1
1.80300000000000016E9	9.88518563408759476E-1
1.80399999999999983E9	9.88495181699418168E-1
1.80500000000000016E9	9.88471815227607209E-1
1.80599999999999983E9	9.88448464019962358E-1
1.80699999999999994E9	9.88425128103340889E-1
1.80800000000000027E9	9.88401807502753904E-1
1.80899999999999994E9	9.88378502245870827E-1
1.81000000000000005E9	9.88355212357569890E-1
1.81099999999999994E9	9.88331937863943644E-1
1.81199999999999983E9	9.88308678791143791E-1
1.81300000000000017E9	9.88285435164623038E-1
1.81400000000000006E9	9.88262207010165383E-1
1.81499999999999995E9	9.88238994353402589E-1
1.81600000000000006E9	9.88215797220385284E-1
1.81699999999999973E9	9.88192615636118887E-1
1.81800000000000006E9	9.88169449626252394E-1
1.81900000000000017E9	9.88146299216720614E-1
1.81999999999999984E9	9.88123164431480205E-1
1.82100000000000017E9	9.88100045298113727E-1
1.82199999999999984E9	9.88076941839738332E-1
1.82299999999999995E9	9.88053854083223015E-1
1.82400000000000029E9	9.88030782051607126E-1
1.82499999999999996E9	9.88007725772030376E-1
1.82599999999999985E9	9.87984685268492058E-1
1.82699999999999996E9	9.87961660566137034E-1
1.82800000000000007E9	9.87938651689477432E-1
1.82899999999999996E9	9.87915658663992069E-1
1.83000000000000007E9	9.87892681513902993E-1
1.83099999999999996E9	9.87869720263305240E-1
1.83200000000000007E9	9.87846774938172167E-1
1.83300000000000018E9	9.87823845562381386E-1
1.83400000000000007E9	9.87800932160597966E-1
1.83500000000000019E9	9.87778034757943502E-1
1.83599999999999985E9	9.87755153376325090E-1
1.83699999999999974E9	9.87732288042831641E-1
1.83800000000000030E9	9.87709438780855109E-1
1.83899999999999997E9	9.87686605613780522E-1
1.83999999999999986E9	9.87663788567098244E-1
1.84099999999999997E9	9.87640987664062386E-1
1.84199999999999986E9	9.87618202928427458E-1
1.84299999999999997E9	9.87595434384961735E-1
1.84400000000000008E9	9.87572682056888063E-1
1.84499999999999997E9	9.87549945968297571E-1
1.84600000000000009E9	9.87527226143330594E-1
1.84699999999999998E9	9.87504522605437884E-1
1.84800000000000009E9	9.87481835378012640E-1
1.84900000000000020E9	9.87459164484602958E-1
1.85000000000000009E9	9.87436509949504959E-1
1.85099999999999976E9	9.87413871795715359E-1
1.85199999999999987E9	9.87391250046614388E-1
1.85300000000000020E9	9.87368644725856370E-1
1.85399999999999987E9	9.87346055855948102E-1
1.85499999999999998E9	9.87323483460826701E-1
1.85599999999999987E9	9.87300927563979869E-1
1.85699999999999998E9	9.87278388188214251E-1
1.85800000000000010E9	9.87255865355921891E-1
1.85899999999999999E9	9.87233359091331231E-1
1.86000000000000010E9	9.87210869416434278E-1
1.86099999999999999E9	9.87188396355062103E-1
1.86199999999999966E9	9.87165939928212133E-1
1.86300000000000021E9	9.87143500161450405E-1
1.86400000000000010E9	9.87121077075320841E-1
1.86499999999999977E9	9.87098670692689062E-1
1.86600000000000010E9	9.87076281037362158E-1
1.86699999999999977E9	9.87053908130670443E-1
1.86799999999999988E9	9.87031551995418432E-1
1.86900000000000022E9	9.87009212654531254E-1
1.86999999999999988E9	9.86986890129673711E-1
1.87100000000000000E9	9.86964584444297266E-1
1.87199999999999989E9	9.86942295619391707E-1
1.87300000000000000E9	9.86920023677718916E-1
1.87400000000000011E9	9.86897768640920781E-1
1.87500000000000000E9	9.86875530531948719E-1
1.87599999999999989E9	9.86853309372261656E-1
1.87700000000000000E9	9.86831105183700252E-1
1.87800000000000011E9	9.86808917988538603E-1
1.87900000000000000E9	9.86786747808858600E-1
1.88000000000000012E9	9.86764594665520534E-1
1.88099999999999978E9	9.86742458581804094E-1
1.88200000000000012E9	9.86720339578039329E-1
1.88300000000000023E9	9.86698237675442336E-1
1.88399999999999990E9	9.86676152897378245E-1
1.88500000000000023E9	9.86654085263904612E-1
1.88599999999999990E9	9.86632034797383106E-1
1.88699999999999979E9	9.86610001518682367E-1
1.88800000000000034E9	9.86587985448417371E-1
1.88900000000000001E9	9.86565986609528167E-1
1.88999999999999990E9	9.86544005022373405E-1
1.89100000000000001E9	9.86522040707545500E-1
1.89199999999999990E9	9.86500093687151747E-1
1.89300000000000002E9	9.86478163981980138E-1
1.89400000000000013E9	9.86456251612979962E-1
1.89500000000000002E9	9.86434356600375573E-1
1.89600000000000013E9	9.86412478966950701E-1
1.89699999999999980E9	9.86390618731708457E-1
1.89800000000000013E9	9.86368775915502560E-1
1.89900000000000024E9	9.86346950539538980E-1
1.89999999999999991E9	9.86325142625237028E-1
1.90099999999999980E9	9.86303352192366489E-1
1.90199999999999991E9	9.86281579261178365E-1
1.90300000000000002E9	9.86259823852504880E-1
1.90399999999999991E9	9.86238085987367263E-1
1.90500000000000003E9	9.86216365685788254E-1
1.90599999999999992E9	9.86194662968265234E-1
1.90700000000000003E9	9.86172977853807531E-1
1.90800000000000014E9	9.86151310363912259E-1
1.90900000000000003E9	9.86129660519160467E-1
1.91000000000000014E9	9.86108028338335707E-1
1.91100000000000003E9	9.86086413842413378E-1
1.91199999999999970E9	9.86064817050779219E-1
1.91300000000000026E9	9.86043237983413690E-1
1.91400000000000015E9	9.86021676661800939E-1
1.91499999999999981E9	9.86000133103430798E-1
1.91599999999999993E9	9.85978607329180790E-1
1.91699999999999982E9	9.85957099359318256E-1
1.91799999999999993E9	9.85935609212307718E-1
1.91900000000000004E9	9.85914136908937522E-1
1.91999999999999993E9	9.85892682467724057E-1
1.92100000000000004E9	9.85871245909083171E-1
1.92199999999999993E9	9.85849827251772659E-1
1.92300000000000004E9	9.85828426514937917E-1
1.92400000000000015E9	9.85807043719093201E-1
1.92500000000000004E9	9.85785678883785721E-1
1.92599999999999971E9	9.85764332026310974E-1
1.92700000000000005E9	9.85743003167070242E-1
1.92800000000000016E9	9.85721692325870258E-1
1.92899999999999983E9	9.85700399519641834E-1
1.93000000000000016E9	9.85679124769955628E-1
1.93099999999999983E9	9.85657868093674416E-1
1.93199999999999994E9	9.85636629510820939E-1
1.93300000000000027E9	9.85615409040510215E-1
1.93399999999999994E9	9.85594206700963227E-1
1.93500000000000005E9	9.85573022510701513E-1
1.93599999999999994E9	9.85551856488799238E-1
1.93699999999999983E9	9.85530708654153820E-1
1.93800000000000017E9	9.85509579024850346E-1
1.93900000000000006E9	9.85488467620251463E-1
1.93999999999999995E9	9.85467374457953404E-1
1.94100000000000006E9	9.85446299556860517E-1
1.94199999999999973E9	9.85425242935255241E-1
1.94300000000000006E9	9.85404204610946621E-1
1.94400000000000017E9	9.85383184602878970E-1
1.94499999999999984E9	9.85362182929574892E-1
1.94600000000000017E9	9.85341199608686757E-1
1.94699999999999984E9	9.85320234658198579E-1
1.94799999999999995E9	9.85299288096300785E-1
1.94900000000000029E9	9.85278359941257342E-1
1.94999999999999996E9	9.85257450211211072E-1
1.95099999999999985E9	9.85236558922547268E-1
1.95199999999999996E9	9.85215686095263088E-1
1.95300000000000007E9	9.85194831746249733E-1
1.95399999999999996E9	9.85173995893011245E-1
1.95500000000000007E9	9.85153178553685116E-1
1.95599999999999996E9	9.85132379746141673E-1
1.95700000000000007E9	9.85111599486359957E-1
1.95800000000000018E9	9.85090837792857599E-1
1.95900000000000007E9	9.85070094684850872E-1
1.96000000000000019E9	9.85049370177158679E-1
1.96099999999999985E9	9.85028664288721245E-1
1.96199999999999974E9	9.85007977036355520E-1
1.96300000000000030E9	9.84987308437729148E-1
1.96399999999999997E9	9.84966658509643267E-1
1.96499999999999986E9	9.84946027268993163E-1
1.96599999999999997E9	9.84925414734274263E-1
1.96699999999999986E9	9.84904820920933410E-1
1.96799999999999997E9	9.84884245846312645E-1
1.96900000000000008E9	9.84863689527907304E-1
1.96999999999999997E9	9.84843151983409726E-1
1.97100000000000009E9	9.84822633228574951E-1
1.97199999999999998E9	9.84802133280328995E-1
1.97300000000000009E9	9.84781652155484721E-1
1.97400000000000020E9	9.84761189871596265E-1
1.97500000000000009E9	9.84740746443580761E-1
1.97599999999999976E9	9.84720321889619754E-1
1.97699999999999987E9	9.84699916225547156E-1
1.97800000000000020E9	9.84679529468876602E-1
1.97899999999999987E9	9.84659161634863977E-1
1.97999999999999998E9	9.84638812740300651E-1
1.98099999999999987E9	9.84618482801737116E-1
1.98199999999999998E9	9.84598171834738345E-1
1.98300000000000010E9	9.84577879857500804E-1
1.98399999999999999E9	9.84557606884375680E-1
1.98500000000000010E9	9.84537352932613885E-1
1.98599999999999999E9	9.84517118017387993E-1
1.98699999999999966E9	9.84496902155519749E-1
1.98800000000000021E9	9.84476705362880189E-1
1.98900000000000010E9	9.84456527654602098E-1
1.98999999999999977E9	9.84436369047799076E-1
1.99100000000000010E9	9.84416229558193479E-1
1.99199999999999977E9	9.84396109201283842E-1
1.99299999999999988E9	9.84376007992149127E-1
1.99400000000000022E9	9.84355925948324639E-1
1.99499999999999988E9	9.84335863083919982E-1
1.99600000000000000E9	9.84315819414484672E-1
1.99699999999999989E9	9.84295794957137637E-1
1.99800000000000000E9	9.84275789725694317E-1
1.99900000000000011E9	9.84255803736786739E-1
2.00000000000000000E9	9.84235837005362058E-1
2.00099999999999989E9	9.84215889546688061E-1
2.00199999999999978E9	9.84195961376311779E-1
2.00300000000000011E9	9.84176052509135957E-1
2.00400000000000000E9	9.84156162961841829E-1
2.00499999999999989E9	9.84136292747100860E-1
2.00599999999999978E9	9.84116441882332360E-1
2.00700000000000012E9	9.84096610380988324E-1
2.00800000000000001E9	9.84076798259777874E-1
2.00899999999999990E9	9.84057005532114637E-1
2.01000000000000023E9	9.84037232213468727E-1
2.01100000000000012E9	9.84017478319383976E-1
2.01199999999999957E9	9.83997743864725471E-1
2.01300000000000034E9	9.83978028862111032E-1
2.01400000000000023E9	9.83958333328808443E-1
2.01499999999999968E9	9.83938657278238438E-1
2.01600000000000001E9	9.83919000725671111E-1
2.01699999999999990E9	9.83899363685297068E-1
2.01799999999999979E9	9.83879746172515368E-1
2.01900000000000013E9	9.83860148199876861E-1
2.02000000000000002E9	9.83840569784466190E-1
2.02099999999999991E9	9.83821010938677176E-1
2.02199999999999980E9	9.83801471676988371E-1
2.02300000000000013E9	9.83781952015042727E-1
2.02400000000000002E9	9.83762451966483908E-1
2.02499999999999991E9	9.83742971544958245E-1
2.02599999999999980E9	9.83723510764495046E-1
2.02700000000000014E9	9.83704069640610257E-1
2.02800000000000002E9	9.83684648186591026E-1
2.02899999999999991E9	9.83665246416621208E-1
2.03000000000000025E9	9.83645864343576193E-1
2.03099999999999969E9	9.83626501983007095E-1
2.03200000000000003E9	9.83607159347854854E-1
2.03300000000000036E9	9.83587836452676179E-1
2.03399999999999981E9	9.83568533310106474E-1
2.03500000000000014E9	9.83549249934599601E-1
2.03600000000000003E9	9.83529986340376183E-1
2.03699999999999992E9	9.83510742540058303E-1
2.03800000000000026E9	9.83491518548462373E-1
2.03900000000000015E9	9.83472314377507573E-1
2.04000000000000004E9	9.83453130041696078E-1
2.04099999999999993E9	9.83433965554734435E-1
2.04199999999999982E9	9.83414820929332834E-1
2.04300000000000015E9	9.83395696180000023E-1
2.04400000000000004E9	9.83376591318856086E-1
2.04499999999999993E9	9.83357506360000144E-1
2.04600000000000026E9	9.83338441315522438E-1
2.04699999999999971E9	9.83319396200601581E-1
2.04800000000000004E9	9.83300371026334297E-1
2.04900000000000038E9	9.83281365806756824E-1
2.04999999999999982E9	9.83262380555511051E-1
2.05099999999999971E9	9.83243415283866540E-1
2.05200000000000005E9	9.83224470006846119E-1
2.05299999999999994E9	9.83205544735187686E-1
2.05399999999999983E9	9.83186639483583313E-1
2.05500000000000016E9	9.83167754264050231E-1
2.05600000000000005E9	9.83148889089937228E-1
2.05699999999999994E9	9.83130043972174050E-1
2.05800000000000027E9	9.83111218925952457E-1
2.05900000000000016E9	9.83092413963209211E-1
2.06000000000000005E9	9.83073629095308021E-1
2.06099999999999994E9	9.83054864335969647E-1
2.06199999999999983E9	9.83036119696583199E-1
2.06300000000000017E9	9.83017395190985255E-1
2.06400000000000006E9	9.82998690830383204E-1
2.06499999999999995E9	9.82980006628108605E-1
2.06599999999999984E9	9.82961342595015530E-1
2.06699999999999973E9	9.82942698746033372E-1
2.06800000000000006E9	9.82924075090562077E-1
2.06899999999999995E9	9.82905471642858508E-1
2.06999999999999984E9	9.82886888413254134E-1
2.07100000000000017E9	9.82868325415646815E-1
2.07200000000000006E9	9.82849782661050853E-1
2.07299999999999995E9	9.82831260161342257E-1
2.07400000000000029E9	9.82812757928327407E-1
2.07500000000000018E9	9.82794275974553955E-1
2.07599999999999962E9	9.82775814311965412E-1
2.07699999999999996E9	9.82757372951964214E-1
2.07800000000000029E9	9.82738951906921088E-1
2.07899999999999974E9	9.82720551188011093E-1
2.08000000000000007E9	9.82702170807126762E-1
2.08099999999999996E9	9.82683810776218003E-1
2.08199999999999985E9	9.82665471105559973E-1
2.08300000000000018E9	9.82647151808731500E-1
2.08400000000000007E9	9.82628852895106775E-1
2.08499999999999996E9	9.82610574377831192E-1
2.08599999999999985E9	9.82592316267478516E-1
2.08699999999999974E9	9.82574078575776788E-1
2.08800000000000008E9	9.82555861314801149E-1
2.08899999999999997E9	9.82537664494116214E-1
2.08999999999999986E9	9.82519488126645868E-1
2.09100000000000019E9	9.82501332221908896E-1
2.09199999999999964E9	9.82483196792555979E-1
2.09299999999999997E9	9.82465081848891586E-1
2.09400000000000031E9	9.82446987402694205E-1
2.09499999999999975E9	9.82428913464090847E-1
2.09600000000000009E9	9.82410860044678103E-1
2.09699999999999998E9	9.82392827155791259E-1
2.09799999999999986E9	9.82374814807805485E-1
2.09900000000000020E9	9.82356823010449354E-1
2.10000000000000009E9	9.82338851776986210E-1
2.10099999999999998E9	9.82320901116493772E-1
2.10199999999999987E9	9.82302971039788098E-1
2.10300000000000020E9	9.82285061558349426E-1
2.10400000000000009E9	9.82267172682655776E-1
2.10499999999999998E9	9.82249304422049541E-1
2.10599999999999987E9	9.82231456789056878E-1
2.10700000000000021E9	9.82213629791905163E-1
2.10800000000000010E9	9.82195823443075611E-1
2.10899999999999999E9	9.82178037752502142E-1
2.11000000000000032E9	9.82160272730109263E-1
2.11099999999999977E9	9.82142528387061375E-1
2.11199999999999966E9	9.82124804731569867E-1
2.11300000000000043E9	9.82107101777039659E-1
2.11399999999999988E9	9.82089419531215668E-1
2.11499999999999977E9	9.82071758005702478E-1
2.11600000000000010E9	9.82054117209632160E-1
2.11699999999999999E9	9.82036497154022214E-1
2.11799999999999988E9	9.82018897848513994E-1
2.11900000000000022E9	9.82001319301626552E-1
2.12000000000000011E9	9.81983761526137577E-1
2.12100000000000000E9	9.81966224530233589E-1
2.12199999999999989E9	9.81948708323618114E-1
2.12300000000000022E9	9.81931212917262997E-1
2.12400000000000011E9	9.81913738319908802E-1
2.12500000000000000E9	9.81896284541434028E-1
2.12599999999999989E9	9.81878851592368562E-1
2.12699999999999978E9	9.81861439481877341E-1
2.12800000000000011E9	9.81844048219396726E-1
2.12900000000000000E9	9.81826677815113591E-1
2.12999999999999989E9	9.81809328277602233E-1
2.13099999999999978E9	9.81791999617528255E-1
2.13200000000000012E9	9.81774691843732228E-1
2.13300000000000001E9	9.81757404965603975E-1
2.13399999999999990E9	9.81740138993039047E-1
2.13500000000000023E9	9.81722893933831209E-1
2.13600000000000012E9	9.81705669799329073E-1
2.13699999999999957E9	9.81688466597887732E-1
2.13800000000000034E9	9.81671284337765471E-1
2.13900000000000023E9	9.81654123030005898E-1
2.13999999999999968E9	9.81636982682825021E-1
2.14100000000000001E9	9.81619863304507234E-1
2.14199999999999990E9	9.81602764905754377E-1
2.14299999999999979E9	9.81585687493676851E-1
2.14400000000000013E9	9.81568631079263199E-1
2.14500000000000002E9	9.81551595670154420E-1
2.14599999999999991E9	9.81534581275847628E-1
2.14699999999999980E9	9.81517587905285005E-1
2.14800000000000013E9	9.81500615565916057E-1
2.14900000000000002E9	9.81483664267403455E-1
2.14999999999999991E9	9.81466734019268472E-1
2.15099999999999980E9	9.81449824829672934E-1
2.15200000000000014E9	9.81432936706639403E-1
2.15300000000000002E9	9.81416069659947965E-1
2.15399999999999991E9	9.81399223696102396E-1
2.15500000000000025E9	9.81382398826317015E-1
2.15599999999999969E9	9.81365595056957041E-1
2.15700000000000003E9	9.81348812397978953E-1
2.15800000000000036E9	9.81332050856624072E-1
2.15899999999999981E9	9.81315310442064259E-1
2.16000000000000014E9	9.81298591161822031E-1
2.16100000000000003E9	9.81281893024822160E-1
2.16199999999999992E9	9.81265216039341404E-1
2.16300000000000026E9	9.81248560213212784E-1
2.16400000000000015E9	9.81231925554676110E-1
2.16500000000000004E9	9.81215312072261270E-1
2.16599999999999993E9	9.81198719773817984E-1
2.16699999999999982E9	9.81182148666924370E-1
2.16800000000000015E9	9.81165598760841995E-1
2.16900000000000004E9	9.81149070061911033E-1
2.16999999999999993E9	9.81132562579444389E-1
2.17100000000000026E9	9.81116076320240538E-1
2.17199999999999971E9	9.81099611293192808E-1
2.17300000000000004E9	9.81083167505719800E-1
2.17400000000000038E9	9.81066744964864945E-1
2.17499999999999982E9	9.81050343678429115E-1
2.17599999999999971E9	9.81033963656330954E-1
2.17700000000000005E9	9.81017604903147422E-1
2.17799999999999994E9	9.81001267428669088E-1
2.17899999999999983E9	9.80984951239724978E-1
2.18000000000000016E9	9.80968656343014800E-1
2.18100000000000005E9	9.80952382747853058E-1
2.18199999999999994E9	9.80936130460540667E-1
2.18300000000000027E9	9.80919899488975489E-1
2.18400000000000016E9	9.80903689840234705E-1
2.18500000000000005E9	9.80887501520619232E-1
2.18599999999999994E9	9.80871334539988204E-1
2.18699999999999983E9	9.80855188904114250E-1
2.18800000000000017E9	9.80839064619037693E-1
2.18900000000000006E9	9.80822961693568729E-1
2.18999999999999995E9	9.80806880135243553E-1
2.19099999999999984E9	9.80790819950534676E-1
2.19199999999999973E9	9.80774781145769481E-1
2.19300000000000006E9	9.80758763728769267E-1
2.19399999999999995E9	9.80742767706049534E-1
2.19499999999999984E9	9.80726793085726456E-1
2.19600000000000017E9	9.80710839873561468E-1
2.19700000000000006E9	9.80694908076661420E-1
2.19799999999999995E9	9.80678997701897615E-1
2.19900000000000029E9	9.80663108757218893E-1
2.20000000000000018E9	9.80647241248141910E-1
2.20099999999999962E9	9.80631395180045828E-1
2.20199999999999996E9	9.80615570564036254E-1
2.20300000000000029E9	9.80599767401955269E-1
2.20399999999999974E9	9.80583985703285421E-1
2.20500000000000007E9	9.80568225473651900E-1
2.20599999999999996E9	9.80552486719235716E-1
2.20699999999999985E9	9.80536769447899914E-1
2.20800000000000018E9	9.80521073665635967E-1
2.20900000000000007E9	9.80505399377585007E-1
2.20999999999999996E9	9.80489746591775102E-1
2.21099999999999985E9	9.80474115313785788E-1
2.21199999999999974E9	9.80458505550416426E-1
2.21300000000000008E9	9.80442917307372319E-1
2.21399999999999997E9	9.80427350591414637E-1
2.21499999999999986E9	9.80411805408085968E-1
2.21600000000000019E9	9.80396281764807043E-1
2.21699999999999964E9	9.80380779666282898E-1
2.21799999999999997E9	9.80365299119484490E-1
2.21900000000000031E9	9.80349840130240047E-1
2.21999999999999975E9	9.80334402704386498E-1
2.22100000000000009E9	9.80318986847947293E-1
2.22199999999999998E9	9.80303592568762028E-1
2.22299999999999986E9	9.80288219869977162E-1
2.22400000000000020E9	9.80272868757560545E-1
2.22500000000000009E9	9.80257539239696918E-1
2.22599999999999998E9	9.80242231319995838E-1
2.22699999999999987E9	9.80226945006575079E-1
2.22800000000000020E9	9.80211680303246879E-1
2.22900000000000009E9	9.80196437215357008E-1
2.22999999999999998E9	9.80181215750243773E-1
2.23099999999999987E9	9.80166015912124244E-1
2.23200000000000021E9	9.80150837706751332E-1
2.23300000000000010E9	9.80135681141553761E-1
2.23399999999999999E9	9.80120546220368283E-1
2.23500000000000032E9	9.80105432948730204E-1
2.23599999999999977E9	9.80090341332176784E-1
2.23699999999999966E9	9.80075271375908663E-1
2.23800000000000043E9	9.80060223087698290E-1
2.23899999999999988E9	9.80045196468929802E-1
2.23999999999999977E9	9.80030191526671324E-1
2.24100000000000010E9	9.80015208267117721E-1
2.24199999999999999E9	9.80000246695274946E-1
2.24299999999999988E9	9.79985306815480151E-1
2.24400000000000022E9	9.79970388633416967E-1
2.24500000000000011E9	9.79955492154156360E-1
2.24600000000000000E9	9.79940617382334977E-1
2.24699999999999989E9	9.79925764324137738E-1
2.24800000000000022E9	9.79910932982540928E-1
2.24900000000000011E9	9.79896123364829741E-1
2.25000000000000000E9	9.79881335474826187E-1
2.25099999999999989E9	9.79866569318259373E-1
2.25199999999999978E9	9.79851824897851209E-1
2.25300000000000011E9	9.79837102221042144E-1
2.25400000000000000E9	9.79822401292334533E-1
2.25499999999999989E9	9.79807722115416802E-1
2.25599999999999978E9	9.79793064695839888E-1
2.25700000000000012E9	9.79778429036668719E-1
2.25800000000000001E9	9.79763815144802308E-1
2.25899999999999990E9	9.79749223022425220E-1
2.26000000000000023E9	9.79734652676100559E-1
2.26100000000000012E9	9.79720104111753542E-1
2.26199999999999957E9	9.79705577330471833E-1
2.26300000000000034E9	9.79691072338498437E-1
2.26400000000000023E9	9.79676589140999354E-1
2.26499999999999968E9	9.79662127740309785E-1
2.26600000000000001E9	9.79647688143005801E-1
2.26699999999999990E9	9.79633270352789509E-1
2.26799999999999979E9	9.79618874373316828E-1
2.26900000000000013E9	9.79604500208700379E-1
2.27000000000000002E9	9.79590147864856142E-1
2.27099999999999991E9	9.79575817344672650E-1
2.27199999999999980E9	9.79561508653393176E-1
2.27300000000000013E9	9.79547221794659606E-1
2.27400000000000002E9	9.79532956771126884E-1
2.27499999999999991E9	9.79518713589461676E-1
2.27599999999999980E9	9.79504492251853165E-1
2.27700000000000014E9	9.79490292762170078E-1
2.27800000000000002E9	9.79476115127081570E-1
2.27899999999999991E9	9.79461959346705768E-1
2.28000000000000025E9	9.79447825427833507E-1
2.28099999999999969E9	9.79433713374307047E-1
2.28200000000000003E9	9.79419623188961097E-1
2.28300000000000036E9	9.79405554874047368E-1
2.28399999999999981E9	9.79391508437237590E-1
2.28500000000000014E9	9.79377483877654242E-1
2.28600000000000003E9	9.79363481204269704E-1
2.28699999999999992E9	9.79349500416901009E-1
2.28800000000000026E9	9.79335541520556774E-1
2.28900000000000015E9	9.79321604517106437E-1
2.29000000000000004E9	9.79307689413715465E-1
2.29099999999999993E9	9.79293796211486622E-1
2.29199999999999982E9	9.79279924913848809E-1
2.29300000000000015E9	9.79266075525881874E-1
2.29400000000000004E9	9.79252248048634577E-1
2.29499999999999993E9	9.79238442488309602E-1
2.29600000000000026E9	9.79224658845676821E-1
2.29699999999999971E9	9.79210897126650259E-1
2.29800000000000004E9	9.79197157331446810E-1
2.29900000000000038E9	9.79183439466974370E-1
2.29999999999999982E9	9.79169743533700121E-1
2.30099999999999971E9	9.79156069536200313E-1
2.30200000000000005E9	9.79142417477216398E-1
2.30299999999999994E9	9.79128787360626518E-1
2.30399999999999983E9	9.79115179188463181E-1
2.30500000000000016E9	9.79101592964085654E-1
2.30600000000000005E9	9.79088028691461787E-1
2.30699999999999994E9	9.79074486372613606E-1
2.30800000000000027E9	9.79060966010132283E-1
2.30900000000000016E9	9.79047467608970479E-1
2.31000000000000005E9	9.79033991170651063E-1
2.31099999999999994E9	9.79020536697930055E-1
2.31199999999999983E9	9.79007104193694566E-1
2.31300000000000017E9	9.78993693663121789E-1
2.31400000000000006E9	9.78980305106002113E-1
2.31499999999999995E9	9.78966938525575436E-1
2.31599999999999984E9	9.78953593925668741E-1
2.31699999999999973E9	9.78940271307876664E-1
2.31800000000000006E9	9.78926970676640806E-1
2.31899999999999995E9	9.78913692033378879E-1
2.31999999999999984E9	9.78900435381050826E-1
2.32100000000000017E9	9.78887200721593409E-1
2.32200000000000006E9	9.78873988059138433E-1
2.32299999999999995E9	9.78860797393139315E-1
2.32400000000000029E9	9.78847628729498354E-1
2.32500000000000018E9	9.78834482068325507E-1
2.32599999999999962E9	9.78821357414011040E-1
2.32699999999999996E9	9.78808254767427499E-1
2.32800000000000029E9	9.78795174132434198E-1
2.32899999999999974E9	9.78782115508067996E-1
2.33000000000000007E9	9.78769078901459189E-1
2.33099999999999996E9	9.78756064311324891E-1
2.33199999999999985E9	9.78743071740996129E-1
2.33300000000000018E9	9.78730101192165591E-1
2.33400000000000007E9	9.78717152668884793E-1
2.33499999999999996E9	9.78704226171335279E-1
2.33599999999999985E9	9.78691321702617145E-1
2.33699999999999974E9	9.78678439264990274E-1
2.33800000000000008E9	9.78665578857417273E-1
2.33899999999999997E9	9.78652740487260431E-1
2.33999999999999986E9	9.78639924152095375E-1
2.34100000000000019E9	9.78627129856810818E-1
2.34199999999999964E9	9.78614357601762741E-1
2.34299999999999997E9	9.78601607389417083E-1
2.34400000000000031E9	9.78588879220829000E-1
2.34499999999999975E9	9.78576173099145841E-1
2.34600000000000009E9	9.78563489025044575E-1
2.34699999999999998E9	9.78550827000074719E-1
2.34799999999999986E9	9.78538187027953654E-1
2.34900000000000020E9	9.78525569110066229E-1
2.35000000000000009E9	9.78512973244429141E-1
2.35099999999999998E9	9.78500399437985457E-1
2.35199999999999987E9	9.78487847688574597E-1
2.35300000000000020E9	9.78475317999921756E-1
2.35400000000000009E9	9.78462810372174197E-1
2.35499999999999998E9	9.78450324807635319E-1
2.35599999999999987E9	9.78437861307171097E-1
2.35700000000000021E9	9.78425419873919466E-1
2.35800000000000010E9	9.78413000507095276E-1
2.35899999999999999E9	9.78400603208824116E-1
2.36000000000000032E9	9.78388227982351744E-1
2.36099999999999977E9	9.78375874827232828E-1
2.36199999999999966E9	9.78363543744918829E-1
2.36300000000000043E9	9.78351234736764219E-1
2.36399999999999988E9	9.78338947804867942E-1
2.36499999999999977E9	9.78326682950192961E-1
2.36600000000000010E9	9.78314440172785282E-1
2.36699999999999999E9	9.78302219474877610E-1
2.36799999999999988E9	9.78290020856703713E-1
2.36900000000000022E9	9.78277844321424084E-1
2.37000000000000011E9	9.78265689868707788E-1
2.37100000000000000E9	9.78253557499032667E-1
2.37199999999999989E9	9.78241447215660997E-1
2.37300000000000022E9	9.78229359016172850E-1
2.37400000000000011E9	9.78217292905409508E-1
2.37500000000000000E9	9.78205248881167577E-1
2.37599999999999989E9	9.78193226945947814E-1
2.37699999999999978E9	9.78181227099588924E-1
2.37800000000000011E9	9.78169249345056713E-1
2.37900000000000000E9	9.78157293681636908E-1
2.37999999999999989E9	9.78145360109875206E-1
2.38099999999999978E9	9.78133448630764946E-1
2.38200000000000012E9	9.78121559244890548E-1
2.38300000000000001E9	9.78109691954507632E-1
2.38399999999999990E9	9.78097846759838774E-1
2.38500000000000023E9	9.78086023658990733E-1
2.38600000000000012E9	9.78074222656872294E-1
2.38699999999999957E9	9.78062443750416222E-1
2.38800000000000034E9	9.78050686941088365E-1
2.38900000000000023E9	9.78038952231732495E-1
2.38999999999999968E9	9.78027239619484412E-1
2.39100000000000001E9	9.78015549107392168E-1
2.39199999999999990E9	9.78003880694214800E-1
2.39299999999999979E9	9.77992234382307579E-1
2.39400000000000013E9	9.77980610168508235E-1
2.39500000000000002E9	9.77969008058741451E-1
2.39599999999999991E9	9.77957428047881727E-1
2.39699999999999980E9	9.77945870138890072E-1
2.39800000000000013E9	9.77934334333185262E-1
2.39900000000000002E9	9.77922820629294165E-1
2.39999999999999991E9	9.77911329026718334E-1
2.40099999999999980E9	9.77899859528879389E-1
2.40200000000000014E9	9.77888412130873164E-1
2.40300000000000002E9	9.77876986838830220E-1
2.40399999999999991E9	9.77865583648316061E-1
2.40500000000000025E9	9.77854202561578312E-1
2.40599999999999969E9	9.77842843578559240E-1
2.40700000000000003E9	9.77831506697742547E-1
2.40800000000000036E9	9.77820191920917559E-1
2.40899999999999981E9	9.77808899247540353E-1
2.41000000000000014E9	9.77797628677313568E-1
2.41100000000000003E9	9.77786380210125117E-1
2.41199999999999992E9	9.77775153847818324E-1
2.41300000000000026E9	9.77763949587286696E-1
2.41400000000000015E9	9.77752767429119629E-1
2.41500000000000004E9	9.77741607375787680E-1
2.41599999999999993E9	9.77730469424021464E-1
2.41699999999999982E9	9.77719353573242067E-1
2.41800000000000015E9	9.77708259825804937E-1
2.41900000000000004E9	9.77697188180934695E-1
2.41999999999999993E9	9.77686138638147817E-1
2.42100000000000026E9	9.77675111193831015E-1
2.42199999999999971E9	9.77664105853621557E-1
2.42300000000000004E9	9.77653122611581260E-1
2.42400000000000038E9	9.77642161470966364E-1
2.42499999999999982E9	9.77631222428954416E-1
2.42599999999999971E9	9.77620305486898467E-1
2.42700000000000005E9	9.77609410643897547E-1
2.42799999999999994E9	9.77598537898309239E-1
2.42899999999999983E9	9.77587687251303450E-1
2.43000000000000016E9	9.77576858699558215E-1
2.43100000000000005E9	9.77566052246712935E-1
2.43199999999999994E9	9.77555267886991430E-1
2.43300000000000027E9	9.77544505626254789E-1
2.43400000000000016E9	9.77533765457526194E-1
2.43500000000000005E9	9.77523047382699417E-1
2.43599999999999994E9	9.77512351401164281E-1
2.43699999999999983E9	9.77501677511297729E-1
2.43800000000000017E9	9.77491025715158734E-1
2.43900000000000006E9	9.77480396008544261E-1
2.43999999999999995E9	9.77469788392773964E-1
2.44099999999999984E9	9.77459202864321597E-1
2.44199999999999973E9	9.77448639426124188E-1
2.44300000000000006E9	9.77438098072533457E-1
2.44399999999999995E9	9.77427578809209230E-1
2.44499999999999984E9	9.77417081628280648E-1
2.44600000000000017E9	9.77406606533964251E-1
2.44700000000000006E9	9.77396153519382160E-1
2.44799999999999995E9	9.77385722589007599E-1
2.44900000000000029E9	9.77375313742250107E-1
2.45000000000000018E9	9.77364926972107817E-1
2.45099999999999962E9	9.77354562284093831E-1
2.45199999999999996E9	9.77344219673254067E-1
2.45300000000000029E9	9.77333899138755946E-1
2.45399999999999974E9	9.77323600678624516E-1
2.45500000000000007E9	9.77313324296021335E-1
2.45599999999999996E9	9.77303069982736439E-1
2.45699999999999985E9	9.77292837744295184E-1
2.45800000000000018E9	9.77282627575976548E-1
2.45900000000000007E9	9.77272439476431032E-1
2.45999999999999996E9	9.77262273445220941E-1
2.46099999999999985E9	9.77252129480158338E-1
2.46199999999999974E9	9.77242007578816363E-1
2.46300000000000008E9	9.77231907743680139E-1
2.46399999999999997E9	9.77221829969904476E-1
2.46499999999999986E9	9.77211774258138632E-1
2.46600000000000019E9	9.77201740604000690E-1
2.46699999999999964E9	9.77191729008789878E-1
2.46799999999999997E9	9.77181739468674415E-1
2.46900000000000031E9	9.77171771984124149E-1
2.46999999999999975E9	9.77161826552301704E-1
2.47100000000000009E9	9.77151903173385605E-1
2.47199999999999998E9	9.77142001842468844E-1
2.47299999999999986E9	9.77132122560063898E-1
2.47400000000000020E9	9.77122265324379313E-1
2.47500000000000009E9	9.77112430134429921E-1
2.47599999999999998E9	9.77102616986430483E-1
2.47699999999999987E9	9.77092825880074756E-1
2.47800000000000020E9	9.77083056812282180E-1
2.47900000000000009E9	9.77073309784574029E-1
2.47999999999999998E9	9.77063584789486228E-1
2.48099999999999987E9	9.77053881830345183E-1
2.48200000000000021E9	9.77044200903577753E-1
2.48300000000000010E9	9.77034542005976192E-1
2.48399999999999999E9	9.77024905137267652E-1
2.48500000000000032E9	9.77015290296862382E-1
2.48599999999999977E9	9.77005697476091051E-1
2.48699999999999966E9	9.76996126681562771E-1
2.48800000000000043E9	9.76986577904652442E-1
2.48899999999999988E9	9.76977051148595521E-1
2.48999999999999977E9	9.76967546406572040E-1
2.49100000000000010E9	9.76958063679460231E-1
2.49199999999999999E9	9.76948602963354062E-1
2.49299999999999988E9	9.76939164258305404E-1
2.49400000000000022E9	9.76929747559417549E-1
2.49500000000000011E9	9.76920352867273678E-1
2.49600000000000000E9	9.76910980177900612E-1
2.49699999999999989E9	9.76901629488332901E-1
2.49800000000000022E9	9.76892300797960900E-1
2.49900000000000011E9	9.76882994104558655E-1
2.50000000000000000E9	9.76873709405674617E-1
2.50099999999999989E9	9.76864446697319799E-1
2.50199999999999978E9	9.76855205978877805E-1
2.50300000000000011E9	9.76845987248612246E-1
2.50400000000000000E9	9.76836790500003893E-1
2.50499999999999989E9	9.76827615737122557E-1
2.50599999999999978E9	9.76818462950769728E-1
2.50700000000000012E9	9.76809332142916809E-1
2.50800000000000001E9	9.76800223308087467E-1
2.50899999999999990E9	9.76791136448294139E-1
2.51000000000000023E9	9.76782071557057918E-1
2.51100000000000012E9	9.76773028631624562E-1
2.51199999999999957E9	9.76764007670560197E-1
2.51300000000000034E9	9.76755008672971314E-1
2.51400000000000023E9	9.76746031634269585E-1
2.51499999999999968E9	9.76737076551768979E-1
2.51600000000000001E9	9.76728143421829920E-1
2.51699999999999990E9	9.76719232244472657E-1
2.51799999999999979E9	9.76710343015836813E-1
2.51900000000000013E9	9.76701475731890945E-1
2.52000000000000002E9	9.76692630392196293E-1
2.52099999999999991E9	9.76683806990435954E-1
2.52199999999999980E9	9.76675005526745821E-1
2.52300000000000013E9	9.76666225998335413E-1
2.52400000000000002E9	9.76657468400805762E-1
2.52499999999999991E9	9.76648732732414615E-1
2.52599999999999980E9	9.76640018988180358E-1
2.52700000000000014E9	9.76631327168489705E-1
2.52800000000000002E9	9.76622657268056393E-1
2.52899999999999991E9	9.76614009285739115E-1
2.53000000000000025E9	9.76605383214853973E-1
2.53099999999999969E9	9.76596779055577002E-1
2.53200000000000003E9	9.76588196805818143E-1
2.53300000000000036E9	9.76579636459496570E-1
2.53399999999999981E9	9.76571098013567962E-1
2.53500000000000014E9	9.76562581467925206E-1
2.53600000000000003E9	9.76554086816906874E-1
2.53699999999999992E9	9.76545614057885025E-1
2.53800000000000026E9	9.76537163191667190E-1
2.53900000000000015E9	9.76528734206548421E-1
2.54000000000000004E9	9.76520327104486618E-1
2.54099999999999993E9	9.76511941884349000E-1
2.54199999999999982E9	9.76503578539066730E-1
2.54300000000000015E9	9.76495237067152644E-1
2.54400000000000004E9	9.76486917465200932E-1
2.54499999999999993E9	9.76478619727811115E-1
2.54600000000000026E9	9.76470343855314660E-1
2.54699999999999971E9	9.76462089838808112E-1
2.54800000000000004E9	9.76453857682803950E-1
2.54900000000000038E9	9.76445647378801951E-1
2.54999999999999982E9	9.76437458921948220E-1
2.55099999999999971E9	9.76429292312185027E-1
2.55200000000000005E9	9.76421147544815504E-1
2.55299999999999994E9	9.76413024615817093E-1
2.55399999999999983E9	9.76404923522642321E-1
2.55500000000000016E9	9.76396844260135133E-1
2.55600000000000005E9	9.76388786828047905E-1
2.55699999999999994E9	9.76380751219101484E-1
2.55800000000000027E9	9.76372737430163440E-1
2.55900000000000016E9	9.76364745460816863E-1
2.56000000000000005E9	9.76356775304931901E-1
2.56100000000000039E9	9.76348826956975202E-1
2.56199999999999983E9	9.76340900417368296E-1
2.56300000000000017E9	9.76332995680353832E-1
2.56399999999999961E9	9.76325112741772827E-1
2.56499999999999995E9	9.76317251598374725E-1
2.56600000000000028E9	9.76309412246464348E-1
2.56699999999999973E9	9.76301594683882179E-1
2.56800000000000006E9	9.76293798902947962E-1
2.56899999999999995E9	9.76286024903116001E-1
2.56999999999999984E9	9.76278272679717496E-1
2.57100000000000017E9	9.76270542227802984E-1
2.57200000000000006E9	9.76262833544038067E-1
2.57299999999999995E9	9.76255146625276815E-1
2.57399999999999984E9	9.76247481466910294E-1
2.57500000000000018E9	9.76239838065238352E-1
2.57600000000000007E9	9.76232216414916820E-1
2.57699999999999996E9	9.76224616516907062E-1
2.57800000000000029E9	9.76217038360334932E-1
2.57899999999999974E9	9.76209481945842938E-1
2.58000000000000007E9	9.76201947265369085E-1
2.58100000000000041E9	9.76194434320554194E-1
2.58199999999999985E9	9.76186943101393467E-1
2.58300000000000018E9	9.76179473607995796E-1
2.58399999999999963E9	9.76172025834896395E-1
2.58499999999999996E9	9.76164599776757491E-1
2.58600000000000030E9	9.76157195431381020E-1
2.58699999999999974E9	9.76149812789648053E-1
2.58800000000000008E9	9.76142451856044779E-1
2.58899999999999952E9	9.76135112622354839E-1
2.58999999999999986E9	9.76127795078975247E-1
2.59100000000000019E9	9.76120499229607930E-1
2.59199999999999964E9	9.76113225063838641E-1
2.59299999999999997E9	9.76105972581312287E-1
2.59399999999999986E9	9.76098741777179058E-1
2.59499999999999975E9	9.76091532645155269E-1
2.59600000000000009E9	9.76084345183070567E-1
2.59699999999999998E9	9.76077179383807625E-1
2.59799999999999986E9	9.76070035245182410E-1
2.59899999999999975E9	9.76062912764308166E-1
2.60000000000000009E9	9.76055811932641859E-1
2.60099999999999998E9	9.76048732747702275E-1
2.60199999999999987E9	9.76041675205978088E-1
2.60300000000000020E9	9.76034639298607232E-1
2.60400000000000009E9	9.76027625028291190E-1
2.60499999999999998E9	9.76020632385577436E-1
2.60600000000000032E9	9.76013661366191521E-1
2.60700000000000021E9	9.76006711968403806E-1
2.60800000000000010E9	9.75999784181925278E-1
2.60899999999999954E9	9.75992878009950360E-1
2.61000000000000032E9	9.75985993441880595E-1
2.61100000000000021E9	9.75979130474245160E-1
2.61199999999999966E9	9.75972289100394974E-1
2.61300000000000043E9	9.75965469322456336E-1
2.61399999999999988E9	9.75958671129447808E-1
2.61499999999999977E9	9.75951894519217689E-1
2.61600000000000055E9	9.75945139484336721E-1
2.61699999999999999E9	9.75938406023109195E-1
2.61799999999999988E9	9.75931694131693739E-1
2.61899999999999977E9	9.75925003800797342E-1
2.62000000000000011E9	9.75918335028878658E-1
2.62100000000000000E9	9.75911687811367479E-1
2.62199999999999989E9	9.75905062139557700E-1
2.62300000000000022E9	9.75898458013544534E-1
2.62399999999999967E9	9.75891875425693556E-1
2.62500000000000000E9	9.75885314371387658E-1
2.62600000000000033E9	9.75878774845586427E-1
2.62699999999999978E9	9.75872256841788399E-1
2.62800000000000011E9	9.75865760360650825E-1
2.62900000000000000E9	9.75859285391660336E-1
2.62999999999999989E9	9.75852831929340780E-1
2.63100000000000023E9	9.75846399974126832E-1
2.63200000000000012E9	9.75839989514057393E-1
2.63300000000000001E9	9.75833600551379021E-1
2.63399999999999945E9	9.75827233075585809E-1
2.63500000000000023E9	9.75820887082956823E-1
2.63600000000000012E9	9.75814562571369493E-1
2.63699999999999957E9	9.75808259529221544E-1
2.63800000000000034E9	9.75801977956400535E-1
2.63899999999999979E9	9.75795717845779542E-1
2.63999999999999968E9	9.75789479195941745E-1
2.64100000000000046E9	9.75783261995140982E-1
2.64199999999999990E9	9.75777066243217739E-1
2.64299999999999979E9	9.75770891933299467E-1
2.64399999999999968E9	9.75764739058232955E-1
2.64500000000000002E9	9.75758607615605378E-1
2.64599999999999991E9	9.75752497598703883E-1
2.64699999999999980E9	9.75746409003978599E-1
2.64800000000000013E9	9.75740341824953461E-1
2.64900000000000002E9	9.75734296054361039E-1
2.64999999999999991E9	9.75728271690896953E-1
2.65100000000000025E9	9.75722268723514929E-1
2.65200000000000014E9	9.75716287152863870E-1
2.65300000000000002E9	9.75710326970235009E-1
2.65399999999999991E9	9.75704388169899772E-1
2.65500000000000025E9	9.75698470745856383E-1
2.65600000000000014E9	9.75692574697820802E-1
2.65700000000000003E9	9.75686700013248043E-1
2.65800000000000036E9	9.75680846691832748E-1
2.65899999999999981E9	9.75675014727268319E-1
2.66000000000000014E9	9.75669204109082244E-1
2.66100000000000048E9	9.75663414834738774E-1
2.66199999999999992E9	9.75657646902966036E-1
2.66300000000000026E9	9.75651900303852138E-1
2.66399999999999970E9	9.75646175031602247E-1
2.66500000000000004E9	9.75640471082077099E-1
2.66600000000000037E9	9.75634788446997625E-1
2.66699999999999982E9	9.75629127124968853E-1
2.66800000000000015E9	9.75623487109493226E-1
2.66899999999999959E9	9.75617868388303933E-1
2.66999999999999993E9	9.75612270965144290E-1
2.67100000000000026E9	9.75606694829897769E-1
2.67199999999999971E9	9.75601139973873899E-1
2.67300000000000004E9	9.75595606397066284E-1
2.67399999999999993E9	9.75590094091135995E-1
2.67499999999999982E9	9.75584603048030807E-1
2.67600000000000016E9	9.75579133262893983E-1
2.67700000000000005E9	9.75573684735898894E-1
2.67799999999999994E9	9.75568257453415022E-1
2.67899999999999983E9	9.75562851412719212E-1
2.68000000000000016E9	9.75557466608285395E-1
2.68100000000000005E9	9.75552103033627027E-1
2.68199999999999994E9	9.75546760680498970E-1
2.68300000000000027E9	9.75541439548506872E-1
2.68399999999999972E9	9.75536139628633947E-1
2.68500000000000005E9	9.75530860912102682E-1
2.68600000000000039E9	9.75525603397212215E-1
2.68699999999999983E9	9.75520367077013972E-1
2.68800000000000017E9	9.75515151942787639E-1
2.68899999999999961E9	9.75509957993343590E-1
2.68999999999999995E9	9.75504785219866655E-1
2.69100000000000028E9	9.75499633614086470E-1
2.69199999999999973E9	9.75494503172548910E-1
2.69300000000000006E9	9.75489393889668577E-1
2.69399999999999995E9	9.75484305757951908E-1
2.69499999999999984E9	9.75479238772463830E-1
2.69600000000000017E9	9.75474192924414041E-1
2.69700000000000006E9	9.75469168213624371E-1
2.69799999999999995E9	9.75464164626725250E-1
2.69899999999999984E9	9.75459182162802740E-1
2.70000000000000018E9	9.75454220814708961E-1
2.70100000000000007E9	9.75449280572959054E-1
2.70199999999999996E9	9.75444361434138685E-1
2.70300000000000029E9	9.75439463392450712E-1
2.70399999999999974E9	9.75434586437282469E-1
2.70500000000000007E9	9.75429730569321407E-1
2.70600000000000041E9	9.75424895776923861E-1
2.70699999999999985E9	9.75420082054786697E-1
2.70800000000000018E9	9.75415289396961782E-1
2.70899999999999963E9	9.75410517800937171E-1
2.70999999999999996E9	9.75405767252601841E-1
2.71100000000000030E9	9.75401037754110689E-1
2.71199999999999974E9	9.75396329293767295E-1
2.71300000000000008E9	9.75391641864482395E-1
2.71399999999999952E9	9.75386975460969907E-1
2.71499999999999986E9	9.75382330081053617E-1
2.71600000000000019E9	9.75377705712787879E-1
2.71699999999999964E9	9.75373102351390919E-1
2.71799999999999997E9	9.75368519990763083E-1
2.71899999999999986E9	9.75363958621695559E-1
2.71999999999999975E9	9.75359418242642384E-1
2.72100000000000009E9	9.75354898846769913E-1
2.72199999999999998E9	9.75350400421260311E-1
2.72299999999999986E9	9.75345922967617085E-1
2.72399999999999975E9	9.75341466476623253E-1
2.72500000000000009E9	9.75337030936171701E-1
2.72599999999999998E9	9.75332616344461734E-1
2.72699999999999987E9	9.75328222699163661E-1
2.72800000000000020E9	9.75323849983809765E-1
2.72900000000000009E9	9.75319498198751411E-1
2.72999999999999998E9	9.75315167336510136E-1
2.73100000000000032E9	9.75310857389023766E-1
2.73200000000000021E9	9.75306568350185188E-1
2.73300000000000010E9	9.75302300210266182E-1
2.73399999999999954E9	9.75298052967294460E-1
2.73500000000000032E9	9.75293826613526171E-1
2.73600000000000021E9	9.75289621142406560E-1
2.73699999999999966E9	9.75285436544477413E-1
2.73800000000000043E9	9.75281272813910505E-1
2.73899999999999988E9	9.75277129945884624E-1
2.73999999999999977E9	9.75273007933223290E-1
2.74100000000000055E9	9.75268906767180610E-1
2.74199999999999999E9	9.75264826442721144E-1
2.74299999999999988E9	9.75260766952302305E-1
2.74399999999999977E9	9.75256728290768748E-1
2.74500000000000011E9	9.75252710446453541E-1
2.74600000000000000E9	9.75248713417105151E-1
2.74699999999999989E9	9.75244737193655986E-1
2.74800000000000022E9	9.75240781771469223E-1
2.74899999999999967E9	9.75236847141473895E-1
2.75000000000000000E9	9.75232933299330540E-1
2.75100000000000033E9	9.75229040234617095E-1
2.75199999999999978E9	9.75225167939432858E-1
2.75300000000000011E9	9.75221316412963546E-1
2.75400000000000000E9	9.75217485640515314E-1
2.75499999999999989E9	9.75213675621892051E-1
2.75600000000000023E9	9.75209886345295196E-1
2.75700000000000012E9	9.75206117809279682E-1
2.75800000000000001E9	9.75202370002252117E-1
2.75899999999999945E9	9.75198642915204950E-1
2.76000000000000023E9	9.75194936546875013E-1
2.76100000000000012E9	9.75191250884582495E-1
2.76199999999999957E9	9.75187585929815981E-1
2.76300000000000034E9	9.75183941662054110E-1
2.76399999999999979E9	9.75180318087459952E-1
2.76499999999999968E9	9.75176715189918220E-1
2.76600000000000046E9	9.75173132968633283E-1
2.76699999999999990E9	9.75169571410515168E-1
2.76799999999999979E9	9.75166030511762649E-1
2.76899999999999968E9	9.75162510264853388E-1
2.77000000000000002E9	9.75159010661546155E-1
2.77099999999999991E9	9.75155531697214251E-1
2.77199999999999980E9	9.75152073360492189E-1
2.77300000000000013E9	9.75148635649261308E-1
2.77400000000000002E9	9.75145218552449933E-1
2.77499999999999991E9	9.75141822062454011E-1
2.77600000000000025E9	9.75138446177684948E-1
2.77700000000000014E9	9.75135090881268241E-1
2.77800000000000002E9	9.75131756174832454E-1
2.77899999999999991E9	9.75128442046011479E-1
2.78000000000000025E9	9.75125148490835691E-1
2.78100000000000014E9	9.75121875498711965E-1
2.78200000000000003E9	9.75118623061130307E-1
2.78300000000000036E9	9.75115391178619184E-1
2.78399999999999981E9	9.75112179831521786E-1
2.78500000000000014E9	9.75108989024817596E-1
2.78600000000000048E9	9.75105818744174258E-1
2.78699999999999992E9	9.75102668982491316E-1
2.78800000000000026E9	9.75099539733817267E-1
2.78899999999999970E9	9.75096430992382679E-1
2.79000000000000004E9	9.75093342746379221E-1
2.79100000000000037E9	9.75090274991647021E-1
2.79199999999999982E9	9.75087227717711968E-1
2.79300000000000015E9	9.75084200921391897E-1
2.79399999999999959E9	9.75081194590667444E-1
2.79499999999999993E9	9.75078208723129691E-1
2.79600000000000026E9	9.75075243307220063E-1
2.79699999999999971E9	9.75072298335893350E-1
2.79800000000000004E9	9.75069373803739303E-1
2.79899999999999993E9	9.75066469702258587E-1
2.79999999999999982E9	9.75063586019554052E-1
2.80100000000000016E9	9.75060722754110287E-1
2.80200000000000005E9	9.75057879896050572E-1
2.80299999999999994E9	9.75055057437520745E-1
2.80399999999999983E9	9.75052255370837351E-1
2.80500000000000016E9	9.75049473688410551E-1
2.80600000000000005E9	9.75046712380691716E-1
2.80699999999999994E9	9.75043971444780766E-1
2.80800000000000027E9	9.75041250869758258E-1
2.80899999999999972E9	9.75038550649413516E-1
2.81000000000000005E9	9.75035870774656033E-1
2.81100000000000039E9	9.75033211237697195E-1
2.81199999999999983E9	9.75030572032665077E-1
2.81300000000000017E9	9.75027953146802595E-1
2.81399999999999961E9	9.75025354580652781E-1
2.81499999999999995E9	9.75022776318946249E-1
2.81600000000000028E9	9.75020218359393809E-1
2.81699999999999973E9	9.75017680688623756E-1
2.81800000000000006E9	9.75015163302824384E-1
2.81899999999999995E9	9.75012666195441291E-1
2.81999999999999984E9	9.75010189352528123E-1
2.82100000000000017E9	9.75007732771645586E-1
2.82200000000000006E9	9.75005296444753888E-1
2.82299999999999995E9	9.75002880364807112E-1
2.82399999999999984E9	9.75000484520022681E-1
2.82500000000000018E9	9.74998108900662785E-1
2.82600000000000007E9	9.74995753509212904E-1
2.82699999999999996E9	9.74993418324149452E-1
2.82800000000000029E9	9.74991103350578925E-1
2.82899999999999974E9	9.74988808571991683E-1
2.83000000000000007E9	9.74986533983092585E-1
2.83100000000000041E9	9.74984279574819723E-1
2.83199999999999985E9	9.74982045340052572E-1
2.83300000000000018E9	9.74979831274437814E-1
2.83399999999999963E9	9.74977637366155570E-1
2.83499999999999996E9	9.74975463605302117E-1
2.83600000000000030E9	9.74973309988421910E-1
2.83699999999999974E9	9.74971176502466541E-1
2.83800000000000008E9	9.74969063144177106E-1
2.83899999999999952E9	9.74966969907423042E-1
2.83999999999999986E9	9.74964896770132938E-1
2.84100000000000019E9	9.74962843745283259E-1
2.84199999999999964E9	9.74960810808688549E-1
2.84299999999999997E9	9.74958797959244805E-1
2.84399999999999986E9	9.74956805187095199E-1
2.84499999999999975E9	9.74954832482514000E-1
2.84600000000000009E9	9.74952879842039977E-1
2.84699999999999998E9	9.74950947254489009E-1
2.84799999999999986E9	9.74949034708605566E-1
2.84899999999999975E9	9.74947142204696426E-1
2.85000000000000009E9	9.74945269726110197E-1
2.85099999999999998E9	9.74943417270026380E-1
2.85199999999999987E9	9.74941584820994223E-1
2.85300000000000020E9	9.74939772384696823E-1
2.85400000000000009E9	9.74937979939978305E-1
2.85499999999999998E9	9.74936207484667428E-1
2.85600000000000032E9	9.74934455006464340E-1
2.85700000000000021E9	9.74932722502937565E-1
2.85800000000000010E9	9.74931009958205763E-1
2.85899999999999954E9	9.74929317373518778E-1
2.86000000000000032E9	9.74927644733956278E-1
2.86100000000000021E9	9.74925992030680710E-1
2.86199999999999966E9	9.74924359257468787E-1
2.86300000000000043E9	9.74922746408645580E-1
2.86399999999999988E9	9.74921153474027946E-1
2.86499999999999977E9	9.74919580441715894E-1
2.86600000000000055E9	9.74918027309006696E-1
2.86699999999999999E9	9.74916494066307848E-1
2.86799999999999988E9	9.74914980699824341E-1
2.86899999999999977E9	9.74913487207363438E-1
2.87000000000000011E9	9.74912013580187242E-1
2.87100000000000000E9	9.74910559804281540E-1
2.87199999999999989E9	9.74909125875992721E-1
2.87300000000000022E9	9.74907711790288722E-1
2.87399999999999967E9	9.74906317533397448E-1
2.87500000000000000E9	9.74904943096369436E-1
2.87600000000000033E9	9.74903588476287730E-1
2.87699999999999978E9	9.74902253659517726E-1
2.87800000000000011E9	9.74900938636669778E-1
2.87900000000000000E9	9.74899643402445903E-1
2.87999999999999989E9	9.74898367951070810E-1
2.88100000000000023E9	9.74897112270003952E-1
2.88200000000000012E9	9.74895876346682577E-1
2.88300000000000001E9	9.74894660182453165E-1
2.88399999999999945E9	9.74893463767067558E-1
2.88500000000000023E9	9.74892287087740428E-1
2.88600000000000012E9	9.74891130128795069E-1
2.88699999999999957E9	9.74889992896947533E-1
2.88800000000000034E9	9.74888875376365149E-1
2.88899999999999979E9	9.74887777559188606E-1
2.88999999999999968E9	9.74886699434683912E-1
2.89100000000000046E9	9.74885640998443215E-1
2.89199999999999990E9	9.74884602237569808E-1
2.89299999999999979E9	9.74883583145927801E-1
2.89399999999999968E9	9.74882583718443030E-1
2.89500000000000002E9	9.74881603938752583E-1
2.89599999999999991E9	9.74880643803506608E-1
2.89699999999999980E9	9.74879703300660161E-1
2.89800000000000013E9	9.74878782429911261E-1
2.89900000000000002E9	9.74877881171651950E-1
2.89999999999999991E9	9.74876999519861975E-1
2.90100000000000025E9	9.74876137472442927E-1
2.90200000000000014E9	9.74875295016808785E-1
2.90300000000000002E9	9.74874472142779958E-1
2.90399999999999991E9	9.74873668840997709E-1
2.90500000000000025E9	9.74872885108113429E-1
2.90600000000000014E9	9.74872120927412134E-1
2.90700000000000003E9	9.74871376296101566E-1
2.90800000000000036E9	9.74870651208649797E-1
2.90899999999999981E9	9.74869945647918357E-1
2.91000000000000014E9	9.74869259607851824E-1
2.91100000000000048E9	9.74868593084593904E-1
2.91199999999999992E9	9.74867946064945912E-1
2.91300000000000026E9	9.74867318539844696E-1
2.91399999999999970E9	9.74866710503019540E-1
2.91500000000000004E9	9.74866121939808927E-1
2.91600000000000037E9	9.74865552850889472E-1
2.91699999999999982E9	9.74865003219775694E-1
2.91800000000000015E9	9.74864473043128932E-1
2.91899999999999959E9	9.74863962304368137E-1
2.91999999999999993E9	9.74863471004997351E-1
2.92100000000000026E9	9.74862999130328411E-1
2.92199999999999971E9	9.74862546671243457E-1
2.92300000000000004E9	9.74862113617691328E-1
2.92399999999999993E9	9.74861699966674777E-1
2.92499999999999982E9	9.74861305702365222E-1
2.92600000000000016E9	9.74860930823022720E-1
2.92700000000000005E9	9.74860575311820732E-1
2.92799999999999994E9	9.74860239167161957E-1
2.92899999999999983E9	9.74859922376326438E-1
2.93000000000000016E9	9.74859624933244184E-1
2.93100000000000005E9	9.74859346820972128E-1
2.93199999999999994E9	9.74859088039139188E-1
2.93300000000000027E9	9.74858848579991033E-1
2.93399999999999972E9	9.74858628430068741E-1
2.93500000000000005E9	9.74858427577295394E-1
2.93600000000000039E9	9.74858246020264829E-1
2.93699999999999983E9	9.74858083745840887E-1
2.93800000000000017E9	9.74857940742251472E-1
2.93899999999999961E9	9.74857817005554672E-1
2.93999999999999995E9	9.74857712526639375E-1
2.94100000000000028E9	9.74857627294404416E-1
2.94199999999999973E9	9.74857561299465836E-1
2.94300000000000006E9	9.74857514533338687E-1
2.94399999999999995E9	9.74857486990207889E-1
2.94499999999999984E9	9.74857478654756271E-1
2.94600000000000017E9	9.74857489524803000E-1
2.94700000000000006E9	9.74857519586758947E-1
2.94799999999999995E9	9.74857568832404908E-1
2.94899999999999984E9	9.74857637256448406E-1
2.95000000000000018E9	9.74857724838902584E-1
2.95100000000000007E9	9.74857831587101664E-1
2.95199999999999996E9	9.74857957477937731E-1
2.95300000000000029E9	9.74858102509907809E-1
2.95399999999999974E9	9.74858266676265828E-1
2.95500000000000007E9	9.74858449953478967E-1
2.95600000000000041E9	9.74858652349533195E-1
2.95699999999999985E9	9.74858873843735374E-1
2.95800000000000018E9	9.74859114436220153E-1
2.95899999999999963E9	9.74859374111366073E-1
2.95999999999999996E9	9.74859652860198800E-1
2.96100000000000030E9	9.74859950676333575E-1
2.96199999999999974E9	9.74860267548136328E-1
2.96300000000000008E9	9.74860603469257647E-1
2.96399999999999952E9	9.74860958430594593E-1
2.96499999999999986E9	9.74861332415748727E-1
2.96600000000000019E9	9.74861725427840042E-1
2.96699999999999964E9	9.74862137446524990E-1
2.96799999999999997E9	9.74862568467595558E-1
2.96899999999999986E9	9.74863018483408794E-1
2.96999999999999975E9	9.74863487480863000E-1
2.97100000000000009E9	9.74863975455919629E-1
2.97199999999999998E9	9.74864482395695653E-1
2.97299999999999986E9	9.74865008290578494E-1
2.97399999999999975E9	9.74865553126002737E-1
2.97500000000000009E9	9.74866116908430236E-1
2.97599999999999998E9	9.74866699615463794E-1
2.97699999999999987E9	9.74867301239163631E-1
2.97800000000000020E9	9.74867921774602841E-1
2.97900000000000009E9	9.74868561213369489E-1
2.97999999999999998E9	9.74869219538036624E-1
2.98100000000000032E9	9.74869896749787124E-1
2.98200000000000021E9	9.74870592833049088E-1
2.98300000000000010E9	9.74871307777603313E-1
2.98399999999999954E9	9.74872041577931547E-1
2.98500000000000032E9	9.74872794219943195E-1
2.98600000000000021E9	9.74873565701911104E-1
2.98699999999999966E9	9.74874356010273679E-1
2.98800000000000043E9	9.74875165130421806E-1
2.98899999999999988E9	9.74875993060209822E-1
2.98999999999999977E9	9.74876839790604244E-1
2.99100000000000055E9	9.74877705310597520E-1
2.99199999999999999E9	9.74878589601089907E-1
2.99299999999999988E9	9.74879492671616710E-1
2.99399999999999977E9	9.74880414501776471E-1
2.99500000000000011E9	9.74881355083745760E-1
2.99600000000000000E9	9.74882314403267536E-1
2.99699999999999989E9	9.74883292456501138E-1
2.99800000000000022E9	9.74884289238718793E-1
2.99899999999999967E9	9.74885304732558211E-1
3.00000000000000000E9	9.74886338930861385E-1
3.00100000000000033E9	9.74887391821302529E-1
3.00199999999999978E9	9.74888463402420946E-1
3.00300000000000011E9	9.74889553651480512E-1
3.00400000000000000E9	9.74890662575278988E-1
3.00499999999999989E9	9.74891790150866200E-1
3.00600000000000023E9	9.74892936380413211E-1
3.00700000000000012E9	9.74894101246194822E-1
3.00800000000000001E9	9.74895284742909318E-1
3.00899999999999945E9	9.74896486858947853E-1
3.01000000000000023E9	9.74897707582994322E-1
3.01100000000000012E9	9.74898946906349195E-1
3.01199999999999957E9	9.74900204822880490E-1
3.01300000000000034E9	9.74901481320016217E-1
3.01399999999999979E9	9.74902776393456882E-1
3.01499999999999968E9	9.74904090030176462E-1
3.01600000000000046E9	9.74905422219033113E-1
3.01699999999999990E9	9.74906772948070177E-1
3.01799999999999979E9	9.74908142219211449E-1
3.01899999999999968E9	9.74909530009379210E-1
3.02000000000000002E9	9.74910936313644960E-1
3.02099999999999991E9	9.74912361131332972E-1
3.02199999999999980E9	9.74913804440571852E-1
3.02300000000000013E9	9.74915266235850275E-1
3.02400000000000002E9	9.74916746510146837E-1
3.02499999999999991E9	9.74918245247704007E-1
3.02600000000000025E9	9.74919762446672422E-1
3.02700000000000014E9	9.74921298097196676E-1
3.02800000000000002E9	9.74922852186499256E-1
3.02899999999999991E9	9.74924424704560622E-1
3.03000000000000025E9	9.74926015640223653E-1
3.03100000000000014E9	9.74927624985560470E-1
3.03200000000000003E9	9.74929252739377006E-1
3.03300000000000036E9	9.74930898874598384E-1
3.03399999999999981E9	9.74932563397234730E-1
3.03500000000000014E9	9.74934246292246875E-1
3.03600000000000048E9	9.74935947548054926E-1
3.03699999999999992E9	9.74937667157281496E-1
3.03800000000000026E9	9.74939405111097201E-1
3.03899999999999970E9	9.74941161390678701E-1
3.04000000000000004E9	9.74942936004417682E-1
3.04100000000000037E9	9.74944728928431381E-1
3.04199999999999982E9	9.74946540160886244E-1
3.04300000000000015E9	9.74948369682227067E-1
3.04399999999999959E9	9.74950217492640192E-1
3.04499999999999993E9	9.74952083579014328E-1
3.04600000000000026E9	9.74953967926047227E-1
3.04699999999999971E9	9.74955870540173208E-1
3.04800000000000004E9	9.74957791394630391E-1
3.04899999999999993E9	9.74959730484143705E-1
3.04999999999999982E9	9.74961687801038934E-1
3.05100000000000016E9	9.74963663341412534E-1
3.05200000000000005E9	9.74965657086040594E-1
3.05299999999999994E9	9.74967669030622908E-1
3.05399999999999983E9	9.74969699167376724E-1
3.05500000000000016E9	9.74971747477336592E-1
3.05600000000000005E9	9.74973813957497448E-1
3.05699999999999994E9	9.74975898602871993E-1
3.05800000000000027E9	9.74978001392909555E-1
3.05899999999999972E9	9.74980122324170928E-1
3.06000000000000005E9	9.74982261381410176E-1
3.06100000000000039E9	9.74984418570073075E-1
3.06199999999999983E9	9.74986593866512585E-1
3.06300000000000017E9	9.74988787252275380E-1
3.06399999999999961E9	9.74990998742677561E-1
3.06499999999999995E9	9.74993228318772154E-1
3.06600000000000028E9	9.74995475951074475E-1
3.06699999999999973E9	9.74997741661016981E-1
3.06800000000000006E9	9.75000025410492555E-1
3.06899999999999995E9	9.75002327211605646E-1
3.06999999999999984E9	9.75004647046746875E-1
3.07100000000000017E9	9.75006984899509987E-1
3.07200000000000006E9	9.75009340770968080E-1
3.07299999999999995E9	9.75011714641833294E-1
3.07399999999999984E9	9.75014106507688538E-1
3.07500000000000018E9	9.75016516357471730E-1
3.07600000000000007E9	9.75018944184083836E-1
3.07699999999999996E9	9.75021389971277586E-1
3.07800000000000029E9	9.75023853712423971E-1
3.07899999999999974E9	9.75026335404514022E-1
3.08000000000000007E9	9.75028835031893948E-1
3.08100000000000041E9	9.75031352580306887E-1
3.08199999999999985E9	9.75033888048185560E-1
3.08300000000000018E9	9.75036441416539468E-1
3.08399999999999963E9	9.75039012682896100E-1
3.08499999999999996E9	9.75041601836960048E-1
3.08600000000000030E9	9.75044208864021300E-1
3.08699999999999974E9	9.75046833764414878E-1
3.08800000000000008E9	9.75049476509957458E-1
3.08899999999999952E9	9.75052137114049522E-1
3.08999999999999986E9	9.75054815548654119E-1
3.09100000000000019E9	9.75057511810448219E-1
3.09199999999999964E9	9.75060225894181443E-1
3.09299999999999997E9	9.75062957776423289E-1
3.09399999999999986E9	9.75065707464359832E-1
3.09499999999999975E9	9.75068474935527973E-1
3.09600000000000009E9	9.75071260183091937E-1
3.09699999999999998E9	9.75074063201352637E-1
3.09799999999999986E9	9.75076883973968833E-1
3.09899999999999975E9	9.75079722497558521E-1
3.10000000000000009E9	9.75082578763435670E-1
3.10099999999999998E9	9.75085452752370152E-1
3.10199999999999987E9	9.75088344460427869E-1
3.10300000000000020E9	9.75091253877477726E-1
3.10400000000000009E9	9.75094180987092152E-1
3.10499999999999998E9	9.75097125796162878E-1
3.10600000000000032E9	9.75100088276535892E-1
3.10700000000000021E9	9.75103068428776787E-1
3.10800000000000010E9	9.75106066235420599E-1
3.10899999999999954E9	9.75109081698998637E-1
3.11000000000000032E9	9.75112114793368612E-1
3.11100000000000021E9	9.75115165527012806E-1
3.11199999999999966E9	9.75118233869094553E-1
3.11300000000000043E9	9.75121319822394028E-1
3.11399999999999988E9	9.75124423381623906E-1
3.11499999999999977E9	9.75127544525970080E-1
3.11600000000000055E9	9.75130683247603436E-1
3.11699999999999999E9	9.75133839538902691E-1
3.11799999999999988E9	9.75137013391650420E-1
3.11899999999999977E9	9.75140204796117160E-1
3.12000000000000011E9	9.75143413739507281E-1
3.12100000000000000E9	9.75146640209758075E-1
3.12199999999999989E9	9.75149884199527150E-1
3.12300000000000022E9	9.75153145699352208E-1
3.12399999999999967E9	9.75156424703804348E-1
3.12500000000000000E9	9.75159721188917850E-1
3.12600000000000033E9	9.75163035154843527E-1
3.12699999999999978E9	9.75166366596187117E-1
3.12800000000000011E9	9.75169715501935386E-1
3.12900000000000000E9	9.75173081847854561E-1
3.12999999999999989E9	9.75176465640090129E-1
3.13100000000000023E9	9.75179866851779309E-1
3.13200000000000012E9	9.75183285496221863E-1
3.13300000000000001E9	9.75186721548799262E-1
3.13399999999999945E9	9.75190174990461145E-1
3.13500000000000023E9	9.75193645831047462E-1
3.13600000000000012E9	9.75197134046508296E-1
3.13699999999999957E9	9.75200639638494593E-1
3.13800000000000034E9	9.75204162581548317E-1
3.13899999999999979E9	9.75207702878740790E-1
3.13999999999999968E9	9.75211260520359247E-1
3.14100000000000046E9	9.75214835483535936E-1
3.14199999999999990E9	9.75218427774863805E-1
3.14299999999999979E9	9.75222037365772465E-1
3.14399999999999968E9	9.75225664263686198E-1
3.14500000000000002E9	9.75229308446574095E-1
3.14599999999999991E9	9.75232969910805458E-1
3.14699999999999980E9	9.75236648647985049E-1
3.14800000000000013E9	9.75240344641279044E-1
3.14900000000000002E9	9.75244057881381643E-1
3.14999999999999991E9	9.75247788368833213E-1
3.15100000000000025E9	9.75251536081165504E-1
3.15200000000000014E9	9.75255301012338904E-1
3.15300000000000002E9	9.75259083153443562E-1
3.15399999999999991E9	9.75262882493719374E-1
3.15500000000000025E9	9.75266699021867289E-1
3.15600000000000014E9	9.75270532727583728E-1
3.15700000000000003E9	9.75274383605908923E-1
3.15800000000000036E9	9.75278251642868632E-1
3.15899999999999981E9	9.75282136826547408E-1
3.16000000000000014E9	9.75286039150615558E-1
3.16100000000000048E9	9.75289958603158169E-1
3.16199999999999992E9	9.75293895178695891E-1
3.16300000000000026E9	9.75297848852920168E-1
3.16399999999999970E9	9.75301819632419864E-1
3.16500000000000004E9	9.75305807498062904E-1
3.16600000000000037E9	9.75309812443242308E-1
3.16699999999999982E9	9.75313834456575179E-1
3.16800000000000015E9	9.75317873524536338E-1
3.16899999999999959E9	9.75321929642200480E-1
3.16999999999999993E9	9.75326002803899605E-1
3.17100000000000026E9	9.75330092989316988E-1
3.17199999999999971E9	9.75334200188979494E-1
3.17300000000000004E9	9.75338324402215662E-1
3.17399999999999993E9	9.75342465610157028E-1
3.17499999999999982E9	9.75346623802489177E-1
3.17600000000000016E9	9.75350798978330857E-1
3.17700000000000005E9	9.75354991116546621E-1
3.17799999999999994E9	9.75359200208686516E-1
3.17899999999999983E9	9.75363426253953847E-1
3.18000000000000016E9	9.75367669235714807E-1
3.18100000000000005E9	9.75371929143941330E-1
3.18199999999999994E9	9.75376205967327969E-1
3.18300000000000027E9	9.75380499696477621E-1
3.18399999999999972E9	9.75384810321374474E-1
3.18500000000000005E9	9.75389137837007603E-1
3.18600000000000039E9	9.75393482225787167E-1
3.18699999999999983E9	9.75397843472843817E-1
3.18800000000000017E9	9.75402221590328544E-1
3.18899999999999961E9	9.75406616550149508E-1
3.18999999999999995E9	9.75411028335562946E-1
3.19100000000000028E9	9.75415456958350546E-1
3.19199999999999973E9	9.75419902395071148E-1
3.19300000000000006E9	9.75424364634371699E-1
3.19399999999999995E9	9.75428843663083533E-1
3.19499999999999984E9	9.75433339480469108E-1
3.19600000000000017E9	9.75437852079372547E-1
3.19700000000000006E9	9.75442381432613281E-1
3.19799999999999995E9	9.75446927548504483E-1
3.19899999999999984E9	9.75451490400623733E-1
3.20000000000000018E9	9.75456069993975561E-1
3.20100000000000051E9	9.75460666306846846E-1
3.20199999999999951E9	9.75465279339949021E-1
3.20300000000000029E9	9.75469909071608576E-1
3.20399999999999974E9	9.75474555493636686E-1
3.20499999999999963E9	9.75479218604913356E-1
3.20600000000000041E9	9.75483898386719694E-1
3.20699999999999985E9	9.75488594832269840E-1
3.20799999999999974E9	9.75493307930830156E-1
3.20899999999999963E9	9.75498037670412188E-1
3.20999999999999996E9	9.75502784049299265E-1
3.21099999999999985E9	9.75507547040924017E-1
3.21199999999999974E9	9.75512326656469497E-1
3.21300000000000008E9	9.75517122860844843E-1
3.21399999999999997E9	9.75521935668726847E-1
3.21499999999999986E9	9.75526765050401679E-1
3.21600000000000019E9	9.75531611006427291E-1
3.21700000000000008E9	9.75536473526625691E-1
3.21799999999999997E9	9.75541352594720479E-1
3.21899999999999986E9	9.75546248203217381E-1
3.22000000000000020E9	9.75551160346150859E-1
3.22100000000000009E9	9.75556089002705207E-1
3.22199999999999998E9	9.75561034169922259E-1
3.22300000000000031E9	9.75565995846228340E-1
3.22399999999999931E9	9.75570974006771863E-1
3.22500000000000009E9	9.75575968650598213E-1
3.22600000000000042E9	9.75580979761503286E-1
3.22699999999999942E9	9.75586007338739769E-1
3.22800000000000020E9	9.75591051353603866E-1
3.22900000000000009E9	9.75596111814564004E-1
3.22999999999999954E9	9.75601188704947120E-1
3.23100000000000032E9	9.75606282014286919E-1
3.23200000000000021E9	9.75611391729608712E-1
3.23299999999999965E9	9.75616517845337050E-1
3.23399999999999954E9	9.75621660346878627E-1
3.23500000000000032E9	9.75626819228870445E-1
3.23599999999999977E9	9.75631994480072429E-1
3.23699999999999966E9	9.75637186083746677E-1
3.23800000000000043E9	9.75642394034298732E-1
3.23899999999999988E9	9.75647618331518984E-1
3.23999999999999977E9	9.75652858947786683E-1
3.24100000000000055E9	9.75658115890608535E-1
3.24199999999999999E9	9.75663389136343895E-1
3.24299999999999988E9	9.75668678670086109E-1
3.24399999999999977E9	9.75673984494199686E-1
3.24500000000000011E9	9.75679306598459206E-1
3.24600000000000000E9	9.75684644964938741E-1
3.24699999999999989E9	9.75689999585711298E-1
3.24800000000000022E9	9.75695370457825462E-1
3.24899999999999967E9	9.75700757561338072E-1
3.25000000000000000E9	9.75706160887958518E-1
3.25100000000000033E9	9.75711580435118009E-1
3.25199999999999978E9	9.75717016188464825E-1
3.25300000000000011E9	9.75722468130924092E-1
3.25400000000000000E9	9.75727936254309647E-1
3.25499999999999989E9	9.75733420555481246E-1
3.25600000000000023E9	9.75738921026439954E-1
3.25700000000000012E9	9.75744437642234352E-1
3.25800000000000001E9	9.75749970403384381E-1
3.25899999999999945E9	9.75755519303228702E-1
3.26000000000000023E9	9.75761084321772643E-1
3.26100000000000012E9	9.75766665449892834E-1
3.26199999999999957E9	9.75772262685518577E-1
3.26300000000000034E9	9.75777876014074863E-1
3.26400000000000023E9	9.75783505430167608E-1
3.26499999999999968E9	9.75789150906477509E-1
3.26600000000000046E9	9.75794812442997639E-1
3.26700000000000035E9	9.75800490047781111E-1
3.26799999999999979E9	9.75806183686867534E-1
3.26899999999999968E9	9.75811893345151304E-1
3.27000000000000046E9	9.75817619031749750E-1
3.27099999999999991E9	9.75823360730459299E-1
3.27199999999999980E9	9.75829118435794385E-1
3.27300000000000058E9	9.75834892123543440E-1
3.27399999999999958E9	9.75840681794967324E-1
3.27499999999999991E9	9.75846487431571319E-1
3.27600000000000069E9	9.75852309035864707E-1
3.27699999999999969E9	9.75858146582617181E-1
3.27800000000000002E9	9.75864000078309957E-1
3.27899999999999991E9	9.75869869495523190E-1
3.27999999999999980E9	9.75875754829279707E-1
3.28100000000000014E9	9.75881656075523729E-1
3.28200000000000003E9	9.75887573217703874E-1
3.28299999999999992E9	9.75893506257128607E-1
3.28399999999999981E9	9.75899455162987017E-1
3.28500000000000014E9	9.75905419936319518E-1
3.28600000000000003E9	9.75911400576639387E-1
3.28699999999999992E9	9.75917397064949022E-1
3.28800000000000026E9	9.75923409380891194E-1
3.28900000000000015E9	9.75929437530752253E-1
3.29000000000000004E9	9.75935481494267343E-1
3.29100000000000037E9	9.75941541264453249E-1
3.29200000000000026E9	9.75947616829357223E-1
3.29300000000000015E9	9.75953708180600898E-1
3.29399999999999959E9	9.75959815308650391E-1
3.29500000000000037E9	9.75965938208174677E-1
3.29600000000000026E9	9.75972076853126325E-1
3.29699999999999971E9	9.75978231252326722E-1
3.29800000000000049E9	9.75984401386626566E-1
3.29899999999999949E9	9.75990587238628038E-1
3.29999999999999982E9	9.75996788811905169E-1
3.30100000000000060E9	9.76003006087524305E-1
3.30199999999999960E9	9.76009239061493616E-1
3.30299999999999994E9	9.76015487707986651E-1
3.30399999999999983E9	9.76021752031972589E-1
3.30499999999999972E9	9.76028032017081060E-1
3.30600000000000005E9	9.76034327671164448E-1
3.30699999999999994E9	9.76040638959974238E-1
3.30799999999999983E9	9.76046965881056217E-1
3.30899999999999972E9	9.76053308419909982E-1
3.31000000000000005E9	9.76059666585854302E-1
3.31099999999999994E9	9.76066040331954454E-1
3.31199999999999983E9	9.76072429687325638E-1
3.31300000000000017E9	9.76078834624907898E-1
3.31400000000000006E9	9.76085255131222063E-1
3.31499999999999995E9	9.76091691203528100E-1
3.31600000000000028E9	9.76098142810723246E-1
3.31700000000000017E9	9.76104609975591586E-1
3.31800000000000006E9	9.76111092662435453E-1
3.31899999999999995E9	9.76117590874891228E-1
3.32000000000000028E9	9.76124104591421826E-1
3.32100000000000017E9	9.76130633817987636E-1
3.32200000000000006E9	9.76137178536446903E-1
3.32300000000000040E9	9.76143738730924149E-1
3.32399999999999940E9	9.76150314390698703E-1
3.32500000000000018E9	9.76156905513656170E-1
3.32600000000000051E9	9.76163512082782958E-1
3.32699999999999951E9	9.76170134094788011E-1
3.32800000000000029E9	9.76176771538968779E-1
3.32899999999999974E9	9.76183424394598553E-1
3.32999999999999963E9	9.76190092662323927E-1
3.33100000000000041E9	9.76196776327027571E-1
3.33199999999999985E9	9.76203475390480158E-1
3.33299999999999974E9	9.76210189826837116E-1
3.33399999999999963E9	9.76216919623506385E-1
3.33499999999999996E9	9.76223664775609379E-1
3.33599999999999985E9	9.76230425287100623E-1
3.33699999999999974E9	9.76237201127954357E-1
3.33800000000000008E9	9.76243992300988950E-1
3.33899999999999997E9	9.76250798794722385E-1
3.33999999999999986E9	9.76257620596448561E-1
3.34100000000000019E9	9.76264457687887877E-1
3.34200000000000008E9	9.76271310055333963E-1
3.34299999999999997E9	9.76278177719372131E-1
3.34399999999999986E9	9.76285060636056912E-1
3.34500000000000020E9	9.76291958821863659E-1
3.34600000000000009E9	9.76298872242722737E-1
3.34699999999999998E9	9.76305800905094756E-1
3.34800000000000031E9	9.76312744788459064E-1
3.34899999999999931E9	9.76319703890001733E-1
3.35000000000000009E9	9.76326678195458619E-1
3.35100000000000042E9	9.76333667702874841E-1
3.35199999999999942E9	9.76340672382321273E-1
3.35300000000000020E9	9.76347692252338106E-1
3.35400000000000009E9	9.76354727265274391E-1
3.35499999999999954E9	9.76361777448454227E-1
3.35600000000000032E9	9.76368842768659384E-1
3.35700000000000021E9	9.76375923229022114E-1
3.35799999999999965E9	9.76383018814201442E-1
3.35899999999999954E9	9.76390129506419946E-1
3.36000000000000032E9	9.76397255312102530E-1
3.36099999999999977E9	9.76404396201292357E-1
3.36199999999999966E9	9.76411552183208187E-1
3.36300000000000043E9	9.76418723227175889E-1
3.36399999999999988E9	9.76425909340095721E-1
3.36499999999999977E9	9.76433110503948676E-1
3.36600000000000055E9	9.76440326722839913E-1
3.36699999999999999E9	9.76447557954694467E-1
3.36799999999999988E9	9.76454804221182648E-1
3.36899999999999977E9	9.76462065500437504E-1
3.37000000000000011E9	9.76469341773992738E-1
3.37100000000000000E9	9.76476633048999076E-1
3.37199999999999989E9	9.76483939304038628E-1
3.37300000000000022E9	9.76491260526459470E-1
3.37399999999999967E9	9.76498596708055011E-1
3.37500000000000000E9	9.76505947846605871E-1
3.37600000000000033E9	9.76513313931508264E-1
3.37699999999999978E9	9.76520694939744160E-1
3.37800000000000011E9	9.76528090863938836E-1
3.37900000000000000E9	9.76535501709701137E-1
3.37999999999999989E9	9.76542927454102028E-1
3.38100000000000023E9	9.76550368084871856E-1
3.38200000000000012E9	9.76557823605387831E-1
3.38300000000000001E9	9.76565293987890115E-1
3.38399999999999945E9	9.76572779238327904E-1
3.38500000000000023E9	9.76580279330632450E-1
3.38600000000000012E9	9.76587794264396969E-1
3.38699999999999957E9	9.76595324034134293E-1
3.38800000000000034E9	9.76602868617067976E-1
3.38900000000000023E9	9.76610428025270316E-1
3.38999999999999968E9	9.76618002213955627E-1
3.39100000000000046E9	9.76625591198385479E-1
3.39200000000000035E9	9.76633194966632878E-1
3.39299999999999979E9	9.76640813499968452E-1
3.39399999999999968E9	9.76648446792522229E-1
3.39500000000000046E9	9.76656094829441024E-1
3.39599999999999991E9	9.76663757618627137E-1
3.39699999999999980E9	9.76671435133492238E-1
3.39800000000000058E9	9.76679127360534416E-1
3.39899999999999958E9	9.76686834306556051E-1
3.39999999999999991E9	9.76694555943216791E-1
3.40100000000000069E9	9.76702292269333405E-1
3.40199999999999969E9	9.76710043277172524E-1
3.40300000000000002E9	9.76717808952919064E-1
3.40399999999999991E9	9.76725589290288454E-1
3.40499999999999980E9	9.76733384266372084E-1
3.40600000000000014E9	9.76741193886668491E-1
3.40700000000000003E9	9.76749018133088143E-1
3.40799999999999992E9	9.76756857002999723E-1
3.40899999999999981E9	9.76764710481586640E-1
3.41000000000000014E9	9.76772578552326998E-1
3.41100000000000003E9	9.76780461214351092E-1
3.41199999999999992E9	9.76788358458069261E-1
3.41300000000000026E9	9.76796270267250044E-1
3.41400000000000015E9	9.76804196629934829E-1
3.41500000000000004E9	9.76812137540945180E-1
3.41600000000000037E9	9.76820092998803524E-1
3.41700000000000026E9	9.76828062978234968E-1
3.41800000000000015E9	9.76836047480918523E-1
3.41899999999999959E9	9.76844046478874262E-1
3.42000000000000037E9	9.76852059981716359E-1
3.42100000000000026E9	9.76860087971664193E-1
3.42199999999999971E9	9.76868130431213189E-1
3.42300000000000049E9	9.76876187370280391E-1
3.42399999999999949E9	9.76884258762841462E-1
3.42499999999999982E9	9.76892344613705532E-1
3.42600000000000060E9	9.76900444884591934E-1
3.42699999999999960E9	9.76908559594272852E-1
3.42799999999999994E9	9.76916688718294957E-1
3.42899999999999983E9	9.76924832234245955E-1
3.42999999999999972E9	9.76932990173452609E-1
3.43100000000000005E9	9.76941162490468251E-1
3.43199999999999994E9	9.76949349185231597E-1
3.43299999999999983E9	9.76957550235017003E-1
3.43399999999999972E9	9.76965765653182316E-1
3.43500000000000005E9	9.76973995413972496E-1
3.43599999999999994E9	9.76982239524782159E-1
3.43699999999999983E9	9.76990497949584302E-1
3.43800000000000017E9	9.76998770694097551E-1
3.43900000000000006E9	9.77007057739739437E-1
3.43999999999999995E9	9.77015359099179648E-1
3.44100000000000028E9	9.77023674739340642E-1
3.44200000000000017E9	9.77032004648523866E-1
3.44300000000000006E9	9.77040348834872319E-1
3.44399999999999995E9	9.77048707282156492E-1
3.44500000000000028E9	9.77057079965408981E-1
3.44600000000000017E9	9.77065466889094658E-1
3.44700000000000006E9	9.77073868040072746E-1
3.44800000000000040E9	9.77082283416400088E-1
3.44899999999999940E9	9.77090712997206978E-1
3.45000000000000018E9	9.77099156770090005E-1
3.45100000000000051E9	9.77107614732219965E-1
3.45199999999999951E9	9.77116086864435474E-1
3.45300000000000029E9	9.77124573176250166E-1
3.45399999999999974E9	9.77133073644846561E-1
3.45499999999999963E9	9.77141588268521488E-1
3.45600000000000041E9	9.77150117018136122E-1
3.45699999999999985E9	9.77158659899311743E-1
3.45799999999999974E9	9.77167216888508783E-1
3.45899999999999963E9	9.77175787999340173E-1
3.45999999999999996E9	9.77184373201508372E-1
3.46099999999999985E9	9.77192972499808299E-1
3.46199999999999974E9	9.77201585873001122E-1
3.46300000000000008E9	9.77210213301456676E-1
3.46399999999999997E9	9.77218854811446391E-1
3.46499999999999986E9	9.77227510354038031E-1
3.46600000000000019E9	9.77236179938498140E-1
3.46700000000000008E9	9.77244863549941911E-1
3.46799999999999997E9	9.77253561171236740E-1
3.46899999999999986E9	9.77262272821298517E-1
3.47000000000000020E9	9.77270998461773033E-1
3.47100000000000009E9	9.77279738099894146E-1
3.47199999999999998E9	9.77288491698952555E-1
3.47300000000000031E9	9.77297259280991071E-1
3.47399999999999931E9	9.77306040809239285E-1
3.47500000000000009E9	9.77314836307444068E-1
3.47600000000000042E9	9.77323645728244017E-1
3.47699999999999942E9	9.77332469081994226E-1
3.47800000000000020E9	9.77341306350967898E-1
3.47900000000000009E9	9.77350157547263976E-1
3.47999999999999954E9	9.77359022638658459E-1
3.48100000000000032E9	9.77367901610449152E-1
3.48200000000000021E9	9.77376794462650800E-1
3.48299999999999965E9	9.77385701188404177E-1
3.48399999999999954E9	9.77394621775383854E-1
3.48500000000000032E9	9.77403556207842250E-1
3.48599999999999977E9	9.77412504494429335E-1
3.48699999999999966E9	9.77421466595723132E-1
3.48800000000000043E9	9.77430442535459498E-1
3.48899999999999988E9	9.77439432272509556E-1
3.48999999999999977E9	9.77448435812569727E-1
3.49100000000000055E9	9.77457453149248323E-1
3.49199999999999999E9	9.77466484270336089E-1
3.49299999999999988E9	9.77475529154224354E-1
3.49399999999999977E9	9.77484587808879724E-1
3.49500000000000011E9	9.77493660210804372E-1
3.49600000000000000E9	9.77502746362058694E-1
3.49699999999999989E9	9.77511846238528648E-1
3.49800000000000022E9	9.77520959846096815E-1
3.49899999999999967E9	9.77530087153434657E-1
3.50000000000000000E9	9.77539228168526364E-1
3.50100000000000033E9	9.77548382880755184E-1
3.50199999999999978E9	9.77557551276037451E-1
3.50300000000000011E9	9.77566733354015582E-1
3.50400000000000000E9	9.77575929081021400E-1
3.50499999999999989E9	9.77585138461782677E-1
3.50600000000000023E9	9.77594361503367537E-1
3.50700000000000012E9	9.77603598162496468E-1
3.50800000000000001E9	9.77612848457479267E-1
3.50899999999999945E9	9.77622112368904439E-1
3.51000000000000023E9	9.77631389877491941E-1
3.51100000000000012E9	9.77640680986603705E-1
3.51199999999999957E9	9.77649985684774414E-1
3.51300000000000034E9	9.77659303943371683E-1
3.51400000000000023E9	9.77668635779525985E-1
3.51499999999999968E9	9.77677981174868371E-1
3.51600000000000046E9	9.77687340114504622E-1
3.51700000000000035E9	9.77696712594434381E-1
3.51799999999999979E9	9.77706098590148720E-1
3.51899999999999968E9	9.77715498114516990E-1
3.52000000000000046E9	9.77724911144020226E-1
3.52099999999999991E9	9.77734337662771935E-1
3.52199999999999980E9	9.77743777681842374E-1
3.52300000000000058E9	9.77753231180226123E-1
3.52399999999999958E9	9.77762698144789866E-1
3.52499999999999991E9	9.77772178559314398E-1
3.52600000000000069E9	9.77781672445228978E-1
3.52699999999999969E9	9.77791179751603856E-1
3.52800000000000002E9	9.77800700485706287E-1
3.52899999999999991E9	9.77810234667323108E-1
3.52999999999999980E9	9.77819782236856128E-1
3.53100000000000014E9	9.77829343193970502E-1
3.53200000000000003E9	9.77838917562853993E-1
3.53299999999999992E9	9.77848505312589467E-1
3.53399999999999981E9	9.77858106437429520E-1
3.53500000000000014E9	9.77867720914029626E-1
3.53600000000000003E9	9.77877348755219344E-1
3.53699999999999992E9	9.77886989927181460E-1
3.53800000000000026E9	9.77896644434958162E-1
3.53900000000000015E9	9.77906312260171617E-1
3.54000000000000004E9	9.77915993418233143E-1
3.54100000000000037E9	9.77925687870117422E-1
3.54200000000000026E9	9.77935395611189406E-1
3.54300000000000015E9	9.77945116639509848E-1
3.54399999999999959E9	9.77954850955537580E-1
3.54500000000000037E9	9.77964598535878871E-1
3.54600000000000026E9	9.77974359347232003E-1
3.54699999999999971E9	9.77984133421066382E-1
3.54800000000000049E9	9.77993920734901678E-1
3.54899999999999949E9	9.78003721282565941E-1
3.54999999999999982E9	9.78013535031312564E-1
3.55100000000000060E9	9.78023361998410046E-1
3.55199999999999960E9	9.78033202157003601E-1
3.55299999999999994E9	9.78043055511720638E-1
3.55399999999999983E9	9.78052922048037310E-1
3.55499999999999972E9	9.78062801747601895E-1
3.55600000000000005E9	9.78072694604830239E-1
3.55699999999999994E9	9.78082600612375686E-1
3.55799999999999983E9	9.78092519769415070E-1
3.55899999999999972E9	9.78102452041567716E-1
3.56000000000000005E9	9.78112397441479686E-1
3.56099999999999994E9	9.78122355965045998E-1
3.56199999999999983E9	9.78132327591882245E-1
3.56300000000000017E9	9.78142312298806260E-1
3.56400000000000006E9	9.78152310095987154E-1
3.56499999999999995E9	9.78162320950761988E-1
3.56600000000000028E9	9.78172344894394463E-1
3.56700000000000017E9	9.78182381877895324E-1
3.56800000000000006E9	9.78192431903828385E-1
3.56899999999999995E9	9.78202494971471204E-1
3.57000000000000028E9	9.78212571069281367E-1
3.57100000000000017E9	9.78222660175489622E-1
3.57200000000000006E9	9.78232762291513325E-1
3.57300000000000040E9	9.78242877411446976E-1
3.57399999999999940E9	9.78253005512381080E-1
3.57500000000000018E9	9.78263146593637067E-1
3.57600000000000051E9	9.78273300638260856E-1
3.57699999999999951E9	9.78283467647115934E-1
3.57800000000000029E9	9.78293647607180539E-1
3.57899999999999974E9	9.78303840502957556E-1
3.57999999999999963E9	9.78314046335126264E-1
3.58100000000000041E9	9.78324265092855860E-1
3.58199999999999985E9	9.78334496749459248E-1
3.58299999999999974E9	9.78344741315736499E-1
3.58399999999999963E9	9.78354998769784778E-1
3.58499999999999996E9	9.78365269116833680E-1
3.58599999999999985E9	9.78375552332114040E-1
3.58699999999999974E9	9.78385848422719739E-1
3.58800000000000008E9	9.78396157354038110E-1
3.58899999999999997E9	9.78406479129674445E-1
3.58999999999999986E9	9.78416813768585492E-1
3.59100000000000019E9	9.78427161203784301E-1
3.59200000000000008E9	9.78437521465939142E-1
3.59299999999999997E9	9.78447894532607876E-1
3.59399999999999986E9	9.78458280406807823E-1
3.59500000000000020E9	9.78468679067249525E-1
3.59600000000000009E9	9.78479090502324844E-1
3.59699999999999998E9	9.78489514708221719E-1
3.59800000000000031E9	9.78499951664480960E-1
3.59899999999999931E9	9.78510401394138896E-1
3.60000000000000009E9	9.78520863853070111E-1
3.60100000000000042E9	9.78531339045879989E-1
3.60199999999999942E9	9.78541826963585315E-1
3.60300000000000020E9	9.78552327600045047E-1
3.60400000000000009E9	9.78562840940297818E-1
3.60499999999999954E9	9.78573366973899539E-1
3.60600000000000032E9	9.78583905682709521E-1
3.60700000000000021E9	9.78594457074306767E-1
3.60799999999999965E9	9.78605021143172138E-1
3.60899999999999954E9	9.78615597856977892E-1
3.61000000000000032E9	9.78626187226705113E-1
3.61099999999999977E9	9.78636789225458337E-1
3.61199999999999966E9	9.78647403863088527E-1
3.61300000000000043E9	9.78658031117183569E-1
3.61399999999999988E9	9.78668670984249545E-1
3.61499999999999977E9	9.78679323450181649E-1
3.61600000000000055E9	9.78689988507626651E-1
3.61699999999999999E9	9.78700666154441201E-1
3.61799999999999988E9	9.78711356368286012E-1
3.61899999999999977E9	9.78722059149238532E-1
3.62000000000000011E9	9.78732774477471601E-1
3.62100000000000000E9	9.78743502363936813E-1
3.62199999999999989E9	9.78754242776498806E-1
3.62300000000000022E9	9.78764995727390108E-1
3.62399999999999967E9	9.78775761180999382E-1
3.62500000000000000E9	9.78786539156514657E-1
3.62600000000000033E9	9.78797329631533586E-1
3.62699999999999978E9	9.78808132583111501E-1
3.62800000000000011E9	9.78818948027238278E-1
3.62900000000000000E9	9.78829775945233393E-1
3.62999999999999989E9	9.78840616312091782E-1
3.63100000000000023E9	9.78851469139562980E-1
3.63200000000000012E9	9.78862334413467394E-1
3.63300000000000001E9	9.78873212109974311E-1
3.63399999999999945E9	9.78884102238551534E-1
3.63500000000000023E9	9.78895004789824341E-1
3.63600000000000012E9	9.78905919746149955E-1
3.63699999999999957E9	9.78916847109828581E-1
3.63800000000000034E9	9.78927786843828684E-1
3.63900000000000023E9	9.78938738952174248E-1
3.63999999999999968E9	9.78949703444998143E-1
3.64100000000000046E9	9.78960680304243525E-1
3.64200000000000035E9	9.78971669497739505E-1
3.64299999999999979E9	9.78982671036229668E-1
3.64399999999999968E9	9.78993684907937656E-1
3.64500000000000046E9	9.79004711120632898E-1
3.64599999999999991E9	9.79015749626688070E-1
3.64699999999999980E9	9.79026800447273615E-1
3.64800000000000058E9	9.79037863562949973E-1
3.64899999999999958E9	9.79048938969737570E-1
3.64999999999999991E9	9.79060026657523252E-1
3.65100000000000069E9	9.79071126608996245E-1
3.65199999999999969E9	9.79082238806934058E-1
3.65300000000000002E9	9.79093363274045103E-1
3.65399999999999991E9	9.79104499975164444E-1
3.65499999999999980E9	9.79115648906389779E-1
3.65600000000000014E9	9.79126810069482012E-1
3.65700000000000003E9	9.79137983436425685E-1
3.65799999999999992E9	9.79149169008866949E-1
3.65899999999999981E9	9.79160366795126436E-1
3.66000000000000014E9	9.79171576751489958E-1
3.66100000000000003E9	9.79182798892860795E-1
3.66199999999999992E9	9.79194033197382119E-1
3.66300000000000026E9	9.79205279665258033E-1
3.66400000000000015E9	9.79216538283234073E-1
3.66500000000000004E9	9.79227809045730169E-1
3.66600000000000037E9	9.79239091930456063E-1
3.66700000000000026E9	9.79250386939049910E-1
3.66800000000000015E9	9.79261694070297750E-1
3.66899999999999959E9	9.79273013296700512E-1
3.67000000000000037E9	9.79284344629482284E-1
3.67100000000000026E9	9.79295688049346147E-1
3.67199999999999971E9	9.79307043551180456E-1
3.67300000000000049E9	9.79318411103373698E-1
3.67399999999999949E9	9.79329790729313920E-1
3.67499999999999982E9	9.79341182391211262E-1
3.67600000000000060E9	9.79352586115259705E-1
3.67699999999999960E9	9.79364001869359235E-1
3.67799999999999994E9	9.79375429632235672E-1
3.67899999999999983E9	9.79386869426899942E-1
3.67999999999999972E9	9.79398321221610502E-1
3.68100000000000005E9	9.79409785004342837E-1
3.68199999999999994E9	9.79421260788373971E-1
3.68299999999999983E9	9.79432748538030751E-1
3.68399999999999972E9	9.79444248265754958E-1
3.68500000000000005E9	9.79455759964527850E-1
3.68599999999999994E9	9.79467283601653982E-1
3.68699999999999983E9	9.79478819191624694E-1
3.68800000000000017E9	9.79490366699956105E-1
3.68900000000000006E9	9.79501926136684986E-1
3.68999999999999995E9	9.79513497499606878E-1
3.69100000000000028E9	9.79525080771320944E-1
3.69200000000000017E9	9.79536675929840506E-1
3.69300000000000006E9	9.79548282994892894E-1
3.69399999999999995E9	9.79559901921425435E-1
3.69500000000000028E9	9.79571532723922012E-1
3.69600000000000017E9	9.79583175382425786E-1
3.69700000000000006E9	9.79594829915357224E-1
3.69800000000000040E9	9.79606496283328099E-1
3.69899999999999940E9	9.79618174487946725E-1
3.70000000000000018E9	9.79629864502823899E-1
3.70100000000000051E9	9.79641566364896832E-1
3.70199999999999951E9	9.79653280030754203E-1
3.70300000000000029E9	9.79665005481686357E-1
3.70399999999999974E9	9.79676742738483597E-1
3.70499999999999963E9	9.79688491766309610E-1
3.70600000000000041E9	9.79700252569852204E-1
3.70699999999999985E9	9.79712025146126031E-1
3.70799999999999974E9	9.79723809468735674E-1
3.70899999999999963E9	9.79735605541005228E-1
3.70999999999999996E9	9.79747413358971286E-1
3.71099999999999985E9	9.79759232899244914E-1
3.71199999999999974E9	9.79771064166645012E-1
3.71300000000000008E9	9.79782907153328964E-1
3.71399999999999997E9	9.79794761825314708E-1
3.71499999999999986E9	9.79806628192538298E-1
3.71600000000000019E9	9.79818506253379695E-1
3.71700000000000008E9	9.79830395998711090E-1
3.71799999999999997E9	9.79842297397511075E-1
3.71899999999999986E9	9.79854210463373576E-1
3.72000000000000020E9	9.79866135183776699E-1
3.72100000000000009E9	9.79878071532821515E-1
3.72199999999999998E9	9.79890019530004786E-1
3.72300000000000031E9	9.79901979141967239E-1
3.72399999999999931E9	9.79913950385699906E-1
3.72500000000000009E9	9.79925933209791111E-1
3.72600000000000042E9	9.79937927643786466E-1
3.72699999999999942E9	9.79949933662717854E-1
3.72800000000000020E9	9.79961951286656507E-1
3.72900000000000009E9	9.79973980457504013E-1
3.72999999999999954E9	9.79986021191085577E-1
3.73100000000000032E9	9.79998073477518616E-1
3.73200000000000021E9	9.80010137324024377E-1
3.73299999999999965E9	9.80022212699612183E-1
3.73399999999999954E9	9.80034299615702942E-1
3.73500000000000032E9	9.80046398043254641E-1
3.73599999999999977E9	9.80058507975856941E-1
3.73699999999999966E9	9.80070629409134142E-1
3.73800000000000043E9	9.80082762350399150E-1
3.73899999999999988E9	9.80094906762641571E-1
3.73999999999999977E9	9.80107062653240391E-1
3.74100000000000055E9	9.80119230024529742E-1
3.74199999999999999E9	9.80131408839346996E-1
3.74299999999999988E9	9.80143599123352161E-1
3.74399999999999977E9	9.80155800835409963E-1
3.74500000000000011E9	9.80168013964308038E-1
3.74600000000000000E9	9.80180238545857030E-1
3.74699999999999989E9	9.80192474533776092E-1
3.74800000000000022E9	9.80204721934177670E-1
3.74899999999999967E9	9.80216980721605324E-1
3.75000000000000000E9	9.80229250903576599E-1
3.75100000000000033E9	9.80241532478189370E-1
3.75199999999999978E9	9.80253825418723679E-1
3.75300000000000011E9	9.80266129715164958E-1
3.75400000000000000E9	9.80278445373793517E-1
3.75499999999999989E9	9.80290772382709719E-1
3.75600000000000023E9	9.80303110723572857E-1
3.75700000000000012E9	9.80315460406453454E-1
3.75800000000000001E9	9.80327821402679156E-1
3.75899999999999945E9	9.80340193712078189E-1
3.76000000000000023E9	9.80352577332075725E-1
3.76100000000000012E9	9.80364972251275191E-1
3.76199999999999957E9	9.80377378446497971E-1
3.76300000000000034E9	9.80389795920051732E-1
3.76400000000000023E9	9.80402224684474710E-1
3.76499999999999968E9	9.80414664680380987E-1
3.76600000000000046E9	9.80427115955342998E-1
3.76700000000000035E9	9.80439578444714144E-1
3.76799999999999979E9	9.80452052217027870E-1
3.76899999999999968E9	9.80464537191888752E-1
3.77000000000000046E9	9.80477033375756690E-1
3.77099999999999991E9	9.80489540768836498E-1
3.77199999999999980E9	9.80502059392567560E-1
3.77300000000000058E9	9.80514589198340758E-1
3.77399999999999958E9	9.80527130176399453E-1
3.77499999999999991E9	9.80539682352389796E-1
3.77600000000000069E9	9.80552245686501500E-1
3.77699999999999969E9	9.80564820185095343E-1
3.77800000000000002E9	9.80577405832472238E-1
3.77899999999999991E9	9.80590002611069522E-1
3.77999999999999980E9	9.80602610541597208E-1
3.78100000000000014E9	9.80615229597309224E-1
3.78200000000000003E9	9.80627859776952704E-1
3.78299999999999992E9	9.80640501057904856E-1
3.78399999999999981E9	9.80653153454123583E-1
3.78500000000000014E9	9.80665816906603993E-1
3.78600000000000003E9	9.80678491491399740E-1
3.78699999999999992E9	9.80691177115401302E-1
3.78800000000000026E9	9.80703873826477768E-1
3.78900000000000015E9	9.80716581599706672E-1
3.79000000000000004E9	9.80729300419266714E-1
3.79100000000000037E9	9.80742030271690979E-1
3.79200000000000026E9	9.80754771191651464E-1
3.79300000000000015E9	9.80767523115300399E-1
3.79399999999999959E9	9.80780286043999894E-1
3.79500000000000037E9	9.80793059993309058E-1
3.79600000000000026E9	9.80805844943372307E-1
3.79699999999999971E9	9.80818640897215133E-1
3.79800000000000049E9	9.80831447829214298E-1
3.79899999999999949E9	9.80844265738011067E-1
3.79999999999999982E9	9.80857094617008585E-1
3.80100000000000060E9	9.80869934469016869E-1
3.80199999999999960E9	9.80882785255511003E-1
3.80299999999999994E9	9.80895646984802738E-1
3.80399999999999983E9	9.80908519671477030E-1
3.80499999999999972E9	9.80921403248578727E-1
3.80600000000000005E9	9.80934297766341068E-1
3.80699999999999994E9	9.80947203212340213E-1
3.80799999999999983E9	9.80960119528259078E-1
3.80899999999999972E9	9.80973046756403022E-1
3.81000000000000005E9	9.80985984866155292E-1
3.81099999999999994E9	9.80998933853888566E-1
3.81199999999999983E9	9.81011893713567851E-1
3.81300000000000017E9	9.81024864431067911E-1
3.81400000000000006E9	9.81037846006761249E-1
3.81499999999999995E9	9.81050838430067529E-1
3.81600000000000028E9	9.81063841680068549E-1
3.81700000000000017E9	9.81076855780967882E-1
3.81800000000000006E9	9.81089880671447467E-1
3.81899999999999995E9	9.81102916393231794E-1
3.82000000000000028E9	9.81115962910464745E-1
3.82100000000000017E9	9.81129020226928716E-1
3.82200000000000006E9	9.81142088335099594E-1
3.82300000000000040E9	9.81155167221344726E-1
3.82399999999999940E9	9.81168256889900192E-1
3.82500000000000018E9	9.81181357309406010E-1
3.82600000000000051E9	9.81194468486389582E-1
3.82699999999999951E9	9.81207590393392337E-1
3.82800000000000029E9	9.81220723074177670E-1
3.82899999999999974E9	9.81233866464899585E-1
3.82999999999999963E9	9.81247020592685004E-1
3.83100000000000041E9	9.81260185425745313E-1
3.83199999999999985E9	9.81273360963214891E-1
3.83299999999999974E9	9.81286547197070291E-1
3.83399999999999963E9	9.81299744135347929E-1
3.83499999999999996E9	9.81312951739804618E-1
3.83599999999999985E9	9.81326170052548896E-1
3.83699999999999974E9	9.81339398987405787E-1
3.83800000000000008E9	9.81352638613380712E-1
3.83899999999999997E9	9.81365888880733550E-1
3.83999999999999986E9	9.81379149786438987E-1
3.84100000000000019E9	9.81392421334587972E-1
3.84200000000000008E9	9.81405703507487814E-1
3.84299999999999997E9	9.81418996283522560E-1
3.84399999999999986E9	9.81432299699908484E-1
3.84500000000000020E9	9.81445613707022346E-1
3.84600000000000009E9	9.81458938289535254E-1
3.84699999999999998E9	9.81472273478900803E-1
3.84800000000000031E9	9.81485619248436336E-1
3.84899999999999931E9	9.81498975587325617E-1
3.85000000000000009E9	9.81512342468658616E-1
3.85100000000000042E9	9.81525719935859620E-1
3.85199999999999942E9	9.81539107943904376E-1
3.85300000000000020E9	9.81552506485170717E-1
3.85400000000000009E9	9.81565915561640878E-1
3.85499999999999954E9	9.81579335142133758E-1
3.85600000000000032E9	9.81592765250312915E-1
3.85700000000000021E9	9.81606205868307313E-1
3.85799999999999965E9	9.81619656990944378E-1
3.85899999999999954E9	9.81633118600002419E-1
3.86000000000000032E9	9.81646590697495647E-1
3.86099999999999977E9	9.81660073268729683E-1
3.86199999999999966E9	9.81673566314950818E-1
3.86300000000000043E9	9.81687069810009660E-1
3.86399999999999988E9	9.81700583754523493E-1
3.86499999999999977E9	9.81714108154428722E-1
3.86600000000000055E9	9.81727643000976435E-1
3.86699999999999999E9	9.81741188243258378E-1
3.86799999999999988E9	9.81754743933809770E-1
3.86899999999999977E9	9.81768310046663117E-1
3.87000000000000011E9	9.81781886534017723E-1
3.87100000000000000E9	9.81795473440738675E-1
3.87199999999999989E9	9.81809070727927491E-1
3.87300000000000022E9	9.81822678406717664E-1
3.87399999999999967E9	9.81836296459319513E-1
3.87500000000000000E9	9.81849924864501311E-1
3.87600000000000033E9	9.81863563632355962E-1
3.87699999999999978E9	9.81877212766657692E-1
3.87800000000000011E9	9.81890872229687162E-1
3.87900000000000000E9	9.81904542020573423E-1
3.87999999999999989E9	9.81918222164795118E-1
3.88100000000000023E9	9.81931912616122560E-1
3.88200000000000012E9	9.81945613398003125E-1
3.88300000000000001E9	9.81959324440002490E-1
3.88399999999999945E9	9.81973045829136382E-1
3.88500000000000023E9	9.81986777462036109E-1
3.88600000000000012E9	9.82000519395602645E-1
3.88699999999999957E9	9.82014271616476897E-1
3.88800000000000034E9	9.82028034099163349E-1
3.88900000000000023E9	9.82041806831685449E-1
3.88999999999999968E9	9.82055589817191432E-1
3.89100000000000046E9	9.82069383063021206E-1
3.89200000000000035E9	9.82083186510170947E-1
3.89299999999999979E9	9.82097000216248084E-1
3.89399999999999968E9	9.82110824124946191E-1
3.89500000000000046E9	9.82124658251066585E-1
3.89599999999999991E9	9.82138502591488205E-1
3.89699999999999980E9	9.82152357114932784E-1
3.89800000000000058E9	9.82166221840924791E-1
3.89899999999999958E9	9.82180096731960894E-1
3.89999999999999991E9	9.82193981812595496E-1
3.90100000000000069E9	9.82207877051873979E-1
3.90199999999999969E9	9.82221782466414517E-1
3.90300000000000002E9	9.82235698011342784E-1
3.90399999999999991E9	9.82249623722410803E-1
3.90499999999999980E9	9.82263559555666532E-1
3.90600000000000014E9	9.82277505525394012E-1
3.90700000000000003E9	9.82291461601751870E-1
3.90799999999999992E9	9.82305427820783805E-1
3.90899999999999981E9	9.82319404120521433E-1
3.91000000000000014E9	9.82333390513644744E-1
3.91100000000000003E9	9.82347387023348162E-1
3.91199999999999992E9	9.82361393618763934E-1
3.91300000000000026E9	9.82375410260869408E-1
3.91400000000000015E9	9.82389436988926334E-1
3.91500000000000004E9	9.82403473777650404E-1
3.91600000000000037E9	9.82417520648502318E-1
3.91700000000000026E9	9.82431577532219258E-1
3.91800000000000015E9	9.82445644457285816E-1
3.91899999999999959E9	9.82459721435870748E-1
3.92000000000000037E9	9.82473808408488303E-1
3.92100000000000026E9	9.82487905402640926E-1
3.92199999999999971E9	9.82502012412447456E-1
3.92300000000000049E9	9.82516129431120255E-1
3.92399999999999949E9	9.82530256450316486E-1
3.92499999999999982E9	9.82544393456512921E-1
3.92600000000000060E9	9.82558540415841186E-1
3.92699999999999960E9	9.82572697365323755E-1
3.92799999999999994E9	9.82586864278393968E-1
3.92899999999999983E9	9.82601041154587840E-1
3.92999999999999972E9	9.82615227971556493E-1
3.93100000000000005E9	9.82629424739372048E-1
3.93199999999999994E9	9.82643631425295361E-1
3.93299999999999983E9	9.82657848066892115E-1
3.93399999999999972E9	9.82672074636102444E-1
3.93500000000000005E9	9.82686311087601538E-1
3.93599999999999994E9	9.82700557449119394E-1
3.93699999999999983E9	9.82714813724413538E-1
3.93800000000000017E9	9.82729079878931344E-1
3.93900000000000006E9	9.82743355903837923E-1
3.93999999999999995E9	9.82757641843298657E-1
3.94100000000000028E9	9.82771937640284321E-1
3.94200000000000017E9	9.82786243277223548E-1
3.94300000000000006E9	9.82800558782592404E-1
3.94399999999999995E9	9.82814884138210942E-1
3.94500000000000028E9	9.82829219340501758E-1
3.94600000000000017E9	9.82843564356561572E-1
3.94700000000000006E9	9.82857919207987152E-1
3.94800000000000040E9	9.82872283887320464E-1
3.94899999999999940E9	9.82886658364120258E-1
3.95000000000000018E9	9.82901042651140955E-1
3.95100000000000051E9	9.82915436751564719E-1
3.95199999999999951E9	9.82929840611826577E-1
3.95300000000000029E9	9.82944254269321327E-1
3.95399999999999974E9	9.82958677702581163E-1
3.95499999999999963E9	9.82973110914398340E-1
3.95600000000000041E9	9.82987553865149977E-1
3.95699999999999985E9	9.83002006581319243E-1
3.95799999999999974E9	9.83016469046177299E-1
3.95899999999999963E9	9.83030941249097978E-1
3.95999999999999996E9	9.83045423184623068E-1
3.96099999999999985E9	9.83059914839082438E-1
3.96199999999999974E9	9.83074416219942826E-1
3.96300000000000008E9	9.83088927307038318E-1
3.96399999999999997E9	9.83103448093710952E-1
3.96499999999999986E9	9.83117978563936035E-1
3.96600000000000019E9	9.83132518747960660E-1
3.96700000000000008E9	9.83147068634617050E-1
3.96799999999999997E9	9.83161628150965150E-1
3.96899999999999986E9	9.83176197362971749E-1
3.97000000000000020E9	9.83190776213854711E-1
3.97100000000000009E9	9.83205364748062394E-1
3.97199999999999998E9	9.83219962898686894E-1
3.97300000000000031E9	9.83234570713851852E-1
3.97399999999999931E9	9.83249188159585863E-1
3.97500000000000009E9	9.83263815201843094E-1
3.97600000000000042E9	9.83278451899632344E-1
3.97699999999999942E9	9.83293098199258964E-1
3.97800000000000020E9	9.83307754092201591E-1
3.97900000000000009E9	9.83322419591021202E-1
3.97999999999999954E9	9.83337094691027147E-1
3.98100000000000032E9	9.83351779352093125E-1
3.98200000000000021E9	9.83366473600978708E-1
3.98299999999999965E9	9.83381177416855756E-1
3.98399999999999954E9	9.83395890815121021E-1
3.98500000000000032E9	9.83410613740093353E-1
3.98599999999999977E9	9.83425346220851893E-1
3.98699999999999966E9	9.83440088230877762E-1
3.98800000000000043E9	9.83454839817613902E-1
3.98899999999999988E9	9.83469600910675190E-1
3.98999999999999977E9	9.83484371517588940E-1
3.99100000000000055E9	9.83499151647035319E-1
3.99199999999999999E9	9.83513941281432125E-1
3.99299999999999988E9	9.83528740413439984E-1
3.99399999999999977E9	9.83543549035558407E-1
3.99500000000000011E9	9.83558367148086710E-1
3.99600000000000000E9	9.83573194757798852E-1
3.99699999999999989E9	9.83588031811693142E-1
3.99800000000000022E9	9.83602878339986120E-1
3.99899999999999967E9	9.83617734334162286E-1
4.00000000000000000E9	9.83632599789794604E-1
4.00100000000000033E9	9.83647474672978817E-1
4.00199999999999978E9	9.83662358995883324E-1
4.00300000000000011E9	9.83677252757967935E-1
4.00399999999999956E9	9.83692155951892921E-1
4.00499999999999989E9	9.83707068545136920E-1
4.00600000000000023E9	9.83721990563901727E-1
4.00699999999999967E9	9.83736921989818036E-1
4.00800000000000001E9	9.83751862805165089E-1
4.00899999999999945E9	9.83766813018348785E-1
4.00999999999999979E9	9.83781772592412374E-1
4.01100000000000012E9	9.83796741551275744E-1
4.01199999999999957E9	9.83811719918832139E-1
4.01299999999999990E9	9.83826707612841922E-1
4.01400000000000023E9	9.83841704656049743E-1
4.01499999999999968E9	9.83856711069269352E-1
4.01600000000000001E9	9.83871726831569049E-1
4.01700000000000035E9	9.83886751927469305E-1
4.01799999999999979E9	9.83901786346211260E-1
4.01900000000000013E9	9.83916830108788432E-1
4.02000000000000046E9	9.83931883144670039E-1
4.02099999999999991E9	9.83946945538325224E-1
4.02200000000000024E9	9.83962017189332983E-1
4.02300000000000058E9	9.83977098182572441E-1
4.02399999999999913E9	9.83992188445836646E-1
4.02500000000000036E9	9.84007287972211664E-1
4.02600000000000069E9	9.84022396803805144E-1
4.02699999999999925E9	9.84037514910333400E-1
4.02800000000000047E9	9.84052642261706900E-1
4.02899999999999991E9	9.84067778863055054E-1
4.02999999999999936E9	9.84082924718577345E-1
4.03100000000000058E9	9.84098079849437646E-1
4.03200000000000003E9	9.84113244186901959E-1
4.03299999999999947E9	9.84128417752830131E-1
4.03399999999999981E9	9.84143600557521658E-1
4.03500000000000014E9	9.84158792569736107E-1
4.03599999999999959E9	9.84173993806102843E-1
4.03699999999999992E9	9.84189204251592464E-1
4.03800000000000026E9	9.84204423872436429E-1
4.03899999999999970E9	9.84219652704866377E-1
4.04000000000000004E9	9.84234890696585829E-1
4.04100000000000037E9	9.84250137874587061E-1
4.04199999999999982E9	9.84265394231649182E-1
4.04300000000000015E9	9.84280659761293819E-1
4.04399999999999959E9	9.84295934437049702E-1
4.04499999999999993E9	9.84311218261604992E-1
4.04600000000000026E9	9.84326511233213530E-1
4.04699999999999971E9	9.84341813364928164E-1
4.04800000000000004E9	9.84357124606487943E-1
4.04899999999999949E9	9.84372444981974226E-1
4.04999999999999982E9	9.84387774457992393E-1
4.05100000000000016E9	9.84403113093068072E-1
4.05199999999999960E9	9.84418460788252148E-1
4.05299999999999994E9	9.84433817599743044E-1
4.05400000000000027E9	9.84449183519226523E-1
4.05499999999999972E9	9.84464558491744413E-1
4.05600000000000005E9	9.84479942572884781E-1
4.05700000000000038E9	9.84495335734606059E-1
4.05799999999999983E9	9.84510737948183312E-1
4.05899999999999928E9	9.84526149239815318E-1
4.06000000000000050E9	9.84541569552300366E-1
4.06099999999999994E9	9.84556998959892482E-1
4.06199999999999939E9	9.84572437372691667E-1
4.06300000000000061E9	9.84587884826964732E-1
4.06400000000000006E9	9.84603341327706971E-1
4.06499999999999950E9	9.84618806842029493E-1
4.06600000000000072E9	9.84634281380177434E-1
4.06700000000000017E9	9.84649764921136672E-1
4.06799999999999962E9	9.84665257469551314E-1
4.06899999999999995E9	9.84680759023416385E-1
4.07000000000000028E9	9.84696269571798588E-1
4.07099999999999973E9	9.84711789080524369E-1
4.07200000000000006E9	9.84727317604856722E-1
4.07300000000000040E9	9.84742855092072134E-1
4.07399999999999984E9	9.84758401535865602E-1
4.07500000000000018E9	9.84773956925157634E-1
4.07600000000000051E9	9.84789521298808879E-1
4.07699999999999996E9	9.84805094591605901E-1
4.07800000000000029E9	9.84820676837089870E-1
4.07899999999999974E9	9.84836268035963158E-1
4.08000000000000007E9	9.84851868150129306E-1
4.08100000000000041E9	9.84867477188723406E-1
4.08199999999999985E9	9.84883095150006760E-1
4.08300000000000018E9	9.84898721997329929E-1
4.08399999999999963E9	9.84914357785889294E-1
4.08499999999999996E9	9.84930002450633779E-1
4.08600000000000030E9	9.84945655997892722E-1
4.08699999999999974E9	9.84961318450223899E-1
4.08800000000000008E9	9.84976989806215997E-1
4.08900000000000041E9	9.84992670002248616E-1
4.08999999999999986E9	9.85008359063226990E-1
4.09100000000000019E9	9.85024057016516608E-1
4.09200000000000053E9	9.85039763790203438E-1
4.09299999999999997E9	9.85055479432217673E-1
4.09399999999999942E9	9.85071203910383808E-1
4.09500000000000064E9	9.85086937224070702E-1
4.09600000000000009E9	9.85102679364386269E-1
4.09699999999999953E9	9.85118430326046912E-1
4.09800000000000075E9	9.85134190138092691E-1
4.09899999999999931E9	9.85149958742683651E-1
4.09999999999999964E9	9.85165736154085891E-1
4.10100000000000087E9	9.85181522359255624E-1
4.10199999999999942E9	9.85197317357682323E-1
4.10299999999999976E9	9.85213121164071204E-1
4.10400000000000009E9	9.85228933743046120E-1
4.10499999999999954E9	9.85244755090396040E-1
4.10599999999999987E9	9.85260585219503682E-1
4.10700000000000021E9	9.85276424109043880E-1
4.10799999999999965E9	9.85292271746930837E-1
4.10899999999999999E9	9.85308128170848718E-1
4.11000000000000032E9	9.85323993288195688E-1
4.11099999999999977E9	9.85339867196837282E-1
4.11200000000000010E9	9.85355749820535820E-1
4.11300000000000043E9	9.85371641161928302E-1
4.11399999999999988E9	9.85387541248199916E-1
4.11500000000000021E9	9.85403450027834538E-1
4.11600000000000055E9	9.85419367538477786E-1
4.11699999999999999E9	9.85435293746923335E-1
4.11800000000000033E9	9.85451228651161948E-1
4.11899999999999977E9	9.85467172254292834E-1
4.12000000000000011E9	9.85483124557988077E-1
4.12100000000000044E9	9.85499085514708106E-1
4.12199999999999989E9	9.85515055155538455E-1
4.12300000000000022E9	9.85531033465586148E-1
4.12399999999999967E9	9.85547020457716272E-1
4.12500000000000000E9	9.85563016081306031E-1
4.12600000000000033E9	9.85579020368145464E-1
4.12699999999999978E9	9.85595033292829648E-1
4.12800000000000011E9	9.85611054887656124E-1
4.12899999999999956E9	9.85627085084075105E-1
4.12999999999999989E9	9.85643123911450481E-1
4.13100000000000023E9	9.85659171373535870E-1
4.13199999999999967E9	9.85675227454108693E-1
4.13300000000000001E9	9.85691292146045939E-1
4.13399999999999945E9	9.85707365426052995E-1
4.13499999999999979E9	9.85723447342997616E-1
4.13600000000000012E9	9.85739537855497261E-1
4.13699999999999957E9	9.85755636915241773E-1
4.13799999999999990E9	9.85771744568878638E-1
4.13900000000000023E9	9.85787860826949291E-1
4.13999999999999968E9	9.85803985623808643E-1
4.14100000000000001E9	9.85820118971292736E-1
4.14200000000000035E9	9.85836260920658169E-1
4.14299999999999979E9	9.85852411405012319E-1
4.14400000000000013E9	9.85868570428998048E-1
4.14500000000000046E9	9.85884738035760222E-1
4.14599999999999991E9	9.85900914140974116E-1
4.14700000000000024E9	9.85917098779951750E-1
4.14800000000000058E9	9.85933291949954338E-1
4.14899999999999913E9	9.85949493633635399E-1
4.15000000000000036E9	9.85965703850641262E-1
4.15100000000000069E9	9.85981922548377376E-1
4.15199999999999925E9	9.85998149777002197E-1
4.15300000000000047E9	9.86014385507031221E-1
4.15399999999999991E9	9.86030629705410533E-1
4.15499999999999936E9	9.86046882384293255E-1
4.15600000000000058E9	9.86063143586440383E-1
4.15700000000000003E9	9.86079413228879709E-1
4.15799999999999947E9	9.86095691337005853E-1
4.15899999999999981E9	9.86111977918780624E-1
4.16000000000000014E9	9.86128272937208727E-1
4.16099999999999959E9	9.86144576465521538E-1
4.16199999999999992E9	9.86160888386939050E-1
4.16300000000000026E9	9.86177208771781189E-1
4.16399999999999970E9	9.86193537587153912E-1
4.16500000000000004E9	9.86209874841300760E-1
4.16600000000000037E9	9.86226220495767336E-1
4.16699999999999982E9	9.86242574605789635E-1
4.16800000000000015E9	9.86258937085840515E-1
4.16899999999999959E9	9.86275308014926466E-1
4.16999999999999993E9	9.86291687331904399E-1
4.17100000000000026E9	9.86308075046791721E-1
4.17199999999999971E9	9.86324471149485227E-1
4.17300000000000004E9	9.86340875670645723E-1
4.17399999999999949E9	9.86357288540455279E-1
4.17499999999999982E9	9.86373709785403996E-1
4.17600000000000016E9	9.86390139401510702E-1
4.17699999999999960E9	9.86406577398489937E-1
4.17799999999999994E9	9.86423023748387529E-1
4.17900000000000027E9	9.86439478428068917E-1
4.17999999999999972E9	9.86455941503698241E-1
4.18100000000000005E9	9.86472412888906547E-1
4.18200000000000038E9	9.86488892618355884E-1
4.18299999999999983E9	9.86505380695825096E-1
4.18399999999999928E9	9.86521877081416143E-1
4.18500000000000050E9	9.86538381781546825E-1
4.18599999999999994E9	9.86554894816385186E-1
4.18699999999999939E9	9.86571416147935665E-1
4.18800000000000061E9	9.86587945814511791E-1
4.18900000000000006E9	9.86604483758427087E-1
4.18999999999999950E9	9.86621029996275389E-1
4.19100000000000072E9	9.86637584515797350E-1
4.19200000000000017E9	9.86654147332331632E-1
4.19299999999999962E9	9.86670718443733286E-1
4.19399999999999995E9	9.86687297821711873E-1
4.19500000000000028E9	9.86703885440281780E-1
4.19599999999999973E9	9.86720481342497635E-1
4.19700000000000006E9	9.86737085517661860E-1
4.19800000000000040E9	9.86753697922305051E-1
4.19899999999999984E9	9.86770318601655205E-1
4.20000000000000018E9	9.86786947482130117E-1
4.20100000000000051E9	9.86803584633864261E-1
4.20199999999999996E9	9.86820230002029142E-1
4.20300000000000029E9	9.86836883621209715E-1
4.20399999999999974E9	9.86853545422878575E-1
4.20500000000000007E9	9.86870215485019919E-1
4.20600000000000041E9	9.86886893709811375E-1
4.20699999999999985E9	9.86903580206202591E-1
4.20800000000000018E9	9.86920274844525203E-1
4.20899999999999963E9	9.86936977693041939E-1
4.20999999999999996E9	9.86953688747401792E-1
4.21100000000000030E9	9.86970407964967755E-1
4.21199999999999974E9	9.86987135392041282E-1
4.21300000000000008E9	9.87003870981612863E-1
4.21400000000000041E9	9.87020614739243030E-1
4.21499999999999986E9	9.87037366649105152E-1
4.21600000000000019E9	9.87054126744311766E-1
4.21700000000000053E9	9.87070894976529267E-1
4.21799999999999997E9	9.87087671386440135E-1
4.21899999999999942E9	9.87104455921570079E-1
4.22000000000000064E9	9.87121248573483001E-1
4.22100000000000009E9	9.87138049361412762E-1
4.22199999999999953E9	9.87154858320635320E-1
4.22300000000000075E9	9.87171675381999947E-1
4.22399999999999931E9	9.87188500560616866E-1
4.22499999999999964E9	9.87205333850824296E-1
4.22600000000000087E9	9.87222175272376035E-1
4.22699999999999942E9	9.87239024781738550E-1
4.22799999999999976E9	9.87255882387052530E-1
4.22900000000000009E9	9.87272748101455555E-1
4.22999999999999954E9	9.87289621903935632E-1
4.23099999999999987E9	9.87306503764115462E-1
4.23200000000000021E9	9.87323393744832956E-1
4.23299999999999965E9	9.87340291767128519E-1
4.23399999999999999E9	9.87357197886571392E-1
4.23500000000000032E9	9.87374112031083762E-1
4.23599999999999977E9	9.87391034305630910E-1
4.23700000000000010E9	9.87407964548991401E-1
4.23800000000000043E9	9.87424902914566616E-1
4.23899999999999988E9	9.87441849290392426E-1
4.24000000000000021E9	9.87458803711759003E-1
4.24100000000000055E9	9.87475766168699032E-1
4.24199999999999999E9	9.87492736664165882E-1
4.24300000000000033E9	9.87509715155602308E-1
4.24399999999999977E9	9.87526701703770371E-1
4.24500000000000011E9	9.87543696249492342E-1
4.24600000000000044E9	9.87560698821916816E-1
4.24699999999999989E9	9.87577709418840755E-1
4.24800000000000022E9	9.87594727950907547E-1
4.24899999999999967E9	9.87611754543891784E-1
4.25000000000000000E9	9.87628789100488902E-1
4.25100000000000033E9	9.87645831648016781E-1
4.25199999999999978E9	9.87662882172368661E-1
4.25300000000000011E9	9.87679940709452175E-1
4.25399999999999956E9	9.87697007167135865E-1
4.25499999999999989E9	9.87714081631651375E-1
4.25600000000000023E9	9.87731164023704089E-1
4.25699999999999967E9	9.87748254380863422E-1
4.25800000000000001E9	9.87765352723716283E-1
4.25899999999999945E9	9.87782459007481251E-1
4.25999999999999979E9	9.87799573232295813E-1
4.26100000000000012E9	9.87816695379813936E-1
4.26199999999999957E9	9.87833825479769523E-1
4.26299999999999990E9	9.87850963522820358E-1
4.26400000000000023E9	9.87868109460887567E-1
4.26499999999999968E9	9.87885263342888109E-1
4.26600000000000001E9	9.87902425147209584E-1
4.26700000000000035E9	9.87919594848990812E-1
4.26799999999999979E9	9.87936772464229129E-1
4.26900000000000013E9	9.87953957952689166E-1
4.27000000000000046E9	9.87971151394573432E-1
4.27099999999999991E9	9.87988352704257622E-1
4.27200000000000024E9	9.88005561870287963E-1
4.27300000000000058E9	9.88022778964183956E-1
4.27399999999999913E9	9.88040003920566434E-1
4.27500000000000036E9	9.88057236752759671E-1
4.27600000000000069E9	9.88074477465489487E-1
4.27699999999999925E9	9.88091726016746463E-1
4.27800000000000047E9	9.88108982480303233E-1
4.27899999999999991E9	9.88126246749180659E-1
4.27999999999999936E9	9.88143518892664474E-1
4.28100000000000058E9	9.88160798885510872E-1
4.28200000000000003E9	9.88178086710899173E-1
4.28299999999999947E9	9.88195382377635667E-1
4.28399999999999981E9	9.88212685899979171E-1
4.28500000000000014E9	9.88229997228885892E-1
4.28599999999999959E9	9.88247316388222785E-1
4.28699999999999992E9	9.88264643370046691E-1
4.28800000000000026E9	9.88281978160135388E-1
4.28899999999999970E9	9.88299320773352719E-1
4.29000000000000004E9	9.88316671201982366E-1
4.29100000000000037E9	9.88334029397856639E-1
4.29199999999999982E9	9.88351395441003433E-1
4.29300000000000015E9	9.88368769250059920E-1
4.29399999999999959E9	9.88386150834004340E-1
4.29499999999999993E9	9.88403540229199784E-1
4.29600000000000026E9	9.88420937407617295E-1
4.29699999999999971E9	9.88438342343055076E-1
4.29800000000000004E9	9.88455755051091245E-1
4.29899999999999949E9	9.88473175526279668E-1
4.29999999999999982E9	9.88490603802567414E-1
4.30100000000000016E9	9.88508039807590855E-1
4.30199999999999960E9	9.88525483551105744E-1
4.30299999999999994E9	9.88542935078651475E-1
4.30400000000000027E9	9.88560394333885561E-1
4.30499999999999972E9	9.88577861337278918E-1
4.30600000000000005E9	9.88595336069932529E-1
4.30700000000000038E9	9.88612818541545124E-1
4.30799999999999983E9	9.88630308738654762E-1
4.30899999999999928E9	9.88647806682479668E-1
4.31000000000000050E9	9.88665312304823196E-1
4.31099999999999994E9	9.88682825667953225E-1
4.31199999999999939E9	9.88700346768155569E-1
4.31300000000000061E9	9.88717875528448431E-1
4.31400000000000006E9	9.88735412017901538E-1
4.31499999999999950E9	9.88752956198196387E-1
4.31600000000000072E9	9.88770508055149122E-1
4.31700000000000017E9	9.88788067633274714E-1
4.31799999999999962E9	9.88805634889777352E-1
4.31899999999999995E9	9.88823209822363047E-1
4.32000000000000028E9	9.88840792466334939E-1
4.32099999999999973E9	9.88858382737887354E-1
4.32200000000000006E9	9.88875980705471314E-1
4.32300000000000040E9	9.88893586309030326E-1
4.32399999999999984E9	9.88911199586147127E-1
4.32500000000000018E9	9.88928820535660513E-1
4.32600000000000051E9	9.88946449130830985E-1
4.32699999999999996E9	9.88964085378462521E-1
4.32800000000000029E9	9.88981729280536292E-1
4.32899999999999974E9	9.88999380810945006E-1
4.33000000000000007E9	9.89017039983141544E-1
4.33100000000000041E9	9.89034706796218899E-1
4.33199999999999985E9	9.89052381217405596E-1
4.33300000000000018E9	9.89070063270726507E-1
4.33399999999999963E9	9.89087752925919084E-1
4.33499999999999996E9	9.89105450196869995E-1
4.33600000000000030E9	9.89123155114130626E-1
4.33699999999999974E9	9.89140867645565258E-1
4.33800000000000008E9	9.89158587756792862E-1
4.33900000000000041E9	9.89176315476325385E-1
4.33999999999999986E9	9.89194050792446689E-1
4.34100000000000019E9	9.89211793686341423E-1
4.34200000000000053E9	9.89229544198033039E-1
4.34299999999999997E9	9.89247302248722882E-1
4.34399999999999942E9	9.89265067910024243E-1
4.34500000000000064E9	9.89282841155435833E-1
4.34600000000000009E9	9.89300621945502101E-1
4.34699999999999953E9	9.89318410325668651E-1
4.34800000000000075E9	9.89336206250323436E-1
4.34899999999999931E9	9.89354009745596663E-1
4.34999999999999964E9	9.89371820818991843E-1
4.35100000000000087E9	9.89389639436389601E-1
4.35199999999999942E9	9.89407465553233401E-1
4.35299999999999976E9	9.89425299294769545E-1
4.35400000000000009E9	9.89443140518409159E-1
4.35499999999999954E9	9.89460989311838546E-1
4.35599999999999987E9	9.89478845628274861E-1
4.35700000000000021E9	9.89496709475181113E-1
4.35799999999999965E9	9.89514580841486335E-1
4.35899999999999999E9	9.89532459729574754E-1
4.36000000000000032E9	9.89550346131556680E-1
4.36099999999999977E9	9.89568240067339744E-1
4.36200000000000010E9	9.89586141490770643E-1
4.36300000000000043E9	9.89604050443386285E-1
4.36399999999999988E9	9.89621966856273616E-1
4.36500000000000021E9	9.89639890806143541E-1
4.36600000000000055E9	9.89657822227136741E-1
4.36699999999999999E9	9.89675761191581671E-1
4.36800000000000033E9	9.89693707590296690E-1
4.36899999999999977E9	9.89711661513565311E-1
4.37000000000000011E9	9.89729622874338943E-1
4.37100000000000044E9	9.89747591753068967E-1
4.37199999999999989E9	9.89765568056648171E-1
4.37300000000000022E9	9.89783551846347720E-1
4.37399999999999967E9	9.89801543117524041E-1
4.37500000000000000E9	9.89819541845969475E-1
4.37600000000000033E9	9.89837548012260982E-1
4.37699999999999978E9	9.89855561666099959E-1
4.37800000000000011E9	9.89873582741446789E-1
4.37899999999999956E9	9.89891611296433283E-1
4.37999999999999989E9	9.89909647239896984E-1
4.38100000000000023E9	9.89927690663721016E-1
4.38199999999999967E9	9.89945741546148561E-1
4.38300000000000001E9	9.89963799841374481E-1
4.38399999999999945E9	9.89981865517965787E-1
4.38499999999999979E9	9.89999938671488522E-1
4.38600000000000012E9	9.90018019236719660E-1
4.38699999999999957E9	9.90036107209192906E-1
4.38799999999999990E9	9.90054202584489218E-1
4.38900000000000023E9	9.90072305410959785E-1
4.38999999999999968E9	9.90090415616945307E-1
4.39100000000000001E9	9.90108533249805589E-1
4.39200000000000035E9	9.90126658256545333E-1
4.39299999999999979E9	9.90144790679921449E-1
4.39400000000000013E9	9.90162930485711890E-1
4.39500000000000046E9	9.90181077658627906E-1
4.39599999999999991E9	9.90199232255246820E-1
4.39700000000000024E9	9.90217394226398717E-1
4.39800000000000058E9	9.90235563561129517E-1
4.39899999999999913E9	9.90253740267841032E-1
4.40000000000000036E9	9.90271924354331645E-1
4.40100000000000069E9	9.90290115825017736E-1
4.40199999999999925E9	9.90308314648236632E-1
4.40300000000000047E9	9.90326520818544509E-1
4.40399999999999991E9	9.90344734391295844E-1
4.40499999999999936E9	9.90362955273055157E-1
4.40600000000000058E9	9.90381183549571276E-1
4.40700000000000003E9	9.90399419131762926E-1
4.40799999999999947E9	9.90417662051565983E-1
4.40899999999999981E9	9.90435912375167327E-1
4.41000000000000014E9	9.90454169984562327E-1
4.41099999999999959E9	9.90472434926410372E-1
4.41199999999999992E9	9.90490707247972679E-1
4.41300000000000026E9	9.90508986868906049E-1
4.41399999999999970E9	9.90527273793564689E-1
4.41500000000000004E9	9.90545568053478398E-1
4.41600000000000037E9	9.90563869633746386E-1
4.41699999999999982E9	9.90582178536503299E-1
4.41800000000000015E9	9.90600494727678793E-1
4.41899999999999959E9	9.90618818273994606E-1
4.41999999999999993E9	9.90637149096224512E-1
4.42100000000000026E9	9.90655487193387785E-1
4.42199999999999971E9	9.90673832638571028E-1
4.42300000000000004E9	9.90692185347691279E-1
4.42399999999999949E9	9.90710545339803694E-1
4.42499999999999982E9	9.90728912639829495E-1
4.42600000000000016E9	9.90747287207581273E-1
4.42699999999999960E9	9.90765669058925980E-1
4.42799999999999994E9	9.90784058213741936E-1
4.42900000000000027E9	9.90802454623054452E-1
4.42999999999999972E9	9.90820858327463405E-1
4.43100000000000005E9	9.90839269248980692E-1
4.43200000000000038E9	9.90857687502863804E-1
4.43299999999999983E9	9.90876112976696710E-1
4.43399999999999928E9	9.90894545737168109E-1
4.43500000000000050E9	9.90912985741596053E-1
4.43599999999999994E9	9.90931432967873427E-1
4.43699999999999939E9	9.90949887498405246E-1
4.43800000000000061E9	9.90968349221247990E-1
4.43900000000000006E9	9.90986818225650978E-1
4.43999999999999950E9	9.91005294465085029E-1
4.44100000000000072E9	9.91023777954219298E-1
4.44200000000000017E9	9.91042268656758907E-1
4.44299999999999962E9	9.91060766583232677E-1
4.44399999999999995E9	9.91079271774541226E-1
4.44500000000000028E9	9.91097784175542706E-1
4.44599999999999973E9	9.91116303767460849E-1
4.44700000000000006E9	9.91134830628300634E-1
4.44800000000000040E9	9.91153364673237824E-1
4.44899999999999984E9	9.91171905955593147E-1
4.45000000000000018E9	9.91190454413062128E-1
4.45100000000000051E9	9.91209010078545738E-1
4.45199999999999996E9	9.91227572977297733E-1
4.45300000000000029E9	9.91246143062116580E-1
4.45399999999999974E9	9.91264720343518846E-1
4.45500000000000007E9	9.91283304842130164E-1
4.45600000000000041E9	9.91301896512766589E-1
4.45699999999999985E9	9.91320495387591905E-1
4.45800000000000018E9	9.91339101443125514E-1
4.45899999999999963E9	9.91357714671055312E-1
4.45999999999999996E9	9.91376335105809048E-1
4.46100000000000030E9	9.91394962673829561E-1
4.46199999999999974E9	9.91413597446299200E-1
4.46300000000000008E9	9.91432239402324100E-1
4.46400000000000041E9	9.91450888515883477E-1
4.46499999999999986E9	9.91469544778480660E-1
4.46600000000000019E9	9.91488208206704869E-1
4.46700000000000053E9	9.91506878782067780E-1
4.46799999999999997E9	9.91525556564413257E-1
4.46899999999999942E9	9.91544241479575206E-1
4.47000000000000064E9	9.91562933541889890E-1
4.47100000000000009E9	9.91581632761847231E-1
4.47199999999999953E9	9.91600339139738196E-1
4.47300000000000075E9	9.91619052588329097E-1
4.47399999999999931E9	9.91637773280804780E-1
4.47499999999999964E9	9.91656501042971783E-1
4.47600000000000087E9	9.91675235966545543E-1
4.47699999999999942E9	9.91693978008673227E-1
4.47799999999999976E9	9.91712727200280142E-1
4.47900000000000009E9	9.91731483489430232E-1
4.47999999999999954E9	9.91750246940063640E-1
4.48099999999999987E9	9.91769017465168190E-1
4.48200000000000021E9	9.91787795114232829E-1
4.48299999999999965E9	9.91806579932774035E-1
4.48399999999999999E9	9.91825371836560521E-1
4.48500000000000032E9	9.91844170835672401E-1
4.48599999999999977E9	9.91862976956976539E-1
4.48700000000000010E9	9.91881790175844991E-1
4.48800000000000043E9	9.91900610510590575E-1
4.48899999999999988E9	9.91919437933068338E-1
4.49000000000000021E9	9.91938272447720948E-1
4.49100000000000055E9	9.91957114075386315E-1
4.49199999999999999E9	9.91975962763726038E-1
4.49300000000000033E9	9.91994818594482197E-1
4.49399999999999977E9	9.92013681458042385E-1
4.49500000000000011E9	9.92032551448663114E-1
4.49600000000000044E9	9.92051428491883058E-1
4.49699999999999989E9	9.92070312587122238E-1
4.49800000000000022E9	9.92089203799297614E-1
4.49899999999999967E9	9.92108102077667020E-1
4.50000000000000000E9	9.92127007456953969E-1
4.50100000000000033E9	9.92145919846137581E-1
4.50199999999999978E9	9.92164839308015445E-1
4.50300000000000011E9	9.92183765897181225E-1
4.50399999999999956E9	9.92202699498617235E-1
4.50499999999999989E9	9.92221640178343023E-1
4.50600000000000023E9	9.92240587914194272E-1
4.50699999999999967E9	9.92259542684690565E-1
4.50800000000000001E9	9.92278504516302107E-1
4.50899999999999945E9	9.92297473406700092E-1
4.50999999999999979E9	9.92316449331396200E-1
4.51100000000000012E9	9.92335432310438215E-1
4.51199999999999957E9	9.92354422311302287E-1
4.51299999999999990E9	9.92373419351694075E-1
4.51400000000000023E9	9.92392423443772742E-1
4.51499999999999968E9	9.92411434547521765E-1
4.51600000000000001E9	9.92430452705236910E-1
4.51700000000000035E9	9.92449477890816567E-1
4.51799999999999979E9	9.92468510104359325E-1
4.51900000000000013E9	9.92487549332312646E-1
4.52000000000000046E9	9.92506595595507335E-1
4.52099999999999991E9	9.92525648843665742E-1
4.52200000000000024E9	9.92544709164861061E-1
4.52300000000000058E9	9.92563776435727974E-1
4.52399999999999913E9	9.92582850784609505E-1
4.52500000000000036E9	9.92601932118150465E-1
4.52600000000000069E9	9.92621020425481149E-1
4.52699999999999925E9	9.92640115779246202E-1
4.52800000000000047E9	9.92659218143577604E-1
4.52899999999999991E9	9.92678327495742963E-1
4.52999999999999936E9	9.92697443835571214E-1
4.53100000000000058E9	9.92716567185761178E-1
4.53200000000000003E9	9.92735697516723015E-1
4.53299999999999947E9	9.92754834875506731E-1
4.53399999999999981E9	9.92773979180223698E-1
4.53500000000000014E9	9.92793130486465891E-1
4.53599999999999959E9	9.92812288796753961E-1
4.53699999999999992E9	9.92831454076839748E-1
4.53800000000000026E9	9.92850626320195140E-1
4.53899999999999970E9	9.92869805545077178E-1
4.54000000000000004E9	9.92888991770534979E-1
4.54100000000000037E9	9.92908184961820517E-1
4.54199999999999982E9	9.92927385140686702E-1
4.54300000000000015E9	9.92946592270006079E-1
4.54399999999999959E9	9.92965806374827231E-1
4.54499999999999993E9	9.92985027431022615E-1
4.54600000000000026E9	9.93004255467015362E-1
4.54699999999999971E9	9.93023490456051405E-1
4.54800000000000004E9	9.93042732396314420E-1
4.54899999999999949E9	9.93061981286582096E-1
4.54999999999999982E9	9.93081237189009691E-1
4.55100000000000016E9	9.93100500010060472E-1
4.55199999999999960E9	9.93119769793484508E-1
4.55299999999999994E9	9.93139046515876522E-1
4.55400000000000027E9	9.93158330149872626E-1
4.55499999999999972E9	9.93177620777556491E-1
4.55600000000000005E9	9.93196918335247325E-1
4.55700000000000038E9	9.93216222817667926E-1
4.55799999999999983E9	9.93235534277243559E-1
4.55899999999999928E9	9.93254852621879181E-1
4.56000000000000050E9	9.93274177924522483E-1
4.56099999999999994E9	9.93293510168479798E-1
4.56199999999999939E9	9.93312849368302153E-1
4.56300000000000061E9	9.93332195477429281E-1
4.56400000000000006E9	9.93351548450285371E-1
4.56499999999999950E9	9.93370908414028975E-1
4.56600000000000072E9	9.93390275310018644E-1
4.56700000000000017E9	9.93409649109974247E-1
4.56799999999999962E9	9.93429029831152732E-1
4.56899999999999995E9	9.93448417478003165E-1
4.57000000000000028E9	9.93467812020210594E-1
4.57099999999999973E9	9.93487213481719067E-1
4.57200000000000006E9	9.93506621859363293E-1
4.57300000000000040E9	9.93526037152075858E-1
4.57399999999999984E9	9.93545459353970273E-1
4.57500000000000018E9	9.93564888433543558E-1
4.57600000000000051E9	9.93584324440544719E-1
4.57699999999999996E9	9.93603767346099964E-1
4.57800000000000029E9	9.93623217156889282E-1
4.57899999999999974E9	9.93642673878573746E-1
4.58000000000000007E9	9.93662137480713170E-1
4.58100000000000041E9	9.93681607959405788E-1
4.58199999999999985E9	9.93701085363822934E-1
4.58300000000000018E9	9.93720569630761297E-1
4.58399999999999963E9	9.93740060835677141E-1
4.58499999999999996E9	9.93759558902137741E-1
4.58600000000000030E9	9.93779063845976651E-1
4.58699999999999974E9	9.93798575691759289E-1
4.58800000000000008E9	9.93818094419042275E-1
4.58900000000000041E9	9.93837620004516431E-1
4.58999999999999986E9	9.93857152501318808E-1
4.59100000000000019E9	9.93876691883632901E-1
4.59200000000000053E9	9.93896238086335160E-1
4.59299999999999997E9	9.93915791192996956E-1
4.59399999999999942E9	9.93935351153454683E-1
4.59500000000000064E9	9.93954918019967337E-1
4.59600000000000009E9	9.93974491782073599E-1
4.59699999999999953E9	9.93994072338034584E-1
4.59800000000000075E9	9.94013659803941252E-1
4.59899999999999931E9	9.94033254152573598E-1
4.59999999999999964E9	9.94052855280963144E-1
4.60100000000000087E9	9.94072463313135657E-1
4.60199999999999942E9	9.94092078250085542E-1
4.60299999999999976E9	9.94111700025555933E-1
4.60400000000000009E9	9.94131328651040214E-1
4.60499999999999954E9	9.94150964134419013E-1
4.60599999999999987E9	9.94170606450495953E-1
4.60700000000000021E9	9.94190255605511730E-1
4.60799999999999965E9	9.94209911672595936E-1
4.60899999999999999E9	9.94229574544788619E-1
4.61000000000000032E9	9.94249244293066248E-1
4.61099999999999977E9	9.94268920813819435E-1
4.61200000000000010E9	9.94288604266570530E-1
4.61300000000000043E9	9.94308294510154411E-1
4.61399999999999988E9	9.94327991631526587E-1
4.61500000000000021E9	9.94347695588517055E-1
4.61600000000000055E9	9.94367406365308248E-1
4.61699999999999999E9	9.94387123977316278E-1
4.61800000000000033E9	9.94406848402153365E-1
4.61899999999999977E9	9.94426579731423921E-1
4.62000000000000011E9	9.94446317856462514E-1
4.62100000000000044E9	9.94466062808335849E-1
4.62199999999999989E9	9.94485814578344396E-1
4.62300000000000022E9	9.94505573190063252E-1
4.62399999999999967E9	9.94525338645738977E-1
4.62500000000000000E9	9.94545110888884487E-1
4.62600000000000033E9	9.94564889974932598E-1
4.62699999999999978E9	9.94584675881981717E-1
4.62800000000000011E9	9.94604468615058401E-1
4.62899999999999956E9	9.94624268170291614E-1
4.62999999999999989E9	9.94644074550519264E-1
4.63100000000000023E9	9.94663887750584053E-1
4.63199999999999967E9	9.94683707778450277E-1
4.63300000000000001E9	9.94703534572416714E-1
4.63399999999999945E9	9.94723368200107672E-1
4.63499999999999979E9	9.94743208658884370E-1
4.63600000000000012E9	9.94763055918490124E-1
4.63699999999999957E9	9.94782910011321597E-1
4.63799999999999990E9	9.94802770850729701E-1
4.63900000000000023E9	9.94822638565761608E-1
4.63999999999999968E9	9.94842513062235412E-1
4.64100000000000001E9	9.94862394358206537E-1
4.64200000000000035E9	9.94882282486691061E-1
4.64299999999999979E9	9.94902177341415417E-1
4.64400000000000013E9	9.94922079089855771E-1
4.64500000000000046E9	9.94941987557080942E-1
4.64599999999999991E9	9.94961902853841629E-1
4.64700000000000024E9	9.94981824982267682E-1
4.64800000000000058E9	9.95001753849006754E-1
4.64899999999999913E9	9.95021689572517865E-1
4.65000000000000036E9	9.95041632014513588E-1
4.65100000000000069E9	9.95061581348912227E-1
4.65199999999999925E9	9.95081537435642360E-1
4.65300000000000047E9	9.95101500255535321E-1
4.65399999999999991E9	9.95121469909233092E-1
4.65499999999999936E9	9.95141446358435289E-1
4.65600000000000058E9	9.95161429603209591E-1
4.65700000000000003E9	9.95181419628877251E-1
4.65799999999999947E9	9.95201416416393592E-1
4.65899999999999981E9	9.95221419999130852E-1
4.66000000000000014E9	9.95241430389000215E-1
4.66099999999999959E9	9.95261447543366451E-1
4.66199999999999992E9	9.95281471504112147E-1
4.66300000000000026E9	9.95301502215772516E-1
4.66399999999999970E9	9.95321539681260603E-1
4.66500000000000004E9	9.95341583950805031E-1
4.66600000000000037E9	9.95361635039255255E-1
4.66699999999999982E9	9.95381692826458142E-1
4.66800000000000015E9	9.95401757452204983E-1
4.66899999999999959E9	9.95421828826327726E-1
4.66999999999999993E9	9.95441906994184578E-1
4.67100000000000026E9	9.95461991896360843E-1
4.67199999999999971E9	9.95482083626955117E-1
4.67300000000000004E9	9.95502182057176910E-1
4.67399999999999949E9	9.95522287311925780E-1
4.67499999999999982E9	9.95542399279682577E-1
4.67600000000000016E9	9.95562518092141246E-1
4.67699999999999960E9	9.95582643642794629E-1
4.67799999999999994E9	9.95602775949559771E-1
4.67900000000000027E9	9.95622915005676745E-1
4.67999999999999972E9	9.95643060866014018E-1
4.68100000000000005E9	9.95663213448207429E-1
4.68200000000000038E9	9.95683372831083346E-1
4.68299999999999983E9	9.95703538989380021E-1
4.68399999999999928E9	9.95723711854815718E-1
4.68500000000000050E9	9.95743891497346922E-1
4.68599999999999994E9	9.95764077911349332E-1
4.68699999999999939E9	9.95784271044287017E-1
4.68800000000000061E9	9.95804470981208212E-1
4.68900000000000006E9	9.95824677680794323E-1
4.68999999999999950E9	9.95844891124902887E-1
4.69100000000000072E9	9.95865111317552731E-1
4.69200000000000017E9	9.95885338258445785E-1
4.69299999999999962E9	9.95905571983474225E-1
4.69399999999999995E9	9.95925812440416713E-1
4.69500000000000028E9	9.95946059652419891E-1
4.69599999999999973E9	9.95966313636833434E-1
4.69700000000000006E9	9.95986574358780530E-1
4.69800000000000040E9	9.96006841784037178E-1
4.69899999999999984E9	9.96027116056711570E-1
4.70000000000000018E9	9.96047396981692046E-1
4.70100000000000051E9	9.96067684696481592E-1
4.70199999999999996E9	9.96087979167179327E-1
4.70300000000000029E9	9.96108280433866611E-1
4.70399999999999974E9	9.96128588338700816E-1
4.70500000000000007E9	9.96148903096734628E-1
4.70600000000000041E9	9.96169224504813755E-1
4.70699999999999985E9	9.96189552725445893E-1
4.70800000000000018E9	9.96209887665233396E-1
4.70899999999999963E9	9.96230229324859806E-1
4.70999999999999996E9	9.96250577812240756E-1
4.71100000000000030E9	9.96270932970391421E-1
4.71199999999999974E9	9.96291294895422652E-1
4.71300000000000008E9	9.96311663540508619E-1
4.71400000000000041E9	9.96332038974820122E-1
4.71499999999999986E9	9.96352421106370478E-1
4.71600000000000019E9	9.96372809997510700E-1
4.71700000000000053E9	9.96393205621629363E-1
4.71799999999999997E9	9.96413607981702043E-1
4.71899999999999942E9	9.96434017077399936E-1
4.72000000000000064E9	9.96454432898439357E-1
4.72100000000000009E9	9.96474855503482182E-1
4.72199999999999953E9	9.96495284790454683E-1
4.72300000000000075E9	9.96515720844001862E-1
4.72399999999999931E9	9.96536163620751481E-1
4.72499999999999964E9	9.96556613186695905E-1
4.72600000000000087E9	9.96577069425670103E-1
4.72699999999999942E9	9.96597532449093215E-1
4.72799999999999976E9	9.96618002193616803E-1
4.72900000000000009E9	9.96638478678985962E-1
4.72999999999999954E9	9.96658961814883604E-1
4.73099999999999987E9	9.96679451793188953E-1
4.73200000000000021E9	9.96699948484793197E-1
4.73299999999999965E9	9.96720451875271962E-1
4.73399999999999999E9	9.96740962007991627E-1
4.73500000000000032E9	9.96761478855405869E-1
4.73599999999999977E9	9.96782002481209339E-1
4.73700000000000010E9	9.96802532785008744E-1
4.73800000000000043E9	9.96823069863505218E-1
4.73899999999999988E9	9.96843613710577081E-1
4.74000000000000021E9	9.96864164228687422E-1
4.74100000000000055E9	9.96884721478804892E-1
4.74199999999999999E9	9.96905285457815360E-1
4.74300000000000033E9	9.96925856192447313E-1
4.74399999999999977E9	9.96946433647214825E-1
4.74500000000000011E9	9.96967017822255741E-1
4.74600000000000044E9	9.96987608748861476E-1
4.74699999999999989E9	9.97008206414662190E-1
4.74800000000000022E9	9.97028810810686394E-1
4.74899999999999967E9	9.97049421883343179E-1
4.75000000000000000E9	9.97070039679228515E-1
4.75100000000000033E9	9.97090664300931984E-1
4.75199999999999978E9	9.97111295583896151E-1
4.75300000000000011E9	9.97131933625723477E-1
4.75399999999999956E9	9.97152578336210382E-1
4.75499999999999989E9	9.97173229833902397E-1
4.75600000000000023E9	9.97193888015322649E-1
4.75699999999999967E9	9.97214552992626579E-1
4.75800000000000001E9	9.97235224642485463E-1
4.75899999999999945E9	9.97255903009346412E-1
4.75999999999999979E9	9.97276588140539388E-1
4.76100000000000012E9	9.97297280032969269E-1
4.76199999999999957E9	9.97317978551117434E-1
4.76299999999999990E9	9.97338683862470177E-1
4.76400000000000023E9	9.97359395886139311E-1
4.76499999999999968E9	9.97380114681519814E-1
4.76600000000000001E9	9.97400840148055146E-1
4.76700000000000035E9	9.97421572365648856E-1
4.76799999999999979E9	9.97442311343396071E-1
4.76900000000000013E9	9.97463056998465802E-1
4.77000000000000046E9	9.97483809428596224E-1
4.77099999999999991E9	9.97504568530934677E-1
4.77200000000000024E9	9.97525334363961313E-1
4.77300000000000058E9	9.97546106982569469E-1
4.77399999999999913E9	9.97566886266960040E-1
4.77500000000000036E9	9.97587672355930977E-1
4.77600000000000069E9	9.97608465067075478E-1
4.77699999999999925E9	9.97629264624007916E-1
4.77800000000000047E9	9.97650070802698252E-1
4.77899999999999991E9	9.97670883765157157E-1
4.77999999999999936E9	9.97691703469434010E-1
4.78100000000000058E9	9.97712529868961973E-1
4.78200000000000003E9	9.97733363026899767E-1
4.78299999999999947E9	9.97754202890955177E-1
4.78399999999999981E9	9.97775049510229728E-1
4.78500000000000014E9	9.97795902813078328E-1
4.78599999999999959E9	9.97816762905472743E-1
4.78699999999999992E9	9.97837629694509687E-1
4.78800000000000026E9	9.97858503204040126E-1
4.78899999999999970E9	9.97879383418789168E-1
4.79000000000000004E9	9.97900270461604499E-1
4.79100000000000037E9	9.97921164184369580E-1
4.79199999999999982E9	9.97942064577987331E-1
4.79300000000000015E9	9.97962971776433783E-1
4.79399999999999959E9	9.97983885671735216E-1
4.79499999999999993E9	9.98004806315796067E-1
4.79600000000000026E9	9.98025733713872754E-1
4.79699999999999971E9	9.98046667820012345E-1
4.79800000000000004E9	9.98067608618986135E-1
4.79899999999999949E9	9.98088556242815095E-1
4.79999999999999982E9	9.98109510543277523E-1
4.80100000000000016E9	9.98130471574621936E-1
4.80199999999999960E9	9.98151439324383460E-1
4.80299999999999994E9	9.98172413848202389E-1
4.80400000000000027E9	9.98193395099639602E-1
4.80499999999999972E9	9.98214383084951073E-1
4.80600000000000005E9	9.98235377808227931E-1
4.80700000000000038E9	9.98256379234848978E-1
4.80799999999999983E9	9.98277387391357784E-1
4.80899999999999928E9	9.98298402379181837E-1
4.81000000000000050E9	9.98319423976438181E-1
4.81099999999999994E9	9.98340452371709830E-1
4.81199999999999939E9	9.98361487550974758E-1
4.81300000000000061E9	9.98382529425384035E-1
4.81400000000000006E9	9.98403578011053483E-1
4.81499999999999950E9	9.98424633420105145E-1
4.81600000000000072E9	9.98445695454921633E-1
4.81700000000000017E9	9.98466764294653153E-1
4.81799999999999962E9	9.98487839891663853E-1
4.81899999999999995E9	9.98508922241027008E-1
4.82000000000000028E9	9.98530011245950178E-1
4.82099999999999973E9	9.98551107053019926E-1
4.82200000000000006E9	9.98572209610414951E-1
4.82300000000000040E9	9.98593318943573216E-1
4.82399999999999984E9	9.98614434965888265E-1
4.82500000000000018E9	9.98635557747439861E-1
4.82600000000000051E9	9.98656687245922114E-1
4.82699999999999996E9	9.98677823555129152E-1
4.82800000000000029E9	9.98698966546731270E-1
4.82899999999999974E9	9.98720116352240694E-1
4.83000000000000007E9	9.98741272823114201E-1
4.83100000000000041E9	9.98762436099352868E-1
4.83199999999999985E9	9.98783606121071266E-1
4.83300000000000018E9	9.98804782935120805E-1
4.83399999999999963E9	9.98825966396005427E-1
4.83499999999999996E9	9.98847156638794687E-1
4.83600000000000030E9	9.98868353650710539E-1
4.83699999999999974E9	9.98889557481500567E-1
4.83800000000000008E9	9.98910767936965271E-1
4.83900000000000041E9	9.98931985229444841E-1
4.83999999999999986E9	9.98953209275000376E-1
4.84100000000000019E9	9.98974440075711811E-1
4.84200000000000053E9	9.98995677615758204E-1
4.84299999999999997E9	9.99016921942294189E-1
4.84399999999999942E9	9.99038172989231832E-1
4.84500000000000064E9	9.99059430783397850E-1
4.84600000000000009E9	9.99080695341516822E-1
4.84699999999999953E9	9.99101966743797654E-1
4.84800000000000075E9	9.99123244816813738E-1
4.84899999999999931E9	9.99144529671563397E-1
4.84999999999999964E9	9.99165821284299938E-1
4.85100000000000087E9	9.99187119656220624E-1
4.85199999999999942E9	9.99208424802746009E-1
4.85299999999999976E9	9.99229736778824496E-1
4.85400000000000009E9	9.99251055438124069E-1
4.85499999999999954E9	9.99272380845276942E-1
4.85599999999999987E9	9.99293713114648341E-1
4.85700000000000021E9	9.99315052074979349E-1
4.85799999999999965E9	9.99336397865327442E-1
4.85899999999999999E9	9.99357750360342401E-1
4.86000000000000032E9	9.99379109663858145E-1
4.86099999999999977E9	9.99400475756704409E-1
4.86200000000000010E9	9.99421848565406812E-1
4.86300000000000043E9	9.99443228236577674E-1
4.86399999999999988E9	9.99464614631459902E-1
4.86500000000000021E9	9.99486007771679041E-1
4.86600000000000055E9	9.99507407707135442E-1
4.86699999999999999E9	9.99528814446610525E-1
4.86800000000000033E9	9.99550227996622986E-1
4.86899999999999977E9	9.99571648240387134E-1
4.87000000000000011E9	9.99593075321627467E-1
4.87100000000000044E9	9.99614509163013132E-1
4.87199999999999989E9	9.99635949781652755E-1
4.87300000000000022E9	9.99657397200558506E-1
4.87399999999999967E9	9.99678851409785452E-1
4.87500000000000000E9	9.99700312409680691E-1
4.87600000000000033E9	9.99721780178208697E-1
4.87699999999999978E9	9.99743254733148490E-1
4.87800000000000011E9	9.99764736121629483E-1
4.87899999999999956E9	9.99786224266067514E-1
4.87999999999999989E9	9.99807719260632410E-1
4.88100000000000023E9	9.99829220892770110E-1
4.88199999999999967E9	9.99850729448864506E-1
4.88300000000000001E9	9.99872244786986286E-1
4.88399999999999945E9	9.99893766952251717E-1
4.88499999999999979E9	9.99915295811869775E-1
4.88600000000000012E9	9.99936831589069897E-1
4.88699999999999957E9	9.99958374092014424E-1
4.88799999999999990E9	9.99979923431170192E-1
4.88900000000000023E9	1.00000147950893559E0
4.88999999999999968E9	1.00002304246044771E0
4.89100000000000001E9	1.00004461221336260E0
4.89200000000000035E9	1.00006618873756770E0
4.89299999999999979E9	1.00008777209204047E0
4.89400000000000013E9	1.00010936226365055E0
4.89500000000000046E9	1.00013095921475581E0
4.89599999999999991E9	1.00015256298899247E0
4.89700000000000024E9	1.00017417362625749E0
4.89800000000000058E9	1.00019579098109812E0
4.89899999999999913E9	1.00021741525771968E0
4.90000000000000036E9	1.00023904628783589E0
4.90100000000000069E9	1.00026068419532166E0
4.90199999999999925E9	1.00028232883711432E0
4.90300000000000047E9	1.00030398034600854E0
4.90399999999999991E9	1.00032563865902935E0
4.90499999999999936E9	1.00034730376464420E0
4.90600000000000058E9	1.00036897577207617E0
4.90700000000000003E9	1.00039065459558230E0
4.90799999999999947E9	1.00041234019077252E0
4.90899999999999981E9	1.00043403266837361E0
4.91000000000000014E9	1.00045573192491144E0
4.91099999999999959E9	1.00047743811985779E0
4.91199999999999992E9	1.00049915102044307E0
4.91300000000000026E9	1.00052087087284480E0
4.91399999999999970E9	1.00054259747079510E0
4.91500000000000004E9	1.00056433097838426E0
4.91600000000000037E9	1.00058607122919541E0
4.91699999999999982E9	1.00060781839794033E0
4.91800000000000015E9	1.00062957236820349E0
4.91899999999999959E9	1.00065133326231681E0
4.91999999999999993E9	1.00067310089586492E0
4.92100000000000026E9	1.00069487546446600E0
4.92199999999999971E9	1.00071665687938371E0
4.92300000000000004E9	1.00073844508867560E0
4.92399999999999949E9	1.00076024017912601E0
4.92499999999999982E9	1.00078204211625721E0
4.92600000000000016E9	1.00080385090333213E0
4.92699999999999960E9	1.00082566649306526E0
4.92799999999999994E9	1.00084748904093224E0
4.92900000000000027E9	1.00086931843848559E0
4.92999999999999972E9	1.00089115467100020E0
4.93100000000000005E9	1.00091299778350984E0
4.93200000000000038E9	1.00093484770736163E0
4.93299999999999983E9	1.00095670455310604E0
4.93399999999999928E9	1.00097856827945830E0
4.93500000000000050E9	1.00100043883494916E0
4.93599999999999994E9	1.00102231627336269E0
4.93699999999999939E9	1.00104420061812349E0
4.93800000000000061E9	1.00106609177582717E0
4.93900000000000006E9	1.00108798983568525E0
4.93999999999999950E9	1.00110989482619894E0
4.94100000000000072E9	1.00113180668095914E0
4.94200000000000017E9	1.00115372531888847E0
4.94299999999999962E9	1.00117565095541794E0
4.94399999999999995E9	1.00119758348173749E0
4.94500000000000028E9	1.00121952277882653E0
4.94599999999999973E9	1.00124146906926059E0
4.94700000000000006E9	1.00126342226968035E0
4.94800000000000040E9	1.00128538224404906E0
4.94899999999999984E9	1.00130734924924769E0
4.95000000000000018E9	1.00132932306385491E0
4.95100000000000051E9	1.00135130381068937E0
4.95199999999999996E9	1.00137329146412757E0
4.95300000000000029E9	1.00139528602177119E0
4.95399999999999974E9	1.00141728749321945E0
4.95500000000000007E9	1.00143929578940227E0
4.95600000000000041E9	1.00146131106157310E0
4.95699999999999985E9	1.00148333331169370E0
4.95800000000000018E9	1.00150536238645405E0
4.95899999999999963E9	1.00152739838083238E0
4.95999999999999996E9	1.00154944127347867E0
4.96100000000000030E9	1.00157149111301624E0
4.96199999999999974E9	1.00159354785810972E0
4.96300000000000008E9	1.00161561154393852E0
4.96400000000000041E9	1.00163768219698190E0
4.96499999999999986E9	1.00165975973409305E0
4.96600000000000019E9	1.00168184417621831E0
4.96700000000000053E9	1.00170393556549220E0
4.96799999999999997E9	1.00172603390942783E0
4.96899999999999942E9	1.00174813914813043E0
4.97000000000000064E9	1.00177025135741626E0
4.97100000000000009E9	1.00179237047124081E0
4.97199999999999953E9	1.00181449657000798E0
4.97300000000000075E9	1.00183662959878927E0
4.97399999999999931E9	1.00185876955004827E0
4.97499999999999964E9	1.00188091651262634E0
4.97600000000000087E9	1.00190307037555160E0
4.97699999999999942E9	1.00192523116491783E0
4.97799999999999976E9	1.00194739895308782E0
4.97900000000000009E9	1.00196957367120909E0
4.97999999999999954E9	1.00199175532997997E0
4.98099999999999987E9	1.00201394401949462E0
4.98200000000000021E9	1.00203613960542692E0
4.98299999999999965E9	1.00205834218962342E0
4.98399999999999999E9	1.00208055169813059E0
4.98500000000000032E9	1.00210276822121136E0
4.98599999999999977E9	1.00212499168716351E0
4.98700000000000010E9	1.00214722214824881E0
4.98800000000000043E9	1.00216945956965930E0
4.98899999999999988E9	1.00219170395634460E0
4.99000000000000021E9	1.00221395540316616E0
4.99100000000000055E9	1.00223621371825877E0
4.99199999999999999E9	1.00225847910678323E0
4.99300000000000033E9	1.00228075140709838E0
4.99399999999999977E9	1.00230303076091420E0
4.99500000000000011E9	1.00232531710887818E0
4.99600000000000044E9	1.00234761038893216E0
4.99699999999999989E9	1.00236991071126091E0
4.99800000000000022E9	1.00239221804332002E0
4.99899999999999967E9	1.00241453231414512E0
5.00000000000000000E9	1.00243685366170387E0
5.00100000000000033E9	1.00245918197807038E0
5.00199999999999978E9	1.00248151732871738E0
5.00300000000000011E9	1.00250385968404809E0
5.00399999999999956E9	1.00252620903796563E0
5.00499999999999989E9	1.00254856544106530E0
5.00600000000000023E9	1.00257092881412158E0
5.00699999999999967E9	1.00259329917756013E0
5.00800000000000001E9	1.00261567665807716E0
5.00899999999999945E9	1.00263806112018417E0
5.00999999999999979E9	1.00266045260992964E0
5.01100000000000012E9	1.00268285113843802E0
5.01199999999999957E9	1.00270525669634658E0
5.01299999999999990E9	1.00272766929815660E0
5.01400000000000023E9	1.00275008889668760E0
5.01499999999999968E9	1.00277251558599523E0
5.01600000000000001E9	1.00279494927133350E0
5.01700000000000035E9	1.00281739007743664E0
5.01799999999999979E9	1.00283983786117736E0
5.01900000000000013E9	1.00286229278412797E0
5.02000000000000046E9	1.00288475466646365E0
5.02099999999999991E9	1.00290722357900508E0
5.02200000000000024E9	1.00292969964293799E0
5.02300000000000058E9	1.00295218272136966E0
5.02399999999999913E9	1.00297467291302977E0
5.02500000000000036E9	1.00299717011837242E0
5.02600000000000069E9	1.00301967441557571E0
5.02699999999999925E9	1.00304218575113335E0
5.02800000000000047E9	1.00306470419794258E0
5.02899999999999991E9	1.00308722971586128E0
5.02999999999999936E9	1.00310976235558758E0
5.03100000000000058E9	1.00313230204651926E0
5.03200000000000003E9	1.00315484880095362E0
5.03299999999999947E9	1.00317740266283328E0
5.03399999999999981E9	1.00319996358902563E0
5.03500000000000014E9	1.00322253162753383E0
5.03599999999999959E9	1.00324510676349354E0
5.03699999999999992E9	1.00326768902485264E0
5.03800000000000026E9	1.00329027832338280E0
5.03899999999999970E9	1.00331287477538411E0
5.04000000000000004E9	1.00333547836690751E0
5.04100000000000037E9	1.00335808908885893E0
5.04199999999999982E9	1.00338070677525426E0
5.04300000000000015E9	1.00340333171592389E0
5.04399999999999959E9	1.00342596371330539E0
5.04499999999999993E9	1.00344860285373905E0
5.04600000000000026E9	1.00347124907377627E0
5.04699999999999971E9	1.00349390249022363E0
5.04800000000000004E9	1.00351656302576586E0
5.04899999999999949E9	1.00353923065404582E0
5.04999999999999982E9	1.00356190547639357E0
5.05100000000000016E9	1.00358458744378809E0
5.05199999999999960E9	1.00360727650470127E0
5.05299999999999994E9	1.00362997276301424E0
5.05400000000000027E9	1.00365267607432251E0
5.05499999999999972E9	1.00367538664381062E0
5.05600000000000005E9	1.00369810426140460E0
5.05700000000000038E9	1.00372082914511274E0
5.05799999999999983E9	1.00374356112435170E0
5.05899999999999928E9	1.00376630028915081E0
5.06000000000000050E9	1.00378904663176161E0
5.06099999999999994E9	1.00381180014868443E0
5.06199999999999939E9	1.00383456074148425E0
5.06300000000000061E9	1.00385732858647292E0
5.06400000000000006E9	1.00388010365856850E0
5.06499999999999950E9	1.00390288587551435E0
5.06600000000000072E9	1.00392567530464238E0
5.06700000000000017E9	1.00394847184154790E0
5.06799999999999962E9	1.00397127561017507E0
5.06899999999999995E9	1.00399408658153422E0
5.07000000000000028E9	1.00401690475096284E0
5.07099999999999973E9	1.00403973010357928E0
5.07200000000000006E9	1.00406256270096605E0
5.07300000000000040E9	1.00408540247876998E0
5.07399999999999984E9	1.00410824948583044E0
5.07500000000000018E9	1.00413110363520697E0
5.07600000000000051E9	1.00415396513180011E0
5.07699999999999996E9	1.00417683372330813E0
5.07800000000000029E9	1.00419970956625537E0
5.07899999999999974E9	1.00422259267136949E0
5.08000000000000007E9	1.00424548301222538E0
5.08100000000000041E9	1.00426838059499546E0
5.08199999999999985E9	1.00429128537990020E0
5.08300000000000018E9	1.00431419736895799E0
5.08399999999999963E9	1.00433711666079239E0
5.08499999999999996E9	1.00436004321757211E0
5.08600000000000030E9	1.00438297697223811E0
5.08699999999999974E9	1.00440591796285750E0
5.08800000000000008E9	1.00442886619026206E0
5.08900000000000041E9	1.00445182174130165E0
5.08999999999999986E9	1.00447478455884287E0
5.09100000000000019E9	1.00449775458234547E0
5.09200000000000053E9	1.00452073193854541E0
5.09299999999999997E9	1.00454371660740938E0
5.09399999999999942E9	1.00456670845046236E0
5.09500000000000064E9	1.00458970764157351E0
5.09600000000000009E9	1.00461271408252317E0
5.09699999999999953E9	1.00463572778064592E0
5.09800000000000075E9	1.00465874884178286E0
5.09899999999999931E9	1.00468177713268925E0
5.09999999999999964E9	1.00470481274620593E0
5.10100000000000087E9	1.00472785572537004E0
5.10199999999999942E9	1.00475090588657956E0
5.10299999999999976E9	1.00477396344220549E0
5.10400000000000009E9	1.00479702830330475E0
5.10499999999999954E9	1.00482010045141923E0
5.10599999999999987E9	1.00484317991957872E0
5.10700000000000021E9	1.00486626671272528E0
5.10799999999999965E9	1.00488936080557800E0
5.10899999999999999E9	1.00491246230731734E0
5.11000000000000032E9	1.00493557110705112E0
5.11099999999999977E9	1.00495868721834092E0
5.11200000000000010E9	1.00498181061672143E0
5.11300000000000043E9	1.00500494146720265E0
5.11399999999999988E9	1.00502807961345186E0
5.11500000000000021E9	1.00505122505125910E0
5.11600000000000055E9	1.00507437793980903E0
5.11699999999999999E9	1.00509753815282865E0
5.11800000000000033E9	1.00512070575270984E0
5.11899999999999977E9	1.00514388069115523E0
5.12000000000000011E9	1.00516706298210323E0
5.12100000000000044E9	1.00519025268229156E0
5.12200000000000077E9	1.00521344970860937E0
5.12299999999999933E9	1.00523665417901853E0
5.12399999999999967E9	1.00525986599685835E0
5.12500000000000000E9	1.00528308521108567E0
5.12600000000000033E9	1.00530631181414720E0
5.12700000000000067E9	1.00532954581258882E0
5.12799999999999923E9	1.00535278725005650E0
5.12899999999999956E9	1.00537603600120895E0
5.12999999999999989E9	1.00539929225120095E0
5.13100000000000023E9	1.00542255586283868E0
5.13200000000000056E9	1.00544582687799644E0
5.13300000000000001E9	1.00546910538633227E0
5.13399999999999945E9	1.00549239120409717E0
5.13499999999999979E9	1.00551568452631956E0
5.13600000000000012E9	1.00553898525944518E0
5.13700000000000045E9	1.00556229341837677E0
5.13799999999999990E9	1.00558560902555572E0
5.13900000000000023E9	1.00560893206285229E0
5.13999999999999968E9	1.00563226253086357E0
5.14100000000000001E9	1.00565560047308633E0
5.14200000000000035E9	1.00567894587510076E0
5.14299999999999891E9	1.00570229873170502E0
5.14400000000000013E9	1.00572565903314026E0
5.14500000000000046E9	1.00574902683355805E0
5.14599999999999991E9	1.00577240202736951E0
5.14700000000000024E9	1.00579578482459331E0
5.14799999999999969E9	1.00581917498301099E0
5.14899999999999913E9	1.00584257267073784E0
5.15000000000000036E9	1.00586597782037646E0
5.15100000000000069E9	1.00588939047403780E0
5.15200000000000014E9	1.00591281063508409E0
5.15299999999999958E9	1.00593623832320733E0
5.15399999999999991E9	1.00595967347156567E0
5.15499999999999936E9	1.00598311609573177E0
5.15600000000000058E9	1.00600656626582707E0
5.15700000000000092E9	1.00603002388940421E0
5.15799999999999947E9	1.00605348911977566E0
5.15899999999999981E9	1.00607696184891382E0
5.16000000000000014E9	1.00610044211211136E0
5.16099999999999959E9	1.00612392986539900E0
5.16200000000000081E9	1.00614742513893174E0
5.16299999999999937E9	1.00617092801752772E0
5.16399999999999970E9	1.00619443838526390E0
5.16500000000000004E9	1.00621795631309507E0
5.16600000000000037E9	1.00624148186222939E0
5.16699999999999982E9	1.00626501486110898E0
5.16799999999999926E9	1.00628855552011620E0
5.16899999999999959E9	1.00631210363450796E0
5.16999999999999993E9	1.00633565942915526E0
5.17100000000000026E9	1.00635922272560197E0
5.17200000000000060E9	1.00638279365736993E0
5.17300000000000004E9	1.00640637206141625E0
5.17399999999999949E9	1.00642995815357694E0
5.17499999999999982E9	1.00645355179561680E0
5.17600000000000016E9	1.00647715305610430E0
5.17700000000000049E9	1.00650076186831350E0
5.17799999999999905E9	1.00652437835538877E0
5.17900000000000027E9	1.00654800237960185E0
5.17999999999999972E9	1.00657163404950789E0
5.18100000000000005E9	1.00659527336881016E0
5.18200000000000038E9	1.00661892023965249E0
5.18299999999999983E9	1.00664257477622687E0
5.18399999999999928E9	1.00666623690743662E0
5.18500000000000050E9	1.00668990666534008E0
5.18599999999999994E9	1.00671358413922918E0
5.18700000000000028E9	1.00673726923216478E0
5.18799999999999972E9	1.00676096190269382E0
5.18900000000000006E9	1.00678466227340335E0
5.18999999999999950E9	1.00680837033834725E0
5.19100000000000072E9	1.00683208599087992E0
5.19200000000000017E9	1.00685580937866170E0
5.19299999999999962E9	1.00687954045891281E0
5.19399999999999995E9	1.00690327911140698E0
5.19500000000000028E9	1.00692702554402280E0
5.19599999999999973E9	1.00695077956368428E0
5.19700000000000095E9	1.00697454129616903E0
5.19799999999999951E9	1.00699831075010637E0
5.19899999999999984E9	1.00702208787138248E0
5.20000000000000018E9	1.00704587275237434E0
5.20100000000000051E9	1.00706966534569009E0
5.20199999999999996E9	1.00709346557222901E0
5.20299999999999940E9	1.00711727356779068E0
5.20399999999999974E9	1.00714108922993040E0
5.20500000000000007E9	1.00716491266039299E0
5.20600000000000041E9	1.00718874382193890E0
5.20700000000000074E9	1.00721258271435876E0
5.20800000000000018E9	1.00723642936533708E0
5.20899999999999963E9	1.00726028374167575E0
5.20999999999999996E9	1.00728414579756742E0
5.21100000000000030E9	1.00730801581143914E0
5.21200000000000063E9	1.00733189337888862E0
5.21299999999999919E9	1.00735577874539772E0
5.21400000000000041E9	1.00737967194611078E0
5.21499999999999986E9	1.00740357291668170E0
5.21600000000000019E9	1.00742748164973261E0
5.21700000000000053E9	1.00745139811594187E0
5.21799999999999908E9	1.00747532240308835E0
5.21899999999999942E9	1.00749925453754141E0
5.22000000000000064E9	1.00752319433531823E0
5.22100000000000009E9	1.00754714207781082E0
5.22200000000000042E9	1.00757109751731111E0
5.22299999999999986E9	1.00759506085186001E0
5.22399999999999931E9	1.00761903193894198E0
5.22499999999999964E9	1.00764301094439768E0
5.22600000000000087E9	1.00766699767049284E0
5.22700000000000031E9	1.00769099230956360E0
5.22799999999999976E9	1.00771499474066206E0
5.22900000000000009E9	1.00773900496180446E0
5.22999999999999954E9	1.00776302307844734E0
5.23099999999999987E9	1.00778704899500759E0
5.23200000000000109E9	1.00781108289366594E0
5.23299999999999965E9	1.00783512455403290E0
5.23399999999999999E9	1.00785917408502201E0
5.23500000000000032E9	1.00788323155300952E0
5.23599999999999977E9	1.00790729690227332E0
5.23700000000000010E9	1.00793137006644895E0
5.23799999999999955E9	1.00795545108514228E0
5.23899999999999988E9	1.00797954008881696E0
5.24000000000000021E9	1.00800363691381012E0
5.24100000000000055E9	1.00802774170673670E0
5.24199999999999999E9	1.00805185440014444E0
5.24299999999999944E9	1.00807597493499057E0
5.24399999999999977E9	1.00810010342260359E0
5.24500000000000011E9	1.00812423988188282E0
5.24600000000000044E9	1.00814838421682929E0
5.24700000000000077E9	1.00817253647257488E0
5.24799999999999933E9	1.00819669665245071E0
5.24899999999999967E9	1.00822086483766293E0
5.25000000000000000E9	1.00824504093577483E0
5.25100000000000033E9	1.00826922502612826E0
5.25200000000000067E9	1.00829341708213494E0
5.25299999999999923E9	1.00831761706804612E0
5.25399999999999956E9	1.00834182506640202E0
5.25499999999999989E9	1.00836604095487536E0
5.25600000000000023E9	1.00839026490479711E0
5.25700000000000056E9	1.00841449672938510E0
5.25800000000000001E9	1.00843873661624706E0
5.25899999999999945E9	1.00846298445615234E0
5.25999999999999979E9	1.00848724035265658E0
5.26100000000000012E9	1.00851150427345759E0
5.26200000000000045E9	1.00853577619642798E0
5.26299999999999990E9	1.00856005606539734E0
5.26400000000000023E9	1.00858434401786612E0
5.26499999999999968E9	1.00860863999379058E0
5.26600000000000001E9	1.00863294406634396E0
5.26700000000000035E9	1.00865725603848677E0
5.26799999999999891E9	1.00868157618458221E0
5.26900000000000013E9	1.00870590432391105E0
5.27000000000000046E9	1.00873024044133675E0
5.27099999999999991E9	1.00875458470106416E0
5.27200000000000024E9	1.00877893703190891E0
5.27299999999999969E9	1.00880329741139296E0
5.27399999999999913E9	1.00882766588730544E0
5.27500000000000036E9	1.00885204242289350E0
5.27600000000000069E9	1.00887642701124802E0
5.27700000000000014E9	1.00890081977686119E0
5.27799999999999958E9	1.00892522059571355E0
5.27899999999999991E9	1.00894962951697997E0
5.27999999999999936E9	1.00897404660952894E0
5.28100000000000058E9	1.00899847176316149E0
5.28200000000000092E9	1.00902290499140523E0
5.28299999999999947E9	1.00904734642962635E0
5.28399999999999981E9	1.00907179593201279E0
5.28500000000000014E9	1.00909625368310607E0
5.28599999999999959E9	1.00912071952170179E0
5.28700000000000081E9	1.00914519342185982E0
5.28799999999999937E9	1.00916967554138592E0
5.28899999999999970E9	1.00919416587169675E0
5.29000000000000004E9	1.00921866434808472E0
5.29100000000000037E9	1.00924317093670601E0
5.29199999999999982E9	1.00926768571712433E0
5.29299999999999926E9	1.00929220878621506E0
5.29399999999999959E9	1.00931673990765081E0
5.29499999999999993E9	1.00934127931105966E0
5.29600000000000026E9	1.00936582685882881E0
5.29700000000000060E9	1.00939038269645764E0
5.29800000000000004E9	1.00941494660800180E0
5.29899999999999949E9	1.00943951891302786E0
5.29999999999999982E9	1.00946409927796887E0
5.30100000000000016E9	1.00948868800807845E0
5.30200000000000049E9	1.00951328491314340E0
5.30299999999999905E9	1.00953789004257022E0
5.30400000000000027E9	1.00956250342331022E0
5.30499999999999972E9	1.00958712509216153E0
5.30600000000000005E9	1.00961175504026901E0
5.30700000000000038E9	1.00963639317373555E0
5.30799999999999983E9	1.00966103967052856E0
5.30899999999999928E9	1.00968569431806987E0
5.31000000000000050E9	1.00971035731134129E0
5.31099999999999994E9	1.00973502864464182E0
5.31200000000000028E9	1.00975970828936679E0
5.31299999999999972E9	1.00978439614009941E0
5.31400000000000006E9	1.00980909237726779E0
5.31499999999999950E9	1.00983379682746732E0
5.31600000000000072E9	1.00985850964659019E0
5.31700000000000017E9	1.00988323086059051E0
5.31799999999999962E9	1.00990796034511998E0
5.31899999999999995E9	1.00993269818626130E0
5.32000000000000028E9	1.00995744434118073E0
5.32099999999999973E9	1.00998219888237828E0
5.32200000000000095E9	1.01000696174310112E0
5.32299999999999951E9	1.01003173299088034E0
5.32399999999999984E9	1.01005651264093022E0
5.32500000000000018E9	1.01008130052439649E0
5.32600000000000051E9	1.01010609694012921E0
5.32699999999999996E9	1.01013090171587594E0
5.32799999999999940E9	1.01015571484840416E0
5.32899999999999974E9	1.01018053638581384E0
5.33000000000000007E9	1.01020536632199476E0
5.33100000000000041E9	1.01023020463745250E0
5.33200000000000074E9	1.01025505144085348E0
5.33300000000000018E9	1.01027990666626222E0
5.33399999999999963E9	1.01030477025740240E0
5.33499999999999996E9	1.01032964233926426E0
5.33600000000000030E9	1.01035452284096161E0
5.33700000000000063E9	1.01037941180923241E0
5.33799999999999919E9	1.01040430921235824E0
5.33900000000000041E9	1.01042921512657680E0
5.33999999999999986E9	1.01045412948434921E0
5.34100000000000019E9	1.01047905224968182E0
5.34200000000000053E9	1.01050398352583581E0
5.34299999999999908E9	1.01052892331699495E0
5.34399999999999942E9	1.01055387157027110E0
5.34500000000000064E9	1.01057882836238178E0
5.34600000000000009E9	1.01060379364953912E0
5.34700000000000042E9	1.01062876741704755E0
5.34799999999999986E9	1.01065374974861300E0
5.34899999999999931E9	1.01067874059370810E0
5.34999999999999964E9	1.01070373995625773E0
5.35100000000000087E9	1.01072874792378808E0
5.35200000000000031E9	1.01075376437736342E0
5.35299999999999976E9	1.01077878936868570E0
5.35400000000000009E9	1.01080382291721693E0
5.35499999999999954E9	1.01082886502782854E0
5.35599999999999987E9	1.01085391568355121E0
5.35700000000000109E9	1.01087897500631474E0
5.35799999999999965E9	1.01090404282222690E0
5.35899999999999999E9	1.01092911926274986E0
5.36000000000000032E9	1.01095420432439198E0
5.36099999999999977E9	1.01097929800378084E0
5.36200000000000010E9	1.01100440021794657E0
5.36299999999999955E9	1.01102951110293260E0
5.36399999999999988E9	1.01105463066009849E0
5.36500000000000021E9	1.01107975873640510E0
5.36600000000000055E9	1.01110489548439886E0
5.36699999999999999E9	1.01113004095656023E0
5.36799999999999944E9	1.01115519492764561E0
5.36899999999999977E9	1.01118035770050296E0
5.37000000000000011E9	1.01120552912435802E0
5.37100000000000044E9	1.01123070908957180E0
5.37200000000000077E9	1.01125589786222703E0
5.37299999999999933E9	1.01128109524152876E0
5.37399999999999967E9	1.01130630137877198E0
5.37500000000000000E9	1.01133151619219253E0
5.37600000000000033E9	1.01135673967508510E0
5.37700000000000067E9	1.01138197189734136E0
5.37799999999999923E9	1.01140721281632029E0
5.37899999999999956E9	1.01143246251973862E0
5.37999999999999989E9	1.01145772084006413E0
5.38100000000000023E9	1.01148298799538661E0
5.38200000000000056E9	1.01150826383734405E0
5.38300000000000001E9	1.01153354859257583E0
5.38399999999999945E9	1.01155884191813539E0
5.38499999999999979E9	1.01158414405070318E0
5.38600000000000012E9	1.01160945501141719E0
5.38700000000000045E9	1.01163477463149554E0
5.38799999999999990E9	1.01166010317500188E0
5.38900000000000023E9	1.01168544043669084E0
5.38999999999999968E9	1.01171078651022039E0
5.39100000000000001E9	1.01173614140940082E0
5.39200000000000035E9	1.01176150509143992E0
5.39299999999999891E9	1.01178687769032472E0
5.39400000000000013E9	1.01181225901392291E0
5.39500000000000046E9	1.01183764918224606E0
5.39599999999999991E9	1.01186304822392081E0
5.39700000000000024E9	1.01188845612130418E0
5.39799999999999969E9	1.01191387284414303E0
5.39899999999999913E9	1.01193929851740272E0
5.40000000000000036E9	1.01196473288254452E0
5.40100000000000069E9	1.01199017632111410E0
5.40200000000000014E9	1.01201562854774041E0
5.40299999999999958E9	1.01204108962572770E0
5.40399999999999991E9	1.01206655968416537E0
5.40499999999999936E9	1.01209203861373820E0
5.40600000000000058E9	1.01211752651765230E0
5.40700000000000092E9	1.01214302321600247E0
5.40799999999999947E9	1.01216852896768117E0
5.40899999999999981E9	1.01219404355442322E0
5.41000000000000014E9	1.01221956721022743E0
5.41099999999999959E9	1.01224509971367227E0
5.41200000000000081E9	1.01227064121642818E0
5.41299999999999937E9	1.01229619167531948E0
5.41399999999999970E9	1.01232175107934474E0
5.41500000000000004E9	1.01234731945102907E0
5.41600000000000037E9	1.01237289685598064E0
5.41699999999999982E9	1.01239848327967619E0
5.41799999999999926E9	1.01242407863636186E0
5.41899999999999959E9	1.01244968303317595E0
5.41999999999999993E9	1.01247529649608770E0
5.42100000000000026E9	1.01250091888967875E0
5.42200000000000060E9	1.01252655039634565E0
5.42300000000000004E9	1.01255219081944126E0
5.42399999999999949E9	1.01257784040921961E0
5.42499999999999982E9	1.01260349901035962E0
5.42600000000000016E9	1.01262916673227088E0
5.42700000000000049E9	1.01265484345193313E0
5.42799999999999905E9	1.01268052922861895E0
5.42900000000000027E9	1.01270622408622990E0
5.42999999999999972E9	1.01273192810444379E0
5.43100000000000005E9	1.01275764120031253E0
5.43200000000000038E9	1.01278336339259378E0
5.43299999999999983E9	1.01280909473362102E0
5.43399999999999928E9	1.01283483511278249E0
5.43500000000000050E9	1.01286058465888829E0
5.43599999999999994E9	1.01288634335187600E0
5.43700000000000028E9	1.01291211117907998E0
5.43799999999999972E9	1.01293788813931829E0
5.43900000000000006E9	1.01296367430988443E0
5.43999999999999950E9	1.01298946957136793E0
5.44100000000000072E9	1.01301527409106762E0
5.44200000000000017E9	1.01304108770984103E0
5.44299999999999962E9	1.01306691059394582E0
5.44399999999999995E9	1.01309274266175464E0
5.44500000000000028E9	1.01311858386775322E0
5.44599999999999973E9	1.01314443441751934E0
5.44700000000000095E9	1.01317029404069658E0
5.44799999999999951E9	1.01319616295403314E0
5.44899999999999984E9	1.01322204109139613E0
5.45000000000000018E9	1.01324792845721712E0
5.45100000000000051E9	1.01327382517016296E0
5.45199999999999996E9	1.01329973110159166E0
5.45299999999999940E9	1.01332564619374255E0
5.45399999999999974E9	1.01335157065355230E0
5.45500000000000007E9	1.01337750438359597E0
5.45600000000000041E9	1.01340344742545740E0
5.45700000000000074E9	1.01342939971405621E0
5.45800000000000018E9	1.01345536139338077E0
5.45899999999999963E9	1.01348133232379967E0
5.45999999999999996E9	1.01350731263528382E0
5.46100000000000030E9	1.01353330218622162E0
5.46200000000000063E9	1.01355930111490888E0
5.46299999999999919E9	1.01358530936955149E0
5.46400000000000041E9	1.01361132700426526E0
5.46499999999999986E9	1.01363735396412880E0
5.46600000000000019E9	1.01366339040597109E0
5.46700000000000053E9	1.01368943615541784E0
5.46799999999999908E9	1.01371549128299976E0
5.46899999999999942E9	1.01374155578787106E0
5.47000000000000064E9	1.01376762973745582E0
5.47100000000000009E9	1.01379371303429466E0
5.47200000000000042E9	1.01381980580214770E0
5.47299999999999986E9	1.01384590797487339E0
5.47399999999999931E9	1.01387201958106821E0
5.47499999999999964E9	1.01389814065570505E0
5.47600000000000087E9	1.01392427116521744E0
5.47700000000000031E9	1.01395041123887752E0
5.47799999999999976E9	1.01397656061348207E0
5.47900000000000009E9	1.01400271952182464E0
5.47999999999999954E9	1.01402888787574375E0
5.48099999999999987E9	1.01405506582293636E0
5.48200000000000109E9	1.01408125320052678E0
5.48299999999999965E9	1.01410745014105119E0
5.48399999999999999E9	1.01413365656339782E0
5.48500000000000032E9	1.01415987237004601E0
5.48599999999999977E9	1.01418609792880021E0
5.48700000000000010E9	1.01421233299823865E0
5.48799999999999955E9	1.01423857751225688E0
5.48899999999999988E9	1.01426483169260817E0
5.49000000000000021E9	1.01429109538694107E0
5.49100000000000055E9	1.01431736853858623E0
5.49199999999999999E9	1.01434365138805704E0
5.49299999999999944E9	1.01436994391038859E0
5.49399999999999977E9	1.01439624591333577E0
5.49500000000000011E9	1.01442255758508582E0
5.49600000000000044E9	1.01444887886057367E0
5.49700000000000077E9	1.01447520970994698E0
5.49799999999999933E9	1.01450155029445255E0
5.49899999999999967E9	1.01452790048479802E0
5.50000000000000000E9	1.01455426027058593E0
5.50100000000000033E9	1.01458062975982877E0
5.50200000000000067E9	1.01460700889271704E0
5.50299999999999923E9	1.01463339770136618E0
5.50399999999999956E9	1.01465979618227231E0
5.50499999999999989E9	1.01468620441498714E0
5.50600000000000023E9	1.01471262227138226E0
5.50700000000000056E9	1.01473904987570962E0
5.50800000000000001E9	1.01476548728001648E0
5.50899999999999945E9	1.01479193426649528E0
5.50999999999999979E9	1.01481839111381200E0
5.51100000000000012E9	1.01484485763835042E0
5.51200000000000045E9	1.01487133392147277E0
5.51299999999999990E9	1.01489782001936324E0
5.51400000000000023E9	1.01492431581719122E0
5.51499999999999968E9	1.01495082148938476E0
5.51600000000000001E9	1.01497733691759362E0
5.51700000000000035E9	1.01500386205492754E0
5.51799999999999891E9	1.01503039708477472E0
5.51900000000000013E9	1.01505694188489293E0
5.52000000000000046E9	1.01508349650060459E0
5.52099999999999991E9	1.01511006100205159E0
5.52200000000000024E9	1.01513663532345344E0
5.52299999999999969E9	1.01516321944571586E0
5.52399999999999913E9	1.01518981345850956E0
5.52500000000000036E9	1.01521641737762880E0
5.52600000000000069E9	1.01524303119165671E0
5.52700000000000014E9	1.01526965481554199E0
5.52799999999999958E9	1.01529628840749364E0
5.52899999999999991E9	1.01532293182978073E0
5.52999999999999936E9	1.01534958522566643E0
5.53100000000000058E9	1.01537624841773200E0
5.53200000000000092E9	1.01540292169459634E0
5.53299999999999947E9	1.01542960490007328E0
5.53399999999999981E9	1.01545629795084369E0
5.53500000000000014E9	1.01548300103315925E0
5.53599999999999959E9	1.01550971408498625E0
5.53700000000000081E9	1.01553643699540186E0
5.53799999999999937E9	1.01556317006772545E0
5.53899999999999970E9	1.01558991300368584E0
5.54000000000000004E9	1.01561666606813183E0
5.54100000000000037E9	1.01564342903272142E0
5.54199999999999982E9	1.01567020198770552E0
5.54299999999999926E9	1.01569698507147743E0
5.54399999999999959E9	1.01572377811337833E0
5.54499999999999993E9	1.01575058123582118E0
5.54600000000000026E9	1.01577739446341697E0
5.54700000000000060E9	1.01580421773076868E0
5.54800000000000004E9	1.01583105099700366E0
5.54899999999999949E9	1.01585789447948494E0
5.54999999999999982E9	1.01588474794892059E0
5.55100000000000016E9	1.01591161164436117E0
5.55200000000000049E9	1.01593848530888553E0
5.55299999999999905E9	1.01596536914228275E0
5.55400000000000027E9	1.01599226315728730E0
5.55499999999999972E9	1.01601916726668140E0
5.55600000000000005E9	1.01604608156614984E0
5.55700000000000038E9	1.01607300600268102E0
5.55799999999999983E9	1.01609994058358621E0
5.55899999999999928E9	1.01612688527744188E0
5.56000000000000050E9	1.01615384027541400E0
5.56099999999999994E9	1.01618080541944522E0
5.56200000000000028E9	1.01620778078602503E0
5.56299999999999972E9	1.01623476640086752E0
5.56400000000000006E9	1.01626176219976339E0
5.56499999999999950E9	1.01628876821919523E0
5.56600000000000072E9	1.01631578448075621E0
5.56700000000000017E9	1.01634281101681934E0
5.56799999999999962E9	1.01636984779636363E0
5.56899999999999995E9	1.01639689484984674E0
5.57000000000000028E9	1.01642395216785131E0
5.57099999999999973E9	1.01645101984159725E0
5.57200000000000095E9	1.01647809775874820E0
5.57299999999999951E9	1.01650518599421491E0
5.57399999999999984E9	1.01653228462201972E0
5.57500000000000018E9	1.01655939350130819E0
5.57600000000000051E9	1.01658651272831513E0
5.57699999999999996E9	1.01661364231048190E0
5.57799999999999940E9	1.01664078213964015E0
5.57899999999999974E9	1.01666793257376753E0
5.58000000000000007E9	1.01669509321202622E0
5.58100000000000041E9	1.01672226430900681E0
5.58200000000000074E9	1.01674944578946547E0
5.58300000000000018E9	1.01677663770244897E0
5.58399999999999963E9	1.01680383992061629E0
5.58499999999999996E9	1.01683105266732188E0
5.58600000000000030E9	1.01685827584954502E0
5.58700000000000063E9	1.01688550937223088E0
5.58799999999999919E9	1.01691275349517185E0
5.58900000000000041E9	1.01694000798061945E0
5.58999999999999986E9	1.01696727299628265E0
5.59100000000000019E9	1.01699454850557180E0
5.59200000000000053E9	1.01702183443225302E0
5.59299999999999908E9	1.01704913090298898E0
5.59399999999999942E9	1.01707643795296976E0
5.59500000000000064E9	1.01710375548920351E0
5.59600000000000009E9	1.01713108355766502E0
5.59700000000000042E9	1.01715842211347907E0
5.59799999999999986E9	1.01718577121297971E0
5.59899999999999931E9	1.01721313103904620E0
5.59999999999999964E9	1.01724050129955756E0
5.60100000000000087E9	1.01726788217503250E0
5.60200000000000031E9	1.01729527363992189E0
5.60299999999999976E9	1.01732267571846036E0
5.60400000000000009E9	1.01735008843305197E0
5.60499999999999954E9	1.01737751171618251E0
5.60599999999999987E9	1.01740494563887052E0
5.60700000000000109E9	1.01743239029830446E0
5.60799999999999965E9	1.01745984551886393E0
5.60899999999999999E9	1.01748731143300075E0
5.61000000000000032E9	1.01751478805596762E0
5.61099999999999977E9	1.01754227538895736E0
5.61200000000000010E9	1.01756977329017206E0
5.61299999999999955E9	1.01759728200317268E0
5.61399999999999988E9	1.01762480134439381E0
5.61500000000000021E9	1.01765233146433931E0
5.61600000000000055E9	1.01767987233280466E0
5.61699999999999999E9	1.01770742386535940E0
5.61799999999999944E9	1.01773498623506087E0
5.61899999999999977E9	1.01776255940712113E0
5.62000000000000011E9	1.01779014325489925E0
5.62100000000000044E9	1.01781773794745511E0
5.62200000000000077E9	1.01784534342062227E0
5.62299999999999933E9	1.01787295969827407E0
5.62399999999999967E9	1.01790058689554441E0
5.62500000000000000E9	1.01792822478767064E0
5.62600000000000033E9	1.01795587359036954E0
5.62700000000000067E9	1.01798353318019763E0
5.62799999999999923E9	1.01801120370598031E0
5.62899999999999956E9	1.01803888504145856E0
5.62999999999999989E9	1.01806657726815430E0
5.63100000000000023E9	1.01809428043889016E0
5.63200000000000056E9	1.01812199445120077E0
5.63300000000000001E9	1.01814971938072740E0
5.63399999999999945E9	1.01817745525323522E0
5.63499999999999979E9	1.01820520205029608E0
5.63600000000000012E9	1.01823295982136131E0
5.63700000000000045E9	1.01826072842871929E0
5.63799999999999990E9	1.01828850819265471E0
5.63900000000000023E9	1.01831629885618336E0
5.63999999999999968E9	1.01834410044862467E0
5.64100000000000001E9	1.01837191311695618E0
5.64200000000000035E9	1.01839973671689821E0
5.64299999999999891E9	1.01842757139322404E0
5.64400000000000013E9	1.01845541707851361E0
5.64500000000000046E9	1.01848327376979464E0
5.64599999999999991E9	1.01851114160796485E0
5.64700000000000024E9	1.01853902040394662E0
5.64799999999999969E9	1.01856691028176627E0
5.64899999999999913E9	1.01859481130013485E0
5.65000000000000036E9	1.01862272344976601E0
5.65100000000000069E9	1.01865064653582360E0
5.65200000000000014E9	1.01867858085057805E0
5.65299999999999958E9	1.01870652622280411E0
5.65399999999999991E9	1.01873448287651880E0
5.65499999999999936E9	1.01876245047823377E0
5.65600000000000058E9	1.01879042943543796E0
5.65700000000000092E9	1.01881841949278673E0
5.65799999999999947E9	1.01884642066963793E0
5.65899999999999981E9	1.01887443306581638E0
5.66000000000000014E9	1.01890245668651924E0
5.66099999999999959E9	1.01893049154880821E0
5.66200000000000081E9	1.01895853761551525E0
5.66299999999999937E9	1.01898659482159859E0
5.66399999999999970E9	1.01901466344564406E0
5.66500000000000004E9	1.01904274326129274E0
5.66600000000000037E9	1.01907083430633416E0
5.66699999999999982E9	1.01909893657676531E0
5.66799999999999926E9	1.01912705021489502E0
5.66899999999999959E9	1.01915517522708421E0
5.66999999999999993E9	1.01918331142045582E0
5.67100000000000026E9	1.01921145901363785E0
5.67200000000000060E9	1.01923961787603812E0
5.67300000000000004E9	1.01926778813059893E0
5.67399999999999949E9	1.01929596984592052E0
5.67499999999999982E9	1.01932416272750337E0
5.67600000000000016E9	1.01935236706891352E0
5.67700000000000049E9	1.01938058285395683E0
5.67799999999999905E9	1.01940880999887029E0
5.67900000000000027E9	1.01943704858009676E0
5.67999999999999972E9	1.01946529855077972E0
5.68100000000000005E9	1.01949355990363699E0
5.68200000000000038E9	1.01952183284540832E0
5.68299999999999983E9	1.01955011711164678E0
5.68399999999999928E9	1.01957841291915918E0
5.68500000000000050E9	1.01960672016256559E0
5.68599999999999994E9	1.01963503902999242E0
5.68700000000000028E9	1.01966336925135947E0
5.68799999999999972E9	1.01969171101335898E0
5.68900000000000006E9	1.01972006437984763E0
5.68999999999999950E9	1.01974842923854991E0
5.69100000000000072E9	1.01977680559713124E0
5.69200000000000017E9	1.01980519358360744E0
5.69299999999999962E9	1.01983359320325229E0
5.69399999999999995E9	1.01986200423115347E0
5.69500000000000028E9	1.01989042694006149E0
5.69599999999999973E9	1.01991886137210974E0
5.69700000000000095E9	1.01994730731186878E0
5.69799999999999951E9	1.01997576489415720E0
5.69899999999999984E9	1.02000423410410135E0
5.70000000000000018E9	1.02003271499181558E0
5.70100000000000051E9	1.02006120752719953E0
5.70199999999999996E9	1.02008971167676155E0
5.70299999999999940E9	1.02011822762454107E0
5.70399999999999974E9	1.02014675528147980E0
5.70500000000000007E9	1.02017529459842904E0
5.70600000000000041E9	1.02020384561883781E0
5.70700000000000074E9	1.02023240844058760E0
5.70800000000000018E9	1.02026098292866352E0
5.70899999999999963E9	1.02028956919195823E0
5.70999999999999996E9	1.02031816721581814E0
5.71100000000000030E9	1.02034677709365029E0
5.71200000000000063E9	1.02037539868506255E0
5.71299999999999919E9	1.02040403214952580E0
5.71400000000000041E9	1.02043267739892185E0
5.71499999999999986E9	1.02046133448060328E0
5.71600000000000019E9	1.02049000345545116E0
5.71700000000000053E9	1.02051868420370906E0
5.71799999999999908E9	1.02054737692143815E0
5.71899999999999942E9	1.02057608144516787E0
5.72000000000000064E9	1.02060479781732805E0
5.72100000000000009E9	1.02063352613269753E0
5.72200000000000042E9	1.02066226636343704E0
5.72299999999999986E9	1.02069101857471467E0
5.72399999999999931E9	1.02071978259804608E0
5.72499999999999964E9	1.02074855870328984E0
5.72600000000000087E9	1.02077734665044062E0
5.72700000000000031E9	1.02080614676214232E0
5.72799999999999976E9	1.02083495870014751E0
5.72900000000000009E9	1.02086378264681144E0
5.72999999999999954E9	1.02089261859163161E0
5.73099999999999987E9	1.02092146663294137E0
5.73200000000000109E9	1.02095032664722285E0
5.73299999999999965E9	1.02097919870286957E0
5.73399999999999999E9	1.02100808285298439E0
5.73500000000000032E9	1.02103697905446400E0
5.73599999999999977E9	1.02106588734342418E0
5.73700000000000010E9	1.02109480771560168E0
5.73799999999999955E9	1.02112374022003949E0
5.73899999999999988E9	1.02115268489008182E0
5.74000000000000021E9	1.02118164156506319E0
5.74100000000000055E9	1.02121061044380523E0
5.74199999999999999E9	1.02123959150118826E0
5.74299999999999944E9	1.02126858484935035E0
5.74399999999999977E9	1.02129759024035738E0
5.74500000000000011E9	1.02132660771397887E0
5.74600000000000044E9	1.02135563760305326E0
5.74700000000000077E9	1.02138467957124912E0
5.74799999999999933E9	1.02141373386417733E0
5.74899999999999967E9	1.02144280036622725E0
5.75000000000000000E9	1.02147187911315607E0
5.75100000000000033E9	1.02150097016680630E0
5.75200000000000067E9	1.02153007340732049E0
5.75299999999999923E9	1.02155918907652965E0
5.75399999999999956E9	1.02158831696759211E0
5.75499999999999989E9	1.02161745720904396E0
5.75600000000000023E9	1.02164660977391009E0
5.75700000000000056E9	1.02167577473123106E0
5.75800000000000001E9	1.02170495199614431E0
5.75899999999999945E9	1.02173414170662569E0
5.75999999999999979E9	1.02176334361991561E0
5.76100000000000012E9	1.02179255802683255E0
5.76200000000000045E9	1.02182178486446262E0
5.76299999999999990E9	1.02185102414043927E0
5.76400000000000023E9	1.02188027576271590E0
5.76499999999999968E9	1.02190953987546473E0
5.76600000000000001E9	1.02193881648332008E0
5.76700000000000035E9	1.02196810554675377E0
5.76799999999999891E9	1.02199740712324871E0
5.76900000000000013E9	1.02202672109985238E0
5.77000000000000046E9	1.02205604768872882E0
5.77099999999999991E9	1.02208538681539207E0
5.77200000000000024E9	1.02211473840825695E0
5.77299999999999969E9	1.02214410251813503E0
5.77399999999999913E9	1.02217347925400581E0
5.77500000000000036E9	1.02220286850918596E0
5.77600000000000069E9	1.02223227047522736E0
5.77700000000000014E9	1.02226168490252878E0
5.77799999999999958E9	1.02229111205059264E0
5.77899999999999991E9	1.02232055170946023E0
5.77999999999999936E9	1.02235000403786924E0
5.78100000000000058E9	1.02237946906534738E0
5.78200000000000092E9	1.02240894674872718E0
5.78299999999999947E9	1.02243843715766314E0
5.78399999999999981E9	1.02246794016328946E0
5.78500000000000014E9	1.02249745603139530E0
5.78599999999999959E9	1.02252698445916645E0
5.78700000000000081E9	1.02255652571030531E0
5.78799999999999937E9	1.02258607966619564E0
5.78899999999999970E9	1.02261564637344882E0
5.79000000000000004E9	1.02264522585379147E0
5.79100000000000037E9	1.02267481812471850E0
5.79199999999999982E9	1.02270442316115551E0
5.79299999999999926E9	1.02273404110729249E0
5.79399999999999959E9	1.02276367180762251E0
5.79499999999999993E9	1.02279331527607131E0
5.79600000000000026E9	1.02282297171107417E0
5.79700000000000060E9	1.02285264096734574E0
5.79800000000000004E9	1.02288232314170946E0
5.79899999999999949E9	1.02291201815835642E0
5.79999999999999982E9	1.02294172606826694E0
5.80100000000000016E9	1.02297144693672459E0
5.80200000000000049E9	1.02300118071224322E0
5.80299999999999905E9	1.02303092737246204E0
5.80400000000000027E9	1.02306068710766951E0
5.80499999999999972E9	1.02309045979181246E0
5.80600000000000005E9	1.02312024544138880E0
5.80700000000000038E9	1.02315004408568022E0
5.80799999999999983E9	1.02317985576854098E0
5.80899999999999928E9	1.02320968044559524E0
5.81000000000000050E9	1.02323951808466762E0
5.81099999999999994E9	1.02326936889976383E0
5.81200000000000028E9	1.02329923278490331E0
5.81299999999999972E9	1.02332910969142232E0
5.81400000000000006E9	1.02335899962759580E0
5.81499999999999950E9	1.02338890281545525E0
5.81600000000000072E9	1.02341881905997267E0
5.81700000000000017E9	1.02344874846543865E0
5.81799999999999962E9	1.02347869100712940E0
5.81899999999999995E9	1.02350864676053965E0
5.82000000000000028E9	1.02353861560889126E0
5.82099999999999973E9	1.02356859762742780E0
5.82200000000000095E9	1.02359859295890931E0
5.82299999999999951E9	1.02362860142756551E0
5.82399999999999984E9	1.02365862316080292E0
5.82500000000000018E9	1.02368865811129672E0
5.82600000000000051E9	1.02371870630316142E0
5.82699999999999996E9	1.02374876786010649E0
5.82799999999999940E9	1.02377884260094421E0
5.82899999999999974E9	1.02380893072102230E0
5.83000000000000007E9	1.02383903209427363E0
5.83100000000000041E9	1.02386914681119290E0
5.83200000000000074E9	1.02389927500744737E0
5.83300000000000018E9	1.02392941639296775E0
5.83399999999999963E9	1.02395957121555981E0
5.83499999999999996E9	1.02398973944593186E0
5.83600000000000030E9	1.02401992099632788E0
5.83700000000000063E9	1.02405011606754881E0
5.83799999999999919E9	1.02408032448190078E0
5.83900000000000041E9	1.02411054633510101E0
5.83999999999999986E9	1.02414078166784539E0
5.84100000000000019E9	1.02417103063342818E0
5.84200000000000053E9	1.02420129282864192E0
5.84299999999999908E9	1.02423156866937015E0
5.84399999999999942E9	1.02426185789663338E0
5.84500000000000064E9	1.02429216077803931E0
5.84600000000000009E9	1.02432247722929137E0
5.84700000000000042E9	1.02435280714773125E0
5.84799999999999986E9	1.02438315062253116E0
5.84899999999999931E9	1.02441350771224160E0
5.84999999999999964E9	1.02444387841477447E0
5.85100000000000087E9	1.02447426272771258E0
5.85200000000000031E9	1.02450466070626600E0
5.85299999999999976E9	1.02453507231620944E0
5.85400000000000009E9	1.02456549746326431E0
5.85499999999999954E9	1.02459593649476055E0
5.85599999999999987E9	1.02462638904784598E0
5.85700000000000109E9	1.02465685540922724E0
5.85799999999999965E9	1.02468733533288336E0
5.85899999999999999E9	1.02471782913163967E0
5.86000000000000032E9	1.02474833676493837E0
5.86099999999999977E9	1.02477885795328838E0
5.86200000000000010E9	1.02480939291797801E0
5.86299999999999955E9	1.02483994174787330E0
5.86399999999999988E9	1.02487050438285476E0
5.86500000000000021E9	1.02490108084879883E0
5.86600000000000055E9	1.02493167105392269E0
5.86699999999999999E9	1.02496227521512795E0
5.86799999999999944E9	1.02499289325303455E0
5.86899999999999977E9	1.02502352505675409E0
5.87000000000000011E9	1.02505417084076877E0
5.87100000000000044E9	1.02508483052272226E0
5.87200000000000077E9	1.02511550412131691E0
5.87299999999999933E9	1.02514619159697640E0
5.87399999999999967E9	1.02517689309949978E0
5.87500000000000000E9	1.02520760852858328E0
5.87600000000000033E9	1.02523833800243902E0
5.87700000000000067E9	1.02526908137213901E0
5.87799999999999923E9	1.02529983883089115E0
5.87899999999999956E9	1.02533061018100069E0
5.87999999999999989E9	1.02536139570357543E0
5.88100000000000023E9	1.02539219525991210E0
5.88200000000000056E9	1.02542300891838667E0
5.88300000000000001E9	1.02545383659856859E0
5.88399999999999945E9	1.02548467833674906E0
5.88499999999999979E9	1.02551553433436915E0
5.88600000000000012E9	1.02554640443201728E0
5.88700000000000045E9	1.02557728861868203E0
5.88799999999999990E9	1.02560818700272249E0
5.88900000000000023E9	1.02563909957154697E0
5.88999999999999968E9	1.02567002623563064E0
5.89100000000000001E9	1.02570096719096515E0
5.89200000000000035E9	1.02573192234559296E0
5.89299999999999891E9	1.02576289175910862E0
5.89400000000000013E9	1.02579387541220068E0
5.89500000000000046E9	1.02582487334651429E0
5.89599999999999991E9	1.02585588555741181E0
5.89700000000000024E9	1.02588691208333027E0
5.89799999999999969E9	1.02591795290208943E0
5.89899999999999913E9	1.02594900805110534E0
5.90000000000000036E9	1.02598007752125131E0
5.90100000000000069E9	1.02601116137754000E0
5.90200000000000014E9	1.02604225962449558E0
5.90299999999999958E9	1.02607337230962203E0
5.90399999999999991E9	1.02610449922314606E0
5.90499999999999936E9	1.02613564081977349E0
5.90600000000000058E9	1.02616679658441612E0
5.90700000000000092E9	1.02619796703128685E0
5.90799999999999947E9	1.02622915179381047E0
5.90899999999999981E9	1.02626035112733560E0
5.91000000000000014E9	1.02629156492086726E0
5.91099999999999959E9	1.02632279324451980E0
5.91200000000000081E9	1.02635403600194519E0
5.91299999999999937E9	1.02638529344206697E0
5.91399999999999970E9	1.02641656545201920E0
5.91500000000000004E9	1.02644785194510701E0
5.91600000000000037E9	1.02647915306364457E0
5.91699999999999982E9	1.02651046881137065E0
5.91799999999999926E9	1.02654179912989219E0
5.91899999999999959E9	1.02657314426416435E0
5.91999999999999993E9	1.02660450380479795E0
5.92100000000000026E9	1.02663587823830649E0
5.92200000000000060E9	1.02666726725816893E0
5.92300000000000004E9	1.02669867103041068E0
5.92399999999999949E9	1.02673008942966737E0
5.92499999999999982E9	1.02676152261902942E0
5.92600000000000016E9	1.02679297062434349E0
5.92700000000000049E9	1.02682443330058493E0
5.92799999999999905E9	1.02685591082518024E0
5.92900000000000027E9	1.02688740317312699E0
5.92999999999999972E9	1.02691891029060733E0
5.93100000000000005E9	1.02695043218086179E0
5.93200000000000038E9	1.02698196906311923E0
5.93299999999999983E9	1.02701352066412310E0
5.93399999999999928E9	1.02704508735436240E0
5.93500000000000050E9	1.02707666870383307E0
5.93599999999999994E9	1.02710826512843023E0
5.93700000000000028E9	1.02713987637989468E0
5.93799999999999972E9	1.02717150256424294E0
5.93900000000000006E9	1.02720314384717271E0
5.93999999999999950E9	1.02723479997863509E0
5.94100000000000072E9	1.02726647122983517E0
5.94200000000000017E9	1.02729815731904872E0
5.94299999999999962E9	1.02732985866804127E0
5.94399999999999995E9	1.02736157490133295E0
5.94500000000000028E9	1.02739330619291258E0
5.94599999999999973E9	1.02742505262497108E0
5.94700000000000095E9	1.02745681415677637E0
5.94799999999999951E9	1.02748859075964583E0
5.94899999999999984E9	1.02752038246714483E0
5.95000000000000018E9	1.02755218941982718E0
5.95100000000000051E9	1.02758401141620137E0
5.95199999999999996E9	1.02761584859464672E0
5.95299999999999940E9	1.02764770104681435E0
5.95399999999999974E9	1.02767956866238297E0
5.95500000000000007E9	1.02771145155938548E0
5.95600000000000041E9	1.02774334953333635E0
5.95700000000000074E9	1.02777526294971100E0
5.95800000000000018E9	1.02780719155387557E0
5.95899999999999963E9	1.02783913543106231E0
5.95999999999999996E9	1.02787109471233640E0
5.96100000000000030E9	1.02790306923339769E0
5.96200000000000063E9	1.02793505907475180E0
5.96299999999999919E9	1.02796706435123886E0
5.96400000000000041E9	1.02799908509517568E0
5.96499999999999986E9	1.02803112104503347E0
5.96600000000000019E9	1.02806317243467737E0
5.96700000000000053E9	1.02809523929442426E0
5.96799999999999908E9	1.02812732157757125E0
5.96899999999999942E9	1.02815941929697718E0
5.97000000000000064E9	1.02819153265189001E0
5.97100000000000009E9	1.02822366135825316E0
5.97200000000000042E9	1.02825580558264429E0
5.97299999999999986E9	1.02828796536441858E0
5.97399999999999931E9	1.02832014069792499E0
5.97499999999999964E9	1.02835233155964056E0
5.97600000000000087E9	1.02838453807970565E0
5.97700000000000031E9	1.02841676007730976E0
5.97799999999999976E9	1.02844899772833465E0
5.97900000000000009E9	1.02848125110043376E0
5.97999999999999954E9	1.02851352010108599E0
5.98099999999999987E9	1.02854580471695800E0
5.98200000000000109E9	1.02857810501089153E0
5.98299999999999965E9	1.02861042095162603E0
5.98399999999999999E9	1.02864275275697858E0
5.98500000000000032E9	1.02867510014285668E0
5.98599999999999977E9	1.02870746340433716E0
5.98700000000000010E9	1.02873984236363158E0
5.98799999999999955E9	1.02877223714311694E0
5.98899999999999988E9	1.02880464765556523E0
5.99000000000000021E9	1.02883707398967839E0
5.99100000000000055E9	1.02886951629449164E0
5.99199999999999999E9	1.02890197429269348E0
5.99299999999999944E9	1.02893444829082736E0
5.99399999999999977E9	1.02896693821261920E0
5.99500000000000011E9	1.02899944384201447E0
5.99600000000000044E9	1.02903196556059084E0
5.99700000000000077E9	1.02906450318059806E0
5.99799999999999933E9	1.02909705686087771E0
5.99899999999999967E9	1.02912962641105032E0
6.00000000000000000E9	1.02916221200441038E0
6.00100000000000033E9	1.02919481360665999E0
6.00200000000000067E9	1.02922743119926485E0
6.00299999999999923E9	1.02926006484137855E0
6.00399999999999956E9	1.02929271452797044E0
6.00499999999999989E9	1.02932538033164245E0
6.00600000000000023E9	1.02935806232538773E0
6.00700000000000056E9	1.02939076035789201E0
6.00800000000000001E9	1.02942347449990201E0
6.00899999999999945E9	1.02945620483638689E0
6.00999999999999979E9	1.02948895134109986E0
6.01100000000000012E9	1.02952171404902137E0
6.01200000000000045E9	1.02955449296393842E0
6.01299999999999990E9	1.02958728807094380E0
6.01400000000000023E9	1.02962009950017341E0
6.01499999999999968E9	1.02965292712223877E0
6.01600000000000001E9	1.02968577111319814E0
6.01700000000000035E9	1.02971863124697216E0
6.01799999999999891E9	1.02975150782414326E0
6.01900000000000013E9	1.02978440063335319E0
6.02000000000000046E9	1.02981730986177999E0
6.02099999999999991E9	1.02985023555170452E0
6.02200000000000024E9	1.02988317756792669E0
6.02299999999999969E9	1.02991613591896103E0
6.02399999999999913E9	1.02994911080479490E0
6.02500000000000036E9	1.02998210200695151E0
6.02600000000000069E9	1.03001510988284073E0
6.02700000000000014E9	1.03004813410207841E0
6.02799999999999958E9	1.03008117476283889E0
6.02899999999999991E9	1.03011423194827234E0
6.02999999999999936E9	1.03014730585247194E0
6.03100000000000058E9	1.03018039620365642E0
6.03200000000000092E9	1.03021350316134264E0
6.03299999999999947E9	1.03024662651548127E0
6.03399999999999981E9	1.03027976676239197E0
6.03500000000000014E9	1.03031292344841363E0
6.03599999999999959E9	1.03034609689103940E0
6.03700000000000081E9	1.03037928684346913E0
6.03799999999999937E9	1.03041249365345067E0
6.03899999999999970E9	1.03044571707343913E0
6.04000000000000004E9	1.03047895722373473E0
6.04100000000000037E9	1.03051221417542105E0
6.04199999999999982E9	1.03054548790236189E0
6.04299999999999926E9	1.03057877837844503E0
6.04399999999999959E9	1.03061208559048922E0
6.04499999999999993E9	1.03064540963966378E0
6.04600000000000026E9	1.03067875052778168E0
6.04700000000000060E9	1.03071210825626469E0
6.04800000000000004E9	1.03074548287364398E0
6.04899999999999949E9	1.03077887437950233E0
6.04999999999999982E9	1.03081228282117099E0
6.05100000000000016E9	1.03084570814749465E0
6.05200000000000049E9	1.03087915037069644E0
6.05299999999999905E9	1.03091260979489419E0
6.05400000000000027E9	1.03094608596019621E0
6.05499999999999972E9	1.03097957924965056E0
6.05600000000000005E9	1.03101308941299807E0
6.05700000000000038E9	1.03104661678287046E0
6.05799999999999983E9	1.03108016118722934E0
6.05899999999999928E9	1.03111372268070545E0
6.06000000000000050E9	1.03114730115467457E0
6.06099999999999994E9	1.03118089684157410E0
6.06200000000000028E9	1.03121450966286532E0
6.06299999999999972E9	1.03124813962057571E0
6.06400000000000006E9	1.03128178686307304E0
6.06499999999999950E9	1.03131545109671419E0
6.06600000000000072E9	1.03134913272933182E0
6.06700000000000017E9	1.03138283151428101E0
6.06799999999999962E9	1.03141654756307233E0
6.06899999999999995E9	1.03145028082319490E0
6.07000000000000028E9	1.03148403138822986E0
6.07099999999999973E9	1.03151779931790588E0
6.07200000000000095E9	1.03155158455805829E0
6.07299999999999951E9	1.03158538718200199E0
6.07399999999999984E9	1.03161920713204958E0
6.07500000000000018E9	1.03165304448194362E0
6.07600000000000051E9	1.03168689922069046E0
6.07699999999999996E9	1.03172077150075370E0
6.07799999999999940E9	1.03175466111518244E0
6.07899999999999974E9	1.03178856819620890E0
6.08000000000000007E9	1.03182249278017957E0
6.08100000000000041E9	1.03185643490183065E0
6.08200000000000074E9	1.03189039457632648E0
6.08300000000000018E9	1.03192437165706719E0
6.08399999999999963E9	1.03195836647096928E0
6.08499999999999996E9	1.03199237868584359E0
6.08600000000000030E9	1.03202640871051199E0
6.08700000000000063E9	1.03206045627765941E0
6.08799999999999919E9	1.03209452146382130E0
6.08900000000000041E9	1.03212860419698149E0
6.08999999999999986E9	1.03216270475031191E0
6.09100000000000019E9	1.03219682304936300E0
6.09200000000000053E9	1.03223095906886253E0
6.09299999999999908E9	1.03226511273312149E0
6.09399999999999942E9	1.03229928417993366E0
6.09500000000000064E9	1.03233347338032977E0
6.09600000000000009E9	1.03236768053562478E0
6.09700000000000042E9	1.03240190540190557E0
6.09799999999999986E9	1.03243614809592321E0
6.09899999999999931E9	1.03247040873514595E0
6.09999999999999964E9	1.03250468730249789E0
6.10100000000000087E9	1.03253898366416608E0
6.10200000000000031E9	1.03257329795065123E0
6.10299999999999976E9	1.03260763022542279E0
6.10400000000000009E9	1.03264198036870369E0
6.10499999999999954E9	1.03267634868991842E0
6.10599999999999987E9	1.03271073485294274E0
6.10700000000000109E9	1.03274513911531396E0
6.10799999999999965E9	1.03277956137006277E0
6.10899999999999999E9	1.03281400184066618E0
6.11000000000000032E9	1.03284846018691390E0
6.11099999999999977E9	1.03288293679442544E0
6.11200000000000010E9	1.03291743147145398E0
6.11299999999999955E9	1.03295194432033344E0
6.11399999999999988E9	1.03298647531144838E0
6.11500000000000021E9	1.03302102451393729E0
6.11600000000000055E9	1.03305559187987694E0
6.11699999999999999E9	1.03309017750734511E0
6.11799999999999944E9	1.03312478143135666E0
6.11899999999999977E9	1.03315940351632363E0
6.12000000000000011E9	1.03319404397627634E0
6.12100000000000044E9	1.03322870272449796E0
6.12200000000000077E9	1.03326337987439887E0
6.12299999999999933E9	1.03329807521932837E0
6.12399999999999967E9	1.03333278903716397E0
6.12500000000000000E9	1.03336752125499687E0
6.12600000000000033E9	1.03340227196401835E0
6.12700000000000067E9	1.03343704102131384E0
6.12799999999999923E9	1.03347182863503018E0
6.12899999999999956E9	1.03350663464304393E0
6.12999999999999989E9	1.03354145921823992E0
6.13100000000000023E9	1.03357630217946395E0
6.13200000000000056E9	1.03361116379889806E0
6.13300000000000001E9	1.03364604392637704E0
6.13399999999999945E9	1.03368094261495269E0
6.13499999999999979E9	1.03371586001436011E0
6.13600000000000012E9	1.03375079604034381E0
6.13700000000000045E9	1.03378575069129952E0
6.13799999999999990E9	1.03382072393134683E0
6.13900000000000023E9	1.03385571587363301E0
6.13999999999999968E9	1.03389072651383307E0
6.14100000000000001E9	1.03392575606567538E0
6.14200000000000035E9	1.03396080413448299E0
6.14299999999999891E9	1.03399587118603509E0
6.14400000000000013E9	1.03403095689064473E0
6.14500000000000046E9	1.03406606145771396E0
6.14599999999999991E9	1.03410118494560010E0
6.14700000000000024E9	1.03413632719183313E0
6.14799999999999969E9	1.03417148843521978E0
6.14899999999999913E9	1.03420666839377295E0
6.15000000000000036E9	1.03424186742550250E0
6.15100000000000069E9	1.03427708531150042E0
6.15200000000000014E9	1.03431232225697456E0
6.15299999999999958E9	1.03434757819279755E0
6.15399999999999991E9	1.03438285306852484E0
6.15499999999999936E9	1.03441814701755463E0
6.15600000000000058E9	1.03445346000177407E0
6.15700000000000092E9	1.03448879203677468E0
6.15799999999999947E9	1.03452414318366381E0
6.15899999999999981E9	1.03455951362444032E0
6.16000000000000014E9	1.03459490309694013E0
6.16099999999999959E9	1.03463031157812835E0
6.16200000000000081E9	1.03466573943171936E0
6.16299999999999937E9	1.03470118639428788E0
6.16399999999999970E9	1.03473665272724635E0
6.16500000000000004E9	1.03477213818179559E0
6.16600000000000037E9	1.03480764293173788E0
6.16699999999999982E9	1.03484316693017497E0
6.16799999999999926E9	1.03487871040081947E0
6.16899999999999959E9	1.03491427300566663E0
6.16999999999999993E9	1.03494985510337867E0
6.17100000000000026E9	1.03498545667643960E0
6.17200000000000060E9	1.03502107752038852E0
6.17300000000000004E9	1.03505671787129971E0
6.17399999999999949E9	1.03509237750511329E0
6.17499999999999982E9	1.03512805686067022E0
6.17600000000000016E9	1.03516375554141304E0
6.17700000000000049E9	1.03519947367919540E0
6.17799999999999905E9	1.03523521155671561E0
6.17900000000000027E9	1.03527096890966330E0
6.17999999999999972E9	1.03530674585120086E0
6.18100000000000005E9	1.03534254240444734E0
6.18200000000000038E9	1.03537835843946202E0
6.18299999999999983E9	1.03541419428771375E0
6.18399999999999928E9	1.03545004985165212E0
6.18500000000000050E9	1.03548592508305926E0
6.18599999999999994E9	1.03552181989966474E0
6.18700000000000028E9	1.03555773456085465E0
6.18799999999999972E9	1.03559366901564176E0
6.18900000000000006E9	1.03562962319614571E0
6.18999999999999950E9	1.03566559717019158E0
6.19100000000000072E9	1.03570159112485483E0
6.19200000000000017E9	1.03573760481625810E0
6.19299999999999962E9	1.03577363824302271E0
6.19399999999999995E9	1.03580969187923078E0
6.19500000000000028E9	1.03584576520477856E0
6.19599999999999973E9	1.03588185864368132E0
6.19700000000000095E9	1.03591797191187185E0
6.19799999999999951E9	1.03595410524419251E0
6.19899999999999984E9	1.03599025855982729E0
6.20000000000000018E9	1.03602643197108324E0
6.20100000000000051E9	1.03606262546645778E0
6.20199999999999996E9	1.03609883896399491E0
6.20299999999999940E9	1.03613507248617287E0
6.20399999999999974E9	1.03617132638039600E0
6.20500000000000007E9	1.03620760016670022E0
6.20600000000000041E9	1.03624389420795682E0
6.20700000000000074E9	1.03628020866022297E0
6.20800000000000018E9	1.03631654309220744E0
6.20899999999999963E9	1.03635289784719942E0
6.20999999999999996E9	1.03638927292199590E0
6.21100000000000030E9	1.03642566819326931E0
6.21200000000000063E9	1.03646208395056050E0
6.21299999999999919E9	1.03649851994627662E0
6.21400000000000041E9	1.03653497622632029E0
6.21499999999999986E9	1.03657145304312182E0
6.21600000000000019E9	1.03660795016332186E0
6.21700000000000053E9	1.03664446773436092E0
6.21799999999999908E9	1.03668100586667844E0
6.21899999999999942E9	1.03671756425522044E0
6.22000000000000064E9	1.03675414328592019E0
6.22100000000000009E9	1.03679074287797257E0
6.22200000000000042E9	1.03682736286185251E0
6.22299999999999986E9	1.03686400353303410E0
6.22399999999999931E9	1.03690066487793509E0
6.22499999999999964E9	1.03693734677501892E0
6.22600000000000087E9	1.03697404944991067E0
6.22700000000000031E9	1.03701077255323670E0
6.22799999999999976E9	1.03704751646663662E0
6.22900000000000009E9	1.03708428108209993E0
6.22999999999999954E9	1.03712106656902758E0
6.23099999999999987E9	1.03715787266266846E0
6.23200000000000109E9	1.03719469954779275E0
6.23299999999999965E9	1.03723154732218892E0
6.23399999999999999E9	1.03726841592615471E0
6.23500000000000032E9	1.03730530542034982E0
6.23599999999999977E9	1.03734221570830853E0
6.23700000000000010E9	1.03737914691847122E0
6.23799999999999955E9	1.03741609914405220E0
6.23899999999999988E9	1.03745307221574645E0
6.24000000000000021E9	1.03749006636349406E0
6.24100000000000055E9	1.03752708152225170E0
6.24199999999999999E9	1.03756411765799883E0
6.24299999999999944E9	1.03760117484195202E0
6.24399999999999977E9	1.03763825309171698E0
6.24500000000000011E9	1.03767535254665333E0
6.24600000000000044E9	1.03771247309985570E0
6.24700000000000077E9	1.03774961467823101E0
6.24799999999999933E9	1.03778677754158499E0
6.24899999999999967E9	1.03782396163272828E0
6.25000000000000000E9	1.03786116701627917E0
6.25100000000000033E9	1.03789839351030944E0
6.25200000000000067E9	1.03793564133465965E0
6.25299999999999923E9	1.03797291048180673E0
6.25399999999999956E9	1.03801020097831542E0
6.25499999999999989E9	1.03804751268930073E0
6.25600000000000023E9	1.03808484590249961E0
6.25700000000000056E9	1.03812220037773750E0
6.25800000000000001E9	1.03815957648844237E0
6.25899999999999945E9	1.03819697390376597E0
6.25999999999999979E9	1.03823439276656226E0
6.26100000000000012E9	1.03827183311506976E0
6.26200000000000045E9	1.03830929508940040E0
6.26299999999999990E9	1.03834677858386426E0
6.26400000000000023E9	1.03838428365003654E0
6.26499999999999968E9	1.03842181028574010E0
6.26600000000000001E9	1.03845935855718130E0
6.26700000000000035E9	1.03849692844491681E0
6.26799999999999891E9	1.03853452006596547E0
6.26900000000000013E9	1.03857213344870858E0
6.27000000000000046E9	1.03860976848106712E0
6.27099999999999991E9	1.03864742522566966E0
6.27200000000000024E9	1.03868510374374612E0
6.27299999999999969E9	1.03872280402642692E0
6.27399999999999913E9	1.03876052620342807E0
6.27500000000000036E9	1.03879827024489546E0
6.27600000000000069E9	1.03883603617415998E0
6.27700000000000014E9	1.03887382397668593E0
6.27799999999999958E9	1.03891163363834083E0
6.27899999999999991E9	1.03894946535567723E0
6.27999999999999936E9	1.03898731912997100E0
6.28100000000000058E9	1.03902519466025733E0
6.28200000000000092E9	1.03906309238781480E0
6.28299999999999947E9	1.03910101220533746E0
6.28399999999999981E9	1.03913895396759237E0
6.28500000000000014E9	1.03917691791973521E0
6.28599999999999959E9	1.03921490402114691E0
6.28700000000000081E9	1.03925291216009086E0
6.28799999999999937E9	1.03929094261314736E0
6.28899999999999970E9	1.03932899530211964E0
6.29000000000000004E9	1.03936707000558171E0
6.29100000000000037E9	1.03940516708763431E0
6.29199999999999982E9	1.03944328666121510E0
6.29299999999999926E9	1.03948142828842971E0
6.29399999999999959E9	1.03951959233008839E0
6.29499999999999993E9	1.03955777882724432E0
6.29600000000000026E9	1.03959598751485061E0
6.29700000000000060E9	1.03963421866333028E0
6.29800000000000004E9	1.03967247243529504E0
6.29899999999999949E9	1.03971074847335143E0
6.29999999999999982E9	1.03974904716926453E0
6.30100000000000016E9	1.03978736830864427E0
6.30200000000000049E9	1.03982571206772989E0
6.30299999999999905E9	1.03986407831679251E0
6.30400000000000027E9	1.03990246710737422E0
6.30499999999999972E9	1.03994087868151031E0
6.30600000000000005E9	1.03997931289185774E0
6.30700000000000038E9	1.04001776955227632E0
6.30799999999999983E9	1.04005624911843331E0
6.30899999999999928E9	1.04009475138605989E0
6.31000000000000050E9	1.04013327632507835E0
6.31099999999999994E9	1.04017182439090217E0
6.31200000000000028E9	1.04021039487429245E0
6.31299999999999972E9	1.04024898831475876E0
6.31400000000000006E9	1.04028760470082760E0
6.31499999999999950E9	1.04032624396128326E0
6.31600000000000072E9	1.04036490604640930E0
6.31700000000000017E9	1.04040359100984614E0
6.31799999999999962E9	1.04044229915736386E0
6.31899999999999995E9	1.04048103023528360E0
6.32000000000000028E9	1.04051978435051584E0
6.32099999999999973E9	1.04055856141008829E0
6.32200000000000095E9	1.04059736157091631E0
6.32299999999999951E9	1.04063618501039179E0
6.32399999999999984E9	1.04067503139532569E0
6.32500000000000018E9	1.04071390106326578E0
6.32600000000000051E9	1.04075279387898934E0
6.32699999999999996E9	1.04079170987014824E0
6.32799999999999940E9	1.04083064915412193E0
6.32899999999999974E9	1.04086961170024006E0
6.33000000000000007E9	1.04090859751578058E0
6.33100000000000041E9	1.04094760660470431E0
6.33200000000000074E9	1.04098663918945822E0
6.33300000000000018E9	1.04102569503779807E0
6.33399999999999963E9	1.04106477435015798E0
6.33499999999999996E9	1.04110387702105389E0
6.33600000000000030E9	1.04114300324799980E0
6.33700000000000063E9	1.04118215281422266E0
6.33799999999999919E9	1.04122132613186968E0
6.33900000000000041E9	1.04126052273189762E0
6.33999999999999986E9	1.04129974307809836E0
6.34100000000000019E9	1.04133898696733818E0
6.34200000000000053E9	1.04137825455768107E0
6.34299999999999908E9	1.04141754575181200E0
6.34399999999999942E9	1.04145686061387566E0
6.34500000000000064E9	1.04149619917129943E0
6.34600000000000009E9	1.04153556148806947E0
6.34700000000000042E9	1.04157494759011349E0
6.34799999999999986E9	1.04161435750094555E0
6.34899999999999931E9	1.04165379117211820E0
6.34999999999999964E9	1.04169324862694035E0
6.35100000000000087E9	1.04173273010339318E0
6.35200000000000031E9	1.04177223544233000E0
6.35299999999999976E9	1.04181176462725866E0
6.35400000000000009E9	1.04185131794811547E0
6.35499999999999954E9	1.04189089509712285E0
6.35599999999999987E9	1.04193049645302160E0
6.35700000000000109E9	1.04197012159582947E0
6.35799999999999965E9	1.04200977095951286E0
6.35899999999999999E9	1.04204944439375624E0
6.36000000000000032E9	1.04208914194713365E0
6.36099999999999977E9	1.04212886372277413E0
6.36200000000000010E9	1.04216860960441915E0
6.36299999999999955E9	1.04220837987534809E0
6.36399999999999988E9	1.04224817419644444E0
6.36500000000000021E9	1.04228799283343077E0
6.36600000000000055E9	1.04232783582791200E0
6.36699999999999999E9	1.04236770311321858E0
6.36799999999999944E9	1.04240759478511658E0
6.36899999999999977E9	1.04244751090265897E0
6.37000000000000011E9	1.04248745126758591E0
6.37100000000000044E9	1.04252741619184452E0
6.37200000000000077E9	1.04256740545782089E0
6.37299999999999933E9	1.04260741935662637E0
6.37399999999999967E9	1.04264745783398860E0
6.37500000000000000E9	1.04268752081211713E0
6.37600000000000033E9	1.04272760838170431E0
6.37700000000000067E9	1.04276772046388677E0
6.37799999999999923E9	1.04280785740108395E0
6.37899999999999956E9	1.04284801889575118E0
6.37999999999999989E9	1.04288820508476388E0
6.38100000000000023E9	1.04292841598005115E0
6.38200000000000056E9	1.04296865169915765E0
6.38300000000000001E9	1.04300891219635816E0
6.38399999999999945E9	1.04304919747817570E0
6.38499999999999979E9	1.04308950769692288E0
6.38600000000000012E9	1.04312984284007615E0
6.38700000000000045E9	1.04317020265376836E0
6.38799999999999990E9	1.04321058752707119E0
6.38900000000000023E9	1.04325099749851491E0
6.38999999999999968E9	1.04329143229261323E0
6.39100000000000001E9	1.04333189220467282E0
6.39200000000000035E9	1.04337237716012354E0
6.39299999999999891E9	1.04341288726502079E0
6.39400000000000013E9	1.04345342231644311E0
6.39500000000000046E9	1.04349398276769856E0
6.39599999999999991E9	1.04353456819180646E0
6.39700000000000024E9	1.04357517893273322E0
6.39799999999999969E9	1.04361581476105458E0
6.39899999999999913E9	1.04365647594558775E0
6.40000000000000036E9	1.04369716254972333E0
6.40100000000000069E9	1.04373787425028741E0
6.40200000000000102E9	1.04377861140488970E0
6.40300000000000047E9	1.04381937403764602E0
6.40399999999999903E9	1.04386016187716080E0
6.40499999999999936E9	1.04390097546116523E0
6.40600000000000058E9	1.04394181422240107E0
6.40700000000000092E9	1.04398267873375517E0
6.40799999999999947E9	1.04402356859043421E0
6.40900000000000070E9	1.04406448395796514E0
6.40999999999999925E9	1.04410542511185889E0
6.41099999999999959E9	1.04414639177476865E0
6.41200000000000081E9	1.04418738419916513E0
6.41299999999999937E9	1.04422840223533075E0
6.41399999999999970E9	1.04426944611762540E0
6.41500000000000092E9	1.04431051554264398E0
6.41599999999999948E9	1.04435161081826045E0
6.41699999999999982E9	1.04439273188134085E0
6.41799999999999926E9	1.04443387885084293E0
6.41899999999999959E9	1.04447505162269527E0
6.41999999999999993E9	1.04451625039187102E0
6.42100000000000115E9	1.04455747506844143E0
6.42199999999999971E9	1.04459872562223555E0
6.42299999999999915E9	1.04464000229736720E0
6.42399999999999949E9	1.04468130489223054E0
6.42499999999999982E9	1.04472263361274531E0
6.42600000000000016E9	1.04476398829323758E0
6.42700000000000138E9	1.04480536923014622E0
6.42799999999999994E9	1.04484677627248690E0
6.42899999999999938E9	1.04488820932510262E0
6.42999999999999972E9	1.04492966890499983E0
6.43100000000000005E9	1.04497115452483480E0
6.43200000000000038E9	1.04501266643814161E0
6.43299999999999983E9	1.04505420460121146E0
6.43400000000000016E9	1.04509576923008196E0
6.43499999999999961E9	1.04513736016673753E0
6.43599999999999994E9	1.04517897738223176E0
6.43700000000000028E9	1.04522062131228832E0
6.43799999999999972E9	1.04526229142479044E0
6.43900000000000006E9	1.04530398816983983E0
6.44000000000000039E9	1.04534571136787791E0
6.44099999999999984E9	1.04538746117082404E0
6.44200000000000017E9	1.04542923750549499E0
6.44299999999999962E9	1.04547104048659945E0
6.44399999999999995E9	1.04551287013077587E0
6.44500000000000028E9	1.04555472641996205E0
6.44600000000000062E9	1.04559660933438381E0
6.44700000000000006E9	1.04563851916688511E0
6.44799999999999862E9	1.04568045574783874E0
6.44899999999999984E9	1.04572241905269037E0
6.45000000000000018E9	1.04576440928006731E0
6.45100000000000051E9	1.04580642646194577E0
6.45200000000000085E9	1.04584847026906846E0
6.45300000000000029E9	1.04589054121811520E0
6.45399999999999885E9	1.04593263901760070E0
6.45500000000000007E9	1.04597476378644294E0
6.45600000000000041E9	1.04601691573571820E0
6.45700000000000074E9	1.04605909475848691E0
6.45800000000000018E9	1.04610130080392372E0
6.45900000000000052E9	1.04614353394756088E0
6.45999999999999908E9	1.04618579430385927E0
6.46100000000000030E9	1.04622808183733773E0
6.46200000000000063E9	1.04627039660274801E0
6.46299999999999919E9	1.04631273863651231E0
6.46400000000000041E9	1.04635510787852315E0
6.46500000000000075E9	1.04639750457050584E0
6.46599999999999930E9	1.04643992848110923E0
6.46700000000000053E9	1.04648237988650927E0
6.46799999999999908E9	1.04652485874239143E0
6.46899999999999942E9	1.04656736490839464E0
6.47000000000000064E9	1.04660989871463794E0
6.47100000000000097E9	1.04665245977440002E0
6.47199999999999953E9	1.04669504867623653E0
6.47299999999999898E9	1.04673766509036303E0
6.47399999999999931E9	1.04678030907774056E0
6.47499999999999964E9	1.04682298077350677E0
6.47600000000000087E9	1.04686567995537261E0
6.47700000000000120E9	1.04690840696397336E0
6.47799999999999976E9	1.04695116187365223E0
6.47899999999999920E9	1.04699394438682747E0
6.47999999999999954E9	1.04703675487397452E0
6.48099999999999987E9	1.04707959309117671E0
6.48200000000000109E9	1.04712245920236691E0
6.48299999999999965E9	1.04716535320451842E0
6.48399999999999999E9	1.04720827531724825E0
6.48499999999999943E9	1.04725122519289360E0
6.48599999999999977E9	1.04729420325964084E0
6.48700000000000010E9	1.04733720916634554E0
6.48799999999999955E9	1.04738024329986468E0
6.48899999999999988E9	1.04742330565029529E0
6.49000000000000021E9	1.04746639599483160E0
6.49099999999999966E9	1.04750951445350338E0
6.49199999999999999E9	1.04755266133259917E0
6.49299999999999944E9	1.04759583636945663E0
6.49399999999999977E9	1.04763903971881045E0
6.49500000000000011E9	1.04768227141771897E0
6.49600000000000044E9	1.04772553120247514E0
6.49699999999999989E9	1.04776881967434576E0
6.49799999999999933E9	1.04781213639809656E0
6.49899999999999967E9	1.04785548169038756E0
6.50000000000000000E9	1.04789885550973261E0
6.50100000000000033E9	1.04794225781034922E0
6.50200000000000067E9	1.04798568843513151E0
6.50300000000000011E9	1.04802914794284718E0
6.50399999999999956E9	1.04807263596412970E0
6.50499999999999989E9	1.04811615269749181E0
6.50600000000000023E9	1.04815969803677778E0
6.50700000000000056E9	1.04820327213892939E0
6.50800000000000001E9	1.04824687495255398E0
6.50900000000000034E9	1.04829050670777013E0
6.50999999999999979E9	1.04833416704945170E0
6.51100000000000012E9	1.04837785652605442E0
6.51200000000000045E9	1.04842157476080633E0
6.51299999999999990E9	1.04846532192303066E0
6.51400000000000023E9	1.04850909814411275E0
6.51500000000000057E9	1.04855290328799322E0
6.51600000000000001E9	1.04859673755830873E0
6.51700000000000035E9	1.04864060074178345E0
6.51799999999999891E9	1.04868449323101909E0
6.51900000000000013E9	1.04872841482796475E0
6.52000000000000046E9	1.04877236548513797E0
6.52100000000000080E9	1.04881634534594004E0
6.52200000000000024E9	1.04886035447479098E0
6.52299999999999880E9	1.04890439299256100E0
6.52399999999999913E9	1.04894846082800175E0
6.52500000000000036E9	1.04899255802468883E0
6.52600000000000069E9	1.04903668445254938E0
6.52700000000000102E9	1.04908084026450843E0
6.52800000000000047E9	1.04912502576719291E0
6.52899999999999903E9	1.04916924065651562E0
6.52999999999999936E9	1.04921348517647361E0
6.53100000000000058E9	1.04925775926998299E0
6.53200000000000092E9	1.04930206268378368E0
6.53299999999999947E9	1.04934639596597767E0
6.53400000000000070E9	1.04939075897668399E0
6.53499999999999925E9	1.04943515148084909E0
6.53599999999999959E9	1.04947957386940893E0
6.53700000000000081E9	1.04952402601899686E0
6.53799999999999937E9	1.04956850801367874E0
6.53899999999999970E9	1.04961301980362731E0
6.54000000000000092E9	1.04965756156636858E0
6.54099999999999948E9	1.04970213319242323E0
6.54199999999999982E9	1.04974673474203684E0
6.54299999999999926E9	1.04979136619784974E0
6.54399999999999959E9	1.04983602792575192E0
6.54499999999999993E9	1.04988071967575403E0
6.54600000000000115E9	1.04992544141029454E0
6.54699999999999971E9	1.04997019325743701E0
6.54799999999999915E9	1.05001497540867472E0
6.54899999999999949E9	1.05005978777933517E0
6.54999999999999982E9	1.05010463030721479E0
6.55100000000000016E9	1.05014950315886613E0
6.55200000000000138E9	1.05019440630378047E0
6.55299999999999994E9	1.05023933994458707E0
6.55399999999999938E9	1.05028430380274940E0
6.55499999999999972E9	1.05032929817212262E0
6.55600000000000005E9	1.05037432294357558E0
6.55700000000000038E9	1.05041937840815391E0
6.55799999999999983E9	1.05046446424511397E0
6.55900000000000016E9	1.05050958064860400E0
6.55999999999999961E9	1.05055472769433145E0
6.56099999999999994E9	1.05059990549920879E0
6.56200000000000028E9	1.05064511394575599E0
6.56299999999999972E9	1.05069035307030711E0
6.56400000000000006E9	1.05073562296397349E0
6.56500000000000039E9	1.05078092371842868E0
6.56599999999999984E9	1.05082625517307671E0
6.56700000000000017E9	1.05087161761023307E0
6.56799999999999962E9	1.05091701101822643E0
6.56899999999999995E9	1.05096243525495270E0
6.57000000000000028E9	1.05100789059627142E0
6.57100000000000062E9	1.05105337678162836E0
6.57200000000000006E9	1.05109889423693437E0
6.57299999999999862E9	1.05114444252492012E0
6.57399999999999984E9	1.05119002216809854E0
6.57500000000000018E9	1.05123563301649980E0
6.57600000000000051E9	1.05128127497096435E0
6.57700000000000085E9	1.05132694820733685E0
6.57800000000000029E9	1.05137265270137936E0
6.57899999999999885E9	1.05141838852870007E0
6.58000000000000007E9	1.05146415578121633E0
6.58100000000000041E9	1.05150995437543671E0
6.58200000000000074E9	1.05155578442015063E0
6.58300000000000018E9	1.05160164602392281E0
6.58400000000000052E9	1.05164753911808928E0
6.58499999999999908E9	1.05169346361484406E0
6.58600000000000030E9	1.05173941981222496E0
6.58700000000000063E9	1.05178540763770911E0
6.58799999999999919E9	1.05183142723150147E0
6.58900000000000041E9	1.05187747844310131E0
6.59000000000000075E9	1.05192356129342457E0
6.59099999999999930E9	1.05196967609320780E0
6.59200000000000053E9	1.05201582255153747E0
6.59299999999999908E9	1.05206200097684643E0
6.59399999999999942E9	1.05210821126853116E0
6.59500000000000064E9	1.05215445350130743E0
6.59600000000000097E9	1.05220072774575968E0
6.59699999999999953E9	1.05224703401522124E0
6.59799999999999898E9	1.05229337224330011E0
6.59899999999999931E9	1.05233974274996633E0
6.59999999999999964E9	1.05238614525412810E0
6.60100000000000087E9	1.05243257983872263E0
6.60200000000000120E9	1.05247904678381210E0
6.60299999999999976E9	1.05252554587963898E0
6.60399999999999920E9	1.05257207734335578E0
6.60499999999999954E9	1.05261864111807846E0
6.60599999999999987E9	1.05266523722709127E0
6.60700000000000109E9	1.05271186582205134E0
6.60799999999999965E9	1.05275852670844761E0
6.60899999999999999E9	1.05280522019478040E0
6.60999999999999943E9	1.05285194614001010E0
6.61099999999999977E9	1.05289870473301228E0
6.61200000000000010E9	1.05294549581198504E0
6.61299999999999955E9	1.05299231962004858E0
6.61399999999999988E9	1.05303917603191000E0
6.61500000000000021E9	1.05308606529051851E0
6.61599999999999966E9	1.05313298724592808E0
6.61699999999999999E9	1.05317994194335585E0
6.61799999999999944E9	1.05322692958335673E0
6.61899999999999977E9	1.05327395010919012E0
6.62000000000000011E9	1.05332100352345392E0
6.62100000000000044E9	1.05336808986552133E0
6.62199999999999989E9	1.05341520915551090E0
6.62299999999999933E9	1.05346236158530582E0
6.62399999999999967E9	1.05350954711135825E0
6.62500000000000000E9	1.05355676565216649E0
6.62600000000000033E9	1.05360401737841447E0
6.62700000000000067E9	1.05365130229928505E0
6.62800000000000011E9	1.05369862052469232E0
6.62899999999999956E9	1.05374597202568721E0
6.62999999999999989E9	1.05379335684844389E0
6.63100000000000023E9	1.05384077498128970E0
6.63200000000000056E9	1.05388822646661251E0
6.63300000000000001E9	1.05393571162220501E0
6.63400000000000034E9	1.05398323000047545E0
6.63499999999999979E9	1.05403078209376755E0
6.63600000000000012E9	1.05407836774227937E0
6.63700000000000045E9	1.05412598694680892E0
6.63799999999999990E9	1.05417363976169476E0
6.63900000000000023E9	1.05422132630177967E0
6.64000000000000057E9	1.05426904640424746E0
6.64100000000000001E9	1.05431680066700206E0
6.64200000000000035E9	1.05436458843859127E0
6.64299999999999891E9	1.05441241017664233E0
6.64400000000000013E9	1.05446026571588458E0
6.64500000000000046E9	1.05450815525757702E0
6.64600000000000080E9	1.05455607878790958E0
6.64700000000000024E9	1.05460403633141131E0
6.64799999999999880E9	1.05465202796858071E0
6.64899999999999913E9	1.05470005364329600E0
6.65000000000000036E9	1.05474811345332364E0
6.65100000000000069E9	1.05479620741604307E0
6.65200000000000102E9	1.05484433568648739E0
6.65300000000000047E9	1.05489249824092646E0
6.65399999999999903E9	1.05494069503520804E0
6.65499999999999936E9	1.05498892621769103E0
6.65600000000000058E9	1.05503719183998679E0
6.65700000000000092E9	1.05508549177633237E0
6.65799999999999947E9	1.05513382630725050E0
6.65900000000000070E9	1.05518219528343216E0
6.65999999999999925E9	1.05523059885077841E0
6.66099999999999959E9	1.05527903700861070E0
6.66200000000000081E9	1.05532750986203672E0
6.66299999999999937E9	1.05537601727388974E0
6.66399999999999970E9	1.05542455955783621E0
6.66500000000000092E9	1.05547313661403797E0
6.66599999999999948E9	1.05552174838257828E0
6.66699999999999982E9	1.05557039513200568E0
6.66799999999999926E9	1.05561907658357690E0
6.66899999999999959E9	1.05566779323802806E0
6.66999999999999993E9	1.05571654475536736E0
6.67100000000000115E9	1.05576533122340099E0
6.67199999999999971E9	1.05581415284673419E0
6.67299999999999915E9	1.05586300951311052E0
6.67399999999999949E9	1.05591190156340620E0
6.67499999999999982E9	1.05596082852889306E0
6.67600000000000016E9	1.05600979102182202E0
6.67700000000000138E9	1.05605878855136615E0
6.67799999999999994E9	1.05610782152870919E0
6.67899999999999938E9	1.05615688977780753E0
6.67999999999999972E9	1.05620599362747281E0
6.68100000000000005E9	1.05625513279738836E0
6.68200000000000038E9	1.05630430740085224E0
6.68299999999999983E9	1.05635351760454221E0
6.68400000000000016E9	1.05640276355888441E0
6.68499999999999961E9	1.05645204493753830E0
6.68599999999999994E9	1.05650136216020374E0
6.68700000000000028E9	1.05655071505635068E0
6.68799999999999972E9	1.05660010367051038E0
6.68900000000000006E9	1.05664952814264734E0
6.69000000000000039E9	1.05669898833640952E0
6.69099999999999984E9	1.05674848456736936E0
6.69200000000000017E9	1.05679801667605355E0
6.69299999999999962E9	1.05684758485698205E0
6.69399999999999995E9	1.05689718894763507E0
6.69500000000000028E9	1.05694682917826754E0
6.69600000000000062E9	1.05699650552130486E0
6.69700000000000006E9	1.05704621802799648E0
6.69799999999999862E9	1.05709596680582996E0
6.69899999999999984E9	1.05714575160597324E0
6.70000000000000018E9	1.05719557290711985E0
6.70100000000000051E9	1.05724543045784292E0
6.70200000000000085E9	1.05729532441958374E0
6.70300000000000029E9	1.05734525485404385E0
6.70399999999999885E9	1.05739522166071831E0
6.70500000000000007E9	1.05744522513456118E0
6.70600000000000041E9	1.05749526503705549E0
6.70700000000000074E9	1.05754534148091284E0
6.70800000000000018E9	1.05759545479618677E0
6.70900000000000052E9	1.05764560453996181E0
6.70999999999999908E9	1.05769579125651569E0
6.71100000000000030E9	1.05774601475972663E0
6.71200000000000063E9	1.05779627507244167E0
6.71299999999999919E9	1.05784657210611188E0
6.71400000000000041E9	1.05789690625716637E0
6.71500000000000075E9	1.05794727723330650E0
6.71599999999999930E9	1.05799768521522042E0
6.71700000000000053E9	1.05804813035735035E0
6.71799999999999908E9	1.05809861258121463E0
6.71899999999999942E9	1.05814913194303206E0
6.72000000000000064E9	1.05819968837734146E0
6.72100000000000097E9	1.05825028223361883E0
6.72199999999999953E9	1.05830091324802122E0
6.72299999999999898E9	1.05835158176532906E0
6.72399999999999931E9	1.05840228759564892E0
6.72499999999999964E9	1.05845303066911134E0
6.72600000000000087E9	1.05850381142477534E0
6.72700000000000120E9	1.05855462966908398E0
6.72799999999999976E9	1.05860548532543608E0
6.72899999999999920E9	1.05865637866902551E0
6.72999999999999954E9	1.05870730984140105E0
6.73099999999999987E9	1.05875827844172465E0
6.73200000000000109E9	1.05880928494018267E0
6.73299999999999965E9	1.05886032919318951E0
6.73399999999999999E9	1.05891141133196509E0
6.73499999999999943E9	1.05896253134763563E0
6.73599999999999977E9	1.05901368922901828E0
6.73700000000000010E9	1.05906488518313280E0
6.73799999999999955E9	1.05911611909490433E0
6.73899999999999988E9	1.05916739104954494E0
6.74000000000000021E9	1.05921870110824923E0
6.74099999999999966E9	1.05927004958949400E0
6.74199999999999999E9	1.05932143599669315E0
6.74299999999999944E9	1.05937286076472525E0
6.74399999999999977E9	1.05942432392665342E0
6.74500000000000011E9	1.05947582540128726E0
6.74600000000000044E9	1.05952736521936863E0
6.74699999999999989E9	1.05957894362909766E0
6.74799999999999933E9	1.05963056042348525E0
6.74899999999999967E9	1.05968221576653665E0
6.75000000000000000E9	1.05973390966754111E0
6.75100000000000033E9	1.05978564214729465E0
6.75200000000000067E9	1.05983741340894499E0
6.75300000000000011E9	1.05988922373046601E0
6.75399999999999956E9	1.05994107229822432E0
6.75499999999999989E9	1.05999296004168242E0
6.75600000000000023E9	1.06004488654209883E0
6.75700000000000056E9	1.06009685202999404E0
6.75800000000000001E9	1.06014885639938594E0
6.75900000000000034E9	1.06020089979935550E0
6.75999999999999979E9	1.06025298222136310E0
6.76100000000000012E9	1.06030510388991117E0
6.76200000000000045E9	1.06035726471063829E0
6.76299999999999990E9	1.06040946462842034E0
6.76400000000000023E9	1.06046170410414176E0
6.76500000000000057E9	1.06051398259989660E0
6.76600000000000001E9	1.06056630059353396E0
6.76700000000000035E9	1.06061865797989663E0
6.76799999999999891E9	1.06067105487758417E0
6.76900000000000013E9	1.06072349123665988E0
6.77000000000000046E9	1.06077596711203870E0
6.77100000000000080E9	1.06082848259227958E0
6.77200000000000024E9	1.06088103786418442E0
6.77299999999999880E9	1.06093363275667363E0
6.77399999999999913E9	1.06098626731328016E0
6.77500000000000036E9	1.06103894175686619E0
6.77600000000000069E9	1.06109165604945921E0
6.77700000000000102E9	1.06114441019055916E0
6.77800000000000047E9	1.06119720435638087E0
6.77899999999999903E9	1.06125003864409528E0
6.77999999999999936E9	1.06130291268823806E0
6.78100000000000058E9	1.06135582700065467E0
6.78200000000000092E9	1.06140878147327178E0
6.78299999999999947E9	1.06146177603370151E0
6.78400000000000070E9	1.06151481098936018E0
6.78499999999999925E9	1.06156788616651898E0
6.78599999999999959E9	1.06162100174705221E0
6.78700000000000081E9	1.06167415763442996E0
6.78799999999999937E9	1.06172735402848883E0
6.78899999999999970E9	1.06178059088595877E0
6.79000000000000092E9	1.06183386838526439E0
6.79099999999999948E9	1.06188718633995727E0
6.79199999999999982E9	1.06194054510334834E0
6.79299999999999926E9	1.06199394454620766E0
6.79399999999999959E9	1.06204738457785175E0
6.79499999999999993E9	1.06210086554521155E0
6.79600000000000115E9	1.06215438731537426E0
6.79699999999999971E9	1.06220795001080304E0
6.79799999999999915E9	1.06226155369386621E0
6.79899999999999949E9	1.06231519834498944E0
6.79999999999999982E9	1.06236888398224938E0
6.80100000000000016E9	1.06242261086137613E0
6.80200000000000138E9	1.06247637887776403E0
6.80299999999999994E9	1.06253018800521914E0
6.80399999999999938E9	1.06258403841337823E0
6.80499999999999972E9	1.06263793015159314E0
6.80600000000000005E9	1.06269186328726239E0
6.80700000000000038E9	1.06274583774673737E0
6.80799999999999983E9	1.06279985381117181E0
6.80900000000000016E9	1.06285391130440443E0
6.80999999999999961E9	1.06290801030604665E0
6.81099999999999994E9	1.06296215099235147E0
6.81200000000000028E9	1.06301633338211476E0
6.81299999999999972E9	1.06307055746835810E0
6.81400000000000006E9	1.06312482332266822E0
6.81500000000000039E9	1.06317913095537708E0
6.81599999999999984E9	1.06323348061656620E0
6.81700000000000017E9	1.06328787205265729E0
6.81799999999999962E9	1.06334230542737185E0
6.81899999999999995E9	1.06339678094428125E0
6.82000000000000028E9	1.06345129858422016E0
6.82100000000000062E9	1.06350585838649159E0
6.82200000000000006E9	1.06356046026839102E0
6.82299999999999862E9	1.06361510444455809E0
6.82399999999999984E9	1.06366979080909974E0
6.82500000000000018E9	1.06372451971296145E0
6.82600000000000051E9	1.06377929084549749E0
6.82700000000000085E9	1.06383410445488136E0
6.82800000000000029E9	1.06388896070628469E0
6.82899999999999885E9	1.06394385944371606E0
6.83000000000000007E9	1.06399880072817843E0
6.83100000000000041E9	1.06405378476095680E0
6.83200000000000074E9	1.06410881157849802E0
6.83300000000000018E9	1.06416388099845038E0
6.83400000000000052E9	1.06421899337264270E0
6.83499999999999908E9	1.06427414855504310E0
6.83600000000000030E9	1.06432934669493706E0
6.83700000000000063E9	1.06438458787941892E0
6.83799999999999919E9	1.06443987193583345E0
6.83900000000000041E9	1.06449519920850078E0
6.84000000000000075E9	1.06455056965998018E0
6.84099999999999930E9	1.06460598338735291E0
6.84200000000000053E9	1.06466144017244968E0
6.84299999999999908E9	1.06471694023049546E0
6.84399999999999942E9	1.06477248387398671E0
6.84500000000000064E9	1.06482807081763742E0
6.84600000000000097E9	1.06488370131039867E0
6.84699999999999953E9	1.06493937522002269E0
6.84799999999999898E9	1.06499509285427907E0
6.84899999999999931E9	1.06505085399520172E0
6.84999999999999964E9	1.06510665874728527E0
6.85100000000000087E9	1.06516250724894368E0
6.85200000000000120E9	1.06521839967906073E0
6.85299999999999976E9	1.06527433599305343E0
6.85399999999999920E9	1.06533031600633010E0
6.85499999999999954E9	1.06538634024938261E0
6.85599999999999987E9	1.06544240831269210E0
6.85700000000000109E9	1.06549852050501737E0
6.85799999999999965E9	1.06555467697170636E0
6.85899999999999999E9	1.06561087735551840E0
6.85999999999999943E9	1.06566712211874148E0
6.86099999999999977E9	1.06572341132307291E0
6.86200000000000010E9	1.06577974466402425E0
6.86299999999999955E9	1.06583612239665793E0
6.86399999999999988E9	1.06589254459518012E0
6.86500000000000021E9	1.06594901131179198E0
6.86599999999999966E9	1.06600552271425175E0
6.86699999999999999E9	1.06606207863191971E0
6.86799999999999944E9	1.06611867930833193E0
6.86899999999999977E9	1.06617532478731714E0
6.87000000000000011E9	1.06623201486814900E0
6.87100000000000044E9	1.06628874983137378E0
6.87199999999999989E9	1.06634552983285946E0
6.87299999999999933E9	1.06640235466805078E0
6.87399999999999967E9	1.06645922456809683E0
6.87500000000000000E9	1.06651613952362534E0
6.87600000000000033E9	1.06657309956362734E0
6.87700000000000067E9	1.06663010491536370E0
6.87800000000000011E9	1.06668715547885995E0
6.87899999999999956E9	1.06674425127829053E0
6.87999999999999989E9	1.06680139255419637E0
6.88100000000000023E9	1.06685857902205017E0
6.88200000000000056E9	1.06691581131981650E0
6.88300000000000001E9	1.06697308879715247E0
6.88400000000000034E9	1.06703041202917603E0
6.88499999999999979E9	1.06708778078007405E0
6.88600000000000012E9	1.06714519535942709E0
6.88700000000000045E9	1.06720265559097371E0
6.88799999999999990E9	1.06726016175801375E0
6.88900000000000023E9	1.06731771369923178E0
6.89000000000000057E9	1.06737531163266985E0
6.89100000000000001E9	1.06743295539404270E0
6.89200000000000035E9	1.06749064539854643E0
6.89299999999999891E9	1.06754838143474240E0
6.89400000000000013E9	1.06760616355458571E0
6.89500000000000046E9	1.06766399200179585E0
6.89600000000000080E9	1.06772186676490799E0
6.89700000000000024E9	1.06777978762278125E0
6.89799999999999880E9	1.06783775509649792E0
6.89899999999999913E9	1.06789576902493244E0
6.90000000000000036E9	1.06795382936291339E0
6.90100000000000069E9	1.06801193634550429E0
6.90200000000000102E9	1.06807008986075314E0
6.90300000000000047E9	1.06812828996129361E0
6.90399999999999903E9	1.06818653697057142E0
6.90499999999999936E9	1.06824483073500831E0
6.90600000000000058E9	1.06830317139661912E0
6.90700000000000092E9	1.06836155905468755E0
6.90799999999999947E9	1.06841999354820016E0
6.90900000000000070E9	1.06847847498949955E0
6.90999999999999925E9	1.06853700371499971E0
6.91099999999999959E9	1.06859557963292584E0
6.91200000000000081E9	1.06865420261276078E0
6.91299999999999937E9	1.06871287289977346E0
6.91399999999999970E9	1.06877159049896897E0
6.91500000000000092E9	1.06883035561231554E0
6.91599999999999948E9	1.06888916809730361E0
6.91699999999999982E9	1.06894802809125045E0
6.91799999999999926E9	1.06900693565012550E0
6.91899999999999959E9	1.06906589080379533E0
6.91999999999999993E9	1.06912489362371921E0
6.92100000000000115E9	1.06918394423758834E0
6.92199999999999971E9	1.06924304280921034E0
6.92299999999999915E9	1.06930218902313290E0
6.92399999999999949E9	1.06936138337827047E0
6.92499999999999982E9	1.06942062559309448E0
6.92600000000000016E9	1.06947991584367896E0
6.92700000000000138E9	1.06953925426448704E0
6.92799999999999994E9	1.06959864088247558E0
6.92899999999999938E9	1.06965807561069126E0
6.92999999999999972E9	1.06971755889400333E0
6.93100000000000005E9	1.06977709019464085E0
6.93200000000000038E9	1.06983667015556949E0
6.93299999999999983E9	1.06989629843406875E0
6.93400000000000016E9	1.06995597530861075E0
6.93499999999999961E9	1.07001570087415843E0
6.93599999999999994E9	1.07007547505916722E0
6.93700000000000028E9	1.07013529785447181E0
6.93799999999999972E9	1.07019516952703442E0
6.93900000000000006E9	1.07025509014318687E0
6.94000000000000039E9	1.07031505948078220E0
6.94099999999999984E9	1.07037507790304165E0
6.94200000000000017E9	1.07043514520442784E0
6.94299999999999962E9	1.07049526182134369E0
6.94399999999999995E9	1.07055542742560128E0
6.94500000000000028E9	1.07061564234634488E0
6.94600000000000062E9	1.07067590643062993E0
6.94700000000000006E9	1.07073621998382706E0
6.94799999999999862E9	1.07079658278689127E0
6.94899999999999984E9	1.07085699534121970E0
6.95000000000000018E9	1.07091745720381426E0
6.95100000000000051E9	1.07097796860899130E0
6.95200000000000085E9	1.07103852976782843E0
6.95300000000000029E9	1.07109914059266198E0
6.95399999999999885E9	1.07115980118734022E0
6.95500000000000007E9	1.07122051159915799E0
6.95600000000000041E9	1.07128127206949086E0
6.95700000000000074E9	1.07134208249701790E0
6.95800000000000018E9	1.07140294269888448E0
6.95900000000000052E9	1.07146385335231731E0
6.95999999999999908E9	1.07152481398678323E0
6.96100000000000030E9	1.07158582470972408E0
6.96200000000000063E9	1.07164688589285140E0
6.96299999999999919E9	1.07170799731591626E0
6.96400000000000041E9	1.07176915910287396E0
6.96500000000000075E9	1.07183037155211736E0
6.96599999999999930E9	1.07189163438086532E0
6.96700000000000053E9	1.07195294794164764E0
6.96799999999999908E9	1.07201431204734177E0
6.96899999999999942E9	1.07207572702540999E0
6.97000000000000064E9	1.07213719266198071E0
6.97100000000000097E9	1.07219870928130856E0
6.97199999999999953E9	1.07226027668412005E0
6.97299999999999898E9	1.07232189498762587E0
6.97399999999999931E9	1.07238356478794472E0
6.97499999999999964E9	1.07244528533760652E0
6.97600000000000087E9	1.07250705714813233E0
6.97700000000000120E9	1.07256888006461737E0
6.97799999999999976E9	1.07263075465606250E0
6.97899999999999920E9	1.07269268013998498E0
6.97999999999999954E9	1.07275465745999332E0
6.98099999999999987E9	1.07281668609098313E0
6.98200000000000109E9	1.07287876646625624E0
6.98299999999999965E9	1.07294089827874983E0
6.98399999999999999E9	1.07300308189819837E0
6.98499999999999943E9	1.07306531734907806E0
6.98599999999999977E9	1.07312760451638756E0
6.98700000000000010E9	1.07318994349859764E0
6.98799999999999955E9	1.07325233467538994E0
6.98899999999999988E9	1.07331477774141448E0
6.99000000000000021E9	1.07337727300962205E0
6.99099999999999966E9	1.07343982038994956E0
6.99199999999999999E9	1.07350242000928842E0
6.99299999999999944E9	1.07356507189095574E0
6.99399999999999977E9	1.07362777611832549E0
6.99500000000000011E9	1.07369053288780547E0
6.99600000000000044E9	1.07375334201778116E0
6.99699999999999989E9	1.07381620369941699E0
6.99799999999999933E9	1.07387911816420978E0
6.99899999999999967E9	1.07394208512006406E0
7.00000000000000000E9	1.07400510509184421E0
7.00100000000000033E9	1.07406817776245855E0
7.00200000000000067E9	1.07413130330717310E0
7.00300000000000011E9	1.07419448172708099E0
7.00399999999999956E9	1.07425771331314324E0
7.00499999999999989E9	1.07432099801711112E0
7.00600000000000023E9	1.07438433586529225E0
7.00700000000000056E9	1.07444772690689749E0
7.00800000000000001E9	1.07451117113926320E0
7.00900000000000034E9	1.07457466908452037E0
7.00999999999999979E9	1.07463822013885602E0
7.01100000000000012E9	1.07470182487578314E0
7.01200000000000045E9	1.07476548312529951E0
7.01299999999999990E9	1.07482919495554330E0
7.01400000000000023E9	1.07489296053289385E0
7.01500000000000057E9	1.07495677985840654E0
7.01600000000000001E9	1.07502065307040984E0
7.01700000000000035E9	1.07508458028807907E0
7.01799999999999891E9	1.07514856144175441E0
7.01900000000000013E9	1.07521259662315538E0
7.02000000000000046E9	1.07527668574074209E0
7.02100000000000080E9	1.07534082929685892E0
7.02200000000000024E9	1.07540502707496044E0
7.02299999999999880E9	1.07546927921319302E0
7.02399999999999913E9	1.07553358552727651E0
7.02500000000000036E9	1.07559794649060247E0
7.02600000000000069E9	1.07566236203135634E0
7.02700000000000102E9	1.07572683207949726E0
7.02800000000000047E9	1.07579135679558169E0
7.02899999999999903E9	1.07585593622235276E0
7.02999999999999936E9	1.07592057053688528E0
7.03100000000000058E9	1.07598525979580151E0
7.03200000000000092E9	1.07605000396752715E0
7.03299999999999947E9	1.07611480298354256E0
7.03400000000000070E9	1.07617965729046494E0
7.03499999999999925E9	1.07624456680894731E0
7.03599999999999959E9	1.07630953141976060E0
7.03700000000000081E9	1.07637455134060400E0
7.03799999999999937E9	1.07643962674059734E0
7.03899999999999970E9	1.07650475751703434E0
7.04000000000000092E9	1.07656994385250182E0
7.04099999999999948E9	1.07663518579478157E0
7.04199999999999982E9	1.07670048326097034E0
7.04299999999999926E9	1.07676583657379443E0
7.04399999999999959E9	1.07683124562725863E0
7.04499999999999993E9	1.07689671067149639E0
7.04600000000000115E9	1.07696223151663117E0
7.04699999999999971E9	1.07702780849073521E0
7.04799999999999915E9	1.07709344149388020E0
7.04899999999999949E9	1.07715913062645385E0
7.04999999999999982E9	1.07722487598464012E0
7.05100000000000016E9	1.07729067770268583E0
7.05200000000000138E9	1.07735653585063207E0
7.05299999999999994E9	1.07742245033380257E0
7.05399999999999938E9	1.07748842141826517E0
7.05499999999999972E9	1.07755444894391328E0
7.05600000000000005E9	1.07762053326768248E0
7.05700000000000038E9	1.07768667426348608E0
7.05799999999999983E9	1.07775287222476623E0
7.05900000000000016E9	1.07781912687753700E0
7.05999999999999961E9	1.07788543858637365E0
7.06099999999999994E9	1.07795180733502538E0
7.06200000000000028E9	1.07801823305946809E0
7.06299999999999972E9	1.07808471597434252E0
7.06400000000000006E9	1.07815125621167129E0
7.06500000000000039E9	1.07821785378227486E0
7.06599999999999984E9	1.07828450867013359E0
7.06700000000000017E9	1.07835122103662573E0
7.06799999999999962E9	1.07841799098081959E0
7.06899999999999995E9	1.07848481853867284E0
7.07000000000000028E9	1.07855170378017373E0
7.07100000000000062E9	1.07861864683855679E0
7.07200000000000006E9	1.07868564761653363E0
7.07299999999999862E9	1.07875270633484832E0
7.07399999999999984E9	1.07881982305487423E0
7.07500000000000018E9	1.07888699791321985E0
7.07600000000000051E9	1.07895423072024177E0
7.07700000000000085E9	1.07902152196262247E0
7.07800000000000029E9	1.07908887127062281E0
7.07899999999999885E9	1.07915627894481503E0
7.08000000000000007E9	1.07922374518246178E0
7.08100000000000041E9	1.07929126980282608E0
7.08200000000000074E9	1.07935885307293056E0
7.08300000000000018E9	1.07942649496537313E0
7.08400000000000052E9	1.07949419564543736E0
7.08499999999999908E9	1.07956195505153807E0
7.08600000000000030E9	1.07962977344574385E0
7.08700000000000063E9	1.07969765076196156E0
7.08799999999999919E9	1.07976558709082004E0
7.08900000000000041E9	1.07983358252255490E0
7.09000000000000075E9	1.07990163714191167E0
7.09099999999999930E9	1.07996975092895720E0
7.09200000000000053E9	1.08003792406202526E0
7.09299999999999908E9	1.08010615679423982E0
7.09399999999999942E9	1.08017444901978799E0
7.09500000000000064E9	1.08024280058220490E0
7.09600000000000097E9	1.08031121190885981E0
7.09699999999999953E9	1.08037968293884123E0
7.09799999999999898E9	1.08044821372817212E0
7.09899999999999931E9	1.08051680443291143E0
7.09999999999999964E9	1.08058545509898551E0
7.10100000000000087E9	1.08065416577820583E0
7.10200000000000120E9	1.08072293650874340E0
7.10299999999999976E9	1.08079176757056894E0
7.10399999999999920E9	1.08086065877976689E0
7.10499999999999954E9	1.08092961029152512E0
7.10599999999999987E9	1.08099862226959709E0
7.10700000000000109E9	1.08106769466406494E0
7.10799999999999965E9	1.08113682769219288E0
7.10899999999999999E9	1.08120602145270128E0
7.10999999999999943E9	1.08127527572291360E0
7.11099999999999977E9	1.08134459096808300E0
7.11200000000000010E9	1.08141396710040749E0
7.11299999999999955E9	1.08148340407865917E0
7.11399999999999988E9	1.08155290204710686E0
7.11500000000000021E9	1.08162246141765106E0
7.11599999999999966E9	1.08169208156740915E0
7.11699999999999999E9	1.08176176329917739E0
7.11799999999999944E9	1.08183150638045444E0
7.11899999999999977E9	1.08190131077666951E0
7.12000000000000011E9	1.08197117672034415E0
7.12100000000000044E9	1.08204110422724886E0
7.12199999999999989E9	1.08211109340588574E0
7.12299999999999933E9	1.08218114444686586E0
7.12399999999999967E9	1.08225125713095549E0
7.12500000000000000E9	1.08232143179657769E0
7.12600000000000033E9	1.08239166847790358E0
7.12700000000000067E9	1.08246196726804600E0
7.12800000000000011E9	1.08253232803791444E0
7.12899999999999956E9	1.08260275126455618E0
7.12999999999999989E9	1.08267323673381433E0
7.13100000000000023E9	1.08274378454245368E0
7.13200000000000056E9	1.08281439473912022E0
7.13300000000000001E9	1.08288506755614033E0
7.13400000000000034E9	1.08295580307767625E0
7.13499999999999979E9	1.08302660128398598E0
7.13600000000000012E9	1.08309746213430880E0
7.13700000000000045E9	1.08316838603946941E0
7.13799999999999990E9	1.08323937275158011E0
7.13900000000000023E9	1.08331042261594557E0
7.14000000000000057E9	1.08338153541469340E0
7.14100000000000001E9	1.08345271158494083E0
7.14200000000000035E9	1.08352395114098687E0
7.14299999999999891E9	1.08359525381532595E0
7.14400000000000013E9	1.08366662005153547E0
7.14500000000000046E9	1.08373804969617904E0
7.14600000000000080E9	1.08380954304306143E0
7.14700000000000024E9	1.08388110010954875E0
7.14799999999999880E9	1.08395272100589213E0
7.14899999999999913E9	1.08402440563881819E0
7.15000000000000036E9	1.08409615419225513E0
7.15100000000000069E9	1.08416796676515537E0
7.15200000000000102E9	1.08423984366570125E0
7.15300000000000047E9	1.08431178439664722E0
7.15399999999999903E9	1.08438378965465398E0
7.15499999999999936E9	1.08445585916972576E0
7.15600000000000058E9	1.08452799303716341E0
7.15700000000000092E9	1.08460019153131748E0
7.15799999999999947E9	1.08467245460458250E0
7.15900000000000070E9	1.08474478236389227E0
7.15999999999999925E9	1.08481717490972418E0
7.16099999999999959E9	1.08488963226342050E0
7.16200000000000081E9	1.08496215453990397E0
7.16299999999999937E9	1.08503474198612504E0
7.16399999999999970E9	1.08510739445122084E0
7.16500000000000092E9	1.08518011205824672E0
7.16599999999999948E9	1.08525289490676347E0
7.16699999999999982E9	1.08532574316636388E0
7.16799999999999926E9	1.08539865686840420E0
7.16899999999999959E9	1.08547163608084185E0
7.16999999999999993E9	1.08554468094476486E0
7.17100000000000115E9	1.08561779149596815E0
7.17199999999999971E9	1.08569096775051532E0
7.17299999999999915E9	1.08576420991625100E0
7.17399999999999949E9	1.08583751807828044E0
7.17499999999999982E9	1.08591089217898040E0
7.17600000000000016E9	1.08598433243158388E0
7.17700000000000138E9	1.08605783897225172E0
7.17799999999999994E9	1.08613141172638827E0
7.17899999999999938E9	1.08620505099750519E0
7.17999999999999972E9	1.08627875649311023E0
7.18100000000000005E9	1.08635252881600852E0
7.18200000000000038E9	1.08642636764779654E0
7.18299999999999983E9	1.08650027321127518E0
7.18400000000000016E9	1.08657424553132653E0
7.18499999999999961E9	1.08664828492134369E0
7.18599999999999994E9	1.08672239120000858E0
7.18700000000000028E9	1.08679656444061035E0
7.18799999999999972E9	1.08687080503907341E0
7.18900000000000006E9	1.08694511272540684E0
7.19000000000000039E9	1.08701948783029456E0
7.19099999999999984E9	1.08709393029193424E0
7.19200000000000017E9	1.08716844023632198E0
7.19299999999999962E9	1.08724301792158218E0
7.19399999999999995E9	1.08731766319553524E0
7.19500000000000028E9	1.08739237624736451E0
7.19600000000000062E9	1.08746715723121845E0
7.19700000000000006E9	1.08754200599437412E0
7.19799999999999862E9	1.08761692297204204E0
7.19899999999999984E9	1.08769190802913318E0
7.20000000000000018E9	1.08776696121474803E0
7.20100000000000051E9	1.08784208285670747E0
7.20200000000000085E9	1.08791727272437533E0
7.20300000000000029E9	1.08799253120954997E0
7.20399999999999885E9	1.08806785815430174E0
7.20500000000000007E9	1.08814325394275646E0
7.20600000000000041E9	1.08821871820934302E0
7.20700000000000074E9	1.08829425156651172E0
7.20800000000000018E9	1.08836985371979500E0
7.20900000000000052E9	1.08844552499426661E0
7.20999999999999908E9	1.08852126518669801E0
7.21100000000000030E9	1.08859707473258438E0
7.21200000000000063E9	1.08867295347455273E0
7.21299999999999919E9	1.08874890176154593E0
7.21400000000000041E9	1.08882491939536674E0
7.21500000000000075E9	1.08890100658955813E0
7.21599999999999930E9	1.08897716343280671E0
7.21700000000000053E9	1.08905338999765444E0
7.21799999999999908E9	1.08912968633550022E0
7.21899999999999942E9	1.08920605267294213E0
7.22000000000000064E9	1.08928248914871006E0
7.22100000000000097E9	1.08935899550954507E0
7.22199999999999953E9	1.08943557221997733E0
7.22299999999999898E9	1.08951221907531837E0
7.22399999999999931E9	1.08958893641257348E0
7.22499999999999964E9	1.08966572421127328E0
7.22600000000000087E9	1.08974258253033152E0
7.22700000000000120E9	1.08981951157446999E0
7.22799999999999976E9	1.08989651119351172E0
7.22899999999999920E9	1.08997358185988191E0
7.22999999999999954E9	1.09005072341496412E0
7.23099999999999987E9	1.09012793592636759E0
7.23200000000000109E9	1.09020521962197403E0
7.23299999999999965E9	1.09028257455923461E0
7.23399999999999999E9	1.09036000058486815E0
7.23499999999999943E9	1.09043749823539371E0
7.23599999999999977E9	1.09051506730567294E0
7.23700000000000010E9	1.09059270783965001E0
7.23799999999999955E9	1.09067042012902760E0
7.23899999999999988E9	1.09074820430459241E0
7.24000000000000021E9	1.09082606020148853E0
7.24099999999999966E9	1.09090398805666622E0
7.24199999999999999E9	1.09098198798822188E0
7.24299999999999944E9	1.09106006026389246E0
7.24399999999999977E9	1.09113820442807752E0
7.24500000000000011E9	1.09121642126209917E0
7.24600000000000044E9	1.09129471020467905E0
7.24699999999999989E9	1.09137307183468701E0
7.24799999999999933E9	1.09145150610241770E0
7.24899999999999967E9	1.09153001307495812E0
7.25000000000000000E9	1.09160859271263000E0
7.25100000000000033E9	1.09168724536324535E0
7.25200000000000067E9	1.09176597115104856E0
7.25300000000000011E9	1.09184476979495071E0
7.25399999999999956E9	1.09192364175995960E0
7.25499999999999989E9	1.09200258692595731E0
7.25600000000000023E9	1.09208160571092039E0
7.25700000000000056E9	1.09216069752193867E0
7.25800000000000001E9	1.09223986325097444E0
7.25900000000000034E9	1.09231910248860897E0
7.25999999999999979E9	1.09239841561277440E0
7.26100000000000012E9	1.09247780259026239E0
7.26200000000000045E9	1.09255726348168358E0
7.26299999999999990E9	1.09263679838134253E0
7.26400000000000023E9	1.09271640754962318E0
7.26500000000000057E9	1.09279609097238062E0
7.26600000000000001E9	1.09287584863529497E0
7.26700000000000035E9	1.09295568070644511E0
7.26799999999999891E9	1.09303558746532037E0
7.26900000000000013E9	1.09311556886315997E0
7.27000000000000046E9	1.09319562489708422E0
7.27100000000000080E9	1.09327575583368608E0
7.27200000000000024E9	1.09335596162807347E0
7.27299999999999880E9	1.09343624247574223E0
7.27399999999999913E9	1.09351659833724191E0
7.27500000000000036E9	1.09359702953771865E0
7.27600000000000069E9	1.09367753620356689E0
7.27700000000000102E9	1.09375811812444557E0
7.27800000000000047E9	1.09383877562712262E0
7.27899999999999903E9	1.09391950876618194E0
7.27999999999999936E9	1.09400031768402783E0
7.28100000000000058E9	1.09408120236252926E0
7.28200000000000092E9	1.09416216288056733E0
7.28299999999999947E9	1.09424319955714267E0
7.28400000000000070E9	1.09432431220689397E0
7.28499999999999925E9	1.09440550119941071E0
7.28599999999999959E9	1.09448676654986476E0
7.28700000000000081E9	1.09456810827206175E0
7.28799999999999937E9	1.09464952648349279E0
7.28899999999999970E9	1.09473102117154042E0
7.29000000000000092E9	1.09481259277259535E0
7.29099999999999948E9	1.09489424123558998E0
7.29199999999999982E9	1.09497596651156170E0
7.29299999999999926E9	1.09505776888951067E0
7.29399999999999959E9	1.09513964832300381E0
7.29499999999999993E9	1.09522160508774280E0
7.29600000000000115E9	1.09530363908015405E0
7.29699999999999971E9	1.09538575052071518E0
7.29799999999999915E9	1.09546793948291388E0
7.29899999999999949E9	1.09555020616598608E0
7.29999999999999982E9	1.09563255056954523E0
7.30100000000000016E9	1.09571497280963759E0
7.30200000000000138E9	1.09579747289246887E0
7.30299999999999994E9	1.09588005101764052E0
7.30399999999999938E9	1.09596270732006040E0
7.30499999999999972E9	1.09604544206014420E0
7.30600000000000005E9	1.09612825498014987E0
7.30700000000000038E9	1.09621114633271977E0
7.30799999999999983E9	1.09629411632606732E0
7.30900000000000016E9	1.09637716483733727E0
7.30999999999999961E9	1.09646029222237873E0
7.31099999999999994E9	1.09654349853277844E0
7.31200000000000028E9	1.09662678382705536E0
7.31299999999999972E9	1.09671014805674849E0
7.31400000000000006E9	1.09679359155060774E0
7.31500000000000039E9	1.09687711428872348E0
7.31599999999999984E9	1.09696071636219528E0
7.31700000000000017E9	1.09704439812242205E0
7.31799999999999962E9	1.09712815943384112E0
7.31899999999999995E9	1.09721200031481247E0
7.32000000000000028E9	1.09729592112247332E0
7.32100000000000062E9	1.09737992182097455E0
7.32200000000000006E9	1.09746400246739473E0
7.32299999999999862E9	1.09754816334227701E0
7.32399999999999984E9	1.09763240453124178E0
7.32500000000000018E9	1.09771672584155300E0
7.32600000000000051E9	1.09780112763898052E0
7.32700000000000085E9	1.09788561002412055E0
7.32800000000000029E9	1.09797017315999268E0
7.32899999999999885E9	1.09805481690696394E0
7.33000000000000007E9	1.09813954155042892E0
7.33100000000000041E9	1.09822434718975570E0
7.33200000000000074E9	1.09830923396236857E0
7.33300000000000018E9	1.09839420199696636E0
7.33400000000000052E9	1.09847925111731759E0
7.33499999999999908E9	1.09856438172193771E0
7.33600000000000030E9	1.09864959394735462E0
7.33700000000000063E9	1.09873488761709504E0
7.33799999999999919E9	1.09882026309628578E0
7.33900000000000041E9	1.09890572048328461E0
7.34000000000000075E9	1.09899125964125854E0
7.34099999999999930E9	1.09907688097938872E0
7.34200000000000053E9	1.09916258442407644E0
7.34299999999999908E9	1.09924837023962896E0
7.34399999999999942E9	1.09933423821421750E0
7.34500000000000064E9	1.09942018893744775E0
7.34600000000000097E9	1.09950622208955484E0
7.34699999999999953E9	1.09959233800703071E0
7.34799999999999898E9	1.09967853660427761E0
7.34899999999999931E9	1.09976481839430562E0
7.34999999999999964E9	1.09985118301450080E0
7.35100000000000087E9	1.09993763077939555E0
7.35200000000000120E9	1.10002416186295471E0
7.35299999999999976E9	1.10011077635961518E0
7.35399999999999920E9	1.10019747411397240E0
7.35499999999999954E9	1.10028425552614251E0
7.35599999999999987E9	1.10037112075106491E0
7.35700000000000109E9	1.10045806974388505E0
7.35799999999999965E9	1.10054510265059680E0
7.35899999999999999E9	1.10063221948830092E0
7.35999999999999943E9	1.10071942057561101E0
7.36099999999999977E9	1.10080670585263651E0
7.36200000000000010E9	1.10089407546868046E0
7.36299999999999955E9	1.10098152959454665E0
7.36399999999999988E9	1.10106906832222062E0
7.36500000000000021E9	1.10115669167279018E0
7.36599999999999966E9	1.10124439991113943E0
7.36699999999999999E9	1.10133219307084196E0
7.36799999999999944E9	1.10142007117983187E0
7.36899999999999977E9	1.10150803446404510E0
7.37000000000000011E9	1.10159608311172263E0
7.37100000000000044E9	1.10168421703609187E0
7.37199999999999989E9	1.10177243652354639E0
7.37299999999999933E9	1.10186074134733869E0
7.37399999999999967E9	1.10194913224901292E0
7.37500000000000000E9	1.10203760878737866E0
7.37600000000000033E9	1.10212617131664015E0
7.37700000000000067E9	1.10221481973672719E0
7.37800000000000011E9	1.10230355443102934E0
7.37899999999999956E9	1.10239237545404278E0
7.37999999999999989E9	1.10248128283852309E0
7.38100000000000023E9	1.10257027661675910E0
7.38200000000000056E9	1.10265935721787445E0
7.38300000000000001E9	1.10274852446872562E0
7.38400000000000034E9	1.10283777866247479E0
7.38499999999999979E9	1.10292711972453850E0
7.38600000000000012E9	1.10301654788151482E0
7.38700000000000045E9	1.10310606330518102E0
7.38799999999999990E9	1.10319566586043871E0
7.38900000000000023E9	1.10328535596798871E0
7.39000000000000057E9	1.10337513369972040E0
7.39100000000000001E9	1.10346499898331274E0
7.39200000000000035E9	1.10355495214092247E0
7.39299999999999891E9	1.10364499303184194E0
7.39400000000000013E9	1.10373512213001468E0
7.39500000000000046E9	1.10382533934447435E0
7.39600000000000080E9	1.10391564465046810E0
7.39700000000000024E9	1.10400603852231050E0
7.39799999999999880E9	1.10409652068278463E0
7.39899999999999913E9	1.10418709153641004E0
7.40000000000000036E9	1.10427775118524929E0
7.40100000000000069E9	1.10436849952200844E0
7.40200000000000102E9	1.10445933700502863E0
7.40300000000000047E9	1.10455026329606198E0
7.40399999999999903E9	1.10464127902299980E0
7.40499999999999936E9	1.10473238393195539E0
7.40600000000000058E9	1.10482357824885336E0
7.40700000000000092E9	1.10491486209508971E0
7.40799999999999947E9	1.10500623572466594E0
7.40900000000000070E9	1.10509769898358812E0
7.40999999999999925E9	1.10518925235887711E0
7.41099999999999959E9	1.10528089573823829E0
7.41200000000000081E9	1.10537262915425183E0
7.41299999999999937E9	1.10546445288498796E0
7.41399999999999970E9	1.10555636695430093E0
7.41500000000000092E9	1.10564837161305429E0
7.41599999999999948E9	1.10574046666375114E0
7.41699999999999982E9	1.10583265273610598E0
7.41799999999999926E9	1.10592492947446619E0
7.41899999999999959E9	1.10601729743601429E0
7.41999999999999993E9	1.10610975636750042E0
7.42100000000000115E9	1.10620230657596208E0
7.42199999999999971E9	1.10629494799533812E0
7.42299999999999915E9	1.10638768097879048E0
7.42399999999999949E9	1.10648050563058997E0
7.42499999999999982E9	1.10657342197719877E0
7.42600000000000016E9	1.10666643015188160E0
7.42700000000000138E9	1.10675953020153361E0
7.42799999999999994E9	1.10685272241753330E0
7.42899999999999938E9	1.10694600686839961E0
7.42999999999999972E9	1.10703938362983489E0
7.43100000000000005E9	1.10713285285314100E0
7.43200000000000038E9	1.10722641452793691E0
7.43299999999999983E9	1.10732006899696089E0
7.43400000000000016E9	1.10741381637846126E0
7.43499999999999961E9	1.10750765669538787E0
7.43599999999999994E9	1.10760158993023383E0
7.43700000000000028E9	1.10769561648810555E0
7.43799999999999972E9	1.10778973634313749E0
7.43900000000000006E9	1.10788394961768066E0
7.44000000000000039E9	1.10797825659684346E0
7.44099999999999984E9	1.10807265706340186E0
7.44200000000000017E9	1.10816715142194133E0
7.44299999999999962E9	1.10826173980619624E0
7.44399999999999995E9	1.10835642218576469E0
7.44500000000000028E9	1.10845119879968279E0
7.44600000000000062E9	1.10854606977688719E0
7.44700000000000006E9	1.10864103511269918E0
7.44799999999999862E9	1.10873609505847570E0
7.44899999999999984E9	1.10883124966014024E0
7.45000000000000018E9	1.10892649912287578E0
7.45100000000000051E9	1.10902184359111922E0
7.45200000000000085E9	1.10911728322316017E0
7.45300000000000029E9	1.10921281784149350E0
7.45399999999999885E9	1.10930844797033501E0
7.45500000000000007E9	1.10940417345932030E0
7.45600000000000041E9	1.10949999460386728E0
7.45700000000000074E9	1.10959591144345437E0
7.45800000000000018E9	1.10969192412594975E0
7.45900000000000052E9	1.10978803282872618E0
7.45999999999999908E9	1.10988423761987298E0
7.46100000000000030E9	1.10998053863761315E0
7.46200000000000063E9	1.11007693587104406E0
7.46299999999999919E9	1.11017342982618961E0
7.46400000000000041E9	1.11027002029441557E0
7.46500000000000075E9	1.11036670743424404E0
7.46599999999999930E9	1.11046349151107226E0
7.46700000000000053E9	1.11056037273552222E0
7.46799999999999908E9	1.11065735098912954E0
7.46899999999999942E9	1.11075442645172906E0
7.47000000000000064E9	1.11085159942659439E0
7.47100000000000097E9	1.11094886986189634E0
7.47199999999999953E9	1.11104623796027102E0
7.47299999999999898E9	1.11114370389392514E0
7.47399999999999931E9	1.11124126767158504E0
7.47499999999999964E9	1.11133892941635271E0
7.47600000000000087E9	1.11143668961273412E0
7.47700000000000120E9	1.11153454789014727E0
7.47799999999999976E9	1.11163250472997910E0
7.47899999999999920E9	1.11173056018504623E0
7.47999999999999954E9	1.11182871426244412E0
7.48099999999999987E9	1.11192696716042416E0
7.48200000000000109E9	1.11202531919641445E0
7.48299999999999965E9	1.11212377017903674E0
7.48399999999999999E9	1.11222232045429692E0
7.48499999999999943E9	1.11232097008715014E0
7.48599999999999977E9	1.11241971915827365E0
7.48700000000000010E9	1.11251856799012949E0
7.48799999999999955E9	1.11261751649223384E0
7.48899999999999988E9	1.11271656511545092E0
7.49000000000000021E9	1.11281571359665477E0
7.49099999999999966E9	1.11291496219886610E0
7.49199999999999999E9	1.11301431137770601E0
7.49299999999999944E9	1.11311376079746172E0
7.49399999999999977E9	1.11321331079245822E0
7.49500000000000011E9	1.11331296155107662E0
7.49600000000000044E9	1.11341271321842572E0
7.49699999999999989E9	1.11351256577454572E0
7.49799999999999933E9	1.11361251944213380E0
7.49899999999999967E9	1.11371257445492344E0
7.50000000000000000E9	1.11381273075978782E0
7.50100000000000033E9	1.11391298875531808E0
7.50200000000000067E9	1.11401334832425070E0
7.50300000000000011E9	1.11411380955178618E0
7.50399999999999956E9	1.11421437294705572E0
7.50499999999999989E9	1.11431503844038771E0
7.50600000000000023E9	1.11441580606671597E0
7.50700000000000056E9	1.11451667595042880E0
7.50800000000000001E9	1.11461764837370692E0
7.50900000000000034E9	1.11471872346278333E0
7.50999999999999979E9	1.11481990126452901E0
7.51100000000000012E9	1.11492118190784772E0
7.51200000000000045E9	1.11502256578133263E0
7.51299999999999990E9	1.11512405274642612E0
7.51400000000000023E9	1.11522564295919069E0
7.51500000000000057E9	1.11532733669094242E0
7.51600000000000001E9	1.11542913402541366E0
7.51700000000000035E9	1.11553103507757223E0
7.51799999999999891E9	1.11563304002589958E0
7.51900000000000013E9	1.11573514905689541E0
7.52000000000000046E9	1.11583736209773710E0
7.52100000000000080E9	1.11593967949770012E0
7.52200000000000024E9	1.11604210136664084E0
7.52299999999999880E9	1.11614462778094525E0
7.52399999999999913E9	1.11624725901127042E0
7.52500000000000036E9	1.11634999486061348E0
7.52600000000000069E9	1.11645283592372047E0
7.52700000000000102E9	1.11655578209628437E0
7.52800000000000047E9	1.11665883347085604E0
7.52899999999999903E9	1.11676199032347623E0
7.52999999999999936E9	1.11686525277884008E0
7.53100000000000058E9	1.11696862087870752E0
7.53200000000000092E9	1.11707209484871139E0
7.53299999999999947E9	1.11717567471014778E0
7.53400000000000070E9	1.11727936088610513E0
7.53499999999999925E9	1.11738315329250271E0
7.53599999999999959E9	1.11748705207579757E0
7.53700000000000081E9	1.11759105748713039E0
7.53799999999999937E9	1.11769516950702341E0
7.53899999999999970E9	1.11779938841151627E0
7.54000000000000092E9	1.11790371434611613E0
7.54099999999999948E9	1.11800814743411681E0
7.54199999999999982E9	1.11811268772481176E0
7.54299999999999926E9	1.11821733556029579E0
7.54399999999999959E9	1.11832209093868684E0
7.54499999999999993E9	1.11842695395016434E0
7.54600000000000115E9	1.11853192491754827E0
7.54699999999999971E9	1.11863700389826537E0
7.54799999999999915E9	1.11874219094640970E0
7.54899999999999949E9	1.11884748641959164E0
7.54999999999999982E9	1.11895289038306700E0
7.55100000000000016E9	1.11905840276748836E0
7.55200000000000138E9	1.11916402398578207E0
7.55299999999999994E9	1.11926975411803298E0
7.55399999999999938E9	1.11937559320790547E0
7.55499999999999972E9	1.11948154151560053E0
7.55600000000000005E9	1.11958759917298067E0
7.55700000000000038E9	1.11969376622587347E0
7.55799999999999983E9	1.11980004312372117E0
7.55900000000000016E9	1.11990642952628017E0
7.55999999999999961E9	1.12001292609133096E0
7.56099999999999994E9	1.12011953249212071E0
7.56200000000000028E9	1.12022624935686466E0
7.56299999999999972E9	1.12033307646767999E0
7.56400000000000006E9	1.12044001407086724E0
7.56500000000000039E9	1.12054706238429880E0
7.56599999999999984E9	1.12065422146904892E0
7.56700000000000017E9	1.12076149151926407E0
7.56799999999999962E9	1.12086887272537772E0
7.56899999999999995E9	1.12097636516547983E0
7.57000000000000028E9	1.12108396917918052E0
7.57100000000000062E9	1.12119168462864116E0
7.57200000000000006E9	1.12129951173951881E0
7.57299999999999862E9	1.12140745074455817E0
7.57399999999999984E9	1.12151550177606740E0
7.57500000000000018E9	1.12162366498493049E0
7.57600000000000051E9	1.12173194051617342E0
7.57700000000000085E9	1.12184032857802540E0
7.57800000000000029E9	1.12194882930687401E0
7.57899999999999885E9	1.12205744277966324E0
7.58000000000000007E9	1.12216616913209277E0
7.58100000000000041E9	1.12227500856665396E0
7.58200000000000074E9	1.12238396140916863E0
7.58300000000000018E9	1.12249302738347922E0
7.58400000000000052E9	1.12260220700515978E0
7.58499999999999908E9	1.12271150044064227E0
7.58600000000000030E9	1.12282090756828734E0
7.58700000000000063E9	1.12293042873875981E0
7.58799999999999919E9	1.12304006411708435E0
7.58900000000000041E9	1.12314981377823497E0
7.59000000000000075E9	1.12325967791385151E0
7.59099999999999930E9	1.12336965680747980E0
7.59200000000000053E9	1.12347975036780534E0
7.59299999999999908E9	1.12358995886220558E0
7.59399999999999942E9	1.12370028246273623E0
7.59500000000000064E9	1.12381072125624493E0
7.59600000000000097E9	1.12392127548933574E0
7.59699999999999953E9	1.12403194526113359E0
7.59799999999999898E9	1.12414273079955573E0
7.59899999999999931E9	1.12425363229238195E0
7.59999999999999964E9	1.12436464969066696E0
7.60100000000000087E9	1.12447578337374732E0
7.60200000000000120E9	1.12458703334671140E0
7.60299999999999976E9	1.12469839977710162E0
7.60399999999999920E9	1.12480988285649897E0
7.60499999999999954E9	1.12492148293549676E0
7.60599999999999987E9	1.12503319986606320E0
7.60700000000000109E9	1.12514503401233878E0
7.60799999999999965E9	1.12525698523154505E0
7.60899999999999999E9	1.12536905412841248E0
7.60999999999999943E9	1.12548124057562160E0
7.61099999999999977E9	1.12559354475778006E0
7.61200000000000010E9	1.12570596696958547E0
7.61299999999999955E9	1.12581850717373455E0
7.61399999999999988E9	1.12593116573260144E0
7.61500000000000021E9	1.12604394262992424E0
7.61599999999999966E9	1.12615683820607604E0
7.61699999999999999E9	1.12626985235413812E0
7.61799999999999944E9	1.12638298554850591E0
7.61899999999999977E9	1.12649623774587870E0
7.62000000000000011E9	1.12660960925298781E0
7.62100000000000044E9	1.12672309999942222E0
7.62199999999999989E9	1.12683671035067445E0
7.62299999999999933E9	1.12695044039199788E0
7.62399999999999967E9	1.12706429031272037E0
7.62500000000000000E9	1.12717826028468315E0
7.62600000000000033E9	1.12729235039208309E0
7.62700000000000067E9	1.12740656090725366E0
7.62800000000000011E9	1.12752089202336370E0
7.62899999999999956E9	1.12763534374490115E0
7.62999999999999989E9	1.12774991632599053E0
7.63100000000000023E9	1.12786460986976023E0
7.63200000000000056E9	1.12797942465192191E0
7.63300000000000001E9	1.12809436075911718E0
7.63400000000000034E9	1.12820941848638556E0
7.63499999999999979E9	1.12832459777761795E0
7.63600000000000012E9	1.12843989882818940E0
7.63700000000000045E9	1.12855532203979037E0
7.63799999999999990E9	1.12867086738527767E0
7.63900000000000023E9	1.12878653500529302E0
7.64000000000000057E9	1.12890232523736178E0
7.64100000000000001E9	1.12901823806677126E0
7.64200000000000035E9	1.12913427377158193E0
7.64299999999999891E9	1.12925043247402024E0
7.64400000000000013E9	1.12936671427051460E0
7.64500000000000046E9	1.12948311949232671E0
7.64600000000000080E9	1.12959964826427850E0
7.64700000000000024E9	1.12971630063741446E0
7.64799999999999880E9	1.12983307667278488E0
7.64899999999999913E9	1.12994997700438149E0
7.65000000000000036E9	1.13006700148406680E0
7.65100000000000069E9	1.13018415026910324E0
7.65200000000000102E9	1.13030142355223595E0
7.65300000000000047E9	1.13041882150608308E0
7.65399999999999903E9	1.13053634430325523E0
7.65499999999999936E9	1.13065399221992013E0
7.65600000000000058E9	1.13077176530675438E0
7.65700000000000092E9	1.13088966373058497E0
7.65799999999999947E9	1.13100768765590032E0
7.65900000000000070E9	1.13112583742516204E0
7.65999999999999925E9	1.13124411290029325E0
7.66099999999999959E9	1.13136251462598536E0
7.66200000000000081E9	1.13148104237304015E0
7.66299999999999937E9	1.13159969676415662E0
7.66399999999999970E9	1.13171847742737053E0
7.66500000000000092E9	1.13183738506649467E0
7.66599999999999948E9	1.13195641959151261E0
7.66699999999999982E9	1.13207558121348306E0
7.66799999999999926E9	1.13219486994083018E0
7.66899999999999959E9	1.13231428630081621E0
7.66999999999999993E9	1.13243383016848220E0
7.67100000000000115E9	1.13255350181221237E0
7.67199999999999971E9	1.13267330137333810E0
7.67299999999999915E9	1.13279322923742121E0
7.67399999999999949E9	1.13291328518493750E0
7.67499999999999982E9	1.13303346973691332E0
7.67600000000000016E9	1.13315378304747649E0
7.67700000000000138E9	1.13327422499533625E0
7.67799999999999994E9	1.13339479607915883E0
7.67899999999999938E9	1.13351549625803583E0
7.67999999999999972E9	1.13363632584151297E0
7.68100000000000005E9	1.13375728492413064E0
7.68200000000000038E9	1.13387837384307621E0
7.68299999999999983E9	1.13399959255922522E0
7.68400000000000016E9	1.13412094135059083E0
7.68499999999999961E9	1.13424242040525947E0
7.68599999999999994E9	1.13436402979798534E0
7.68700000000000028E9	1.13448576988493444E0
7.68799999999999972E9	1.13460764070436992E0
7.68900000000000006E9	1.13472964255652808E0
7.69000000000000039E9	1.13485177546648819E0
7.69099999999999984E9	1.13497403970768840E0
7.69200000000000017E9	1.13509643557107087E0
7.69299999999999962E9	1.13521896299145952E0
7.69399999999999995E9	1.13534162213294199E0
7.69500000000000028E9	1.13546441351265193E0
7.69600000000000062E9	1.13558733700035219E0
7.69700000000000006E9	1.13571039293564979E0
7.69799999999999862E9	1.13583358152423264E0
7.69899999999999984E9	1.13595690276587047E0
7.70000000000000018E9	1.13608035695319898E0
7.70100000000000051E9	1.13620394428273008E0
7.70200000000000085E9	1.13632766491233528E0
7.70300000000000029E9	1.13645151892560414E0
7.70399999999999885E9	1.13657550683152642E0
7.70500000000000007E9	1.13669962840245420E0
7.70600000000000041E9	1.13682388415714741E0
7.70700000000000074E9	1.13694827395417808E0
7.70800000000000018E9	1.13707279827665220E0
7.70900000000000052E9	1.13719745708878062E0
7.70999999999999908E9	1.13732225068694315E0
7.71100000000000030E9	1.13744717928959815E0
7.71200000000000063E9	1.13757224303131488E0
7.71299999999999919E9	1.13769744202894296E0
7.71400000000000041E9	1.13782277662921150E0
7.71500000000000075E9	1.13794824688663354E0
7.71599999999999930E9	1.13807385298188257E0
7.71700000000000053E9	1.13819959522094005E0
7.71799999999999908E9	1.13832547356172276E0
7.71899999999999942E9	1.13845148850678268E0
7.72000000000000064E9	1.13857763993492478E0
7.72100000000000097E9	1.13870392817638577E0
7.72199999999999953E9	1.13883035349533190E0
7.72299999999999898E9	1.13895691596617721E0
7.72399999999999931E9	1.13908361579291562E0
7.72499999999999964E9	1.13921045324058001E0
7.72600000000000087E9	1.13933742840999774E0
7.72700000000000120E9	1.13946454153886467E0
7.72799999999999976E9	1.13959179270933286E0
7.72899999999999920E9	1.13971918223441371E0
7.72999999999999954E9	1.13984671025324813E0
7.73099999999999987E9	1.13997437709934979E0
7.73200000000000109E9	1.14010218262115082E0
7.73299999999999965E9	1.14023012730252016E0
7.73399999999999999E9	1.14035821123511805E0
7.73499999999999943E9	1.14048643473818356E0
7.73599999999999977E9	1.14061479768571550E0
7.73700000000000010E9	1.14074330061270857E0
7.73799999999999955E9	1.14087194356042221E0
7.73899999999999988E9	1.14100072663756036E0
7.74000000000000021E9	1.14112965027630686E0
7.74099999999999966E9	1.14125871444371474E0
7.74199999999999999E9	1.14138791939792816E0
7.74299999999999944E9	1.14151726539640785E0
7.74399999999999977E9	1.14164675248971026E0
7.74500000000000011E9	1.14177638095331635E0
7.74600000000000044E9	1.14190615103405602E0
7.74699999999999989E9	1.14203606286729942E0
7.74799999999999933E9	1.14216611662767531E0
7.74899999999999967E9	1.14229631257121245E0
7.75000000000000000E9	1.14242665088770856E0
7.75100000000000033E9	1.14255713185794150E0
7.75200000000000067E9	1.14268775539378664E0
7.75300000000000011E9	1.14281852197083444E0
7.75399999999999956E9	1.14294943153490736E0
7.75499999999999989E9	1.14308048461870726E0
7.75600000000000023E9	1.14321168108369209E0
7.75700000000000056E9	1.14334302125537945E0
7.75800000000000001E9	1.14347450543011164E0
7.75900000000000034E9	1.14360613372719655E0
7.75999999999999979E9	1.14373790630395900E0
7.76100000000000012E9	1.14386982345425481E0
7.76200000000000045E9	1.14400188526372748E0
7.76299999999999990E9	1.14413409192572302E0
7.76400000000000023E9	1.14426644373948339E0
7.76500000000000057E9	1.14439894077640414E0
7.76600000000000001E9	1.14453158352761730E0
7.76700000000000035E9	1.14466437182143110E0
7.76799999999999891E9	1.14479730611180686E0
7.76900000000000013E9	1.14493038647388157E0
7.77000000000000046E9	1.14506361312975580E0
7.77100000000000080E9	1.14519698617637999E0
7.77200000000000024E9	1.14533050613801768E0
7.77299999999999880E9	1.14546417288375579E0
7.77399999999999913E9	1.14559798677065339E0
7.77500000000000036E9	1.14573194789655397E0
7.77600000000000069E9	1.14586605670943054E0
7.77700000000000102E9	1.14600031306543548E0
7.77800000000000047E9	1.14613471740455020E0
7.77899999999999903E9	1.14626926990026767E0
7.77999999999999936E9	1.14640397072728262E0
7.78100000000000058E9	1.14653882000560992E0
7.78200000000000092E9	1.14667381809721824E0
7.78299999999999947E9	1.14680896515294251E0
7.78400000000000070E9	1.14694426130825855E0
7.78499999999999925E9	1.14707970683800542E0
7.78599999999999959E9	1.14721530188802912E0
7.78700000000000081E9	1.14735104667862253E0
7.78799999999999937E9	1.14748694152228747E0
7.78899999999999970E9	1.14762298639255800E0
7.79000000000000092E9	1.14775918177766911E0
7.79099999999999948E9	1.14789552760052693E0
7.79199999999999982E9	1.14803202438178920E0
7.79299999999999926E9	1.14816867204330975E0
7.79399999999999959E9	1.14830547101877789E0
7.79499999999999993E9	1.14844242136247066E0
7.79600000000000115E9	1.14857952321622214E0
7.79699999999999971E9	1.14871677696552443E0
7.79799999999999915E9	1.14885418283463081E0
7.79899999999999949E9	1.14899174087404177E0
7.79999999999999982E9	1.14912945147673162E0
7.80100000000000016E9	1.14926731462537735E0
7.80200000000000138E9	1.14940533068086870E0
7.80299999999999994E9	1.14954349972976511E0
7.80399999999999938E9	1.14968182223378967E0
7.80499999999999972E9	1.14982029822873644E0
7.80600000000000005E9	1.14995892795324051E0
7.80700000000000038E9	1.15009771152004481E0
7.80799999999999983E9	1.15023664924908298E0
7.80900000000000016E9	1.15037574134407872E0
7.80999999999999961E9	1.15051498807812291E0
7.81099999999999994E9	1.15065438954462773E0
7.81200000000000028E9	1.15079394596114737E0
7.81299999999999972E9	1.15093365752738697E0
7.81400000000000006E9	1.15107352472070867E0
7.81500000000000039E9	1.15121354739337578E0
7.81599999999999984E9	1.15135372593170882E0
7.81700000000000017E9	1.15149406059198767E0
7.81799999999999962E9	1.15163455140326421E0
7.81899999999999995E9	1.15177519880651680E0
7.82000000000000028E9	1.15191600286599694E0
7.82100000000000062E9	1.15205696389218537E0
7.82200000000000006E9	1.15219808209747998E0
7.82299999999999862E9	1.15233935763468387E0
7.82399999999999984E9	1.15248079071847043E0
7.82500000000000018E9	1.15262238149024232E0
7.82600000000000051E9	1.15276413037550918E0
7.82700000000000085E9	1.15290603750653919E0
7.82800000000000029E9	1.15304810301770178E0
7.82899999999999885E9	1.15319032722904358E0
7.83000000000000007E9	1.15333271031322160E0
7.83100000000000041E9	1.15347525241118598E0
7.83200000000000074E9	1.15361795396749955E0
7.83300000000000018E9	1.15376081490718208E0
7.83400000000000052E9	1.15390383569463206E0
7.83499999999999908E9	1.15404701640518126E0
7.83600000000000030E9	1.15419035737272258E0
7.83700000000000063E9	1.15433385879485884E0
7.83799999999999919E9	1.15447752067317633E0
7.83900000000000041E9	1.15462134357224389E0
7.84000000000000075E9	1.15476532752305183E0
7.84099999999999930E9	1.15490947277158096E0
7.84200000000000053E9	1.15505377954803801E0
7.84299999999999908E9	1.15519824797761950E0
7.84399999999999942E9	1.15534287854837947E0
7.84500000000000064E9	1.15548767108762629E0
7.84600000000000097E9	1.15563262611543927E0
7.84699999999999953E9	1.15577774380871023E0
7.84799999999999898E9	1.15592302453912832E0
7.84899999999999931E9	1.15606846810991382E0
7.84999999999999964E9	1.15621407512271990E0
7.85100000000000087E9	1.15635984556285187E0
7.85200000000000120E9	1.15650577995329007E0
7.85299999999999976E9	1.15665187816028037E0
7.85399999999999920E9	1.15679814060284780E0
7.85499999999999954E9	1.15694456753639763E0
7.85599999999999987E9	1.15709115913615612E0
7.85700000000000109E9	1.15723791558338029E0
7.85799999999999965E9	1.15738483724047980E0
7.85899999999999999E9	1.15753192419451389E0
7.85999999999999943E9	1.15767917673071818E0
7.86099999999999977E9	1.15782659502531660E0
7.86200000000000010E9	1.15797417943103076E0
7.86299999999999955E9	1.15812193000815911E0
7.86399999999999988E9	1.15826984718419079E0
7.86500000000000021E9	1.15841793100368506E0
7.86599999999999966E9	1.15856618177001591E0
7.86699999999999999E9	1.15871459976988644E0
7.86799999999999944E9	1.15886318520414688E0
7.86899999999999977E9	1.15901193816129289E0
7.87000000000000011E9	1.15916085909046829E0
7.87100000000000044E9	1.15930994804977017E0
7.87199999999999989E9	1.15945920543723946E0
7.87299999999999933E9	1.15960863141854476E0
7.87399999999999967E9	1.15975822597903599E0
7.87500000000000000E9	1.15990798989943666E0
7.87600000000000033E9	1.16005792285572285E0
7.87700000000000067E9	1.16020802541955259E0
7.87800000000000011E9	1.16035829772509391E0
7.87899999999999956E9	1.16050873988309999E0
7.87999999999999989E9	1.16065935225981098E0
7.88100000000000023E9	1.16081013514332798E0
7.88200000000000056E9	1.16096108868055592E0
7.88300000000000001E9	1.16111221322612868E0
7.88400000000000034E9	1.16126350874663653E0
7.88499999999999979E9	1.16141497579145092E0
7.88600000000000012E9	1.16156661439303233E0
7.88700000000000045E9	1.16171842477512643E0
7.88799999999999990E9	1.16187040732267555E0
7.88900000000000023E9	1.16202256222625144E0
7.89000000000000057E9	1.16217488970685023E0
7.89100000000000001E9	1.16232738996361418E0
7.89200000000000035E9	1.16248006327426445E0
7.89299999999999891E9	1.16263290980296974E0
7.89400000000000013E9	1.16278592985368867E0
7.89500000000000046E9	1.16293912376100694E0
7.89600000000000080E9	1.16309249159622041E0
7.89700000000000024E9	1.16324603368672319E0
7.89799999999999880E9	1.16339975034813392E0
7.89899999999999913E9	1.16355364156968699E0
7.90000000000000036E9	1.16370770785363820E0
7.90100000000000069E9	1.16386194930874254E0
7.90200000000000102E9	1.16401636620911231E0
7.90300000000000047E9	1.16417095879848143E0
7.90399999999999903E9	1.16432572738240392E0
7.90499999999999936E9	1.16448067205292394E0
7.90600000000000058E9	1.16463579319215760E0
7.90700000000000092E9	1.16479109095423516E0
7.90799999999999947E9	1.16494656565921728E0
7.90900000000000070E9	1.16510221740084097E0
7.90999999999999925E9	1.16525804674607092E0
7.91099999999999959E9	1.16541405350385197E0
7.91200000000000081E9	1.16557023830641571E0
7.91299999999999937E9	1.16572660123935345E0
7.91399999999999970E9	1.16588314246908364E0
7.91500000000000092E9	1.16603986237550683E0
7.91599999999999948E9	1.16619676115031345E0
7.91699999999999982E9	1.16635383892964373E0
7.91799999999999926E9	1.16651109623697202E0
7.91899999999999959E9	1.16666853303120721E0
7.91999999999999993E9	1.16682614972556054E0
7.92100000000000115E9	1.16698394648657944E0
7.92199999999999971E9	1.16714192367764946E0
7.92299999999999915E9	1.16730008138155239E0
7.92399999999999949E9	1.16745842001382116E0
7.92499999999999982E9	1.16761693972856540E0
7.92600000000000016E9	1.16777564084625141E0
7.92700000000000138E9	1.16793452345615290E0
7.92799999999999994E9	1.16809358807901376E0
7.92899999999999938E9	1.16825283465457352E0
7.92999999999999972E9	1.16841226361320283E0
7.93100000000000005E9	1.16857187523890538E0
7.93200000000000038E9	1.16873166974849396E0
7.93299999999999983E9	1.16889164733165107E0
7.93400000000000016E9	1.16905180821017551E0
7.93499999999999961E9	1.16921215275435020E0
7.93599999999999994E9	1.16937268119729865E0
7.93700000000000028E9	1.16953339376082988E0
7.93799999999999972E9	1.16969429070102460E0
7.93900000000000006E9	1.16985537233281578E0
7.94000000000000039E9	1.17001663875179474E0
7.94099999999999984E9	1.17017809042943610E0
7.94200000000000017E9	1.17033972737041481E0
7.94299999999999962E9	1.17050155014112445E0
7.94399999999999995E9	1.17066355869630145E0
7.94500000000000028E9	1.17082575345939555E0
7.94600000000000062E9	1.17098813471529550E0
7.94700000000000006E9	1.17115070253308451E0
7.94799999999999862E9	1.17131345744425008E0
7.94899999999999984E9	1.17147639940611303E0
7.95000000000000018E9	1.17163952895988532E0
7.95100000000000051E9	1.17180284615068597E0
7.95200000000000085E9	1.17196635138357164E0
7.95300000000000029E9	1.17213004479761862E0
7.95399999999999885E9	1.17229392675926047E0
7.95500000000000007E9	1.17245799741823320E0
7.95600000000000041E9	1.17262225706499801E0
7.95700000000000074E9	1.17278670616810810E0
7.95800000000000018E9	1.17295134468743112E0
7.95900000000000052E9	1.17311617305411020E0
7.95999999999999908E9	1.17328119139158638E0
7.96100000000000030E9	1.17344640014416002E0
7.96200000000000063E9	1.17361179952389549E0
7.96299999999999919E9	1.17377738974706580E0
7.96400000000000041E9	1.17394317106548263E0
7.96500000000000075E9	1.17410914373693842E0
7.96599999999999930E9	1.17427530808553238E0
7.96700000000000053E9	1.17444166435898589E0
7.96799999999999908E9	1.17460821279819072E0
7.96899999999999942E9	1.17477495366861318E0
7.97000000000000064E9	1.17494188730194615E0
7.97100000000000097E9	1.17510901379696420E0
7.97199999999999953E9	1.17527633370238682E0
7.97299999999999898E9	1.17544384702524929E0
7.97399999999999931E9	1.17561155410988549E0
7.97499999999999964E9	1.17577945530395400E0
7.97600000000000087E9	1.17594755072490975E0
7.97700000000000120E9	1.17611584077569220E0
7.97799999999999976E9	1.17628432569451236E0
7.97899999999999920E9	1.17645300573664513E0
7.97999999999999954E9	1.17662188104566234E0
7.98099999999999987E9	1.17679095218614216E0
7.98200000000000109E9	1.17696021913533455E0
7.98299999999999965E9	1.17712968239544002E0
7.98399999999999999E9	1.17729934193434382E0
7.98499999999999943E9	1.17746919839751407E0
7.98599999999999977E9	1.17763925186309670E0
7.98700000000000010E9	1.17780950243279792E0
7.98799999999999955E9	1.17797995078207141E0
7.98899999999999988E9	1.17815059688758073E0
7.99000000000000021E9	1.17832144110892201E0
7.99099999999999966E9	1.17849248365255987E0
7.99199999999999999E9	1.17866372494752891E0
7.99299999999999944E9	1.17883516514027753E0
7.99399999999999977E9	1.17900680446545003E0
7.99500000000000011E9	1.17917864336837064E0
7.99600000000000044E9	1.17935068190144920E0
7.99699999999999989E9	1.17952292053330665E0
7.99799999999999933E9	1.17969535944417592E0
7.99899999999999967E9	1.17986799895734928E0
8.00000000000000000E9	1.18004083939712934E0
8.00100000000000122E9	1.18021388082012657E0
8.00200000000000067E9	1.18038712379849087E0
8.00300000000000011E9	1.18056056842904411E0
8.00399999999999956E9	1.18073421501265341E0
8.00499999999999901E9	1.18090806384335512E0
8.00600000000000023E9	1.18108211517126982E0
8.00700000000000145E9	1.18125636939300804E0
8.00799999999999912E9	1.18143082672536370E0
8.00900000000000034E9	1.18160548732995019E0
8.00999999999999979E9	1.18178035165864714E0
8.01099999999999923E9	1.18195541989453123E0
8.01200000000000045E9	1.18213069231742085E0
8.01299999999999990E9	1.18230616920438525E0
8.01399999999999935E9	1.18248185097305458E0
8.01500000000000057E9	1.18265773779833006E0
8.01600000000000001E9	1.18283382994036335E0
8.01699999999999946E9	1.18301012767843283E0
8.01799999999999891E9	1.18318663135826641E0
8.01900000000000013E9	1.18336334121944198E0
8.01999999999999957E9	1.18354025757627013E0
8.02100000000000080E9	1.18371738067417653E0
8.02200000000000024E9	1.18389471084362374E0
8.02299999999999969E9	1.18407224836436198E0
8.02399999999999913E9	1.18424999348466020E0
8.02500000000000036E9	1.18442794651999717E0
8.02599999999999980E9	1.18460610779322439E0
8.02700000000000102E9	1.18478447744614157E0
8.02800000000000047E9	1.18496305610148100E0
8.02899999999999991E9	1.18514184363552189E0
8.02999999999999936E9	1.18532084057923770E0
8.03100000000000058E9	1.18550004706999235E0
8.03200000000000003E9	1.18567946354059006E0
8.03299999999999947E9	1.18585909033298509E0
8.03400000000000070E9	1.18603892758085250E0
8.03500000000000014E9	1.18621897562685641E0
8.03599999999999959E9	1.18639923472573861E0
8.03700000000000081E9	1.18657970522593326E0
8.03800000000000026E9	1.18676038732658462E0
8.03899999999999970E9	1.18694128157055023E0
8.04000000000000092E9	1.18712238796486247E0
8.04100000000000037E9	1.18730370689811204E0
8.04199999999999982E9	1.18748523871820777E0
8.04299999999999926E9	1.18766698366207768E0
8.04400000000000048E9	1.18784894211846348E0
8.04499999999999993E9	1.18803111421113394E0
8.04600000000000115E9	1.18821350033243833E0
8.04700000000000060E9	1.18839610078016134E0
8.04799999999999827E9	1.18857891588271070E0
8.04899999999999949E9	1.18876194588899708E0
8.05000000000000071E9	1.18894519109142704E0
8.05100000000000016E9	1.18912865171916105E0
8.05200000000000138E9	1.18931232823511612E0
8.05300000000000082E9	1.18949622094122320E0
8.05399999999999849E9	1.18968032984260086E0
8.05499999999999972E9	1.18986465560654908E0
8.05600000000000094E9	1.19004919831430067E0
8.05700000000000038E9	1.19023395833680179E0
8.05799999999999983E9	1.19041893586566028E0
8.05900000000000105E9	1.19060413143319010E0
8.05999999999999872E9	1.19078954515768354E0
8.06099999999999994E9	1.19097517730590363E0
8.06200000000000117E9	1.19116102834992388E0
8.06299999999999883E9	1.19134709837920560E0
8.06400000000000006E9	1.19153338787368179E0
8.06500000000000128E9	1.19171989707814285E0
8.06599999999999895E9	1.19190662624861199E0
8.06700000000000017E9	1.19209357585798958E0
8.06799999999999962E9	1.19228074598417622E0
8.06899999999999906E9	1.19246813705927357E0
8.07000000000000028E9	1.19265574939362917E0
8.07100000000000151E9	1.19284358314785255E0
8.07199999999999918E9	1.19303163879150165E0
8.07299999999999862E9	1.19321991669155603E0
8.07399999999999984E9	1.19340841684213173E0
8.07499999999999929E9	1.19359713991750671E0
8.07600000000000051E9	1.19378608601637981E0
8.07700000000000173E9	1.19397525545367800E0
8.07799999999999940E9	1.19416464859419436E0
8.07899999999999885E9	1.19435426572405823E0
8.08000000000000007E9	1.19454410707474112E0
8.08099999999999952E9	1.19473417314326547E0
8.08200000000000074E9	1.19492446406205755E0
8.08300000000000018E9	1.19511498021810714E0
8.08399999999999963E9	1.19530572185626194E0
8.08499999999999908E9	1.19549668946708754E0
8.08600000000000030E9	1.19568788313370611E0
8.08699999999999974E9	1.19587930336064119E0
8.08799999999999919E9	1.19607095026588506E0
8.08900000000000041E9	1.19626282429847253E0
8.08999999999999986E9	1.19645492576140855E0
8.09099999999999930E9	1.19664725496654611E0
8.09200000000000053E9	1.19683981216399826E0
8.09299999999999997E9	1.19703259770116355E0
8.09399999999999942E9	1.19722561198221067E0
8.09500000000000064E9	1.19741885517592062E0
8.09600000000000009E9	1.19761232762785741E0
8.09699999999999953E9	1.19780602976034745E0
8.09799999999999898E9	1.19799996181162549E0
8.09900000000000020E9	1.19819412404852033E0
8.09999999999999964E9	1.19838851691338033E0
8.10100000000000087E9	1.19858314064654792E0
8.10200000000000031E9	1.19877799557971065E0
8.10299999999999976E9	1.19897308201092101E0
8.10399999999999920E9	1.19916840024720139E0
8.10500000000000043E9	1.19936395066559931E0
8.10599999999999987E9	1.19955973351217260E0
8.10700000000000109E9	1.19975574924721684E0
8.10800000000000054E9	1.19995199806803066E0
8.10899999999999999E9	1.20014848021871146E0
8.10999999999999943E9	1.20034519621540992E0
8.11100000000000065E9	1.20054214634992218E0
8.11200000000000010E9	1.20073933080220119E0
8.11299999999999955E9	1.20093674999249322E0
8.11400000000000077E9	1.20113440421012307E0
8.11500000000000021E9	1.20133229379243045E0
8.11599999999999966E9	1.20153041905976710E0
8.11700000000000088E9	1.20172878034705666E0
8.11799999999999855E9	1.20192737804453587E0
8.11899999999999977E9	1.20212621237077566E0
8.12000000000000099E9	1.20232528366242164E0
8.12100000000000044E9	1.20252459233271103E0
8.12199999999999989E9	1.20272413863206173E0
8.12299999999999933E9	1.20292392281219040E0
8.12399999999999878E9	1.20312394541560042E0
8.12500000000000000E9	1.20332420661794393E0
8.12600000000000122E9	1.20352470674584899E0
8.12700000000000067E9	1.20372544614377452E0
8.12800000000000011E9	1.20392642515254455E0
8.12899999999999956E9	1.20412764408283923E0
8.12999999999999901E9	1.20432910335751164E0
8.13100000000000023E9	1.20453080318192063E0
8.13200000000000145E9	1.20473274398716401E0
8.13299999999999912E9	1.20493492609036923E0
8.13400000000000034E9	1.20513734977715448E0
8.13499999999999979E9	1.20534001530329338E0
8.13599999999999923E9	1.20554292320274969E0
8.13700000000000045E9	1.20574607357810604E0
8.13799999999999990E9	1.20594946698265604E0
8.13899999999999935E9	1.20615310362094852E0
8.14000000000000057E9	1.20635698386618762E0
8.14100000000000001E9	1.20656110805290906E0
8.14199999999999946E9	1.20676547644311416E0
8.14299999999999891E9	1.20697008945203765E0
8.14400000000000013E9	1.20717494740824605E0
8.14499999999999957E9	1.20738005072577659E0
8.14600000000000080E9	1.20758539958187705E0
8.14700000000000024E9	1.20779099431665005E0
8.14799999999999969E9	1.20799683545308967E0
8.14899999999999913E9	1.20820292316438160E0
8.15000000000000036E9	1.20840925782785402E0
8.15099999999999980E9	1.20861583982219689E0
8.15200000000000102E9	1.20882266943090810E0
8.15300000000000047E9	1.20902974709358357E0
8.15399999999999991E9	1.20923707302750927E0
8.15499999999999936E9	1.20944464758411230E0
8.15600000000000058E9	1.20965247119066954E0
8.15700000000000003E9	1.20986054417816091E0
8.15799999999999947E9	1.21006886680772485E0
8.15900000000000070E9	1.21027743943576627E0
8.16000000000000014E9	1.21048626250083724E0
8.16099999999999959E9	1.21069533621860792E0
8.16200000000000081E9	1.21090466107506400E0
8.16300000000000026E9	1.21111423731020706E0
8.16399999999999970E9	1.21132406531451764E0
8.16500000000000092E9	1.21153414538494286E0
8.16600000000000037E9	1.21174447784794337E0
8.16699999999999982E9	1.21195506315073631E0
8.16799999999999926E9	1.21216590167925831E0
8.16900000000000048E9	1.21237699358926276E0
8.16999999999999993E9	1.21258833930923826E0
8.17100000000000115E9	1.21279993926047136E0
8.17200000000000060E9	1.21301179376361001E0
8.17299999999999827E9	1.21322390307641625E0
8.17399999999999949E9	1.21343626757856771E0
8.17500000000000071E9	1.21364888775639801E0
8.17600000000000016E9	1.21386176375551513E0
8.17700000000000138E9	1.21407489609360741E0
8.17800000000000082E9	1.21428828508835251E0
8.17899999999999849E9	1.21450193102920556E0
8.17999999999999972E9	1.21471583430695529E0
8.18100000000000094E9	1.21492999522959844E0
8.18200000000000038E9	1.21514441418964370E0
8.18299999999999983E9	1.21535909161144429E0
8.18400000000000105E9	1.21557402774139023E0
8.18499999999999872E9	1.21578922290005020E0
8.18599999999999994E9	1.21600467756251973E0
8.18700000000000117E9	1.21622039206290711E0
8.18799999999999883E9	1.21643636669365818E0
8.18900000000000006E9	1.21665260181110879E0
8.19000000000000128E9	1.21686909782478669E0
8.19099999999999895E9	1.21708585510645317E0
8.19200000000000017E9	1.21730287395053915E0
8.19299999999999962E9	1.21752015469258934E0
8.19399999999999906E9	1.21773769777993279E0
8.19500000000000028E9	1.21795550358358429E0
8.19600000000000151E9	1.21817357234204859E0
8.19699999999999918E9	1.21839190449101431E0
8.19799999999999862E9	1.21861050041935925E0
8.19899999999999984E9	1.21882936036000067E0
8.19999999999999929E9	1.21904848486228379E0
8.20100000000000051E9	1.21926787411522453E0
8.20200000000000173E9	1.21948752860419529E0
8.20299999999999940E9	1.21970744862810165E0
8.20399999999999885E9	1.21992763456708575E0
8.20500000000000007E9	1.22014808682033049E0
8.20599999999999952E9	1.22036880562736938E0
8.20700000000000074E9	1.22058979150833169E0
8.20800000000000018E9	1.22081104475477953E0
8.20899999999999963E9	1.22103256574730468E0
8.20999999999999908E9	1.22125435471902510E0
8.21100000000000030E9	1.22147641225918857E0
8.21199999999999974E9	1.22169873862944733E0
8.21299999999999919E9	1.22192133420595250E0
8.21400000000000041E9	1.22214419924578244E0
8.21499999999999986E9	1.22236733439959999E0
8.21599999999999930E9	1.22259073969706877E0
8.21700000000000053E9	1.22281441573346106E0
8.21799999999999997E9	1.22303836275073108E0
8.21899999999999942E9	1.22326258125408760E0
8.22000000000000064E9	1.22348707151152514E0
8.22100000000000009E9	1.22371183391328264E0
8.22199999999999953E9	1.22393686886369180E0
8.22299999999999898E9	1.22416217664636884E0
8.22400000000000020E9	1.22438775775360842E0
8.22499999999999964E9	1.22461361240183808E0
8.22600000000000087E9	1.22483974112287486E0
8.22700000000000031E9	1.22506614430517047E0
8.22799999999999976E9	1.22529282212291291E0
8.22899999999999920E9	1.22551977520904343E0
8.23000000000000043E9	1.22574700371952172E0
8.23099999999999987E9	1.22597450810523934E0
8.23200000000000109E9	1.22620228872773174E0
8.23300000000000054E9	1.22643034604617340E0
8.23399999999999999E9	1.22665868033055392E0
8.23499999999999943E9	1.22688729199488922E0
8.23600000000000065E9	1.22711618149691182E0
8.23700000000000010E9	1.22734534905115789E0
8.23799999999999955E9	1.22757479512156054E0
8.23900000000000077E9	1.22780452018182573E0
8.24000000000000021E9	1.22803452445055217E0
8.24099999999999966E9	1.22826480845378594E0
8.24200000000000088E9	1.22849537237793172E0
8.24299999999999855E9	1.22872621679400318E0
8.24399999999999977E9	1.22895734205395812E0
8.24500000000000099E9	1.22918874844241599E0
8.24600000000000044E9	1.22942043637509690E0
8.24699999999999989E9	1.22965240630812356E0
8.24799999999999933E9	1.22988465859616780E0
8.24899999999999878E9	1.23011719355253102E0
8.25000000000000000E9	1.23035001165062474E0
8.25100000000000122E9	1.23058311315110114E0
8.25200000000000067E9	1.23081649858412168E0
8.25300000000000011E9	1.23105016822450120E0
8.25399999999999956E9	1.23128412251919306E0
8.25499999999999901E9	1.23151836192162056E0
8.25600000000000023E9	1.23175288665892180E0
8.25700000000000145E9	1.23198769720372714E0
8.25799999999999912E9	1.23222279394020862E0
8.25900000000000034E9	1.23245817727253004E0
8.25999999999999979E9	1.23269384757141554E0
8.26099999999999923E9	1.23292980527002283E0
8.26200000000000045E9	1.23316605056844319E0
8.26299999999999990E9	1.23340258415364845E0
8.26399999999999935E9	1.23363940618961032E0
8.26500000000000057E9	1.23387651721698854E0
8.26600000000000001E9	1.23411391744480636E0
8.26699999999999946E9	1.23435160741860916E0
8.26799999999999891E9	1.23458958753384218E0
8.26900000000000013E9	1.23482785811856699E0
8.26999999999999957E9	1.23506641949804230E0
8.27100000000000080E9	1.23530527217507546E0
8.27200000000000024E9	1.23554441660964343E0
8.27299999999999969E9	1.23578385305340377E0
8.27399999999999913E9	1.23602358197320106E0
8.27500000000000036E9	1.23626360366587873E0
8.27599999999999980E9	1.23650391877928456E0
8.27700000000000102E9	1.23674452742121521E0
8.27800000000000047E9	1.23698543008432349E0
8.27899999999999991E9	1.23722662727197963E0
8.27999999999999936E9	1.23746811918291266E0
8.28100000000000058E9	1.23770990646394430E0
8.28200000000000003E9	1.23795198930467487E0
8.28299999999999947E9	1.23819436820992634E0
8.28400000000000070E9	1.23843704355788642E0
8.28500000000000014E9	1.23868001575130626E0
8.28599999999999959E9	1.23892328514753736E0
8.28700000000000081E9	1.23916685224854994E0
8.28800000000000026E9	1.23941071730643015E0
8.28899999999999970E9	1.23965488092801568E0
8.29000000000000092E9	1.23989934324673734E0
8.29100000000000037E9	1.24014410486893745E0
8.29199999999999982E9	1.24038916623188022E0
8.29299999999999926E9	1.24063452759589121E0
8.29400000000000048E9	1.24088018936934685E0
8.29499999999999993E9	1.24112615213103217E0
8.29600000000000115E9	1.24137241610455407E0
8.29700000000000060E9	1.24161898180865471E0
8.29799999999999827E9	1.24186584948455314E0
8.29899999999999949E9	1.24211301976619781E0
8.30000000000000071E9	1.24236049293156881E0
8.30100000000000016E9	1.24260826937913826E0
8.30200000000000138E9	1.24285634954452662E0
8.30300000000000082E9	1.24310473391997545E0
8.30399999999999849E9	1.24335342278922378E0
8.30499999999999972E9	1.24360241649821002E0
8.30600000000000094E9	1.24385171572982434E0
8.30700000000000038E9	1.24410132069104806E0
8.30799999999999983E9	1.24435123179363627E0
8.30900000000000105E9	1.24460144944531481E0
8.30999999999999872E9	1.24485197419216420E0
8.31099999999999994E9	1.24510280636324677E0
8.31200000000000117E9	1.24535394629827256E0
8.31299999999999883E9	1.24560539452742081E0
8.31400000000000006E9	1.24585715145177311E0
8.31500000000000128E9	1.24610921740721459E0
8.31599999999999895E9	1.24636159286315151E0
8.31700000000000017E9	1.24661427822291482E0
8.31799999999999962E9	1.24686727389775509E0
8.31899999999999906E9	1.24712058033805939E0
8.32000000000000028E9	1.24737419792646476E0
8.32100000000000151E9	1.24762812708774629E0
8.32199999999999918E9	1.24788236824939114E0
8.32299999999999862E9	1.24813692175990809E0
8.32399999999999984E9	1.24839178818376917E0
8.32499999999999929E9	1.24864696787039797E0
8.32600000000000051E9	1.24890246117330039E0
8.32700000000000173E9	1.24915826858326207E0
8.32799999999999940E9	1.24941439055610348E0
8.32899999999999885E9	1.24967082737068047E0
8.33000000000000007E9	1.24992757963687340E0
8.33099999999999952E9	1.25018464759973069E0
8.33200000000000074E9	1.25044203179412339E0
8.33300000000000018E9	1.25069973264814815E0
8.33399999999999963E9	1.25095775051422375E0
8.33499999999999908E9	1.25121608586829858E0
8.33600000000000030E9	1.25147473914137541E0
8.33699999999999974E9	1.25173371074791917E0
8.33799999999999919E9	1.25199300107070566E0
8.33900000000000041E9	1.25225261051615844E0
8.33999999999999986E9	1.25251253964980203E0
8.34099999999999930E9	1.25277278875817677E0
8.34200000000000053E9	1.25303335836061791E0
8.34299999999999997E9	1.25329424886709062E0
8.34399999999999942E9	1.25355546067440327E0
8.34500000000000064E9	1.25381699420694348E0
8.34600000000000009E9	1.25407884991416307E0
8.34699999999999953E9	1.25434102825225979E0
8.34799999999999898E9	1.25460352964113731E0
8.34900000000000020E9	1.25486635441641869E0
8.34999999999999964E9	1.25512950313055338E0
8.35100000000000087E9	1.25539297622287482E0
8.35200000000000031E9	1.25565677403163134E0
8.35299999999999976E9	1.25592089705490473E0
8.35399999999999920E9	1.25618534568784956E0
8.35500000000000043E9	1.25645012033322545E0
8.35599999999999987E9	1.25671522154159487E0
8.35700000000000109E9	1.25698064966564815E0
8.35800000000000054E9	1.25724640518134412E0
8.35899999999999999E9	1.25751248850914532E0
8.35999999999999943E9	1.25777890002979920E0
8.36100000000000065E9	1.25804564021434562E0
8.36200000000000010E9	1.25831270955697461E0
8.36299999999999955E9	1.25858010842044665E0
8.36400000000000077E9	1.25884783734180306E0
8.36500000000000021E9	1.25911589663175461E0
8.36599999999999966E9	1.25938428682732417E0
8.36700000000000088E9	1.25965300825648518E0
8.36799999999999855E9	1.25992206155128939E0
8.36899999999999977E9	1.26019144693000484E0
8.37000000000000099E9	1.26046116502151562E0
8.37100000000000044E9	1.26073121615130046E0
8.37199999999999989E9	1.26100160080202350E0
8.37299999999999933E9	1.26127231939937490E0
8.37399999999999878E9	1.26154337233088998E0
8.37500000000000000E9	1.26181476013201288E0
8.37600000000000122E9	1.26208648325491257E0
8.37700000000000067E9	1.26235854215656107E0
8.37800000000000011E9	1.26263093716753505E0
8.37899999999999956E9	1.26290366879955918E0
8.37999999999999901E9	1.26317673753203796E0
8.38100000000000023E9	1.26345014376172027E0
8.38200000000000145E9	1.26372388799336210E0
8.38299999999999912E9	1.26399797057609953E0
8.38400000000000034E9	1.26427239206199782E0
8.38499999999999979E9	1.26454715280442809E0
8.38599999999999923E9	1.26482225333232434E0
8.38700000000000045E9	1.26509769398561445E0
8.38799999999999990E9	1.26537347540174672E0
8.38899999999999935E9	1.26564959787068099E0
8.39000000000000057E9	1.26592606195614188E0
8.39100000000000001E9	1.26620286796642501E0
8.39199999999999946E9	1.26648001646214681E0
8.39299999999999891E9	1.26675750781290608E0
8.39400000000000013E9	1.26703534269163787E0
8.39499999999999957E9	1.26731352122041252E0
8.39600000000000080E9	1.26759204406745241E0
8.39700000000000024E9	1.26787091163242671E0
8.39799999999999969E9	1.26815012439415642E0
8.39899999999999913E9	1.26842968275634527E0
8.40000000000000036E9	1.26870958726240013E0
8.40099999999999980E9	1.26898983824699418E0
8.40200000000000102E9	1.26927043624074787E0
8.40300000000000047E9	1.26955138169947412E0
8.40399999999999991E9	1.26983267506386510E0
8.40499999999999936E9	1.27011431682164400E0
8.40600000000000058E9	1.27039630738606091E0
8.40700000000000003E9	1.27067864720987345E0
8.40799999999999947E9	1.27096133689926361E0
8.40900000000000070E9	1.27124437669055212E0
8.41000000000000014E9	1.27152776713936788E0
8.41099999999999959E9	1.27181150878431937E0
8.41200000000000081E9	1.27209560202626770E0
8.41300000000000026E9	1.27238004730469223E0
8.41399999999999970E9	1.27266484507443001E0
8.41500000000000092E9	1.27294999577011669E0
8.41600000000000037E9	1.27323549995467622E0
8.41699999999999982E9	1.27352135799706812E0
8.41799999999999926E9	1.27380757048520743E0
8.41900000000000048E9	1.27409413780127290E0
8.41999999999999993E9	1.27438106032501541E0
8.42100000000000115E9	1.27466833864355067E0
8.42200000000000060E9	1.27495597328180987E0
8.42299999999999827E9	1.27524396455056910E0
8.42399999999999949E9	1.27553231294441516E0
8.42500000000000071E9	1.27582101900028655E0
8.42600000000000016E9	1.27611008312485374E0
8.42700000000000138E9	1.27639950582550377E0
8.42800000000000082E9	1.27668928760824474E0
8.42899999999999849E9	1.27697942880989679E0
8.42999999999999972E9	1.27726993001618383E0
8.43100000000000094E9	1.27756079169680659E0
8.43200000000000038E9	1.27785201418913186E0
8.43299999999999983E9	1.27814359816416934E0
8.43400000000000105E9	1.27843554396049774E0
8.43499999999999872E9	1.27872785208123396E0
8.43599999999999994E9	1.27902052296664581E0
8.43700000000000117E9	1.27931355720934148E0
8.43799999999999883E9	1.27960695515073031E0
8.43900000000000006E9	1.27990071725609988E0
8.44000000000000128E9	1.28019484412450790E0
8.44099999999999895E9	1.28048933613102389E0
8.44200000000000017E9	1.28078419377808572E0
8.44299999999999962E9	1.28107941757901034E0
8.44399999999999906E9	1.28137500786863368E0
8.44500000000000028E9	1.28167096539121061E0
8.44600000000000151E9	1.28196729033153800E0
8.44699999999999918E9	1.28226398335483283E0
8.44799999999999862E9	1.28256104485546607E0
8.44899999999999984E9	1.28285847532057473E0
8.44999999999999929E9	1.28315627528367227E0
8.45100000000000051E9	1.28345444516964369E0
8.45200000000000173E9	1.28375298542395688E0
8.45299999999999940E9	1.28405189666496189E0
8.45399999999999885E9	1.28435117922035436E0
8.45500000000000007E9	1.28465083365946198E0
8.45599999999999952E9	1.28495086049454388E0
8.45700000000000074E9	1.28525126004997281E0
8.45800000000000018E9	1.28555203296365317E0
8.45899999999999963E9	1.28585317967823576E0
8.45999999999999908E9	1.28615470068199778E0
8.46100000000000030E9	1.28645659643353505E0
8.46199999999999974E9	1.28675886737310585E0
8.46299999999999919E9	1.28706151413483716E0
8.46400000000000041E9	1.28736453706398546E0
8.46499999999999986E9	1.28766793670031965E0
8.46599999999999930E9	1.28797171347293826E0
8.46700000000000053E9	1.28827586799125848E0
8.46799999999999997E9	1.28858040062454582E0
8.46899999999999942E9	1.28888531188251321E0
8.47000000000000064E9	1.28919060231629690E0
8.47100000000000009E9	1.28949627232047792E0
8.47199999999999953E9	1.28980232245021442E0
8.47299999999999898E9	1.29010875323002772E0
8.47400000000000020E9	1.29041556505524246E0
8.47499999999999964E9	1.29072275851332363E0
8.47600000000000087E9	1.29103033394076050E0
8.47700000000000031E9	1.29133829202131656E0
8.47799999999999976E9	1.29164663316131700E0
8.47899999999999920E9	1.29195535778038950E0
8.48000000000000043E9	1.29226446649589533E0
8.48099999999999987E9	1.29257395966750854E0
8.48200000000000109E9	1.29288383792562356E0
8.48300000000000054E9	1.29319410169308324E0
8.48399999999999999E9	1.29350475147503419E0
8.48499999999999943E9	1.29381578777630701E0
8.48600000000000065E9	1.29412721099293893E0
8.48700000000000010E9	1.29443902179643189E0
8.48799999999999955E9	1.29475122058530623E0
8.48900000000000077E9	1.29506380784249986E0
8.49000000000000021E9	1.29537678410536472E0
8.49099999999999966E9	1.29569014980453101E0
8.49200000000000088E9	1.29600390553010647E0
8.49299999999999855E9	1.29631805174302817E0
8.49399999999999977E9	1.29663258894545197E0
8.49500000000000099E9	1.29694751762576965E0
8.49600000000000044E9	1.29726283822187649E0
8.49699999999999989E9	1.29757855133000688E0
8.49799999999999933E9	1.29789465738673981E0
8.49899999999999878E9	1.29821115699817646E0
8.50000000000000000E9	1.29852805052620512E0
8.50100000000000122E9	1.29884533863268148E0
8.50200000000000067E9	1.29916302163209352E0
8.50300000000000011E9	1.29948110014203211E0
8.50399999999999956E9	1.29979957461877094E0
8.50499999999999901E9	1.30011844561440904E0
8.50600000000000023E9	1.30043771359549609E0
8.50700000000000145E9	1.30075737914900014E0
8.50799999999999912E9	1.30107744260195957E0
8.50900000000000034E9	1.30139790460708427E0
8.50999999999999979E9	1.30171876561604360E0
8.51099999999999923E9	1.30204002614393333E0
8.51200000000000045E9	1.30236168684530140E0
8.51299999999999990E9	1.30268374789313612E0
8.51399999999999935E9	1.30300621003545070E0
8.51500000000000057E9	1.30332907368611739E0
8.51600000000000001E9	1.30365233955396209E0
8.51699999999999946E9	1.30397600790498092E0
8.51799999999999891E9	1.30430007925589808E0
8.51900000000000013E9	1.30462455434066715E0
8.51999999999999957E9	1.30494943346827097E0
8.52100000000000080E9	1.30527471711514731E0
8.52200000000000024E9	1.30560040597586458E0
8.52299999999999969E9	1.30592650042431346E0
8.52399999999999913E9	1.30625300103469311E0
8.52500000000000036E9	1.30657990827182546E0
8.52599999999999980E9	1.30690722267615955E0
8.52700000000000102E9	1.30723494479886471E0
8.52800000000000047E9	1.30756307513322367E0
8.52899999999999991E9	1.30789161411926069E0
8.52999999999999936E9	1.30822056228451733E0
8.53100000000000058E9	1.30854992025999439E0
8.53200000000000003E9	1.30887968844028690E0
8.53299999999999947E9	1.30920986739722611E0
8.53400000000000070E9	1.30954045760435456E0
8.53500000000000014E9	1.30987145966777119E0
8.53599999999999959E9	1.31020287401175239E0
8.53700000000000081E9	1.31053470114118897E0
8.53800000000000026E9	1.31086694165807205E0
8.53899999999999970E9	1.31119959608742720E0
8.54000000000000092E9	1.31153266478528208E0
8.54100000000000037E9	1.31186614845139449E0
8.54199999999999982E9	1.31220004751922104E0
8.54299999999999926E9	1.31253436257355593E0
8.54400000000000048E9	1.31286909405018348E0
8.54499999999999993E9	1.31320424248365786E0
8.54600000000000115E9	1.31353980839354723E0
8.54700000000000060E9	1.31387579238209229E0
8.54799999999999827E9	1.31421219493198649E0
8.54899999999999949E9	1.31454901652881584E0
8.55000000000000071E9	1.31488625763312283E0
8.55100000000000016E9	1.31522391890250190E0
8.55200000000000138E9	1.31556200080196706E0
8.55300000000000082E9	1.31590050381485502E0
8.55399999999999849E9	1.31623942853587028E0
8.55499999999999972E9	1.31657877547853452E0
8.55600000000000094E9	1.31691854508532202E0
8.55700000000000038E9	1.31725873803556204E0
8.55799999999999983E9	1.31759935463414335E0
8.55900000000000105E9	1.31794039560776888E0
8.55999999999999872E9	1.31828186148253490E0
8.56099999999999994E9	1.31862375261563458E0
8.56200000000000117E9	1.31896606957311047E0
8.56299999999999883E9	1.31930881311467174E0
8.56400000000000006E9	1.31965198346262458E0
8.56500000000000128E9	1.31999558129972305E0
8.56599999999999895E9	1.32033960711630605E0
8.56700000000000017E9	1.32068406149813611E0
8.56799999999999962E9	1.32102894484746947E0
8.56899999999999906E9	1.32137425782562223E0
8.57000000000000028E9	1.32172000096414299E0
8.57100000000000151E9	1.32206617460369280E0
8.57199999999999918E9	1.32241277951906788E0
8.57299999999999862E9	1.32275981606402260E0
8.57399999999999984E9	1.32310728488065199E0
8.57499999999999929E9	1.32345518647201521E0
8.57600000000000051E9	1.32380352127067002E0
8.57700000000000173E9	1.32415229006743007E0
8.57799999999999940E9	1.32450149308497878E0
8.57899999999999885E9	1.32485113107641750E0
8.58000000000000007E9	1.32520120439054701E0
8.58099999999999952E9	1.32555171373152914E0
8.58200000000000074E9	1.32590265959097664E0
8.58300000000000018E9	1.32625404238983280E0
8.58399999999999963E9	1.32660586282074577E0
8.58499999999999908E9	1.32695812137223101E0
8.58600000000000030E9	1.32731081852882538E0
8.58699999999999974E9	1.32766395484307931E0
8.58799999999999919E9	1.32801753082651008E0
8.58900000000000041E9	1.32837154706635618E0
8.58999999999999986E9	1.32872600409646635E0
8.59099999999999930E9	1.32908090254295574E0
8.59200000000000053E9	1.32943624269411798E0
8.59299999999999997E9	1.32979202536432717E0
8.59399999999999942E9	1.33014825088249866E0
8.59500000000000064E9	1.33050491988583186E0
8.59600000000000009E9	1.33086203293740080E0
8.59699999999999953E9	1.33121959044056126E0
8.59799999999999898E9	1.33157759312849011E0
8.59900000000000020E9	1.33193604139466926E0
8.59999999999999964E9	1.33229493586422998E0
8.60100000000000087E9	1.33265427704207307E0
8.60200000000000031E9	1.33301406550776069E0
8.60299999999999976E9	1.33337430169989291E0
8.60399999999999920E9	1.33373498620325059E0
8.60500000000000043E9	1.33409611960607166E0
8.60599999999999987E9	1.33445770240844030E0
8.60700000000000109E9	1.33481973528637576E0
8.60800000000000054E9	1.33518221853796382E0
8.60899999999999999E9	1.33554515289099651E0
8.60999999999999943E9	1.33590853880577431E0
8.61100000000000065E9	1.33627237685594835E0
8.61200000000000010E9	1.33663666767568934E0
8.61299999999999955E9	1.33700141157219154E0
8.61400000000000077E9	1.33736660934388496E0
8.61500000000000021E9	1.33773226141337398E0
8.61599999999999966E9	1.33809836838425311E0
8.61700000000000088E9	1.33846493073165140E0
8.61799999999999855E9	1.33883194899728242E0
8.61899999999999977E9	1.33919942368581801E0
8.62000000000000099E9	1.33956735556284956E0
8.62100000000000044E9	1.33993574503424839E0
8.62199999999999989E9	1.34030459258969015E0
8.62299999999999933E9	1.34067389880056509E0
8.62399999999999878E9	1.34104366425346133E0
8.62500000000000000E9	1.34141388960682661E0
8.62600000000000122E9	1.34178457514666660E0
8.62700000000000067E9	1.34215572158560459E0
8.62800000000000011E9	1.34252732950042564E0
8.62899999999999956E9	1.34289939940022673E0
8.62999999999999901E9	1.34327193180204385E0
8.63100000000000023E9	1.34364492736051089E0
8.63200000000000145E9	1.34401838650038585E0
8.63299999999999912E9	1.34439230981571711E0
8.63400000000000034E9	1.34476669775194968E0
8.63499999999999979E9	1.34514155117745760E0
8.63599999999999923E9	1.34551687043720136E0
8.63700000000000045E9	1.34589265594066987E0
8.63799999999999990E9	1.34626890840462798E0
8.63899999999999935E9	1.34664562844920010E0
8.64000000000000057E9	1.34702281646855448E0
8.64100000000000001E9	1.34740047314200417E0
8.64199999999999946E9	1.34777859898659891E0
8.64299999999999891E9	1.34815719446825844E0
8.64400000000000013E9	1.34853626023044981E0
8.64499999999999957E9	1.34891579677590778E0
8.64600000000000080E9	1.34929580480998679E0
8.64700000000000024E9	1.34967628456424782E0
8.64799999999999969E9	1.35005723692051349E0
8.64899999999999913E9	1.35043866225567699E0
8.65000000000000036E9	1.35082056120868255E0
8.65099999999999980E9	1.35120293427243388E0
8.65200000000000102E9	1.35158578210679270E0
8.65300000000000047E9	1.35196910522483371E0
8.65399999999999991E9	1.35235290407445508E0
8.65499999999999936E9	1.35273717925355541E0
8.65600000000000058E9	1.35312193145491677E0
8.65700000000000003E9	1.35350716103970536E0
8.65799999999999947E9	1.35389286873974246E0
8.65900000000000070E9	1.35427905502459978E0
8.66000000000000014E9	1.35466572046674627E0
8.66099999999999959E9	1.35505286571056982E0
8.66200000000000081E9	1.35544049106101561E0
8.66300000000000026E9	1.35582859734803529E0
8.66399999999999970E9	1.35621718485641640E0
8.66500000000000092E9	1.35660625449307015E0
8.66600000000000037E9	1.35699580651446339E0
8.66699999999999982E9	1.35738584169294718E0
8.66799999999999926E9	1.35777636048290029E0
8.66900000000000048E9	1.35816736336775379E0
8.66999999999999993E9	1.35855885117557040E0
8.67100000000000115E9	1.35895082414256230E0
8.67200000000000060E9	1.35934328308632302E0
8.67299999999999827E9	1.35973622838206021E0
8.67399999999999949E9	1.36012966061535434E0
8.67500000000000071E9	1.36052358043669552E0
8.67600000000000016E9	1.36091798848032997E0
8.67700000000000138E9	1.36131288502089043E0
8.67800000000000082E9	1.36170827094009894E0
8.67899999999999849E9	1.36210414658032120E0
8.67999999999999972E9	1.36250051259733485E0
8.68100000000000094E9	1.36289736951457452E0
8.68200000000000038E9	1.36329471800670254E0
8.68299999999999983E9	1.36369255834092717E0
8.68400000000000105E9	1.36409089144816087E0
8.68499999999999872E9	1.36448971771639083E0
8.68599999999999994E9	1.36488903765055469E0
8.68700000000000117E9	1.36528885192772309E0
8.68799999999999883E9	1.36568916113082794E0
8.68900000000000006E9	1.36608996565632013E0
8.69000000000000128E9	1.36649126625718176E0
8.69099999999999895E9	1.36689306342372996E0
8.69200000000000017E9	1.36729535757542631E0
8.69299999999999962E9	1.36769814952411295E0
8.69399999999999906E9	1.36810143964730901E0
8.69500000000000028E9	1.36850522868751678E0
8.69600000000000151E9	1.36890951699280294E0
8.69699999999999918E9	1.36931430526763109E0
8.69799999999999862E9	1.36971959409655786E0
8.69899999999999984E9	1.37012538403966921E0
8.69999999999999929E9	1.37053167540977805E0
8.70100000000000051E9	1.37093846920741336E0
8.70200000000000173E9	1.37134576575762868E0
8.70299999999999940E9	1.37175356553582861E0
8.70399999999999885E9	1.37216186918727900E0
8.70500000000000007E9	1.37257067740729966E0
8.70599999999999952E9	1.37297999071930121E0
8.70700000000000074E9	1.37338980959968615E0
8.70800000000000018E9	1.37380013451636973E0
8.70899999999999963E9	1.37421096627867945E0
8.70999999999999908E9	1.37462230541874630E0
8.71100000000000030E9	1.37503415229901926E0
8.71199999999999974E9	1.37544650781911537E0
8.71299999999999919E9	1.37585937205601327E0
8.71400000000000041E9	1.37627274602177252E0
8.71499999999999986E9	1.37668663014378923E0
8.71599999999999930E9	1.37710102491625297E0
8.71700000000000053E9	1.37751593096953573E0
8.71799999999999997E9	1.37793134891493874E0
8.71899999999999942E9	1.37834727920798850E0
8.72000000000000064E9	1.37876372259937297E0
8.72100000000000009E9	1.37918067946535006E0
8.72199999999999953E9	1.37959815045459577E0
8.72299999999999898E9	1.38001613616867713E0
8.72400000000000020E9	1.38043463702880498E0
8.72499999999999964E9	1.38085365375403857E0
8.72600000000000087E9	1.38127318694752033E0
8.72700000000000031E9	1.38169323706717440E0
8.72799999999999976E9	1.38211380474681422E0
8.72899999999999920E9	1.38253489047517264E0
8.73000000000000043E9	1.38295649487612993E0
8.73099999999999987E9	1.38337861840421406E0
8.73200000000000109E9	1.38380126189479391E0
8.73300000000000054E9	1.38422442575070970E0
8.73399999999999999E9	1.38464811056696924E0
8.73499999999999943E9	1.38507231677416209E0
8.73600000000000065E9	1.38549704517752126E0
8.73700000000000010E9	1.38592229625017715E0
8.73799999999999955E9	1.38634807052061504E0
8.73900000000000077E9	1.38677436856591529E0
8.74000000000000021E9	1.38720119093799044E0
8.74099999999999966E9	1.38762853822681698E0
8.74200000000000088E9	1.38805641110082134E0
8.74299999999999855E9	1.38848481006949975E0
8.74399999999999977E9	1.38891373561309539E0
8.74500000000000099E9	1.38934318823213188E0
8.74600000000000044E9	1.38977316892685998E0
8.74699999999999989E9	1.39020367782957677E0
8.74799999999999933E9	1.39063471580081788E0
8.74899999999999878E9	1.39106628292041057E0
8.75000000000000000E9	1.39149838022797412E0
8.75100000000000122E9	1.39193100829730443E0
8.75200000000000067E9	1.39236416754798031E0
8.75300000000000011E9	1.39279785853167337E0
8.75399999999999956E9	1.39323208189685110E0
8.75499999999999901E9	1.39366683804022151E0
8.75600000000000023E9	1.39410212784327681E0
8.75700000000000145E9	1.39453795161028871E0
8.75799999999999912E9	1.39497430995871530E0
8.75900000000000034E9	1.39541120357650739E0
8.75999999999999979E9	1.39584863295177497E0
8.76099999999999923E9	1.39628659853371073E0
8.76200000000000045E9	1.39672510114489046E0
8.76299999999999990E9	1.39716414114002330E0
8.76399999999999935E9	1.39760371941375450E0
8.76500000000000057E9	1.39804383603599236E0
8.76600000000000001E9	1.39848449187956825E0
8.76699999999999946E9	1.39892568760987812E0
8.76799999999999891E9	1.39936742349626630E0
8.76900000000000013E9	1.39980970038364716E0
8.76999999999999957E9	1.40025251871569623E0
8.77100000000000080E9	1.40069587905699344E0
8.77200000000000024E9	1.40113978208008882E0
8.77299999999999969E9	1.40158422803613081E0
8.77399999999999913E9	1.40202921802163116E0
8.77500000000000036E9	1.40247475218878770E0
8.77599999999999980E9	1.40292083126162637E0
8.77700000000000102E9	1.40336745567086685E0
8.77800000000000047E9	1.40381462619592701E0
8.77899999999999991E9	1.40426234320554988E0
8.77999999999999936E9	1.40471060752492249E0
8.78100000000000058E9	1.40515941946407685E0
8.78200000000000003E9	1.40560877980347265E0
8.78299999999999947E9	1.40605868879481144E0
8.78400000000000070E9	1.40650914745905764E0
8.78500000000000014E9	1.40696015600874724E0
8.78599999999999959E9	1.40741171505375484E0
8.78700000000000081E9	1.40786382540124277E0
8.78800000000000026E9	1.40831648728561931E0
8.78899999999999970E9	1.40876970156677439E0
8.79000000000000092E9	1.40922346857591463E0
8.79100000000000037E9	1.40967778904642826E0
8.79199999999999982E9	1.41013266363257728E0
8.79299999999999926E9	1.41058809246475803E0
8.79400000000000048E9	1.41104407668380083E0
8.79499999999999993E9	1.41150061648226188E0
8.79600000000000115E9	1.41195771249374458E0
8.79700000000000060E9	1.41241536517637756E0
8.79799999999999827E9	1.41287357547699788E0
8.79899999999999949E9	1.41333234371544703E0
8.80000000000000071E9	1.41379167031858510E0
8.80100000000000016E9	1.41425155607545516E0
8.80200000000000138E9	1.41471200153289733E0
8.80300000000000082E9	1.41517300705179827E0
8.80399999999999849E9	1.41563457352906896E0
8.80499999999999972E9	1.41609670127380061E0
8.80600000000000094E9	1.41655939091639560E0
8.80700000000000038E9	1.41702264296018599E0
8.80799999999999983E9	1.41748645810795271E0
8.80900000000000105E9	1.41795083702860780E0
8.80999999999999872E9	1.41841577983967748E0
8.81099999999999994E9	1.41888128758830678E0
8.81200000000000117E9	1.41934736057363398E0
8.81299999999999883E9	1.41981399948085429E0
8.81400000000000006E9	1.42028120478799047E0
8.81500000000000128E9	1.42074897699306302E0
8.81599999999999895E9	1.42121731683417774E0
8.81700000000000017E9	1.42168622469845474E0
8.81799999999999962E9	1.42215570144433401E0
8.81899999999999906E9	1.42262574732386704E0
8.82000000000000028E9	1.42309636293883623E0
8.82100000000000151E9	1.42356754905628735E0
8.82199999999999918E9	1.42403930600712236E0
8.82299999999999862E9	1.42451163454471930E0
8.82399999999999984E9	1.42498453500427336E0
8.82499999999999929E9	1.42545800825563895E0
8.82600000000000051E9	1.42593205445083648E0
8.82700000000000173E9	1.42640667454283010E0
8.82799999999999940E9	1.42688186898679992E0
8.82899999999999885E9	1.42735763829258944E0
8.83000000000000007E9	1.42783398301189979E0
8.83099999999999952E9	1.42831090361308699E0
8.83200000000000074E9	1.42878840075240499E0
8.83300000000000018E9	1.42926647506750926E0
8.83399999999999963E9	1.42974512698757161E0
8.83499999999999908E9	1.43022435728907849E0
8.83600000000000030E9	1.43070416629937758E0
8.83699999999999974E9	1.43118455459205984E0
8.83799999999999919E9	1.43166552283677029E0
8.83900000000000041E9	1.43214707141550246E0
8.83999999999999986E9	1.43262920129616345E0
8.84099999999999930E9	1.43311191221582312E0
8.84200000000000053E9	1.43359520566688392E0
8.84299999999999997E9	1.43407908179823362E0
8.84399999999999942E9	1.43456354099994532E0
8.84500000000000064E9	1.43504858415936432E0
8.84600000000000009E9	1.43553421158728223E0
8.84699999999999953E9	1.43602042396693852E0
8.84799999999999898E9	1.43650722184904889E0
8.84900000000000020E9	1.43699460541276980E0
8.84999999999999964E9	1.43748257582736816E0
8.85100000000000087E9	1.43797113317779512E0
8.85200000000000031E9	1.43846027838554336E0
8.85299999999999976E9	1.43895001195564931E0
8.85399999999999920E9	1.43944033413238226E0
8.85500000000000043E9	1.43993124548443419E0
8.85599999999999987E9	1.44042274687851291E0
8.85700000000000109E9	1.44091483862347225E0
8.85800000000000054E9	1.44140752151323448E0
8.85899999999999999E9	1.44190079579037245E0
8.85999999999999943E9	1.44239466208595002E0
8.86100000000000065E9	1.44288912115598356E0
8.86200000000000010E9	1.44338417353550197E0
8.86299999999999955E9	1.44387981927486297E0
8.86400000000000077E9	1.44437605954538828E0
8.86500000000000021E9	1.44487289431690713E0
8.86599999999999966E9	1.44537032505737684E0
8.86700000000000088E9	1.44586835127569846E0
8.86799999999999855E9	1.44636697432650330E0
8.86899999999999977E9	1.44686619411093664E0
8.87000000000000099E9	1.44736601131574538E0
8.87100000000000044E9	1.44786642689250433E0
8.87199999999999989E9	1.44836744100378123E0
8.87299999999999933E9	1.44886905439195002E0
8.87399999999999878E9	1.44937126742605504E0
8.87500000000000000E9	1.44987408090923853E0
8.87600000000000122E9	1.45037749499313584E0
8.87700000000000067E9	1.45088151059811477E0
8.87800000000000011E9	1.45138612801205680E0
8.87899999999999956E9	1.45189134779262119E0
8.87999999999999901E9	1.45239717068691743E0
8.88100000000000023E9	1.45290359725560703E0
8.88200000000000145E9	1.45341062769400686E0
8.88299999999999912E9	1.45391826274791569E0
8.88400000000000034E9	1.45442650316897315E0
8.88499999999999979E9	1.45493534892812448E0
8.88599999999999923E9	1.45544480112964014E0
8.88700000000000045E9	1.45595485997629503E0
8.88799999999999990E9	1.45646552621293002E0
8.88899999999999935E9	1.45697680059432910E0
8.89000000000000057E9	1.45748868268354270E0
8.89100000000000001E9	1.45800117404179930E0
8.89199999999999946E9	1.45851427486004281E0
8.89299999999999891E9	1.45902798567859548E0
8.89400000000000013E9	1.45954230683750019E0
8.89499999999999957E9	1.46005723925520048E0
8.89600000000000080E9	1.46057278278487668E0
8.89700000000000024E9	1.46108893882297153E0
8.89799999999999969E9	1.46160570726242534E0
8.89899999999999913E9	1.46212308899725474E0
8.90000000000000036E9	1.46264108450375296E0
8.90099999999999980E9	1.46315969418273495E0
8.90200000000000102E9	1.46367891835950092E0
8.90300000000000047E9	1.46419875819275336E0
8.90399999999999991E9	1.46471921366341951E0
8.90499999999999936E9	1.46524028535292716E0
8.90600000000000058E9	1.46576197399266750E0
8.90700000000000003E9	1.46628428012522605E0
8.90799999999999947E9	1.46680720381353158E0
8.90900000000000070E9	1.46733074635332783E0
8.91000000000000014E9	1.46785490754811798E0
8.91099999999999959E9	1.46837968834033172E0
8.91200000000000081E9	1.46890508912859330E0
8.91300000000000026E9	1.46943111022085615E0
8.91399999999999970E9	1.46995775245895199E0
8.91500000000000092E9	1.47048501627540218E0
8.91600000000000037E9	1.47101290247545613E0
8.91699999999999982E9	1.47154141074077982E0
8.91799999999999926E9	1.47207054222272071E0
8.91900000000000048E9	1.47260029756222366E0
8.91999999999999993E9	1.47313067686890919E0
8.92100000000000115E9	1.47366168102693584E0
8.92200000000000060E9	1.47419331015717492E0
8.92299999999999827E9	1.47472556514847697E0
8.92399999999999949E9	1.47525844617650304E0
8.92500000000000071E9	1.47579195389285545E0
8.92600000000000016E9	1.47632608890928618E0
8.92700000000000138E9	1.47686085157319380E0
8.92800000000000082E9	1.47739624261667490E0
8.92899999999999849E9	1.47793226228810792E0
8.92999999999999972E9	1.47846891114928636E0
8.93100000000000094E9	1.47900618982224774E0
8.93200000000000038E9	1.47954409880467064E0
8.93299999999999983E9	1.48008263862982714E0
8.93400000000000105E9	1.48062180963190504E0
8.93499999999999872E9	1.48116161243371258E0
8.93599999999999994E9	1.48170204751797874E0
8.93700000000000117E9	1.48224311548174104E0
8.93799999999999883E9	1.48278481668676942E0
8.93900000000000006E9	1.48332715170313723E0
8.94000000000000128E9	1.48387012113515282E0
8.94099999999999895E9	1.48441372508949088E0
8.94200000000000017E9	1.48495796448365724E0
8.94299999999999962E9	1.48550283929895044E0
8.94399999999999906E9	1.48604835090645038E0
8.94500000000000028E9	1.48659449897640816E0
8.94600000000000151E9	1.48714128438049320E0
8.94699999999999918E9	1.48768870773982553E0
8.94799999999999862E9	1.48823676902406654E0
8.94899999999999984E9	1.48878546925869992E0
8.94999999999999929E9	1.48933480887260505E0
8.95100000000000051E9	1.48988478797533763E0
8.95200000000000173E9	1.49043540717962664E0
8.95299999999999940E9	1.49098666753160680E0
8.95399999999999885E9	1.49153856884999292E0
8.95500000000000007E9	1.49209111177377429E0
8.95599999999999952E9	1.49264429680995803E0
8.95700000000000074E9	1.49319812476115099E0
8.95800000000000018E9	1.49375259556835860E0
8.95899999999999963E9	1.49430771012577224E0
8.95999999999999908E9	1.49486346871106068E0
8.96100000000000030E9	1.49541987195003934E0
8.96199999999999974E9	1.49597692005528016E0
8.96299999999999919E9	1.49653461385062236E0
8.96400000000000041E9	1.49709295369970663E0
8.96499999999999986E9	1.49765193984914258E0
8.96599999999999930E9	1.49821157323879817E0
8.96700000000000053E9	1.49877185381789801E0
8.96799999999999997E9	1.49933278236246359E0
8.96899999999999942E9	1.49989435939434013E0
8.97000000000000064E9	1.50045658526812620E0
8.97100000000000009E9	1.50101946040449441E0
8.97199999999999953E9	1.50158298519325606E0
8.97299999999999898E9	1.50214716067237752E0
8.97400000000000020E9	1.50271198630981706E0
8.97499999999999964E9	1.50327746342496460E0
8.97600000000000087E9	1.50384359236589349E0
8.97700000000000031E9	1.50441037297216296E0
8.97799999999999976E9	1.50497780628322153E0
8.97899999999999920E9	1.50554589306487974E0
8.98000000000000043E9	1.50611463306602800E0
8.98099999999999987E9	1.50668402689277592E0
8.98200000000000109E9	1.50725407501684261E0
8.98300000000000054E9	1.50782477835302542E0
8.98399999999999999E9	1.50839613670033001E0
8.98499999999999943E9	1.50896815124288364E0
8.98600000000000065E9	1.50954082159230918E0
8.98700000000000010E9	1.51011414882350037E0
8.98799999999999955E9	1.51068813313907935E0
8.98900000000000077E9	1.51126277536979869E0
8.99000000000000021E9	1.51183807486160271E0
8.99099999999999966E9	1.51241403359275450E0
8.99200000000000088E9	1.51299065066048155E0
8.99299999999999855E9	1.51356792760524828E0
8.99399999999999977E9	1.51414586426348907E0
8.99500000000000099E9	1.51472446111667813E0
8.99600000000000044E9	1.51530371844430434E0
8.99699999999999989E9	1.51588363703112905E0
8.99799999999999933E9	1.51646421716787816E0
8.99899999999999878E9	1.51704545929405543E0
9.00000000000000000E9	1.51762736400505460E0
9.00100000000000122E9	1.51820993174107599E0
9.00200000000000067E9	1.51879316237293094E0
9.00300000000000011E9	1.51937705709150461E0
9.00399999999999956E9	1.51996161552347719E0
9.00499999999999901E9	1.52054683889427555E0
9.00600000000000023E9	1.52113272744194750E0
9.00700000000000145E9	1.52171928097294651E0
9.00799999999999912E9	1.52230650074051632E0
9.00900000000000034E9	1.52289438674341304E0
9.00999999999999979E9	1.52348293948677194E0
9.01099999999999923E9	1.52407215928850515E0
9.01200000000000045E9	1.52466204652741122E0
9.01299999999999990E9	1.52525260191655754E0
9.01399999999999935E9	1.52584382572636268E0
9.01500000000000057E9	1.52643571843217396E0
9.01600000000000001E9	1.52702827999530699E0
9.01699999999999946E9	1.52762151149212566E0
9.01799999999999891E9	1.52821541310153086E0
9.01900000000000013E9	1.52880998486573194E0
9.01999999999999957E9	1.52940522798380063E0
9.02100000000000080E9	1.53000114192434755E0
9.02200000000000024E9	1.53059772757922796E0
9.02299999999999969E9	1.53119498552856759E0
9.02399999999999913E9	1.53179291556229491E0
9.02500000000000036E9	1.53239151879553281E0
9.02599999999999980E9	1.53299079557570694E0
9.02700000000000102E9	1.53359074540868390E0
9.02800000000000047E9	1.53419136980376991E0
9.02899999999999991E9	1.53479266862091301E0
9.02999999999999936E9	1.53539464193033726E0
9.03100000000000058E9	1.53599729091150650E0
9.03200000000000003E9	1.53660061534343084E0
9.03299999999999947E9	1.53720461554139742E0
9.03400000000000070E9	1.53780929265635979E0
9.03500000000000014E9	1.53841464640959202E0
9.03599999999999959E9	1.53902067727323888E0
9.03700000000000081E9	1.53962738554017631E0
9.03800000000000026E9	1.54023477213398730E0
9.03899999999999970E9	1.54084283683956524E0
9.04000000000000092E9	1.54145158017112105E0
9.04100000000000037E9	1.54206100265756096E0
9.04199999999999982E9	1.54267110438764421E0
9.04299999999999926E9	1.54328188652642928E0
9.04400000000000048E9	1.54389334855558924E0
9.04499999999999993E9	1.54450549095477019E0
9.04600000000000115E9	1.54511831448778758E0
9.04700000000000060E9	1.54573181906308887E0
9.04799999999999827E9	1.54634600521445775E0
9.04899999999999949E9	1.54696087409600769E0
9.05000000000000071E9	1.54757642492932512E0
9.05100000000000016E9	1.54819265812521167E0
9.05200000000000138E9	1.54880957492347449E0
9.05300000000000082E9	1.54942717518468775E0
9.05399999999999849E9	1.55004545892093470E0
9.05499999999999972E9	1.55066442709192631E0
9.05600000000000094E9	1.55128407940926993E0
9.05700000000000038E9	1.55190441705607030E0
9.05799999999999983E9	1.55252543984850266E0
9.05900000000000105E9	1.55314714777177465E0
9.05999999999999872E9	1.55376954174176785E0
9.06099999999999994E9	1.55439262179967796E0
9.06200000000000117E9	1.55501638872775305E0
9.06299999999999883E9	1.55564084232891520E0
9.06400000000000006E9	1.55626598348825396E0
9.06500000000000128E9	1.55689181213136729E0
9.06599999999999895E9	1.55751832837946957E0
9.06700000000000017E9	1.55814553299704617E0
9.06799999999999962E9	1.55877342620458825E0
9.06899999999999906E9	1.55940200839719889E0
9.07000000000000028E9	1.56003127978299738E0
9.07100000000000151E9	1.56066124056026911E0
9.07199999999999918E9	1.56129189110033928E0
9.07299999999999862E9	1.56192323234982311E0
9.07399999999999984E9	1.56255526333503458E0
9.07499999999999929E9	1.56318798566356532E0
9.07600000000000051E9	1.56382139865538705E0
9.07700000000000173E9	1.56445550318243454E0
9.07799999999999940E9	1.56509029971235991E0
9.07899999999999885E9	1.56572578814201835E0
9.08000000000000007E9	1.56636196908311431E0
9.08099999999999952E9	1.56699884234230513E0
9.08200000000000074E9	1.56763640873422894E0
9.08300000000000018E9	1.56827466831539697E0
9.08399999999999963E9	1.56891362124530565E0
9.08499999999999908E9	1.56955326811532880E0
9.08600000000000030E9	1.57019360939705122E0
9.08699999999999974E9	1.57083464514354620E0
9.08799999999999919E9	1.57147637519827277E0
9.08900000000000041E9	1.57211880026432227E0
9.08999999999999986E9	1.57276192050402885E0
9.09099999999999930E9	1.57340573646436366E0
9.09200000000000053E9	1.57405024867842980E0
9.09299999999999997E9	1.57469545677102607E0
9.09399999999999942E9	1.57534136058072294E0
9.09500000000000064E9	1.57598796162829347E0
9.09600000000000009E9	1.57663525964894369E0
9.09699999999999953E9	1.57728325459482299E0
9.09799999999999898E9	1.57793194702329198E0
9.09900000000000020E9	1.57858133737501283E0
9.09999999999999964E9	1.57923142610555778E0
9.10100000000000087E9	1.57988221228820636E0
9.10200000000000031E9	1.58053369680122846E0
9.10299999999999976E9	1.58118588076494571E0
9.10399999999999920E9	1.58183876392408518E0
9.10500000000000043E9	1.58249234577918196E0
9.10599999999999987E9	1.58314662753209801E0
9.10700000000000109E9	1.58380160860999042E0
9.10800000000000054E9	1.58445728998934365E0
9.10899999999999999E9	1.58511367139242321E0
9.10999999999999943E9	1.58577075362506981E0
9.11100000000000065E9	1.58642853597810918E0
9.11200000000000010E9	1.58708702005575653E0
9.11299999999999955E9	1.58774620496205698E0
9.11400000000000077E9	1.58840609118923481E0
9.11500000000000021E9	1.58906667912746813E0
9.11599999999999966E9	1.58972796903407310E0
9.11700000000000088E9	1.59038996073503580E0
9.11799999999999855E9	1.59105265521998973E0
9.11899999999999977E9	1.59171605212347944E0
9.12000000000000099E9	1.59238015168963454E0
9.12100000000000044E9	1.59304495384581490E0
9.12199999999999989E9	1.59371045978147063E0
9.12299999999999933E9	1.59437666866140515E0
9.12399999999999878E9	1.59504358134926782E0
9.12500000000000000E9	1.59571119769541570E0
9.12600000000000122E9	1.59637951829598057E0
9.12700000000000067E9	1.59704854287190923E0
9.12800000000000011E9	1.59771827174799230E0
9.12899999999999956E9	1.59838870528009913E0
9.12999999999999901E9	1.59905984358735043E0
9.13100000000000023E9	1.59973168694614531E0
9.13200000000000145E9	1.60040423553005207E0
9.13299999999999912E9	1.60107748901941127E0
9.13400000000000034E9	1.60175144808796355E0
9.13499999999999979E9	1.60242611306104843E0
9.13599999999999923E9	1.60310148381823026E0
9.13700000000000045E9	1.60377756113000824E0
9.13799999999999990E9	1.60445434372537910E0
9.13899999999999935E9	1.60513183295267226E0
9.14000000000000057E9	1.60581002893945390E0
9.14100000000000001E9	1.60648893147742600E0
9.14199999999999946E9	1.60716854086938588E0
9.14299999999999891E9	1.60784885757457019E0
9.14400000000000013E9	1.60852988139605535E0
9.14499999999999957E9	1.60921161271629565E0
9.14600000000000080E9	1.60989405069760649E0
9.14700000000000024E9	1.61057719652281661E0
9.14799999999999969E9	1.61126105036542588E0
9.14899999999999913E9	1.61194561215256127E0
9.15000000000000036E9	1.61263088183902803E0
9.15099999999999980E9	1.61331685994804497E0
9.15200000000000102E9	1.61400354662243850E0
9.15300000000000047E9	1.61469094055258622E0
9.15399999999999991E9	1.61537904346427608E0
9.15499999999999936E9	1.61606785563909106E0
9.15600000000000058E9	1.61675737661564733E0
9.15700000000000003E9	1.61744760566059886E0
9.15799999999999947E9	1.61813854511342226E0
9.15900000000000070E9	1.61883019230133685E0
9.16000000000000014E9	1.61952254955780739E0
9.16099999999999959E9	1.62021561567114181E0
9.16200000000000081E9	1.62090939230950770E0
9.16300000000000026E9	1.62160387760425340E0
9.16399999999999970E9	1.62229907248135174E0
9.16500000000000092E9	1.62299497725874908E0
9.16600000000000037E9	1.62369159141530028E0
9.16699999999999982E9	1.62438891676659658E0
9.16799999999999926E9	1.62508695131498038E0
9.16900000000000048E9	1.62578569547225404E0
9.16999999999999993E9	1.62648515100103208E0
9.17100000000000115E9	1.62718531632677998E0
9.17200000000000060E9	1.62788619156860803E0
9.17299999999999827E9	1.62858777784777020E0
9.17399999999999949E9	1.62929007393463943E0
9.17500000000000071E9	1.62999308100254292E0
9.17600000000000016E9	1.63069679868003781E0
9.17700000000000138E9	1.63140122731287729E0
9.17800000000000082E9	1.63210636627621697E0
9.17899999999999849E9	1.63281221626125728E0
9.17999999999999972E9	1.63351877616896579E0
9.18100000000000094E9	1.63422604779339298E0
9.18200000000000038E9	1.63493403031683693E0
9.18299999999999983E9	1.63564272385795606E0
9.18400000000000105E9	1.63635212801994978E0
9.18499999999999872E9	1.63706224296114322E0
9.18599999999999994E9	1.63777306934045797E0
9.18700000000000117E9	1.63848460706646137E0
9.18799999999999883E9	1.63919685570080320E0
9.18900000000000006E9	1.63990981528330759E0
9.19000000000000128E9	1.64062348657974511E0
9.19099999999999895E9	1.64133786813746063E0
9.19200000000000017E9	1.64205296163876246E0
9.19299999999999962E9	1.64276876574602282E0
9.19399999999999906E9	1.64348528127316285E0
9.19500000000000028E9	1.64420250724795980E0
9.19600000000000151E9	1.64492044580178165E0
9.19699999999999918E9	1.64563909491506921E0
9.19799999999999862E9	1.64635845503842448E0
9.19899999999999984E9	1.64707852610222139E0
9.19999999999999929E9	1.64779930861946755E0
9.20100000000000051E9	1.64852080201538631E0
9.20200000000000173E9	1.64924300687078329E0
9.20299999999999940E9	1.64996592202706394E0
9.20399999999999885E9	1.65068954916546451E0
9.20500000000000007E9	1.65141388694377866E0
9.20599999999999952E9	1.65213893508906229E0
9.20700000000000074E9	1.65286469523246193E0
9.20800000000000018E9	1.65359116569864506E0
9.20899999999999963E9	1.65431834663923349E0
9.20999999999999908E9	1.65504623920771765E0
9.21100000000000030E9	1.65577484148891507E0
9.21199999999999974E9	1.65650415512068272E0
9.21299999999999919E9	1.65723417956005181E0
9.21400000000000041E9	1.65796491428868609E0
9.21499999999999986E9	1.65869635898142431E0
9.21599999999999930E9	1.65942851468184727E0
9.21700000000000053E9	1.66016138038187133E0
9.21799999999999997E9	1.66089495669935960E0
9.21899999999999942E9	1.66162924276932755E0
9.22000000000000064E9	1.66236423910325315E0
9.22100000000000009E9	1.66309994524061411E0
9.22199999999999953E9	1.66383636160676884E0
9.22299999999999898E9	1.66457348780277758E0
9.22400000000000020E9	1.66531132295734596E0
9.22499999999999964E9	1.66604986836699664E0
9.22600000000000087E9	1.66678912356924247E0
9.22700000000000031E9	1.66752908762862417E0
9.22799999999999976E9	1.66826976065901178E0
9.22899999999999920E9	1.66901114317610744E0
9.23000000000000043E9	1.66975323450691082E0
9.23099999999999987E9	1.67049603550315462E0
9.23200000000000109E9	1.67123954452290335E0
9.23300000000000054E9	1.67198376223200618E0
9.23399999999999999E9	1.67272868863310831E0
9.23499999999999943E9	1.67347432306948463E0
9.23600000000000065E9	1.67422066597230224E0
9.23700000000000010E9	1.67496771667197053E0
9.23799999999999955E9	1.67571547524093512E0
9.23900000000000077E9	1.67646394161652457E0
9.24000000000000021E9	1.67721311569041287E0
9.24099999999999966E9	1.67796299703176754E0
9.24200000000000088E9	1.67871358561603623E0
9.24299999999999855E9	1.67946488109288961E0
9.24399999999999977E9	1.68021688406067926E0
9.24500000000000099E9	1.68096959335018448E0
9.24600000000000044E9	1.68172300920102047E0
9.24699999999999989E9	1.68247713106129670E0
9.24799999999999933E9	1.68323195925683011E0
9.24899999999999878E9	1.68398749305431994E0
9.25000000000000000E9	1.68474373305083058E0
9.25100000000000122E9	1.68550067832833350E0
9.25200000000000067E9	1.68625832911313944E0
9.25300000000000011E9	1.68701668522117876E0
9.25399999999999956E9	1.68777574530329866E0
9.25499999999999901E9	1.68853551037825689E0
9.25600000000000023E9	1.68929598049521945E0
9.25700000000000145E9	1.69005715397355094E0
9.25799999999999912E9	1.69081903160882363E0
9.25900000000000034E9	1.69158161339831592E0
9.25999999999999979E9	1.69234489770950702E0
9.26099999999999923E9	1.69310888613866539E0
9.26200000000000045E9	1.69387357743146549E0
9.26299999999999990E9	1.69463897141078368E0
9.26399999999999935E9	1.69540506784544109E0
9.26500000000000057E9	1.69617186590255820E0
9.26600000000000001E9	1.69693936727106354E0
9.26699999999999946E9	1.69770756863291394E0
9.26799999999999891E9	1.69847647265124868E0
9.26900000000000013E9	1.69924607676862616E0
9.26999999999999957E9	1.70001638232126440E0
9.27100000000000080E9	1.70078738830388487E0
9.27200000000000024E9	1.70155909412571016E0
9.27299999999999969E9	1.70233149994970545E0
9.27399999999999913E9	1.70310460539988173E0
9.27500000000000036E9	1.70387841074673507E0
9.27599999999999980E9	1.70465291415636666E0
9.27700000000000102E9	1.70542811630383251E0
9.27800000000000047E9	1.70620401793069987E0
9.27899999999999991E9	1.70698061746670371E0
9.27999999999999936E9	1.70775791308663494E0
9.28100000000000058E9	1.70853590759365725E0
9.28200000000000003E9	1.70931459858498380E0
9.28299999999999947E9	1.71009398600339479E0
9.28400000000000070E9	1.71087406954552601E0
9.28500000000000014E9	1.71165484978268578E0
9.28599999999999959E9	1.71243632543612589E0
9.28700000000000081E9	1.71321849628280742E0
9.28800000000000026E9	1.71400136176689988E0
9.28899999999999970E9	1.71478492250887316E0
9.29000000000000092E9	1.71556917634220252E0
9.29100000000000037E9	1.71635412492943984E0
9.29199999999999982E9	1.71713976572357874E0
9.29299999999999926E9	1.71792610072323182E0
9.29400000000000048E9	1.71871312708531443E0
9.29499999999999993E9	1.71950084685118343E0
9.29600000000000115E9	1.72028925718927450E0
9.29700000000000060E9	1.72107835987606683E0
9.29799999999999827E9	1.72186815323845388E0
9.29899999999999949E9	1.72265863690336452E0
9.30000000000000071E9	1.72344981089441940E0
9.30100000000000016E9	1.72424167477375856E0
9.30200000000000138E9	1.72503422722110011E0
9.30300000000000082E9	1.72582746835915413E0
9.30399999999999849E9	1.72662139890193700E0
9.30499999999999972E9	1.72741601733226258E0
9.30600000000000094E9	1.72821132175559078E0
9.30700000000000038E9	1.72900731448328449E0
9.30799999999999983E9	1.72980399388560513E0
9.30900000000000105E9	1.73060135848949614E0
9.30999999999999872E9	1.73139940913993229E0
9.31099999999999994E9	1.73219814462519617E0
9.31200000000000117E9	1.73299756518791925E0
9.31299999999999883E9	1.73379766932893475E0
9.31400000000000006E9	1.73459845810419599E0
9.31500000000000128E9	1.73539992929038278E0
9.31599999999999895E9	1.73620208366869910E0
9.31700000000000017E9	1.73700491948331348E0
9.31799999999999962E9	1.73780843712999933E0
9.31899999999999906E9	1.73861263720177761E0
9.32000000000000028E9	1.73941751586704330E0
9.32100000000000151E9	1.74022307584944480E0
9.32199999999999918E9	1.74102931490603363E0
9.32299999999999862E9	1.74183623261568976E0
9.32399999999999984E9	1.74264382977389998E0
9.32499999999999929E9	1.74345210424488295E0
9.32600000000000051E9	1.74426105564008571E0
9.32700000000000173E9	1.74507068489452455E0
9.32799999999999940E9	1.74588098989129792E0
9.32899999999999885E9	1.74669197060684356E0
9.33000000000000007E9	1.74750362610591625E0
9.33099999999999952E9	1.74831595608527635E0
9.33200000000000074E9	1.74912896068117174E0
9.33300000000000018E9	1.74994263818667117E0
9.33399999999999963E9	1.75075698857051743E0
9.33499999999999908E9	1.75157201097342696E0
9.33600000000000030E9	1.75238770406455058E0
9.33699999999999974E9	1.75320406922659089E0
9.33799999999999919E9	1.75402110461352212E0
9.33900000000000041E9	1.75483880915374990E0
9.33999999999999986E9	1.75565718266728266E0
9.34099999999999930E9	1.75647622426453798E0
9.34200000000000053E9	1.75729593548150009E0
9.34299999999999997E9	1.75811631234342136E0
9.34399999999999942E9	1.75893735599815493E0
9.34500000000000064E9	1.75975906521519354E0
9.34600000000000009E9	1.76058144028458208E0
9.34699999999999953E9	1.76140447923933485E0
9.34799999999999898E9	1.76222818172345019E0
9.34900000000000020E9	1.76305254785209464E0
9.34999999999999964E9	1.76387757688660174E0
9.35100000000000087E9	1.76470326771088737E0
9.35200000000000031E9	1.76552961858832203E0
9.35299999999999976E9	1.76635663110845331E0
9.35399999999999920E9	1.76718430277902883E0
9.35500000000000043E9	1.76801263311502210E0
9.35599999999999987E9	1.76884162138144840E0
9.35700000000000109E9	1.76967126827183119E0
9.35800000000000054E9	1.77050157120314400E0
9.35899999999999999E9	1.77133253059681262E0
9.35999999999999943E9	1.77216414479018702E0
9.36100000000000065E9	1.77299641442928135E0
9.36200000000000010E9	1.77382933720568725E0
9.36299999999999955E9	1.77466291348779981E0
9.36400000000000077E9	1.77549714179289286E0
9.36500000000000021E9	1.77633202184789063E0
9.36599999999999966E9	1.77716755213666722E0
9.36700000000000088E9	1.77800373322464922E0
9.36799999999999855E9	1.77884056207595354E0
9.36899999999999977E9	1.77967804072770397E0
9.37000000000000099E9	1.78051616710881544E0
9.37100000000000044E9	1.78135493987358196E0
9.37199999999999989E9	1.78219435941730375E0
9.37299999999999933E9	1.78303442324053818E0
9.37399999999999878E9	1.78387513134246367E0
9.37500000000000000E9	1.78471648320654719E0
9.37600000000000122E9	1.78555847780784971E0
9.37700000000000067E9	1.78640111435612825E0
9.37800000000000011E9	1.78724439193714657E0
9.37899999999999956E9	1.78808830935650920E0
9.37999999999999901E9	1.78893286733894663E0
9.38100000000000023E9	1.78977806160457109E0
9.38200000000000145E9	1.79062389555726442E0
9.38299999999999912E9	1.79147036592071873E0
9.38400000000000034E9	1.79231747094342775E0
9.38499999999999979E9	1.79316521197026102E0
9.38599999999999923E9	1.79401358659263876E0
9.38700000000000045E9	1.79486259446056984E0
9.38799999999999990E9	1.79571223431885163E0
9.38899999999999935E9	1.79656250594336253E0
9.39000000000000057E9	1.79741340806706229E0
9.39100000000000001E9	1.79826493980224589E0
9.39199999999999946E9	1.79911710026920302E0
9.39299999999999891E9	1.79996988751206177E0
9.39400000000000013E9	1.80082330183439110E0
9.39499999999999957E9	1.80167734220083808E0
9.39600000000000080E9	1.80253200652473899E0
9.39700000000000024E9	1.80338729509448159E0
9.39799999999999969E9	1.80424320688290019E0
9.39899999999999913E9	1.80509974071888468E0
9.40000000000000036E9	1.80595689422604555E0
9.40099999999999980E9	1.80681466905339772E0
9.40200000000000102E9	1.80767306214598555E0
9.40300000000000047E9	1.80853207381916037E0
9.40399999999999991E9	1.80939170127632631E0
9.40499999999999936E9	1.81025194510852971E0
9.40600000000000058E9	1.81111280374805794E0
9.40700000000000003E9	1.81197427670605027E0
9.40799999999999947E9	1.81283636186234753E0
9.40900000000000070E9	1.81369905998193026E0
9.41000000000000014E9	1.81456236757509837E0
9.41099999999999959E9	1.81542628513249671E0
9.41200000000000081E9	1.81629081151432747E0
9.41300000000000026E9	1.81715594613023668E0
9.41399999999999970E9	1.81802168673672848E0
9.41500000000000092E9	1.81888803219712170E0
9.41600000000000037E9	1.81975498334102759E0
9.41699999999999982E9	1.82062253597987955E0
9.41799999999999926E9	1.82149069207677639E0
9.41900000000000048E9	1.82235944913179049E0
9.41999999999999993E9	1.82322880492086026E0
9.42100000000000115E9	1.82409876075864652E0
9.42200000000000060E9	1.82496931387129502E0
9.42299999999999827E9	1.82584046432796465E0
9.42399999999999949E9	1.82671220908651866E0
9.42500000000000071E9	1.82758454866202014E0
9.42600000000000016E9	1.82845748173823974E0
9.42700000000000138E9	1.82933100644122648E0
9.42800000000000082E9	1.83020512160549287E0
9.42899999999999849E9	1.83107982695910976E0
9.42999999999999972E9	1.83195512051436493E0
9.43100000000000094E9	1.83283100114863018E0
9.43200000000000038E9	1.83370746849009847E0
9.43299999999999983E9	1.83458451971147918E0
9.43400000000000105E9	1.83546215635884424E0
9.43499999999999872E9	1.83634037374069958E0
9.43599999999999994E9	1.83721917358284825E0
9.43700000000000117E9	1.83809855179361392E0
9.43799999999999883E9	1.83897851088754738E0
9.43900000000000006E9	1.83985904694342728E0
9.44000000000000128E9	1.84074015898273990E0
9.44099999999999895E9	1.84162184532223661E0
9.44200000000000017E9	1.84250410754264116E0
9.44299999999999962E9	1.84338693998569303E0
9.44399999999999906E9	1.84427034503135889E0
9.44500000000000028E9	1.84515431957470599E0
9.44600000000000151E9	1.84603886261121541E0
9.44699999999999918E9	1.84692397437226075E0
9.44799999999999862E9	1.84780965104711514E0
9.44899999999999984E9	1.84869589335593387E0
9.44999999999999929E9	1.84958269843378464E0
9.45100000000000051E9	1.85047006554189375E0
9.45200000000000173E9	1.85135799351713715E0
9.45299999999999940E9	1.85224648167611150E0
9.45399999999999885E9	1.85313552722995345E0
9.45500000000000007E9	1.85402513031117455E0
9.45599999999999952E9	1.85491528710057585E0
9.45700000000000074E9	1.85580599946860048E0
9.45800000000000018E9	1.85669726457180850E0
9.45899999999999963E9	1.85758908111559395E0
9.45999999999999908E9	1.85848144660114523E0
9.46100000000000030E9	1.85937436149475510E0
9.46199999999999974E9	1.86026782242087774E0
9.46299999999999919E9	1.86116183037202565E0
9.46400000000000041E9	1.86205638265415629E0
9.46499999999999986E9	1.86295147704982256E0
9.46599999999999930E9	1.86384711231605560E0
9.46700000000000053E9	1.86474328802072886E0
9.46799999999999997E9	1.86564000314483236E0
9.46899999999999942E9	1.86653725449507069E0
9.47000000000000064E9	1.86743504142586314E0
9.47100000000000009E9	1.86833336253628479E0
9.47199999999999953E9	1.86923221694359176E0
9.47299999999999898E9	1.87013160235928888E0
9.47400000000000020E9	1.87103151717283445E0
9.47499999999999964E9	1.87193196011372476E0
9.47600000000000087E9	1.87283292932187018E0
9.47700000000000031E9	1.87373442521151112E0
9.47799999999999976E9	1.87463644357453885E0
9.47899999999999920E9	1.87553898458766288E0
9.48000000000000043E9	1.87644204555456340E0
9.48099999999999987E9	1.87734562624604484E0
9.48200000000000109E9	1.87824972485430841E0
9.48300000000000054E9	1.87915433879862026E0
9.48399999999999999E9	1.88005946748459207E0
9.48499999999999943E9	1.88096510937899120E0
9.48600000000000065E9	1.88187126135612770E0
9.48700000000000010E9	1.88277792393447596E0
9.48799999999999955E9	1.88368509373341886E0
9.48900000000000077E9	1.88459277004159986E0
9.49000000000000021E9	1.88550095120719940E0
9.49099999999999966E9	1.88640963612031221E0
9.49200000000000088E9	1.88731882288290564E0
9.49299999999999855E9	1.88822850897058814E0
9.49399999999999977E9	1.88913869256871125E0
9.49500000000000099E9	1.89004937458629518E0
9.49600000000000044E9	1.89096055011966890E0
9.49699999999999989E9	1.89187221950246109E0
9.49799999999999933E9	1.89278438110625902E0
9.49899999999999878E9	1.89369703233930986E0
9.50000000000000000E9	1.89461017166071710E0
9.50100000000000122E9	1.89552379707832586E0
9.50200000000000067E9	1.89643790867618334E0
9.50300000000000011E9	1.89735250201138017E0
9.50399999999999956E9	1.89826757846415251E0
9.50499999999999901E9	1.89918313333878874E0
9.50600000000000023E9	1.90009916642076626E0
9.50700000000000145E9	1.90101567532229421E0
9.50799999999999912E9	1.90193266011834350E0
9.50900000000000034E9	1.90285011646111113E0
9.50999999999999979E9	1.90376804418134937E0
9.51099999999999923E9	1.90468644023939504E0
9.51200000000000045E9	1.90560530475871737E0
9.51299999999999990E9	1.90652463479812151E0
9.51399999999999935E9	1.90744442868897734E0
9.51500000000000057E9	1.90836468428923500E0
9.51600000000000001E9	1.90928540021270177E0
9.51699999999999946E9	1.91020657425588070E0
9.51799999999999891E9	1.91112820444114084E0
9.51900000000000013E9	1.91205029061609477E0
9.51999999999999957E9	1.91297282810836111E0
9.52100000000000080E9	1.91389581758129523E0
9.52200000000000024E9	1.91481925570561540E0
9.52299999999999969E9	1.91574314115374267E0
9.52399999999999913E9	1.91666747248825819E0
9.52500000000000036E9	1.91759224600472078E0
9.52599999999999980E9	1.91851746252797839E0
9.52700000000000102E9	1.91944311955705094E0
9.52800000000000047E9	1.92036921302937102E0
9.52899999999999991E9	1.92129574109134116E0
9.52999999999999936E9	1.92222270519631055E0
9.53100000000000058E9	1.92315009911478052E0
9.53200000000000003E9	1.92407792480880446E0
9.53299999999999947E9	1.92500617779134453E0
9.53400000000000070E9	1.92593485780974727E0
9.53500000000000014E9	1.92686396140333183E0
9.53599999999999959E9	1.92779348645321758E0
9.53700000000000081E9	1.92872343327989770E0
9.53800000000000026E9	1.92965379586957875E0
9.53899999999999970E9	1.93058457725950872E0
9.54000000000000092E9	1.93151577137290098E0
9.54100000000000037E9	1.93244737716169301E0
9.54199999999999982E9	1.93337939606770237E0
9.54299999999999926E9	1.93431181922831241E0
9.54400000000000048E9	1.93524465026246717E0
9.54499999999999993E9	1.93617788470721330E0
9.54600000000000115E9	1.93711152132676467E0
9.54700000000000060E9	1.93804555727330907E0
9.54799999999999827E9	1.93897999240347230E0
9.54899999999999949E9	1.93991482157985828E0
9.55000000000000071E9	1.94085004611958789E0
9.55100000000000016E9	1.94178566046089740E0
9.55200000000000138E9	1.94272166589765716E0
9.55300000000000082E9	1.94365805718896723E0
9.55399999999999849E9	1.94459483352093887E0
9.55499999999999972E9	1.94553199263963417E0
9.55600000000000094E9	1.94646953503831477E0
9.55700000000000038E9	1.94740745385810632E0
9.55799999999999983E9	1.94834575089188022E0
9.55900000000000105E9	1.94928441980630418E0
9.55999999999999872E9	1.95022346198817531E0
9.56099999999999994E9	1.95116287470467209E0
9.56200000000000117E9	1.95210265471898170E0
9.56299999999999883E9	1.95304280138141895E0
9.56400000000000006E9	1.95398331083877808E0
9.56500000000000128E9	1.95492417931061313E0
9.56599999999999895E9	1.95586540872489767E0
9.56700000000000017E9	1.95680699509133760E0
9.56799999999999962E9	1.95774893526217753E0
9.56899999999999906E9	1.95869122773888460E0
9.57000000000000028E9	1.95963387032250758E0
9.57100000000000151E9	1.96057686110796792E0
9.57199999999999918E9	1.96152019511011089E0
9.57299999999999862E9	1.96246387374621656E0
9.57399999999999984E9	1.96340789161340279E0
9.57499999999999929E9	1.96435225110605316E0
9.57600000000000051E9	1.96529694402012645E0
9.57700000000000173E9	1.96624197154384928E0
9.57799999999999940E9	1.96718733100130083E0
9.57899999999999885E9	1.96813302019665382E0
9.58000000000000007E9	1.96907903442655297E0
9.58099999999999952E9	1.97002537307405090E0
9.58200000000000074E9	1.97097203542072918E0
9.58300000000000018E9	1.97191901622759236E0
9.58399999999999963E9	1.97286631516494415E0
9.58499999999999908E9	1.97381392635202602E0
9.58600000000000030E9	1.97476185188005138E0
9.58699999999999974E9	1.97571008929813363E0
9.58799999999999919E9	1.97665863298814393E0
9.58900000000000041E9	1.97760748128843544E0
9.58999999999999986E9	1.97855663222334321E0
9.59099999999999930E9	1.97950608309745490E0
9.59200000000000053E9	1.98045583316061435E0
9.59299999999999997E9	1.98140587746133900E0
9.59399999999999942E9	1.98235621688345121E0
9.59500000000000064E9	1.98330684460077378E0
9.59600000000000009E9	1.98425776129724984E0
9.59699999999999953E9	1.98520896280836801E0
9.59799999999999898E9	1.98616044816993709E0
9.59900000000000020E9	1.98711221320324283E0
9.59999999999999964E9	1.98806425527844000E0
9.60100000000000087E9	1.98901657437460222E0
9.60200000000000031E9	1.98996916535741475E0
9.60299999999999976E9	1.99092202653515327E0
9.60399999999999920E9	1.99187515611676957E0
9.60500000000000043E9	1.99282854904944373E0
9.60599999999999987E9	1.99378220733065925E0
9.60700000000000109E9	1.99473612337775452E0
9.60800000000000054E9	1.99569029772046713E0
9.60899999999999999E9	1.99664472741361321E0
9.60999999999999943E9	1.99759940600285457E0
9.61100000000000065E9	1.99855433776348135E0
9.61200000000000010E9	1.99950951496409712E0
9.61299999999999955E9	2.00046493700642758E0
9.61400000000000077E9	2.00142060041085346E0
9.61500000000000021E9	2.00237650159171254E0
9.61599999999999966E9	2.00333264072474293E0
9.61700000000000088E9	2.00428901229366740E0
9.61799999999999855E9	2.00524561476522267E0
9.61899999999999977E9	2.00620244629503874E0
9.62000000000000099E9	2.00715950277044941E0
9.62100000000000044E9	2.00811678083569101E0
9.62199999999999989E9	2.00907428137610733E0
9.62299999999999933E9	2.01003199735737592E0
9.62399999999999878E9	2.01098992881329153E0
9.62500000000000000E9	2.01194807110351537E0
9.62600000000000122E9	2.01290642341639225E0
9.62700000000000067E9	2.01386498089547405E0
9.62800000000000011E9	2.01482374385435703E0
9.62899999999999956E9	2.01578270524430270E0
9.62999999999999901E9	2.01674186606025030E0
9.63100000000000023E9	2.01770121991991402E0
9.63200000000000145E9	2.01866076807434958E0
9.63299999999999912E9	2.01962050636644097E0
9.63400000000000034E9	2.02058042941985505E0
9.63499999999999979E9	2.02154053708980230E0
9.63599999999999923E9	2.02250082512477292E0
9.63700000000000045E9	2.02346129207592940E0
9.63799999999999990E9	2.02442193393401215E0
9.63899999999999935E9	2.02538274928028317E0
9.64000000000000057E9	2.02634373277598945E0
9.64100000000000001E9	2.02730488279987364E0
9.64199999999999946E9	2.02826619696284594E0
9.64299999999999891E9	2.02922767051471142E0
9.64400000000000013E9	2.03018930448389812E0
9.64499999999999957E9	2.03115109233780755E0
9.64600000000000080E9	2.03211303174019786E0
9.64700000000000024E9	2.03307511865942026E0
9.64799999999999969E9	2.03403735352871973E0
9.64899999999999913E9	2.03499973030195180E0
9.65000000000000036E9	2.03596224784726498E0
9.65099999999999980E9	2.03692490266000181E0
9.65200000000000102E9	2.03788769066592179E0
9.65300000000000047E9	2.03885061114590860E0
9.65399999999999991E9	2.03981365844575580E0
9.65499999999999936E9	2.04077683212063388E0
9.65600000000000058E9	2.04174012746543054E0
9.65700000000000003E9	2.04270354083361383E0
9.65799999999999947E9	2.04366707033652206E0
9.65900000000000070E9	2.04463071352962089E0
9.66000000000000014E9	2.04559446646779541E0
9.66099999999999959E9	2.04655832581634245E0
9.66200000000000081E9	2.04752228859723662E0
9.66300000000000026E9	2.04848635245032362E0
9.66399999999999970E9	2.04945051491934604E0
9.66500000000000092E9	2.05041476874042328E0
9.66600000000000037E9	2.05137911739135870E0
9.66699999999999982E9	2.05234355128367740E0
9.66799999999999926E9	2.05330806969624780E0
9.66900000000000048E9	2.05427267229585819E0
9.66999999999999993E9	2.05523735250240502E0
9.67100000000000115E9	2.05620210694004912E0
9.67200000000000060E9	2.05716693476460089E0
9.67299999999999827E9	2.05813183194674165E0
9.67399999999999949E9	2.05909679411391400E0
9.67500000000000071E9	2.06006182135149274E0
9.67600000000000016E9	2.06102690549412237E0
9.67700000000000138E9	2.06199204740211961E0
9.67800000000000082E9	2.06295724159737892E0
9.67899999999999849E9	2.06392248707917725E0
9.67999999999999972E9	2.06488777526928802E0
9.68100000000000094E9	2.06585311006036676E0
9.68200000000000038E9	2.06681848316216366E0
9.68299999999999983E9	2.06778389637240645E0
9.68400000000000105E9	2.06874933947930728E0
9.68499999999999872E9	2.06971481410794977E0
9.68599999999999994E9	2.07068031447257628E0
9.68700000000000117E9	2.07164584081050185E0
9.68799999999999883E9	2.07261138444832982E0
9.68900000000000006E9	2.07357694543611482E0
9.69000000000000128E9	2.07454252179027865E0
9.69099999999999895E9	2.07550810797476304E0
9.69200000000000017E9	2.07647369959747730E0
9.69299999999999962E9	2.07743929537220584E0
9.69399999999999906E9	2.07840489146217466E0
9.69500000000000028E9	2.07937048442876193E0
9.69600000000000151E9	2.08033606949738203E0
9.69699999999999918E9	2.08130164677463014E0
9.69799999999999862E9	2.08226720881604255E0
9.69899999999999984E9	2.08323275480082515E0
9.69999999999999929E9	2.08419827907961031E0
9.70100000000000051E9	2.08516377991217539E0
9.70200000000000173E9	2.08612925447265862E0
9.70299999999999940E9	2.08709469757898125E0
9.70399999999999885E9	2.08806010722693047E0
9.70500000000000007E9	2.08902547804777772E0
9.70599999999999952E9	2.08999080861869757E0
9.70700000000000074E9	2.09095609591894105E0
9.70800000000000018E9	2.09192133251687373E0
9.70899999999999963E9	2.09288651774463430E0
9.70999999999999908E9	2.09385164804804758E0
9.71100000000000030E9	2.09481672030369248E0
9.71199999999999974E9	2.09578172873561064E0
9.71299999999999919E9	2.09674667259053482E0
9.71400000000000041E9	2.09771154667962501E0
9.71499999999999986E9	2.09867634957209148E0
9.71599999999999930E9	2.09964107409470246E0
9.71700000000000053E9	2.10060571863592616E0
9.71799999999999997E9	2.10157028125165146E0
9.71899999999999942E9	2.10253475422178626E0
9.72000000000000064E9	2.10349913645356690E0
9.72100000000000009E9	2.10446342626693239E0
9.72199999999999953E9	2.10542761669331302E0
9.72299999999999898E9	2.10639170613471860E0
9.72400000000000020E9	2.10735569056300420E0
9.72499999999999964E9	2.10831956325168157E0
9.72600000000000087E9	2.10928332521352102E0
9.72700000000000031E9	2.11024697006670658E0
9.72799999999999976E9	2.11121049368698088E0
9.72899999999999920E9	2.11217389659604038E0
9.73000000000000043E9	2.11313717028819648E0
9.73099999999999987E9	2.11410031222421813E0
9.73200000000000109E9	2.11506331977258366E0
9.73300000000000054E9	2.11602618969772260E0
9.73399999999999999E9	2.11698891469928396E0
9.73499999999999943E9	2.11795149560957929E0
9.73600000000000065E9	2.11891392707279369E0
9.73700000000000010E9	2.11987620364691898E0
9.73799999999999955E9	2.12083832378858617E0
9.73900000000000077E9	2.12180027973864993E0
9.74000000000000021E9	2.12276207460538080E0
9.74099999999999966E9	2.12372369777180259E0
9.74200000000000088E9	2.12468514977786027E0
9.74299999999999855E9	2.12564642464974174E0
9.74399999999999977E9	2.12660752116324892E0
9.74500000000000099E9	2.12756843181493416E0
9.74600000000000044E9	2.12852915548625532E0
9.74699999999999989E9	2.12948968719545251E0
9.74799999999999933E9	2.13045002349919876E0
9.74899999999999878E9	2.13141016005117745E0
9.75000000000000000E9	2.13237009269827027E0
9.75100000000000122E9	2.13332981801255350E0
9.75200000000000067E9	2.13428933494637585E0
9.75300000000000011E9	2.13524863444875912E0
9.75399999999999956E9	2.13620771475169979E0
9.75499999999999901E9	2.13716657401702914E0
9.75600000000000023E9	2.13812520374055293E0
9.75700000000000145E9	2.13908360548916887E0
9.75799999999999912E9	2.14004177112986937E0
9.75900000000000034E9	2.14099969767021348E0
9.75999999999999979E9	2.14195738314517214E0
9.76099999999999923E9	2.14291482108035014E0
9.76200000000000045E9	2.14387200879780204E0
9.76299999999999990E9	2.14482894298345084E0
9.76399999999999935E9	2.14578561774035936E0
9.76500000000000057E9	2.14674203069921221E0
9.76600000000000001E9	2.14769817606894309E0
9.76699999999999946E9	2.14865405216229854E0
9.76799999999999891E9	2.14960965274013027E0
9.76900000000000013E9	2.15056497455260898E0
9.76999999999999957E9	2.15152001343262134E0
9.77100000000000080E9	2.15247476681666061E0
9.77200000000000024E9	2.15342922953340388E0
9.77299999999999969E9	2.15438339688587899E0
9.77399999999999913E9	2.15533726635604594E0
9.77500000000000036E9	2.15629083025461199E0
9.77599999999999980E9	2.15724409043379683E0
9.77700000000000102E9	2.15819703648559624E0
9.77800000000000047E9	2.15914966897736216E0
9.77899999999999991E9	2.16010198044893054E0
9.77999999999999936E9	2.16105396932703231E0
9.78100000000000058E9	2.16200563054861838E0
9.78200000000000003E9	2.16295696239454616E0
9.78299999999999947E9	2.16390795391328927E0
9.78400000000000070E9	2.16485860837871202E0
9.78500000000000014E9	2.16580891609714632E0
9.78599999999999959E9	2.16675887849062665E0
9.78700000000000081E9	2.16770848626504131E0
9.78800000000000026E9	2.16865773780964277E0
9.78899999999999970E9	2.16960662682878391E0
9.79000000000000092E9	2.17055515271963673E0
9.79100000000000037E9	2.17150330671106850E0
9.79199999999999982E9	2.17245108950225152E0
9.79299999999999926E9	2.17339849243308159E0
9.79400000000000048E9	2.17434551461367853E0
9.79499999999999993E9	2.17529215012503485E0
9.79600000000000115E9	2.17623839530540009E0
9.79700000000000060E9	2.17718424494632190E0
9.79799999999999827E9	2.17812969376307253E0
9.79899999999999949E9	2.17907474166927484E0
9.80000000000000071E9	2.18001938058375488E0
9.80100000000000016E9	2.18096360615600027E0
9.80200000000000138E9	2.18190741749244843E0
9.80300000000000082E9	2.18285080833189493E0
9.80399999999999849E9	2.18379377438697420E0
9.80499999999999972E9	2.18473631070773378E0
9.80600000000000094E9	2.18567841225823134E0
9.80700000000000038E9	2.18662007481550402E0
9.80799999999999983E9	2.18756129734906102E0
9.80900000000000105E9	2.18850207341473579E0
9.80999999999999872E9	2.18944239676856611E0
9.81099999999999994E9	2.19038226467360664E0
9.81200000000000117E9	2.19132167312173642E0
9.81299999999999883E9	2.19226061803425631E0
9.81400000000000006E9	2.19319909285695847E0
9.81500000000000128E9	2.19413709515436262E0
9.81599999999999895E9	2.19507462152182242E0
9.81700000000000017E9	2.19601166426555672E0
9.81799999999999962E9	2.19694822103081755E0
9.81899999999999906E9	2.19788428728322627E0
9.82000000000000028E9	2.19881985992433471E0
9.82100000000000151E9	2.19975493275879286E0
9.82199999999999918E9	2.20068949950429227E0
9.82299999999999862E9	2.20162355713958613E0
9.82399999999999984E9	2.20255710561327511E0
9.82499999999999929E9	2.20349013477131850E0
9.82600000000000051E9	2.20442264198730520E0
9.82700000000000173E9	2.20535462150059436E0
9.82799999999999940E9	2.20628606932297933E0
9.82899999999999885E9	2.20721698474648420E0
9.83000000000000007E9	2.20814736088898700E0
9.83099999999999952E9	2.20907718831453304E0
9.83200000000000074E9	2.21000646979422299E0
9.83300000000000018E9	2.21093519697586771E0
9.83399999999999963E9	2.21186336542137507E0
9.83499999999999908E9	2.21279097123860735E0
9.83600000000000030E9	2.21371801139078261E0
9.83699999999999974E9	2.21464447999307401E0
9.83799999999999919E9	2.21557036983201083E0
9.83900000000000041E9	2.21649568014009102E0
9.83999999999999986E9	2.21742040759751013E0
9.84099999999999930E9	2.21834454166221828E0
9.84200000000000053E9	2.21926808228834060E0
9.84299999999999997E9	2.22019102251264622E0
9.84399999999999942E9	2.22111335934851706E0
9.84500000000000064E9	2.22203508881181211E0
9.84600000000000009E9	2.22295620527635540E0
9.84699999999999953E9	2.22387670398284021E0
9.84799999999999898E9	2.22479657947090326E0
9.84900000000000020E9	2.22571582809189605E0
9.84999999999999964E9	2.22663444675768574E0
9.85100000000000087E9	2.22755242695778088E0
9.85200000000000031E9	2.22846976703621413E0
9.85299999999999976E9	2.22938646148649910E0
9.85399999999999920E9	2.23030250662820650E0
9.85500000000000043E9	2.23121789586094232E0
9.85599999999999987E9	2.23213262440317584E0
9.85700000000000109E9	2.23304668899678394E0
9.85800000000000054E9	2.23396008568498505E0
9.85899999999999999E9	2.23487280788778131E0
9.85999999999999943E9	2.23578485341761191E0
9.86100000000000065E9	2.23669621363528437E0
9.86200000000000010E9	2.23760688717484335E0
9.86299999999999955E9	2.23851686652605020E0
9.86400000000000077E9	2.23942614954626640E0
9.86500000000000021E9	2.24033473018530183E0
9.86599999999999966E9	2.24124260521359098E0
9.86700000000000088E9	2.24214976585681214E0
9.86799999999999855E9	2.24305621389719434E0
9.86899999999999977E9	2.24396193784179498E0
9.87000000000000099E9	2.24486693481920652E0
9.87100000000000044E9	2.24577120417076337E0
9.87199999999999989E9	2.24667474000078649E0
9.87299999999999933E9	2.24757753049229692E0
9.87399999999999878E9	2.24847957900241990E0
9.87500000000000000E9	2.24938087616987259E0
9.87600000000000122E9	2.25028141807895876E0
9.87700000000000067E9	2.25118120172866965E0
9.87800000000000011E9	2.25208022046600576E0
9.87899999999999956E9	2.25297847050233724E0
9.87999999999999901E9	2.25387594733456842E0
9.88100000000000023E9	2.25477264573091896E0
9.88200000000000145E9	2.25566855973986824E0
9.88299999999999912E9	2.25656368267261209E0
9.88400000000000034E9	2.25745801468072527E0
9.88499999999999979E9	2.25835154960604623E0
9.88599999999999923E9	2.25924427989926668E0
9.88700000000000045E9	2.26013620420779393E0
9.88799999999999990E9	2.26102731351974029E0
9.88899999999999935E9	2.26191760635338346E0
9.89000000000000057E9	2.26280707553900973E0
9.89100000000000001E9	2.26369571781129508E0
9.89199999999999946E9	2.26458352884998160E0
9.89299999999999891E9	2.26547050127571481E0
9.89400000000000013E9	2.26635663096203288E0
9.89499999999999957E9	2.26724191572097222E0
9.89600000000000080E9	2.26812634729557550E0
9.89700000000000024E9	2.26900992170022953E0
9.89799999999999969E9	2.26989263622156479E0
9.89899999999999913E9	2.27077448172523777E0
9.90000000000000036E9	2.27165545770993793E0
9.90099999999999980E9	2.27253555658123219E0
9.90200000000000102E9	2.27341477200639508E0
9.90300000000000047E9	2.27429310330760925E0
9.90399999999999991E9	2.27517054166831256E0
9.90499999999999936E9	2.27604708190409522E0
9.90600000000000058E9	2.27692272450261068E0
9.90700000000000003E9	2.27779746044409670E0
9.90799999999999947E9	2.27867128401140695E0
9.90900000000000070E9	2.27954419077119352E0
9.91000000000000014E9	2.28041617487459458E0
9.91099999999999959E9	2.28128723583718296E0
9.91200000000000081E9	2.28215736598583829E0
9.91300000000000026E9	2.28302655825538325E0
9.91399999999999970E9	2.28389481129659355E0
9.91500000000000092E9	2.28476211689181374E0
9.91600000000000037E9	2.28562846947354181E0
9.91699999999999982E9	2.28649386751678030E0
9.91799999999999926E9	2.28735830533255280E0
9.91900000000000048E9	2.28822177477043276E0
9.91999999999999993E9	2.28908427411884352E0
9.92100000000000115E9	2.28994579921458818E0
9.92200000000000060E9	2.29080633964020430E0
9.92299999999999827E9	2.29166589350294547E0
9.92399999999999949E9	2.29252446196074411E0
9.92500000000000071E9	2.29338202818732917E0
9.92600000000000016E9	2.29423859597575497E0
9.92700000000000138E9	2.29509415421644425E0
9.92800000000000082E9	2.29594870313926824E0
9.92899999999999849E9	2.29680223808274020E0
9.92999999999999972E9	2.29765474703295203E0
9.93100000000000094E9	2.29850623074037541E0
9.93200000000000038E9	2.29935668156501549E0
9.93299999999999983E9	2.30020609632827799E0
9.93400000000000105E9	2.30105447318278600E0
9.93499999999999872E9	2.30190179837140940E0
9.93599999999999994E9	2.30274807131355974E0
9.93700000000000117E9	2.30359329033199245E0
9.93799999999999883E9	2.30443744670746398E0
9.93900000000000006E9	2.30528053513817266E0
9.94000000000000128E9	2.30612255166990110E0
9.94099999999999895E9	2.30696348807136831E0
9.94200000000000017E9	2.30780334483209515E0
9.94299999999999962E9	2.30864211359782034E0
9.94399999999999906E9	2.30947978946652865E0
9.94500000000000028E9	2.31031636782655170E0
9.94600000000000151E9	2.31115184259582929E0
9.94699999999999918E9	2.31198620903624263E0
9.94799999999999862E9	2.31281946341422895E0
9.94899999999999984E9	2.31365159804625886E0
9.94999999999999929E9	2.31448261155822310E0
9.95100000000000051E9	2.31531249507436909E0
9.95200000000000173E9	2.31614124533059718E0
9.95299999999999940E9	2.31696885616312898E0
9.95399999999999885E9	2.31779532560946944E0
9.95500000000000007E9	2.31862064382933175E0
9.95599999999999952E9	2.31944480910061346E0
9.95700000000000074E9	2.32026781465822562E0
9.95800000000000018E9	2.32108965331073192E0
9.95899999999999963E9	2.32191032638654660E0
9.95999999999999908E9	2.32272982371704817E0
9.96100000000000030E9	2.32354814186677583E0
9.96199999999999974E9	2.32436527232094914E0
9.96299999999999919E9	2.32518121691259250E0
9.96400000000000041E9	2.32599596341509107E0
9.96499999999999986E9	2.32680951139363046E0
9.96599999999999930E9	2.32762185424341705E0
9.96700000000000053E9	2.32843298169698354E0
9.96799999999999997E9	2.32924289819839281E0
9.96899999999999942E9	2.33005159263649020E0
9.97000000000000064E9	2.33085906068880044E0
9.97100000000000009E9	2.33166529906314146E0
9.97199999999999953E9	2.33247030079202533E0
9.97299999999999898E9	2.33327405992931602E0
9.97400000000000020E9	2.33407657191659945E0
9.97499999999999964E9	2.33487783032650320E0
9.97600000000000087E9	2.33567783557778030E0
9.97700000000000031E9	2.33647657530437058E0
9.97799999999999976E9	2.33727405309483061E0
9.97899999999999920E9	2.33807025281062497E0
9.98000000000000043E9	2.33886517866236110E0
9.98099999999999987E9	2.33965881985059498E0
9.98200000000000109E9	2.34045117501000766E0
9.98300000000000054E9	2.34124223467325843E0
9.98399999999999999E9	2.34203199626546033E0
9.98499999999999943E9	2.34282045459095301E0
9.98600000000000065E9	2.34360760550372271E0
9.98700000000000010E9	2.34439344038498865E0
9.98799999999999955E9	2.34517795938130380E0
9.98900000000000077E9	2.34596115265579419E0
9.99000000000000021E9	2.34674301361487370E0
9.99099999999999966E9	2.34752354334648627E0
9.99200000000000088E9	2.34830273552284652E0
9.99299999999999855E9	2.34908057636127676E0
9.99399999999999977E9	2.34985707418187761E0
9.99500000000000099E9	2.35063221360586949E0
9.99600000000000044E9	2.35140599286805596E0
9.99699999999999989E9	2.35217840570911063E0
9.99799999999999933E9	2.35294945063263139E0
9.99899999999999878E9	2.35371911755277052E0
1.00000000000000000E10	2.35448740486571984E0
1.00010000000000021E10	2.35525430719651663E0
1.00019999999999998E10	2.35601981390202608E0
1.00029999999999997E10	2.35678392842548234E0
1.00039999999999996E10	2.35754663888919369E0
1.00049999999999994E10	2.35830794266933808E0
1.00059999999999993E10	2.35906783335734671E0
1.00070000000000014E10	2.35982631159018830E0
1.00079999999999991E10	2.36058336262127311E0
1.00090000000000012E10	2.36133898622517613E0
1.00099999999999989E10	2.36209317838705335E0
1.00109999999999988E10	2.36284593504244445E0
1.00120000000000009E10	2.36359724681104932E0
1.00130000000000008E10	2.36434710988566543E0
1.00139999999999985E10	2.36509552153308933E0
1.00150000000000006E10	2.36584247633956135E0
1.00160000000000005E10	2.36658796242389080E0
1.00170000000000003E10	2.36733198065412376E0
1.00179999999999980E10	2.36807452808543495E0
1.00190000000000001E10	2.36881559416845811E0
1.00200000000000000E10	2.36955517660081094E0
1.00209999999999999E10	2.37029327076287410E0
1.00219999999999998E10	2.37102986932754511E0
1.00229999999999997E10	2.37176496831939643E0
1.00239999999999996E10	2.37249856333044784E0
1.00249999999999995E10	2.37323064914055948E0
1.00259999999999994E10	2.37396121553320949E0
1.00270000000000015E10	2.37469026401310268E0
1.00280000000000014E10	2.37541779033569345E0
1.00289999999999990E10	2.37614378259400860E0
1.00299999999999989E10	2.37686824213941650E0
1.00310000000000010E10	2.37759115999352932E0
1.00320000000000009E10	2.37831253015868427E0
1.00329999999999986E10	2.37903235155479864E0
1.00340000000000007E10	2.37975061578869607E0
1.00350000000000006E10	2.38046731784684340E0
1.00360000000000005E10	2.38118245725997513E0
1.00370000000000004E10	2.38189602125063526E0
1.00380000000000003E10	2.38260800923866123E0
1.00390000000000001E10	2.38331841829889735E0
1.00400000000000000E10	2.38402723816172912E0
1.00409999999999999E10	2.38473446617154661E0
1.00419999999999998E10	2.38544009655393063E0
1.00429999999999997E10	2.38614412732380599E0
1.00439999999999996E10	2.38684655028546455E0
1.00449999999999995E10	2.38754735950019237E0
1.00460000000000016E10	2.38824655359229476E0
1.00470000000000015E10	2.38894412265713729E0
1.00479999999999992E10	2.38964006946467578E0
1.00489999999999990E10	2.39033437781612168E0
1.00500000000000012E10	2.39102705115322545E0
1.00510000000000010E10	2.39171808050063461E0
1.00520000000000009E10	2.39240746301350704E0
1.00530000000000008E10	2.39309519464184151E0
1.00539999999999985E10	2.39378126390905921E0
1.00550000000000006E10	2.39446567324498538E0
1.00560000000000005E10	2.39514841533302958E0
1.00570000000000004E10	2.39582948201878398E0
1.00580000000000003E10	2.39650887208897334E0
1.00590000000000002E10	2.39718658000461060E0
1.00599999999999978E10	2.39786259705390359E0
1.00609999999999999E10	2.39853692187171541E0
1.00620000000000021E10	2.39920955109337131E0
1.00629999999999997E10	2.39988047272374816E0
1.00639999999999996E10	2.40054968796958201E0
1.00650000000000017E10	2.40121719331429118E0
1.00659999999999994E10	2.40188297424123398E0
1.00669999999999993E10	2.40254703611182574E0
1.00679999999999992E10	2.40320936938070728E0
1.00689999999999991E10	2.40386996679354370E0
1.00700000000000012E10	2.40452882769463505E0
1.00710000000000011E10	2.40518594550457587E0
1.00719999999999987E10	2.40584131633771170E0
1.00729999999999986E10	2.40649493114481139E0
1.00740000000000007E10	2.40714679182550029E0
1.00749999999999984E10	2.40779688529295255E0
1.00760000000000005E10	2.40844521137499790E0
1.00770000000000026E10	2.40909176671142555E0
1.00780000000000003E10	2.40973654158327033E0
1.00789999999999980E10	2.41037953646275183E0
1.00800000000000001E10	2.41102074151959833E0
1.00810000000000000E10	2.41166015475738105E0
1.00819999999999999E10	2.41229776702504761E0
1.00829999999999997E10	2.41293357858890767E0
1.00839999999999996E10	2.41356758572631280E0
1.00849999999999995E10	2.41419977634644534E0
1.00859999999999994E10	2.41483014978170951E0
1.00869999999999993E10	2.41545870372769800E0
1.00879999999999992E10	2.41608542632308865E0
1.00890000000000013E10	2.41671032150216192E0
1.00899999999999990E10	2.41733337848433205E0
1.00909999999999989E10	2.41795459118476685E0
1.00920000000000010E10	2.41857395783600904E0
1.00930000000000009E10	2.41919147662717116E0
1.00939999999999985E10	2.41980713654434032E0
1.00950000000000006E10	2.42042093646530843E0
1.00960000000000005E10	2.42103286765224501E0
1.00970000000000004E10	2.42164292927920100E0
1.00979999999999981E10	2.42225111728264286E0
1.00990000000000002E10	2.42285742196357567E0
1.01000000000000001E10	2.42346184074852999E0
1.01010000000000000E10	2.42406437141031850E0
1.01019999999999999E10	2.42466500728066325E0
1.01029999999999998E10	2.42526374443575898E0
1.01039999999999996E10	2.42586057449792269E0
1.01049999999999995E10	2.42645549423220963E0
1.01059999999999994E10	2.42704850435918384E0
1.01070000000000015E10	2.42763959233794546E0
1.01080000000000014E10	2.42822875918537173E0
1.01089999999999991E10	2.42881599384692581E0
1.01099999999999990E10	2.42940129804494598E0
1.01110000000000011E10	2.42998466663488122E0
1.01120000000000010E10	2.43056609200502072E0
1.01129999999999987E10	2.43114556689437578E0
1.01140000000000008E10	2.43172309081603411E0
1.01150000000000007E10	2.43229866001857609E0
1.01160000000000005E10	2.43287226506811871E0
1.01170000000000004E10	2.43344390814470879E0
1.01179999999999981E10	2.43401357769148996E0
1.01190000000000002E10	2.43458127377496547E0
1.01200000000000001E10	2.43514698875450719E0
1.01210000000000000E10	2.43571071856330601E0
1.01219999999999999E10	2.43627245867823827E0
1.01229999999999998E10	2.43683220654658550E0
1.01239999999999997E10	2.43738995754077470E0
1.01249999999999996E10	2.43794570011271361E0
1.01260000000000017E10	2.43849943841744476E0
1.01270000000000016E10	2.43905116403375288E0
1.01279999999999992E10	2.43960087414485916E0
1.01289999999999991E10	2.44014856183654594E0
1.01299999999999990E10	2.44069421973197498E0
1.01310000000000011E10	2.44123785215102096E0
1.01320000000000010E10	2.44177944796265223E0
1.01329999999999987E10	2.44231900206462660E0
1.01340000000000008E10	2.44285651294774819E0
1.01350000000000007E10	2.44339197783608153E0
1.01359999999999983E10	2.44392538456419173E0
1.01370000000000005E10	2.44445673918594686E0
1.01380000000000003E10	2.44498602576790125E0
1.01390000000000002E10	2.44551324985550655E0
1.01400000000000001E10	2.44603840150285334E0
1.01410000000000000E10	2.44656147517421996E0
1.01419999999999999E10	2.44708247179603156E0
1.01429999999999998E10	2.44760138328503096E0
1.01439999999999997E10	2.44811820761683796E0
1.01449999999999996E10	2.44863293537569682E0
1.01460000000000017E10	2.44914556320375087E0
1.01469999999999994E10	2.44965609380894023E0
1.01479999999999992E10	2.45016451475939645E0
1.01489999999999991E10	2.45067082661811142E0
1.01500000000000012E10	2.45117501724296316E0
1.01509999999999989E10	2.45167709812038703E0
1.01520000000000010E10	2.45217704801882164E0
1.01530000000000009E10	2.45267487014865671E0
1.01540000000000008E10	2.45317056154789759E0
1.01549999999999985E10	2.45366411592759759E0
1.01560000000000006E10	2.45415552653466618E0
1.01570000000000005E10	2.45464479270064340E0
1.01580000000000004E10	2.45513190960941463E0
1.01590000000000003E10	2.45561686911329558E0
1.01600000000000001E10	2.45609967243432470E0
1.01610000000000000E10	2.45658031582549619E0
1.01619999999999999E10	2.45705878974320058E0
1.01629999999999998E10	2.45753509074114396E0
1.01639999999999997E10	2.45800921777787096E0
1.01650000000000018E10	2.45848116565731667E0
1.01659999999999995E10	2.45895092666429882E0
1.01669999999999994E10	2.45941850534876760E0
1.01679999999999993E10	2.45988388772484745E0
1.01690000000000014E10	2.46034707453813439E0
1.01699999999999990E10	2.46080805949329662E0
1.01710000000000012E10	2.46126684405588270E0
1.01720000000000010E10	2.46172341647694459E0
1.01729999999999987E10	2.46217777852094377E0
1.01739999999999986E10	2.46262992038285233E0
1.01750000000000007E10	2.46307984083993547E0
1.01760000000000006E10	2.46352754149979436E0
1.01770000000000005E10	2.46397300621023163E0
1.01780000000000004E10	2.46441624347070887E0
1.01789999999999980E10	2.46485724278076246E0
1.01800000000000002E10	2.46529599687663969E0
1.01810000000000000E10	2.46573250874424499E0
1.01819999999999999E10	2.46616677183317146E0
1.01829999999999998E10	2.46659878118500853E0
1.01840000000000019E10	2.46702853261193811E0
1.01849999999999996E10	2.46745602393238483E0
1.01859999999999995E10	2.46788124713181256E0
1.01870000000000016E10	2.46830420362961434E0
1.01879999999999993E10	2.46872488695192382E0
1.01889999999999992E10	2.46914329180198422E0
1.01900000000000013E10	2.46955941819803071E0
1.01909999999999989E10	2.46997326031912712E0
1.01920000000000011E10	2.47038481435473223E0
1.01929999999999987E10	2.47079407312485966E0
1.01939999999999986E10	2.47120103849625838E0
1.01950000000000007E10	2.47160570441696992E0
1.01960000000000006E10	2.47200806560813158E0
1.01969999999999983E10	2.47240811962604390E0
1.01979999999999982E10	2.47280585735273517E0
1.01990000000000003E10	2.47320128575144205E0
1.02000000000000002E10	2.47359439227374178E0
1.02010000000000001E10	2.47398517797639972E0
1.02020000000000022E10	2.47437363599306837E0
1.02029999999999998E10	2.47475976477870940E0
1.02039999999999997E10	2.47514356232393684E0
1.02049999999999996E10	2.47552501951049830E0
1.02059999999999995E10	2.47590413296647505E0
1.02070000000000016E10	2.47628090630617281E0
1.02079999999999993E10	2.47665532982592440E0
1.02089999999999992E10	2.47702740163448576E0
1.02099999999999991E10	2.47739711895611903E0
1.02110000000000012E10	2.47776447232171471E0
1.02119999999999989E10	2.47812946879121920E0
1.02129999999999987E10	2.47849209628689016E0
1.02140000000000009E10	2.47885235304060503E0
1.02150000000000007E10	2.47921023681436070E0
1.02159999999999984E10	2.47956574613549297E0
1.02170000000000005E10	2.47991886910179504E0
1.02180000000000004E10	2.48026961533033052E0
1.02190000000000003E10	2.48061796989221817E0
1.02200000000000002E10	2.48096393688921601E0
1.02210000000000001E10	2.48130750708259828E0
1.02220000000000000E10	2.48164868113574943E0
1.02229999999999999E10	2.48198745010127286E0
1.02239999999999998E10	2.48232381701593630E0
1.02249999999999996E10	2.48265777779412700E0
1.02260000000000018E10	2.48298932787664040E0
1.02269999999999994E10	2.48331845973069631E0
1.02279999999999993E10	2.48364517573771559E0
1.02289999999999992E10	2.48396947073759655E0
1.02300000000000013E10	2.48429133992407625E0
1.02309999999999990E10	2.48461078341656671E0
1.02320000000000011E10	2.48492779503743977E0
1.02330000000000010E10	2.48524237187530295E0
1.02340000000000009E10	2.48555451053769039E0
1.02349999999999985E10	2.48586420840452549E0
1.02360000000000007E10	2.48617146237461073E0
1.02370000000000005E10	2.48647627053312670E0
1.02380000000000004E10	2.48677862757693502E0
1.02390000000000003E10	2.48707853063279716E0
1.02400000000000002E10	2.48737597926212306E0
1.02410000000000001E10	2.48767096464280701E0
1.02420000000000000E10	2.48796349036848108E0
1.02429999999999977E10	2.48825355081792043E0
1.02440000000000020E10	2.48854113739511940E0
1.02450000000000019E10	2.48882625849185990E0
1.02459999999999996E10	2.48910889956254922E0
1.02469999999999994E10	2.48938906346248912E0
1.02479999999999993E10	2.48966675090691414E0
1.02490000000000014E10	2.48994194923240464E0
1.02499999999999991E10	2.49021465985546619E0
1.02509999999999990E10	2.49048488329361151E0
1.02520000000000011E10	2.49075261417677485E0
1.02530000000000010E10	2.49101784748521160E0
1.02540000000000009E10	2.49128058437241462E0
1.02549999999999986E10	2.49154081843850905E0
1.02559999999999985E10	2.49179854779550958E0
1.02570000000000006E10	2.49205377089965641E0
1.02579999999999982E10	2.49230648281743417E0
1.02590000000000003E10	2.49255668270722186E0
1.02600000000000002E10	2.49280436924239135E0
1.02610000000000001E10	2.49304953313109712E0
1.02620000000000000E10	2.49329217540715886E0
1.02629999999999999E10	2.49353229911435204E0
1.02640000000000020E10	2.49376989101853086E0
1.02649999999999997E10	2.49400495568880975E0
1.02659999999999996E10	2.49423748889934327E0
1.02669999999999995E10	2.49446748469283630E0
1.02679999999999993E10	2.49469494577064266E0
1.02690000000000015E10	2.49491986686717704E0
1.02699999999999991E10	2.49514224639011761E0
1.02709999999999990E10	2.49536207976847191E0
1.02720000000000011E10	2.49557936651450030E0
1.02729999999999988E10	2.49579410025684645E0
1.02740000000000009E10	2.49600628493877030E0
1.02750000000000008E10	2.49621591030807632E0
1.02760000000000007E10	2.49642298141201024E0
1.02770000000000006E10	2.49662749117984806E0
1.02780000000000005E10	2.49682943828536974E0
1.02790000000000004E10	2.49702881925671161E0
1.02800000000000002E10	2.49722563469646541E0
1.02809999999999979E10	2.49741987683924327E0
1.02820000000000000E10	2.49761154987921152E0
1.02829999999999999E10	2.49780064839381089E0
1.02839999999999998E10	2.49798716854766534E0
1.02849999999999997E10	2.49817110892472583E0
1.02859999999999974E10	2.49835246886043594E0
1.02870000000000017E10	2.49853124678903304E0
1.02879999999999994E10	2.49870743402045337E0
1.02890000000000015E10	2.49888103589026978E0
1.02900000000000014E10	2.49905204729170194E0
1.02910000000000013E10	2.49922046553251986E0
1.02919999999999989E10	2.49938628743041535E0
1.02929999999999988E10	2.49954951345682197E0
1.02940000000000009E10	2.49971014069204145E0
1.02950000000000008E10	2.49986816324455097E0
1.02959999999999985E10	2.50002358549505610E0
1.02970000000000006E10	2.50017640015873699E0
1.02979999999999983E10	2.50032661063364747E0
1.02990000000000004E10	2.50047420823760458E0
1.03000000000000003E10	2.50061919331812765E0
1.03009999999999979E10	2.50076156862485277E0
1.03020000000000023E10	2.50090132566047041E0
1.03029999999999999E10	2.50103846412176001E0
1.03039999999999998E10	2.50117298486643636E0
1.03049999999999997E10	2.50130488288909136E0
1.03059999999999996E10	2.50143415764460597E0
1.03069999999999995E10	2.50156081016378629E0
1.03079999999999994E10	2.50168482817999482E0
1.03090000000000015E10	2.50180622371412920E0
1.03099999999999992E10	2.50192498392719820E0
1.03109999999999991E10	2.50204111406755381E0
1.03120000000000012E10	2.50215460898164954E0
1.03129999999999988E10	2.50226546920916570E0
1.03140000000000009E10	2.50237368902470481E0
1.03150000000000008E10	2.50247926756835826E0
1.03159999999999985E10	2.50258220719300928E0
1.03170000000000006E10	2.50268250604480436E0
1.03180000000000005E10	2.50278015848239788E0
1.03190000000000004E10	2.50287516248590425E0
1.03200000000000003E10	2.50296751966029563E0
1.03210000000000002E10	2.50305722781803297E0
1.03220000000000001E10	2.50314428550786428E0
1.03229999999999977E10	2.50322868955034927E0
1.03240000000000021E10	2.50331043873721582E0
1.03249999999999997E10	2.50338953506205364E0
1.03259999999999996E10	2.50346596974486113E0
1.03270000000000017E10	2.50353974994808670E0
1.03279999999999994E10	2.50361086425439616E0
1.03290000000000015E10	2.50367932211254152E0
1.03299999999999992E10	2.50374511686099632E0
1.03309999999999991E10	2.50380824298623850E0
1.03320000000000012E10	2.50386870719914478E0
1.03330000000000011E10	2.50392650544924233E0
1.03339999999999987E10	2.50398163318935518E0
1.03349999999999986E10	2.50403408947570183E0
1.03359999999999985E10	2.50408387736722515E0
1.03370000000000006E10	2.50413099409571371E0
1.03379999999999983E10	2.50417543312043556E0
1.03390000000000026E10	2.50421720131685976E0
1.03400000000000003E10	2.50425628909802711E0
1.03410000000000002E10	2.50429270478658283E0
1.03420000000000001E10	2.50432643779678976E0
1.03430000000000000E10	2.50435749421425013E0
1.03440000000000021E10	2.50438587185394201E0
1.03449999999999998E10	2.50441156516962860E0
1.03459999999999996E10	2.50443457465143693E0
1.03469999999999995E10	2.50445490476721355E0
1.03479999999999994E10	2.50447254683755949E0
1.03489999999999993E10	2.50448750432115341E0
1.03499999999999992E10	2.50449977731994311E0
1.03509999999999991E10	2.50450935972387745E0
1.03520000000000012E10	2.50451625429134594E0
1.03529999999999989E10	2.50452046082722291E0
1.03540000000000010E10	2.50452197782035491E0
1.03550000000000009E10	2.50452079918617310E0
1.03559999999999985E10	2.50451693338052506E0
1.03570000000000007E10	2.50451037208984806E0
1.03580000000000005E10	2.50450111787452556E0
1.03590000000000004E10	2.50448916832119828E0
1.03600000000000003E10	2.50447452375484492E0
1.03609999999999980E10	2.50445718642675264E0
1.03620000000000001E10	2.50443715199307659E0
1.03630000000000000E10	2.50441441682763166E0
1.03639999999999999E10	2.50438898530359300E0
1.03649999999999998E10	2.50436085277587495E0
1.03659999999999997E10	2.50433002582949582E0
1.03670000000000018E10	2.50429649637963569E0
1.03679999999999994E10	2.50426026513562006E0
1.03690000000000015E10	2.50422133633801103E0
1.03700000000000014E10	2.50417970603570428E0
1.03709999999999991E10	2.50413536937170322E0
1.03719999999999990E10	2.50408833389153829E0
1.03729999999999989E10	2.50403859210301283E0
1.03740000000000010E10	2.50398615173205163E0
1.03750000000000009E10	2.50393100668294188E0
1.03759999999999986E10	2.50387315519305531E0
1.03770000000000007E10	2.50381260142493645E0
1.03780000000000006E10	2.50374934178564201E0
1.03790000000000004E10	2.50368337217076853E0
1.03799999999999981E10	2.50361470564671063E0
1.03809999999999980E10	2.50354332864557971E0
1.03820000000000023E10	2.50346924596707199E0
1.03830000000000000E10	2.50339245427068224E0
1.03839999999999999E10	2.50331296172922002E0
1.03849999999999998E10	2.50323075515481985E0
1.03859999999999997E10	2.50314584969530074E0
1.03869999999999996E10	2.50305823514268910E0
1.03879999999999995E10	2.50296790919470569E0
1.03890000000000016E10	2.50287487862602953E0
1.03900000000000015E10	2.50277913969622778E0
1.03909999999999991E10	2.50268069573830543E0
1.03919999999999990E10	2.50257954318056353E0
1.03929999999999989E10	2.50247568072685223E0
1.03940000000000010E10	2.50236911334608170E0
1.03949999999999987E10	2.50225983830405907E0
1.03959999999999986E10	2.50214785753047009E0
1.03970000000000007E10	2.50203316646404827E0
1.03980000000000006E10	2.50191576758753564E0
1.03990000000000005E10	2.50179566444809121E0
1.04000000000000004E10	2.50167285331170497E0
1.04010000000000002E10	2.50154733707800636E0
1.04020000000000001E10	2.50141910979177773E0
1.04030000000000000E10	2.50128818163196653E0
1.04039999999999999E10	2.50115454401470583E0
1.04049999999999998E10	2.50101820170960032E0
1.04059999999999997E10	2.50087915024911522E0
1.04069999999999996E10	2.50073739967173481E0
1.04079999999999995E10	2.50059294011769628E0
1.04090000000000016E10	2.50044577859457284E0
1.04099999999999993E10	2.50029591012764385E0
1.04109999999999969E10	2.50014333908869002E0
1.04120000000000013E10	2.49998806537202833E0
1.04130000000000011E10	2.49983008559534747E0
1.04140000000000010E10	2.49966940726386300E0
1.04150000000000009E10	2.49950602594061877E0
1.04160000000000008E10	2.49933994295849837E0
1.04170000000000007E10	2.49917115951462554E0
1.04179999999999984E10	2.49899967431470271E0
1.04190000000000005E10	2.49882548789207348E0
1.04200000000000004E10	2.49864860573562275E0
1.04210000000000003E10	2.49846902339804799E0
1.04220000000000002E10	2.49828674413011154E0
1.04229999999999978E10	2.49810176517332350E0
1.04240000000000022E10	2.49791409223145111E0
1.04249999999999998E10	2.49772372382760333E0
1.04259999999999975E10	2.49753066107974142E0
1.04270000000000018E10	2.49733489950749910E0
1.04280000000000017E10	2.49713644891100195E0
1.04289999999999994E10	2.49693530179838286E0
1.04299999999999993E10	2.49673146533158263E0
1.04309999999999992E10	2.49652493602108594E0
1.04320000000000013E10	2.49631571839674127E0
1.04329999999999989E10	2.49610381062150744E0
1.04340000000000011E10	2.49588921498480332E0
1.04349999999999987E10	2.49567193129893816E0
1.04359999999999986E10	2.49545196348687126E0
1.04370000000000007E10	2.49522930642035012E0
1.04379999999999984E10	2.49500396874632813E0
1.04390000000000027E10	2.49477594542654613E0
1.04400000000000004E10	2.49454524015969037E0
1.04409999999999981E10	2.49431185224517993E0
1.04420000000000002E10	2.49407578545423059E0
1.04430000000000001E10	2.49383704146959229E0
1.04440000000000000E10	2.49359561835829702E0
1.04449999999999998E10	2.49335151864943150E0
1.04459999999999997E10	2.49310474240659508E0
1.04469999999999996E10	2.49285529299245878E0
1.04479999999999995E10	2.49260317091900463E0
1.04490000000000016E10	2.49234837501098161E0
1.04499999999999993E10	2.49209091120842086E0
1.04509999999999992E10	2.49183077877462411E0
1.04520000000000013E10	2.49156797605618374E0
1.04529999999999990E10	2.49130250811129583E0
1.04540000000000011E10	2.49103437448651732E0
1.04550000000000010E10	2.49076357609238697E0
1.04559999999999986E10	2.49049011595770775E0
1.04570000000000007E10	2.49021399617829697E0
1.04580000000000006E10	2.48993521792161854E0
1.04590000000000005E10	2.48965378104562740E0
1.04599999999999982E10	2.48936968752181498E0
1.04609999999999981E10	2.48908293725371710E0
1.04620000000000002E10	2.48879353830912509E0
1.04630000000000001E10	2.48850148229318080E0
1.04640000000000022E10	2.48820678070501433E0
1.04649999999999999E10	2.48790943048314617E0
1.04659999999999997E10	2.48760943256027156E0
1.04669999999999996E10	2.48730678769258517E0
1.04679999999999995E10	2.48700150022883371E0
1.04690000000000016E10	2.48669357131943514E0
1.04700000000000015E10	2.48638300193849293E0
1.04709999999999992E10	2.48606979738651512E0
1.04719999999999991E10	2.48575395189519366E0
1.04729999999999990E10	2.48543547377737717E0
1.04740000000000011E10	2.48511436215736792E0
1.04749999999999988E10	2.48479062308744236E0
1.04759999999999986E10	2.48446424897336859E0
1.04770000000000008E10	2.48413525147435221E0
1.04780000000000006E10	2.48380362934953114E0
1.04790000000000005E10	2.48346938267322681E0
1.04800000000000004E10	2.48313251617214625E0
1.04809999999999981E10	2.48279302693884452E0
1.04820000000000002E10	2.48245092303577986E0
1.04830000000000001E10	2.48210620043354435E0
1.04840000000000000E10	2.48175887050316968E0
1.04849999999999999E10	2.48140892364720722E0
1.04859999999999998E10	2.48105637305295224E0
1.04869999999999997E10	2.48070121060361792E0
1.04879999999999995E10	2.48034344242504101E0
1.04890000000000017E10	2.47998307663513895E0
1.04899999999999993E10	2.47962010455330617E0
1.04909999999999992E10	2.47925453942492746E0
1.04920000000000013E10	2.47888637585981986E0
1.04929999999999990E10	2.47851561932132247E0
1.04940000000000011E10	2.47814226954568406E0
1.04950000000000010E10	2.47776632937536245E0
1.04959999999999987E10	2.47738780327186214E0
1.04970000000000008E10	2.47700669145926256E0
1.04979999999999984E10	2.47662300163284277E0
1.04990000000000006E10	2.47623672811640549E0
1.05000000000000004E10	2.47584787672285733E0
1.05010000000000003E10	2.47545645157994798E0
1.05020000000000002E10	2.47506245441329265E0
1.05030000000000001E10	2.47466588310428781E0
1.05040000000000022E10	2.47426674658495394E0
1.05049999999999999E10	2.47386504665685036E0
1.05059999999999976E10	2.47346078019926940E0
1.05070000000000019E10	2.47305395583179255E0
1.05079999999999996E10	2.47264457506074242E0
1.05089999999999995E10	2.47223263484677380E0
1.05099999999999993E10	2.47181814384466803E0
1.05109999999999992E10	2.47140110470014296E0
1.05120000000000013E10	2.47098151371549113E0
1.05129999999999990E10	2.47055938352295579E0
1.05140000000000011E10	2.47013471248326510E0
1.05150000000000010E10	2.46970749445011650E0
1.05160000000000009E10	2.46927774742801631E0
1.05169999999999986E10	2.46884546265990501E0
1.05179999999999985E10	2.46841064870707694E0
1.05190000000000028E10	2.46797330531051307E0
1.05200000000000005E10	2.46753343804394820E0
1.05209999999999981E10	2.46709104902909093E0
1.05220000000000002E10	2.46664613695522705E0
1.05230000000000001E10	2.46619871271275048E0
1.05240000000000000E10	2.46574876989595637E0
1.05249999999999999E10	2.46529631925309678E0
1.05259999999999998E10	2.46484135887187339E0
1.05270000000000019E10	2.46438389332917263E0
1.05279999999999996E10	2.46392392800675841E0
1.05289999999999995E10	2.46346146027351232E0
1.05299999999999994E10	2.46299650029877393E0
1.05309999999999993E10	2.46252904460857636E0
1.05319999999999991E10	2.46205909969003311E0
1.05329999999999990E10	2.46158666860406239E0
1.05340000000000011E10	2.46111175380722269E0
1.05350000000000010E10	2.46063435540218212E0
1.05359999999999987E10	2.46015448128618086E0
1.05370000000000008E10	2.45967213349009040E0
1.05380000000000007E10	2.45918731134959545E0
1.05390000000000006E10	2.45870002579235747E0
1.05400000000000005E10	2.45821027249477897E0
1.05410000000000004E10	2.45771805836386825E0
1.05420000000000003E10	2.45722338551431907E0
1.05430000000000001E10	2.45672625891438612E0
1.05440000000000000E10	2.45622667841299203E0
1.05449999999999999E10	2.45572464982310645E0
1.05459999999999998E10	2.45522017867097553E0
1.05469999999999997E10	2.45471326503172005E0
1.05479999999999974E10	2.45420391147249806E0
1.05490000000000017E10	2.45369212338241516E0
1.05500000000000016E10	2.45317790105428202E0
1.05509999999999993E10	2.45266125548507707E0
1.05520000000000014E10	2.45214218400503103E0
1.05530000000000013E10	2.45162069120849813E0
1.05540000000000012E10	2.45109677935283932E0
1.05549999999999988E10	2.45057045382486072E0
1.05559999999999987E10	2.45004171596836295E0
1.05570000000000008E10	2.44951057330787458E0
1.05580000000000007E10	2.44897702422944219E0
1.05590000000000006E10	2.44844107770054098E0
1.05599999999999983E10	2.44790273390359880E0
1.05609999999999982E10	2.44736199815189615E0
1.05620000000000003E10	2.44681887106467322E0
1.05629999999999979E10	2.44627336072746315E0
1.05640000000000023E10	2.44572546884510800E0
1.05650000000000022E10	2.44517519548599438E0
1.05659999999999998E10	2.44462255016504004E0
1.05669999999999997E10	2.44406753301139457E0
1.05679999999999996E10	2.44351015022760398E0
1.05690000000000017E10	2.44295040133932284E0
1.05699999999999994E10	2.44238829626588538E0
1.05709999999999993E10	2.44182383291533744E0
1.05719999999999992E10	2.44125702056172411E0
1.05729999999999991E10	2.44068785783029574E0
1.05740000000000012E10	2.44011635234777824E0
1.05749999999999988E10	2.43954250576933207E0
1.05759999999999987E10	2.43896632175428341E0
1.05770000000000008E10	2.43838780628351159E0
1.05779999999999985E10	2.43780696203382297E0
1.05790000000000006E10	2.43722379366607722E0
1.05800000000000005E10	2.43663830386315228E0
1.05810000000000004E10	2.43605049695572395E0
1.05820000000000003E10	2.43546037825261630E0
1.05830000000000002E10	2.43486795010072843E0
1.05840000000000001E10	2.43427321909500982E0
1.05850000000000000E10	2.43367618625897375E0
1.05859999999999976E10	2.43307685620088199E0
1.05869999999999997E10	2.43247523513953912E0
1.05879999999999996E10	2.43187132308773180E0
1.05890000000000017E10	2.43126512881975154E0
1.05899999999999994E10	2.43065665393458730E0
1.05909999999999993E10	2.43004590357598849E0
1.05920000000000014E10	2.42943288156269643E0
1.05929999999999991E10	2.42881758878118870E0
1.05940000000000012E10	2.42820003447749633E0
1.05950000000000011E10	2.42758022300701581E0
1.05960000000000010E10	2.42695815226991085E0
1.05969999999999986E10	2.42633383233859545E0
1.05979999999999985E10	2.42570726552996385E0
1.05990000000000006E10	2.42507845891601326E0
1.06000000000000005E10	2.42444741216941040E0
1.06009999999999982E10	2.42381413226556131E0
1.06020000000000003E10	2.42317862324663702E0
1.06030000000000002E10	2.42254088783178778E0
1.06040000000000001E10	2.42190093217826297E0
1.06050000000000000E10	2.42125876142111496E0
1.06059999999999977E10	2.42061437778242095E0
1.06070000000000020E10	2.41996778595831108E0
1.06079999999999997E10	2.41931899056983868E0
1.06089999999999995E10	2.41866799994080539E0
1.06099999999999994E10	2.41801481036898114E0
1.06109999999999993E10	2.41735943410731036E0
1.06119999999999992E10	2.41670187326611119E0
1.06129999999999991E10	2.41604212926958617E0
1.06140000000000012E10	2.41538020815027599E0
1.06150000000000011E10	2.41471611646506323E0
1.06159999999999988E10	2.41404985849333986E0
1.06170000000000009E10	2.41338143780226222E0
1.06179999999999986E10	2.41271085787117645E0
1.06190000000000007E10	2.41203812394078199E0
1.06200000000000006E10	2.41136324176386374E0
1.06209999999999982E10	2.41068621698201202E0
1.06220000000000003E10	2.41000704897111673E0
1.06230000000000002E10	2.40932574931494514E0
1.06240000000000001E10	2.40864231778719518E0
1.06250000000000000E10	2.40795675867453873E0
1.06259999999999999E10	2.40726908041908327E0
1.06269999999999998E10	2.40657928400121568E0
1.06279999999999997E10	2.40588737943310926E0
1.06290000000000018E10	2.40519336258622607E0
1.06299999999999994E10	2.40449724746332683E0
1.06309999999999993E10	2.40379903394216443E0
1.06320000000000014E10	2.40309872542418734E0
1.06329999999999991E10	2.40239633242428674E0
1.06340000000000012E10	2.40169185533631779E0
1.06349999999999989E10	2.40098529955240858E0
1.06359999999999988E10	2.40027667031113090E0
1.06370000000000009E10	2.39956597299862340E0
1.06380000000000008E10	2.39885320835709193E0
1.06390000000000007E10	2.39813838804732171E0
1.06400000000000006E10	2.39742151249651414E0
1.06410000000000005E10	2.39670258943528447E0
1.06420000000000003E10	2.39598161898847861E0
1.06429999999999980E10	2.39525861151692565E0
1.06440000000000023E10	2.39453356829756325E0
1.06450000000000000E10	2.39380649458934158E0
1.06459999999999999E10	2.39307739989568091E0
1.06469999999999998E10	2.39234628291208073E0
1.06479999999999997E10	2.39161315129853724E0
1.06490000000000018E10	2.39087801045748183E0
1.06499999999999995E10	2.39014086384113922E0
1.06509999999999994E10	2.38940171793121614E0
1.06520000000000015E10	2.38866057666947906E0
1.06530000000000014E10	2.38791744787939342E0
1.06539999999999990E10	2.38717233218969271E0
1.06549999999999989E10	2.38642523932997586E0
1.06559999999999988E10	2.38567616894984846E0
1.06570000000000009E10	2.38492513034116937E0
1.06579999999999986E10	2.38417212793795796E0
1.06590000000000007E10	2.38341716682263716E0
1.06600000000000006E10	2.38266025213900123E0
1.06609999999999983E10	2.38190138622726799E0
1.06620000000000004E10	2.38114057522100087E0
1.06630000000000003E10	2.38037782872458203E0
1.06640000000000024E10	2.37961314866303031E0
1.06650000000000000E10	2.37884653816833413E0
1.06659999999999999E10	2.37807800468500918E0
1.06669999999999998E10	2.37730755256061865E0
1.06679999999999997E10	2.37653519211457720E0
1.06689999999999996E10	2.37576091870739248E0
1.06699999999999995E10	2.37498474497318890E0
1.06709999999999994E10	2.37420667423255782E0
1.06720000000000015E10	2.37342671404475958E0
1.06729999999999992E10	2.37264486385022710E0
1.06740000000000013E10	2.37186113319194192E0
1.06750000000000012E10	2.37107552628944918E0
1.06759999999999988E10	2.37028804848308727E0
1.06770000000000009E10	2.36949870510648619E0
1.06780000000000008E10	2.36870750370171645E0
1.06790000000000007E10	2.36791444431222065E0
1.06800000000000006E10	2.36711953528703622E0
1.06809999999999983E10	2.36632278713010491E0
1.06820000000000004E10	2.36552419296485272E0
1.06830000000000003E10	2.36472377176354209E0
1.06840000000000002E10	2.36392151744883128E0
1.06849999999999978E10	2.36311744229353327E0
1.06859999999999977E10	2.36231154920883668E0
1.06870000000000021E10	2.36150384569843785E0
1.06879999999999997E10	2.36069433431358799E0
1.06890000000000018E10	2.35988302136387151E0
1.06900000000000017E10	2.35906991309205782E0
1.06909999999999994E10	2.35825501431814111E0
1.06919999999999993E10	2.35743833141511105E0
1.06929999999999992E10	2.35661986906267895E0
1.06940000000000013E10	2.35579963106297807E0
1.06950000000000012E10	2.35497762596478610E0
1.06959999999999988E10	2.35415385713229064E0
1.06969999999999987E10	2.35332833078546155E0
1.06979999999999986E10	2.35250105330684534E0
1.06990000000000007E10	2.35167202964569722E0
1.06999999999999984E10	2.35084126226855528E0
1.07009999999999983E10	2.35000876015820070E0
1.07020000000000026E10	2.34917453031013723E0
1.07030000000000003E10	2.34833857380296562E0
1.07040000000000002E10	2.34750089792688410E0
1.07050000000000001E10	2.34666150877984192E0
1.07060000000000000E10	2.34582041232377358E0
1.07069999999999999E10	2.34497761307443220E0
1.07079999999999997E10	2.34413311879469699E0
1.07089999999999996E10	2.34328693189230997E0
1.07099999999999995E10	2.34243905956974841E0
1.07109999999999994E10	2.34158950730784809E0
1.07119999999999993E10	2.34073828042672449E0
1.07129999999999992E10	2.33988538459672712E0
1.07140000000000013E10	2.33903082531693807E0
1.07149999999999990E10	2.33817460816665079E0
1.07159999999999989E10	2.33731674084415220E0
1.07170000000000010E10	2.33645722472563255E0
1.07180000000000009E10	2.33559606866466396E0
1.07190000000000007E10	2.33473327824248011E0
1.07200000000000006E10	2.33386885859164206E0
1.07210000000000005E10	2.33300281565040812E0
1.07220000000000004E10	2.33213515287690676E0
1.07229999999999981E10	2.33126587831063414E0
1.07240000000000002E10	2.33039499598682109E0
1.07250000000000001E10	2.32952251423385048E0
1.07260000000000000E10	2.32864843762970830E0
1.07269999999999999E10	2.32777276952996237E0
1.07279999999999998E10	2.32689551704798125E0
1.07290000000000019E10	2.32601668827665531E0
1.07299999999999995E10	2.32513628608882783E0
1.07309999999999972E10	2.32425431608943622E0
1.07320000000000015E10	2.32337078657449858E0
1.07330000000000014E10	2.32248569990316422E0
1.07339999999999991E10	2.32159906578868336E0
1.07349999999999990E10	2.32071088434015538E0
1.07359999999999989E10	2.31982116665542071E0
1.07370000000000010E10	2.31892991717062547E0
1.07379999999999987E10	2.31803714003625139E0
1.07390000000000008E10	2.31714284178795227E0
1.07400000000000007E10	2.31624702985471487E0
1.07410000000000005E10	2.31534970820972852E0
1.07420000000000004E10	2.31445088052624959E0
1.07429999999999981E10	2.31355055833459033E0
1.07440000000000024E10	2.31264874129822617E0
1.07450000000000001E10	2.31174543931167920E0
1.07459999999999978E10	2.31084065593879018E0
1.07469999999999999E10	2.30993439893847130E0
1.07479999999999998E10	2.30902667096337932E0
1.07489999999999997E10	2.30811748167020969E0
1.07499999999999996E10	2.30720683371683322E0
1.07509999999999994E10	2.30629473460700085E0
1.07520000000000016E10	2.30538119192155255E0
1.07529999999999992E10	2.30446620746648412E0
1.07540000000000013E10	2.30354978994751347E0
1.07549999999999990E10	2.30263194299346718E0
1.07559999999999989E10	2.30171267334860774E0
1.07570000000000010E10	2.30079198850878930E0
1.07579999999999987E10	2.29986989069462666E0
1.07590000000000008E10	2.29894638959329267E0
1.07600000000000007E10	2.29802149052817972E0
1.07609999999999983E10	2.29709519656989736E0
1.07620000000000005E10	2.29616751542508490E0
1.07630000000000003E10	2.29523845297951290E0
1.07640000000000002E10	2.29430801422477781E0
1.07650000000000001E10	2.29337620689418964E0
1.07660000000000000E10	2.29244303576131969E0
1.07669999999999999E10	2.29150850424970631E0
1.07679999999999998E10	2.29057262165450171E0
1.07690000000000019E10	2.28963539182414033E0
1.07699999999999996E10	2.28869682398010044E0
1.07709999999999995E10	2.28775691922804425E0
1.07719999999999994E10	2.28681568648602873E0
1.07729999999999992E10	2.28587313192602837E0
1.07740000000000014E10	2.28492925766534061E0
1.07750000000000012E10	2.28398407354605881E0
1.07759999999999989E10	2.28303758245530597E0
1.07770000000000010E10	2.28208979537962930E0
1.07780000000000009E10	2.28114071306985444E0
1.07790000000000008E10	2.28019034324449299E0
1.07799999999999985E10	2.27923869088411291E0
1.07809999999999984E10	2.27828576392026738E0
1.07820000000000005E10	2.27733156689339955E0
1.07830000000000004E10	2.27637610358386278E0
1.07840000000000003E10	2.27541938501330732E0
1.07850000000000001E10	2.27446141274658808E0
1.07859999999999978E10	2.27350219405309684E0
1.07869999999999999E10	2.27254173475030941E0
1.07879999999999998E10	2.27158004156569238E0
1.07890000000000019E10	2.27061711870667571E0
1.07900000000000018E10	2.26965297447779069E0
1.07909999999999995E10	2.26868761018840281E0
1.07919999999999994E10	2.26772103737150577E0
1.07929999999999993E10	2.26675325991946597E0
1.07940000000000014E10	2.26578428343555505E0
1.07949999999999990E10	2.26481411184474002E0
1.07959999999999989E10	2.26384275431037052E0
1.07970000000000010E10	2.26287021285136447E0
1.07979999999999987E10	2.26189649719495289E0
1.07990000000000008E10	2.26092161201144215E0
1.08000000000000007E10	2.25994556339032471E0
1.08009999999999984E10	2.25896835612544589E0
1.08020000000000005E10	2.25798999701962888E0
1.08030000000000004E10	2.25701049217960881E0
1.08040000000000003E10	2.25602984660941353E0
1.08050000000000002E10	2.25504806645813716E0
1.08060000000000000E10	2.25406515859042678E0
1.08069999999999999E10	2.25308112590210552E0
1.08079999999999998E10	2.25209597889522151E0
1.08090000000000019E10	2.25110972225087158E0
1.08099999999999996E10	2.25012235812344441E0
1.08109999999999973E10	2.24913389518345408E0
1.08120000000000016E10	2.24814433952621640E0
1.08129999999999993E10	2.24715369788483610E0
1.08140000000000014E10	2.24616197502900450E0
1.08150000000000013E10	2.24516917556751761E0
1.08159999999999989E10	2.24417530710283186E0
1.08170000000000011E10	2.24318037485885879E0
1.08179999999999987E10	2.24218438367256123E0
1.08190000000000008E10	2.24118734170780387E0
1.08200000000000007E10	2.24018925473788455E0
1.08210000000000006E10	2.23919012713961019E0
1.08219999999999983E10	2.23818996482173560E0
1.08229999999999982E10	2.23718877422207374E0
1.08240000000000025E10	2.23618656209707112E0
1.08250000000000002E10	2.23518333127277113E0
1.08259999999999978E10	2.23417909240305423E0
1.08270000000000022E10	2.23317384719088974E0
1.08279999999999998E10	2.23216760377914358E0
1.08289999999999997E10	2.23116036579888810E0
1.08299999999999996E10	2.23015214153194030E0
1.08309999999999995E10	2.22914293569999833E0
1.08320000000000016E10	2.22813275535368893E0
1.08329999999999993E10	2.22712160305713969E0
1.08339999999999992E10	2.22610948969119304E0
1.08349999999999991E10	2.22509641563573268E0
1.08359999999999990E10	2.22408239140333475E0
1.08369999999999989E10	2.22306742039376859E0
1.08379999999999987E10	2.22205150861849576E0
1.08390000000000031E10	2.22103466372791969E0
1.08400000000000007E10	2.22001688871889646E0
1.08409999999999984E10	2.21899819153355793E0
1.08420000000000005E10	2.21797857656232766E0
1.08430000000000004E10	2.21695805088562503E0
1.08440000000000003E10	2.21593661895196137E0
1.08450000000000002E10	2.21491428930879053E0
1.08460000000000001E10	2.21389106369692801E0
1.08470000000000000E10	2.21286695100124842E0
1.08479999999999999E10	2.21184195636788328E0
1.08489999999999998E10	2.21081608553954778E0
1.08499999999999996E10	2.20978934412451267E0
1.08509999999999995E10	2.20876173847806623E0
1.08519999999999994E10	2.20773327337084835E0
1.08529999999999993E10	2.20670395412758236E0
1.08540000000000014E10	2.20567378766111233E0
1.08550000000000013E10	2.20464278156165783E0
1.08559999999999990E10	2.20361093846948153E0
1.08570000000000011E10	2.20257826539213264E0
1.08580000000000010E10	2.20154476736262783E0
1.08590000000000009E10	2.20051045196350126E0
1.08599999999999985E10	2.19947532461420270E0
1.08609999999999984E10	2.19843938876268252E0
1.08620000000000005E10	2.19740265174411364E0
1.08630000000000004E10	2.19636511957261105E0
1.08640000000000003E10	2.19532679882677595E0
1.08650000000000002E10	2.19428769374086086E0
1.08660000000000001E10	2.19324780978632283E0
1.08670000000000000E10	2.19220715296638868E0
1.08679999999999977E10	2.19116573046814533E0
1.08690000000000020E10	2.19012354593419989E0
1.08700000000000019E10	2.18908060803730198E0
1.08709999999999996E10	2.18803691905009945E0
1.08719999999999994E10	2.18699248690166392E0
1.08729999999999993E10	2.18594731579965451E0
1.08740000000000014E10	2.18490141320983033E0
1.08749999999999991E10	2.18385478255260512E0
1.08759999999999990E10	2.18280743260445309E0
1.08770000000000011E10	2.18175936579323038E0
1.08780000000000010E10	2.18071058920370220E0
1.08790000000000009E10	2.17966110913092148E0
1.08799999999999986E10	2.17861093124523597E0
1.08809999999999985E10	2.17756005994151236E0
1.08820000000000006E10	2.17650850220688019E0
1.08829999999999982E10	2.17545626227982680E0
1.08840000000000003E10	2.17440334615315978E0
1.08850000000000002E10	2.17334976200619501E0
1.08860000000000001E10	2.17229551159997758E0
1.08870000000000000E10	2.17124060269133912E0
1.08879999999999999E10	2.17018504152200453E0
1.08890000000000020E10	2.16912883125846534E0
1.08899999999999997E10	2.16807198079387042E0
1.08909999999999996E10	2.16701449247677846E0
1.08919999999999995E10	2.16595637339757152E0
1.08929999999999993E10	2.16489762971734878E0
1.08940000000000015E10	2.16383826543965441E0
1.08949999999999991E10	2.16277828873741029E0
1.08959999999999990E10	2.16171770160310617E0
1.08970000000000011E10	2.16065651414000470E0
1.08979999999999988E10	2.15959472737358071E0
1.08990000000000009E10	2.15853234900408131E0
1.09000000000000008E10	2.15746938482261141E0
1.09010000000000007E10	2.15640583978532563E0
1.09020000000000006E10	2.15534171966019139E0
1.09030000000000005E10	2.15427702981018232E0
1.09040000000000004E10	2.15321177577696510E0
1.09050000000000002E10	2.15214596356518584E0
1.09059999999999979E10	2.15107959681129968E0
1.09070000000000000E10	2.15001268373457588E0
1.09079999999999999E10	2.14894522882393302E0
1.09089999999999998E10	2.14787723669193076E0
1.09099999999999997E10	2.14680871352107339E0
1.09109999999999974E10	2.14573966440006636E0
1.09120000000000017E10	2.14467009420806409E0
1.09129999999999994E10	2.14360001105912001E0
1.09140000000000015E10	2.14252941789952711E0
1.09150000000000014E10	2.14145832117636026E0
1.09160000000000013E10	2.14038672519911755E0
1.09169999999999989E10	2.13931463727996096E0
1.09179999999999988E10	2.13824206044581677E0
1.09190000000000009E10	2.13716900252873376E0
1.09200000000000008E10	2.13609546693292085E0
1.09209999999999985E10	2.13502146151940941E0
1.09220000000000006E10	2.13394698916938363E0
1.09229999999999983E10	2.13287205591884721E0
1.09240000000000004E10	2.13179666659662503E0
1.09250000000000003E10	2.13072082841882571E0
1.09259999999999979E10	2.12964454529816161E0
1.09270000000000023E10	2.12856782405039580E0
1.09279999999999999E10	2.12749066846447787E0
1.09289999999999998E10	2.12641308477943669E0
1.09299999999999997E10	2.12533507648074727E0
1.09309999999999996E10	2.12425665094628346E0
1.09319999999999995E10	2.12317781331646316E0
1.09329999999999994E10	2.12209856906249827E0
1.09340000000000015E10	2.12101892090474431E0
1.09349999999999992E10	2.11993887800967551E0
1.09359999999999991E10	2.11885844223168140E0
1.09370000000000012E10	2.11777762141617121E0
1.09379999999999988E10	2.11669641955774201E0
1.09390000000000009E10	2.11561484182998916E0
1.09400000000000008E10	2.11453289402693567E0
1.09409999999999985E10	2.11345058059361213E0
1.09420000000000006E10	2.11236790748241088E0
1.09430000000000005E10	2.11128487979095159E0
1.09440000000000004E10	2.11020150202416623E0
1.09450000000000003E10	2.10911778090446411E0
1.09460000000000002E10	2.10803372111135889E0
1.09470000000000001E10	2.10694932543957014E0
1.09479999999999977E10	2.10586460189161162E0
1.09490000000000021E10	2.10477955539100581E0
1.09499999999999997E10	2.10369419020446324E0
1.09509999999999996E10	2.10260851069545929E0
1.09520000000000017E10	2.10152252416672702E0
1.09529999999999994E10	2.10043623459923401E0
1.09540000000000015E10	2.09934964739282170E0
1.09549999999999992E10	2.09826276686512214E0
1.09559999999999991E10	2.09717559834496914E0
1.09570000000000012E10	2.09608814813816746E0
1.09580000000000011E10	2.09500041851850760E0
1.09589999999999987E10	2.09391241831531749E0
1.09599999999999986E10	2.09282415072798944E0
1.09609999999999985E10	2.09173561966325083E0
1.09620000000000006E10	2.09064683173900567E0
1.09629999999999983E10	2.08955779193757651E0
1.09640000000000026E10	2.08846850433596387E0
1.09650000000000003E10	2.08737897541712769E0
1.09660000000000002E10	2.08628920883824343E0
1.09670000000000001E10	2.08519920980626194E0
1.09680000000000000E10	2.08410898352420704E0
1.09690000000000021E10	2.08301853575577356E0
1.09699999999999998E10	2.08192786979775146E0
1.09709999999999996E10	2.08083699262535315E0
1.09719999999999995E10	2.07974590711792739E0
1.09729999999999994E10	2.07865461887655778E0
1.09739999999999993E10	2.07756313421778316E0
1.09749999999999992E10	2.07647145641559883E0
1.09759999999999991E10	2.07537959105226077E0
1.09770000000000012E10	2.07428754270667248E0
1.09779999999999989E10	2.07319531663906531E0
1.09790000000000010E10	2.07210291754487530E0
1.09800000000000009E10	2.07101035077734785E0
1.09809999999999985E10	2.06991762066303542E0
1.09820000000000007E10	2.06882473140104350E0
1.09830000000000005E10	2.06773168902318361E0
1.09840000000000004E10	2.06663849807695899E0
1.09850000000000003E10	2.06554516273329192E0
1.09859999999999980E10	2.06445168862573869E0
1.09870000000000001E10	2.06335808054890713E0
1.09880000000000000E10	2.06226434236178813E0
1.09889999999999999E10	2.06117048052350693E0
1.09899999999999998E10	2.06007649658733971E0
1.09909999999999997E10	2.05898239958143492E0
1.09920000000000018E10	2.05788819150083357E0
1.09929999999999994E10	2.05679387700804783E0
1.09940000000000015E10	2.05569946190321806E0
1.09950000000000014E10	2.05460495070273330E0
1.09959999999999991E10	2.05351034748582029E0
1.09969999999999990E10	2.05241565775923140E0
1.09979999999999989E10	2.05132088605744656E0
1.09990000000000010E10	2.05022603616155275E0
1.10000000000000009E10	2.04913111376157353E0
1.10009999999999986E10	2.04803612275758384E0
1.10020000000000007E10	2.04694106893189565E0
1.10030000000000006E10	2.04584595547901893E0
1.10040000000000004E10	2.04475078816314415E0
1.10049999999999981E10	2.04365557117472862E0
1.10059999999999980E10	2.04256030914803333E0
1.10070000000000023E10	2.04146500674817233E0
1.10080000000000000E10	2.04036966779052209E0
1.10089999999999999E10	2.03927429809094951E0
1.10099999999999998E10	2.03817890103960142E0
1.10109999999999997E10	2.03708348230859082E0
1.10119999999999996E10	2.03598804574316494E0
1.10129999999999995E10	2.03489259561655400E0
1.10140000000000016E10	2.03379713690651931E0
1.10150000000000015E10	2.03270167394764911E0
1.10159999999999991E10	2.03160621129869057E0
1.10169999999999990E10	2.03051075374310219E0
1.10179999999999989E10	2.02941530581161489E0
1.10190000000000010E10	2.02831987104636191E0
1.10199999999999987E10	2.02722445491207504E0
1.10209999999999986E10	2.02612906039801421E0
1.10220000000000007E10	2.02503369407928302E0
1.10230000000000006E10	2.02393835868940108E0
1.10240000000000005E10	2.02284305970590372E0
1.10250000000000004E10	2.02174779983410868E0
1.10260000000000002E10	2.02065258550663618E0
1.10270000000000001E10	2.01955741922998078E0
1.10280000000000000E10	2.01846230740947874E0
1.10289999999999999E10	2.01736725355445978E0
1.10299999999999998E10	2.01627226067468435E0
1.10309999999999997E10	2.01517733519546605E0
1.10319999999999996E10	2.01408247921872396E0
1.10329999999999995E10	2.01298769906150055E0
1.10340000000000016E10	2.01189299817720846E0
1.10349999999999993E10	2.01079838045454551E0
1.10359999999999969E10	2.00970385091043058E0
1.10370000000000013E10	2.00860941369957757E0
1.10380000000000011E10	2.00751507240077443E0
1.10390000000000010E10	2.00642083209752142E0
1.10400000000000009E10	2.00532669638568795E0
1.10410000000000008E10	2.00423266962294466E0
1.10420000000000007E10	2.00313875599831226E0
1.10429999999999984E10	2.00204496006222898E0
1.10440000000000005E10	2.00095128557010682E0
1.10450000000000004E10	1.99985773692643165E0
1.10460000000000003E10	1.99876431795635323E0
1.10470000000000002E10	1.99767103374416499E0
1.10479999999999978E10	1.99657788670739378E0
1.10490000000000022E10	1.99548488253536260E0
1.10499999999999998E10	1.99439202463354426E0
1.10509999999999975E10	1.99329931758545653E0
1.10520000000000018E10	1.99220676474794001E0
1.10530000000000017E10	1.99111437045660544E0
1.10539999999999994E10	1.99002213971890618E0
1.10549999999999993E10	1.98893007530060761E0
1.10559999999999992E10	1.98783818166074910E0
1.10570000000000013E10	1.98674646306912539E0
1.10579999999999989E10	1.98565492301440094E0
1.10590000000000011E10	1.98456356650928534E0
1.10599999999999987E10	1.98347239599483482E0
1.10609999999999986E10	1.98238141743036556E0
1.10620000000000007E10	1.98129063336581135E0
1.10629999999999984E10	1.98020004747308098E0
1.10640000000000027E10	1.97910966478647010E0
1.10650000000000004E10	1.97801948892089197E0
1.10659999999999981E10	1.97692952365002284E0
1.10670000000000002E10	1.97583977256735288E0
1.10680000000000001E10	1.97475024017900691E0
1.10690000000000000E10	1.97366093007670318E0
1.10699999999999998E10	1.97257184625680115E0
1.10709999999999997E10	1.97148299257503501E0
1.10719999999999996E10	1.97039437243317694E0
1.10729999999999995E10	1.96930598999976514E0
1.10740000000000016E10	1.96821784959546231E0
1.10749999999999993E10	1.96712995481059161E0
1.10759999999999992E10	1.96604230858059559E0
1.10770000000000013E10	1.96495491587745974E0
1.10779999999999990E10	1.96386777941785273E0
1.10790000000000011E10	1.96278090370793246E0
1.10800000000000010E10	1.96169429233502579E0
1.10809999999999986E10	1.96060794951337236E0
1.10820000000000007E10	1.95952187764134989E0
1.10830000000000006E10	1.95843608202610153E0
1.10840000000000005E10	1.95735056532740370E0
1.10849999999999982E10	1.95626533157908633E0
1.10859999999999981E10	1.95518038466753641E0
1.10870000000000002E10	1.95409572793117703E0
1.10880000000000001E10	1.95301136512482509E0
1.10890000000000022E10	1.95192729974702917E0
1.10899999999999999E10	1.95084353592291992E0
1.10909999999999997E10	1.94976007741262092E0
1.10919999999999996E10	1.94867692658002034E0
1.10929999999999995E10	1.94759408837028380E0
1.10940000000000016E10	1.94651156610378884E0
1.10950000000000015E10	1.94542936237710973E0
1.10959999999999992E10	1.94434748226286147E0
1.10969999999999991E10	1.94326592840417867E0
1.10979999999999990E10	1.94218470448043234E0
1.10990000000000011E10	1.94110381382463926E0
1.10999999999999988E10	1.94002326027605521E0
1.11009999999999986E10	1.93894304739458545E0
1.11020000000000008E10	1.93786317844278178E0
1.11030000000000006E10	1.93678365748466907E0
1.11040000000000005E10	1.93570448719143617E0
1.11050000000000004E10	1.93462567106838046E0
1.11059999999999981E10	1.93354721305709321E0
1.11070000000000002E10	1.93246911696462775E0
1.11080000000000001E10	1.93139138476513872E0
1.11090000000000000E10	1.93031402127976692E0
1.11099999999999999E10	1.92923702954635812E0
1.11109999999999998E10	1.92816041265994720E0
1.11119999999999997E10	1.92708417412477240E0
1.11129999999999995E10	1.92600831732351985E0
1.11140000000000017E10	1.92493284582344759E0
1.11149999999999993E10	1.92385776245003748E0
1.11159999999999992E10	1.92278307112335001E0
1.11170000000000013E10	1.92170877476831925E0
1.11179999999999990E10	1.92063487697127688E0
1.11190000000000011E10	1.91956138067489634E0
1.11200000000000010E10	1.91848828981056996E0
1.11209999999999987E10	1.91741560665381106E0
1.11220000000000008E10	1.91634333543663238E0
1.11229999999999984E10	1.91527147909535223E0
1.11240000000000006E10	1.91420004034392499E0
1.11250000000000004E10	1.91312902299468712E0
1.11260000000000003E10	1.91205843027461397E0
1.11270000000000002E10	1.91098826532408261E0
1.11280000000000001E10	1.90991853114507171E0
1.11290000000000022E10	1.90884923076795965E0
1.11299999999999999E10	1.90778036779823168E0
1.11309999999999976E10	1.90671194485322748E0
1.11320000000000019E10	1.90564396589026908E0
1.11329999999999996E10	1.90457643317473435E0
1.11339999999999995E10	1.90350935059848858E0
1.11349999999999993E10	1.90244272073736287E0
1.11359999999999992E10	1.90137654667632172E0
1.11370000000000013E10	1.90031083187383709E0
1.11379999999999990E10	1.89924557889255663E0
1.11390000000000011E10	1.89818079151475838E0
1.11400000000000010E10	1.89711647235034042E0
1.11410000000000009E10	1.89605262382277706E0
1.11419999999999986E10	1.89498925049725209E0
1.11429999999999985E10	1.89392635359832573E0
1.11440000000000028E10	1.89286393748859494E0
1.11450000000000005E10	1.89180200414228716E0
1.11459999999999981E10	1.89074055799901664E0
1.11470000000000002E10	1.88967960041478711E0
1.11480000000000001E10	1.88861913513865032E0
1.11490000000000000E10	1.88755916496243992E0
1.11499999999999999E10	1.88649969283607732E0
1.11509999999999998E10	1.88544072179651367E0
1.11520000000000019E10	1.88438225446854668E0
1.11529999999999996E10	1.88332429420958181E0
1.11539999999999995E10	1.88226684356248852E0
1.11549999999999994E10	1.88120990521795184E0
1.11559999999999993E10	1.88015348251929626E0
1.11569999999999991E10	1.87909757782377373E0
1.11579999999999990E10	1.87804219451599708E0
1.11590000000000011E10	1.87698733492719882E0
1.11600000000000010E10	1.87593300215561842E0
1.11609999999999987E10	1.87487919892431587E0
1.11620000000000008E10	1.87382592801415071E0
1.11630000000000007E10	1.87277319229281392E0
1.11640000000000006E10	1.87172099441041562E0
1.11650000000000005E10	1.87066933715763750E0
1.11660000000000004E10	1.86961822290885893E0
1.11670000000000003E10	1.86856765525546886E0
1.11680000000000001E10	1.86751763607249144E0
1.11690000000000000E10	1.86646816869901855E0
1.11699999999999999E10	1.86541925559928989E0
1.11709999999999998E10	1.86437089881540730E0
1.11719999999999997E10	1.86332310264553014E0
1.11729999999999974E10	1.86227586795566236E0
1.11740000000000017E10	1.86122919830274114E0
1.11750000000000016E10	1.86018309641737734E0
1.11759999999999993E10	1.85913756465357172E0
1.11770000000000014E10	1.85809260560251999E0
1.11780000000000013E10	1.85704822226352739E0
1.11790000000000012E10	1.85600441623776047E0
1.11799999999999988E10	1.85496119119636771E0
1.11809999999999987E10	1.85391854944820911E0
1.11820000000000008E10	1.85287649334987625E0
1.11830000000000007E10	1.85183502540035327E0
1.11840000000000006E10	1.85079414827107458E0
1.11849999999999983E10	1.84975386429495581E0
1.11859999999999982E10	1.84871417638954716E0
1.11870000000000003E10	1.84767508703246652E0
1.11879999999999979E10	1.84663659834232496E0
1.11890000000000023E10	1.84559871293689959E0
1.11900000000000022E10	1.84456143320818411E0
1.11909999999999998E10	1.84352476186070269E0
1.11919999999999997E10	1.84248870123165753E0
1.11929999999999996E10	1.84145325360269663E0
1.11940000000000017E10	1.84041842167846914E0
1.11949999999999994E10	1.83938420761712318E0
1.11959999999999993E10	1.83835061382110476E0
1.11969999999999992E10	1.83731764280306420E0
1.11979999999999991E10	1.83628529690564779E0
1.11990000000000012E10	1.83525357854495574E0
1.11999999999999988E10	1.83422249015212380E0
1.12009999999999987E10	1.83319203393005536E0
1.12020000000000008E10	1.83216221212567842E0
1.12029999999999985E10	1.83113302736604977E0
1.12040000000000006E10	1.83010448181837004E0
1.12050000000000005E10	1.82907657760200260E0
1.12060000000000004E10	1.82804931714674090E0
1.12070000000000003E10	1.82702270267708355E0
1.12080000000000002E10	1.82599673677967345E0
1.12090000000000001E10	1.82497142114073396E0
1.12100000000000000E10	1.82394675855123944E0
1.12109999999999976E10	1.82292275079659016E0
1.12119999999999997E10	1.82189940045601828E0
1.12129999999999996E10	1.82087670971137139E0
1.12140000000000017E10	1.81985468051730237E0
1.12149999999999994E10	1.81883331507555623E0
1.12159999999999993E10	1.81781261563931662E0
1.12170000000000014E10	1.81679258472264693E0
1.12179999999999991E10	1.81577322404634045E0
1.12190000000000012E10	1.81475453596175607E0
1.12200000000000011E10	1.81373652268186980E0
1.12210000000000010E10	1.81271918599940363E0
1.12219999999999986E10	1.81170252824719547E0
1.12229999999999985E10	1.81068655139924473E0
1.12240000000000006E10	1.80967125786663052E0
1.12250000000000005E10	1.80865664942879056E0
1.12259999999999982E10	1.80764272814036087E0
1.12270000000000003E10	1.80662949615331647E0
1.12280000000000002E10	1.80561695571514669E0
1.12290000000000001E10	1.80460510852566092E0
1.12300000000000000E10	1.80359395668126488E0
1.12309999999999977E10	1.80258350263837563E0
1.12320000000000020E10	1.80157374781132207E0
1.12329999999999997E10	1.80056469444506861E0
1.12339999999999995E10	1.79955634441849188E0
1.12349999999999994E10	1.79854869984674393E0
1.12359999999999993E10	1.79754176301365209E0
1.12369999999999992E10	1.79653553503865360E0
1.12379999999999991E10	1.79553001855596595E0
1.12390000000000012E10	1.79452521503131446E0
1.12400000000000011E10	1.79352112680652720E0
1.12409999999999988E10	1.79251775560465232E0
1.12420000000000009E10	1.79151510361419808E0
1.12429999999999986E10	1.79051317206924820E0
1.12440000000000007E10	1.78951196334743945E0
1.12450000000000006E10	1.78851147909812891E0
1.12459999999999982E10	1.78751172157838600E0
1.12470000000000003E10	1.78651269203251206E0
1.12480000000000002E10	1.78551439267208223E0
1.12490000000000001E10	1.78451682531422318E0
1.12500000000000000E10	1.78351999161517139E0
1.12509999999999999E10	1.78252389361579766E0
1.12519999999999998E10	1.78152853288317092E0
1.12529999999999997E10	1.78053391125626059E0
1.12540000000000018E10	1.77954003075475375E0
1.12549999999999994E10	1.77854689297211954E0
1.12559999999999993E10	1.77755449940518062E0
1.12570000000000014E10	1.77656285214848109E0
1.12579999999999991E10	1.77557195279412672E0
1.12590000000000012E10	1.77458180322470982E0
1.12599999999999989E10	1.77359240469224821E0
1.12609999999999988E10	1.77260375953680738E0
1.12620000000000009E10	1.77161586903795287E0
1.12630000000000008E10	1.77062873486881966E0
1.12640000000000007E10	1.76964235899219458E0
1.12650000000000006E10	1.76865674305609621E0
1.12660000000000005E10	1.76767188810617815E0
1.12670000000000003E10	1.76668779669379394E0
1.12679999999999980E10	1.76570446980373696E0
1.12690000000000023E10	1.76472190919978722E0
1.12700000000000000E10	1.76374011651302376E0
1.12709999999999999E10	1.76275909370589612E0
1.12719999999999998E10	1.76177884158955034E0
1.12729999999999997E10	1.76079936268616422E0
1.12740000000000018E10	1.75982065781967356E0
1.12749999999999995E10	1.75884272872074243E0
1.12759999999999994E10	1.75786557736938054E0
1.12770000000000015E10	1.75688920474391574E0
1.12780000000000014E10	1.75591361281929026E0
1.12789999999999990E10	1.75493880263577173E0
1.12799999999999989E10	1.75396477618164970E0
1.12809999999999988E10	1.75299153486474979E0
1.12820000000000009E10	1.75201907996021577E0
1.12829999999999986E10	1.75104741328815683E0
1.12840000000000007E10	1.75007653609290648E0
1.12850000000000006E10	1.74910644975197593E0
1.12859999999999983E10	1.74813715576091200E0
1.12870000000000004E10	1.74716865575522151E0
1.12880000000000003E10	1.74620095128122310E0
1.12890000000000024E10	1.74523404314665931E0
1.12900000000000000E10	1.74426793335075381E0
1.12909999999999999E10	1.74330262328427699E0
1.12919999999999998E10	1.74233811408702510E0
1.12929999999999997E10	1.74137440714013336E0
1.12939999999999996E10	1.74041150414907597E0
1.12949999999999995E10	1.73944940606356568E0
1.12959999999999994E10	1.73848811464977615E0
1.12970000000000015E10	1.73752763104594443E0
1.12979999999999992E10	1.73656795648115980E0
1.12990000000000013E10	1.73560909254199847E0
1.13000000000000012E10	1.73465104039827733E0
1.13009999999999988E10	1.73369380143536578E0
1.13020000000000009E10	1.73273737688720386E0
1.13030000000000008E10	1.73178176806330120E0
1.13040000000000007E10	1.73082697623199833E0
1.13050000000000006E10	1.72987300289073898E0
1.13059999999999983E10	1.72891984889105843E0
1.13070000000000004E10	1.72796751592927711E0
1.13080000000000003E10	1.72701600497713148E0
1.13090000000000002E10	1.72606531749803027E0
1.13099999999999978E10	1.72511545445890158E0
1.13109999999999977E10	1.72416641699376849E0
1.13120000000000021E10	1.72321820674049153E0
1.13129999999999997E10	1.72227082478060289E0
1.13140000000000018E10	1.72132427215882133E0
1.13150000000000017E10	1.72037855007284879E0
1.13159999999999994E10	1.71943365978102491E0
1.13169999999999993E10	1.71848960230582803E0
1.13179999999999992E10	1.71754637921242548E0
1.13190000000000013E10	1.71660399105311168E0
1.13200000000000012E10	1.71566243941272623E0
1.13209999999999988E10	1.71472172537249246E0
1.13219999999999987E10	1.71378184974338432E0
1.13229999999999986E10	1.71284281414185080E0
1.13240000000000007E10	1.71190461917099745E0
1.13249999999999984E10	1.71096726637481211E0
1.13259999999999983E10	1.71003075635134194E0
1.13270000000000026E10	1.70909509080444177E0
1.13280000000000003E10	1.70816027001011506E0
1.13290000000000002E10	1.70722629596879028E0
1.13300000000000001E10	1.70629316892227512E0
1.13310000000000000E10	1.70536089042572869E0
1.13319999999999999E10	1.70442946123413752E0
1.13329999999999997E10	1.70349888233871205E0
1.13339999999999996E10	1.70256915499419192E0
1.13349999999999995E10	1.70164028000135925E0
1.13359999999999994E10	1.70071225876337251E0
1.13369999999999993E10	1.69978509174391657E0
1.13379999999999992E10	1.69885878021679093E0
1.13390000000000013E10	1.69793332517349249E0
1.13399999999999990E10	1.69700872738483044E0
1.13409999999999989E10	1.69608498803015828E0
1.13420000000000010E10	1.69516210785217081E0
1.13430000000000009E10	1.69424008819970018E0
1.13440000000000007E10	1.69331892938651651E0
1.13450000000000006E10	1.69239863278263813E0
1.13460000000000005E10	1.69147919925629209E0
1.13470000000000004E10	1.69056062958249598E0
1.13479999999999981E10	1.68964292475297206E0
1.13490000000000002E10	1.68872608576869032E0
1.13500000000000001E10	1.68781011327926955E0
1.13510000000000000E10	1.68689500805496739E0
1.13519999999999999E10	1.68598077138904667E0
1.13529999999999998E10	1.68506740388948817E0
1.13540000000000019E10	1.68415490662840250E0
1.13549999999999995E10	1.68324328020219349E0
1.13559999999999972E10	1.68233252538744527E0
1.13570000000000015E10	1.68142264331928026E0
1.13580000000000014E10	1.68051363432680767E0
1.13589999999999991E10	1.67960549985922358E0
1.13599999999999990E10	1.67869824017714042E0
1.13609999999999989E10	1.67779185640798167E0
1.13620000000000010E10	1.67688634918384949E0
1.13629999999999987E10	1.67598171955229391E0
1.13640000000000008E10	1.67507796784840712E0
1.13650000000000007E10	1.67417509506670892E0
1.13660000000000005E10	1.67327310199914181E0
1.13670000000000004E10	1.67237198922577313E0
1.13679999999999981E10	1.67147175776977508E0
1.13690000000000024E10	1.67057240813528329E0
1.13700000000000001E10	1.66967394106452005E0
1.13709999999999978E10	1.66877635733551632E0
1.13719999999999999E10	1.66787965777358504E0
1.13729999999999998E10	1.66698384285256429E0
1.13739999999999997E10	1.66608891322901531E0
1.13749999999999996E10	1.66519486995177290E0
1.13759999999999994E10	1.66430171352055289E0
1.13770000000000016E10	1.66340944435492077E0
1.13779999999999992E10	1.66251806343723429E0
1.13790000000000013E10	1.66162757129770688E0
1.13799999999999990E10	1.66073796857304634E0
1.13809999999999989E10	1.65984925604432720E0
1.13820000000000010E10	1.65896143409650132E0
1.13829999999999987E10	1.65807450344542961E0
1.13840000000000008E10	1.65718846491176408E0
1.13850000000000007E10	1.65630331891480354E0
1.13859999999999983E10	1.65541906590957399E0
1.13870000000000005E10	1.65453570672377825E0
1.13880000000000003E10	1.65365324214174492E0
1.13890000000000002E10	1.65277167248912682E0
1.13900000000000001E10	1.65189099809675821E0
1.13910000000000000E10	1.65101121999826206E0
1.13919999999999999E10	1.65013233854796249E0
1.13929999999999998E10	1.64925435419028887E0
1.13940000000000019E10	1.64837726757285896E0
1.13949999999999996E10	1.64750107938187140E0
1.13959999999999995E10	1.64662578993216324E0
1.13969999999999994E10	1.64575139972227724E0
1.13979999999999992E10	1.64487790952831214E0
1.13990000000000014E10	1.64400531983795828E0
1.14000000000000012E10	1.64313363075109886E0
1.14009999999999989E10	1.64226284310881354E0
1.14020000000000010E10	1.64139295722852330E0
1.14030000000000009E10	1.64052397397955430E0
1.14040000000000008E10	1.63965589335248230E0
1.14049999999999985E10	1.63878871593761644E0
1.14059999999999984E10	1.63792244233907636E0
1.14070000000000005E10	1.63705707302602566E0
1.14080000000000004E10	1.63619260817110757E0
1.14090000000000003E10	1.63532904858550365E0
1.14100000000000001E10	1.63446639435278884E0
1.14109999999999978E10	1.63360464624892754E0
1.14119999999999999E10	1.63274380454850521E0
1.14129999999999998E10	1.63188386944282882E0
1.14140000000000019E10	1.63102484156279082E0
1.14150000000000018E10	1.63016672126397411E0
1.14159999999999995E10	1.62930950886839221E0
1.14169999999999994E10	1.62845320500308177E0
1.14179999999999993E10	1.62759780989956937E0
1.14190000000000014E10	1.62674332384755616E0
1.14199999999999990E10	1.62588974732528624E0
1.14209999999999989E10	1.62503708063395624E0
1.14220000000000010E10	1.62418532404101001E0
1.14229999999999987E10	1.62333447787350282E0
1.14240000000000008E10	1.62248454283752386E0
1.14250000000000007E10	1.62163551892635316E0
1.14259999999999984E10	1.62078740661242748E0
1.14270000000000005E10	1.61994020626684132E0
1.14280000000000004E10	1.61909391787963552E0
1.14290000000000003E10	1.61824854205514268E0
1.14300000000000002E10	1.61740407896944416E0
1.14310000000000000E10	1.61656052903276826E0
1.14319999999999999E10	1.61571789242386998E0
1.14329999999999998E10	1.61487616957820368E0
1.14340000000000019E10	1.61403536074657761E0
1.14349999999999996E10	1.61319546590680329E0
1.14359999999999973E10	1.61235648575578971E0
1.14370000000000016E10	1.61151842003038714E0
1.14379999999999993E10	1.61068126937738421E0
1.14390000000000014E10	1.60984503412373137E0
1.14400000000000013E10	1.60900971414419525E0
1.14409999999999989E10	1.60817530993570013E0
1.14420000000000011E10	1.60734182151632998E0
1.14429999999999987E10	1.60650924940045403E0
1.14440000000000008E10	1.60567759362872509E0
1.14450000000000007E10	1.60484685421884299E0
1.14460000000000006E10	1.60401703193518008E0
1.14469999999999983E10	1.60318812606905881E0
1.14479999999999982E10	1.60236013787522191E0
1.14490000000000025E10	1.60153306680339624E0
1.14500000000000002E10	1.60070691307548230E0
1.14509999999999978E10	1.59988167757336708E0
1.14520000000000022E10	1.59905735947325423E0
1.14529999999999998E10	1.59823395952154312E0
1.14539999999999997E10	1.59741147764465397E0
1.14549999999999996E10	1.59658991424352315E0
1.14559999999999995E10	1.59576926919168893E0
1.14570000000000016E10	1.59494954255889154E0
1.14579999999999993E10	1.59413073472689204E0
1.14589999999999992E10	1.59331284603238932E0
1.14599999999999991E10	1.59249587618481137E0
1.14609999999999990E10	1.59167982548731479E0
1.14619999999999989E10	1.59086469383260898E0
1.14629999999999987E10	1.59005048155809181E0
1.14640000000000031E10	1.58923718878560472E0
1.14650000000000007E10	1.58842481532089486E0
1.14659999999999984E10	1.58761336137224474E0
1.14670000000000005E10	1.58680282723271038E0
1.14680000000000004E10	1.58599321282902039E0
1.14690000000000003E10	1.58518451817523998E0
1.14700000000000002E10	1.58437674338889400E0
1.14710000000000001E10	1.58356988864055048E0
1.14720000000000000E10	1.58276395392203506E0
1.14729999999999999E10	1.58195893897852935E0
1.14739999999999998E10	1.58115484413760221E0
1.14749999999999996E10	1.58035166979454744E0
1.14759999999999995E10	1.57954941527412562E0
1.14769999999999994E10	1.57874808092210861E0
1.14779999999999993E10	1.57794766686570176E0
1.14790000000000014E10	1.57714817288991860E0
1.14800000000000013E10	1.57634959927222895E0
1.14809999999999990E10	1.57555194589167380E0
1.14820000000000011E10	1.57475521249373673E0
1.14830000000000010E10	1.57395939921192052E0
1.14840000000000009E10	1.57316450638778393E0
1.14849999999999985E10	1.57237053379351210E0
1.14859999999999984E10	1.57157748137231290E0
1.14870000000000005E10	1.57078534890031829E0
1.14880000000000004E10	1.56999413666887122E0
1.14890000000000003E10	1.56920384444396110E0
1.14900000000000002E10	1.56841447233677034E0
1.14910000000000001E10	1.56762602027571374E0
1.14920000000000000E10	1.56683848806480364E0
1.14929999999999977E10	1.56605187564001946E0
1.14940000000000020E10	1.56526618305929621E0
1.14950000000000019E10	1.56448141031049404E0
1.14959999999999996E10	1.56369755734299787E0
1.14969999999999994E10	1.56291462379038082E0
1.14979999999999993E10	1.56213260970327394E0
1.14990000000000014E10	1.56135151520507653E0
1.14999999999999991E10	1.56057134018357790E0
1.15009999999999990E10	1.55979208409717773E0
1.15020000000000011E10	1.55901374739157772E0
1.15030000000000010E10	1.55823632943109924E0
1.15040000000000009E10	1.55745983048043857E0
1.15049999999999986E10	1.55668425065902927E0
1.15059999999999985E10	1.55590958943181223E0
1.15070000000000006E10	1.55513584667012372E0
1.15079999999999982E10	1.55436302243948554E0
1.15090000000000003E10	1.55359111650307824E0
1.15100000000000002E10	1.55282012875380016E0
1.15110000000000001E10	1.55205005871983759E0
1.15120000000000000E10	1.55128090695948906E0
1.15129999999999999E10	1.55051267279135896E0
1.15140000000000020E10	1.54974535599205754E0
1.15149999999999997E10	1.54897895697472676E0
1.15159999999999996E10	1.54821347529749209E0
1.15169999999999995E10	1.54744891016328778E0
1.15179999999999993E10	1.54668526231087489E0
1.15190000000000015E10	1.54592253106599453E0
1.15199999999999991E10	1.54516071636288022E0
1.15209999999999990E10	1.54439981774217072E0
1.15220000000000011E10	1.54363983555618711E0
1.15229999999999988E10	1.54288076931379159E0
1.15240000000000009E10	1.54212261884494772E0
1.15250000000000008E10	1.54136538386462796E0
1.15260000000000007E10	1.54060906415574617E0
1.15270000000000006E10	1.53985365975620692E0
1.15280000000000005E10	1.53909917011885988E0
1.15290000000000004E10	1.53834559524585579E0
1.15300000000000002E10	1.53759293458468926E0
1.15309999999999979E10	1.53684118845408957E0
1.15320000000000000E10	1.53609035620859014E0
1.15329999999999999E10	1.53534043781401608E0
1.15339999999999998E10	1.53459143274176935E0
1.15349999999999997E10	1.53384334083039953E0
1.15359999999999974E10	1.53309616210484156E0
1.15370000000000017E10	1.53234989588668080E0
1.15379999999999994E10	1.53160454262584333E0
1.15390000000000015E10	1.53086010103053738E0
1.15400000000000014E10	1.53011657186616379E0
1.15410000000000013E10	1.52937395402618970E0
1.15419999999999989E10	1.52863224759887673E0
1.15429999999999988E10	1.52789145265776960E0
1.15440000000000009E10	1.52715156791467610E0
1.15450000000000008E10	1.52641259420693398E0
1.15459999999999985E10	1.52567453068108128E0
1.15470000000000006E10	1.52493737682342889E0
1.15479999999999983E10	1.52420113285800851E0
1.15490000000000004E10	1.52346579815500660E0
1.15500000000000003E10	1.52273137236698974E0
1.15509999999999979E10	1.52199785553847877E0
1.15520000000000023E10	1.52126524730443768E0
1.15529999999999999E10	1.52053354694085563E0
1.15539999999999998E10	1.51980275393497100E0
1.15549999999999997E10	1.51907286877478098E0
1.15559999999999996E10	1.51834389050513274E0
1.15569999999999995E10	1.51761581931940559E0
1.15579999999999994E10	1.51688865441370146E0
1.15590000000000015E10	1.51616239540830589E0
1.15599999999999992E10	1.51543704228934972E0
1.15609999999999991E10	1.51471259449042606E0
1.15620000000000012E10	1.51398905156178620E0
1.15629999999999988E10	1.51326641369499981E0
1.15640000000000009E10	1.51254468016533883E0
1.15650000000000008E10	1.51182384990194207E0
1.15659999999999985E10	1.51110392364859103E0
1.15670000000000006E10	1.51038490083987731E0
1.15680000000000005E10	1.50966678038799151E0
1.15690000000000004E10	1.50894956256191537E0
1.15700000000000003E10	1.50823324685662197E0
1.15710000000000002E10	1.50751783282389318E0
1.15720000000000001E10	1.50680332036738474E0
1.15729999999999977E10	1.50608970813058796E0
1.15740000000000021E10	1.50537699660248081E0
1.15749999999999997E10	1.50466518522379755E0
1.15759999999999996E10	1.50395427381246649E0
1.15770000000000017E10	1.50324426168145275E0
1.15779999999999994E10	1.50253514829179324E0
1.15790000000000015E10	1.50182693328626926E0
1.15799999999999992E10	1.50111961617868128E0
1.15809999999999991E10	1.50041319697415432E0
1.15820000000000012E10	1.49970767504116465E0
1.15830000000000011E10	1.49900304984757393E0
1.15839999999999987E10	1.49829932077166439E0
1.15849999999999986E10	1.49759648744265905E0
1.15859999999999985E10	1.49689454973820690E0
1.15870000000000006E10	1.49619350723558964E0
1.15879999999999983E10	1.49549335938199657E0
1.15890000000000026E10	1.49479410554420089E0
1.15900000000000003E10	1.49409574513007892E0
1.15910000000000002E10	1.49339827820075532E0
1.15920000000000001E10	1.49270170418939241E0
1.15930000000000000E10	1.49200602232581248E0
1.15940000000000021E10	1.49131123257064169E0
1.15949999999999998E10	1.49061733388595163E0
1.15959999999999996E10	1.48992432623178650E0
1.15969999999999995E10	1.48923220908587717E0
1.15979999999999994E10	1.48854098176027505E0
1.15989999999999993E10	1.48785064398472966E0
1.15999999999999992E10	1.48716119535933822E0
1.16009999999999991E10	1.48647263516967532E0
1.16020000000000012E10	1.48578496285601980E0
1.16029999999999989E10	1.48509817868802707E0
1.16040000000000010E10	1.48441228060026376E0
1.16050000000000009E10	1.48372727014430450E0
1.16059999999999985E10	1.48304314553248662E0
1.16070000000000007E10	1.48235990636298309E0
1.16080000000000005E10	1.48167755201761353E0
1.16090000000000004E10	1.48099608208559941E0
1.16100000000000003E10	1.48031549680698959E0
1.16109999999999980E10	1.47963579482235463E0
1.16120000000000001E10	1.47895697588509045E0
1.16130000000000000E10	1.47827903894859780E0
1.16139999999999999E10	1.47760198444410418E0
1.16149999999999998E10	1.47692581139603241E0
1.16159999999999997E10	1.47625051936653118E0
1.16170000000000018E10	1.47557610802127592E0
1.16179999999999994E10	1.47490257599227093E0
1.16190000000000015E10	1.47422992342015946E0
1.16200000000000014E10	1.47355814964352505E0
1.16209999999999991E10	1.47288725435593260E0
1.16219999999999990E10	1.47221723667252902E0
1.16229999999999989E10	1.47154809608972759E0
1.16240000000000010E10	1.47087983233566777E0
1.16250000000000009E10	1.47021244426966025E0
1.16259999999999986E10	1.46954593187503058E0
1.16270000000000007E10	1.46888029473875026E0
1.16280000000000006E10	1.46821553165763041E0
1.16290000000000004E10	1.46755164251647430E0
1.16299999999999981E10	1.46688862630359496E0
1.16309999999999980E10	1.46622648374415898E0
1.16320000000000023E10	1.46556521249014549E0
1.16330000000000000E10	1.46490481286574692E0
1.16339999999999999E10	1.46424528431379164E0
1.16349999999999998E10	1.46358662709800447E0
1.16359999999999997E10	1.46292883852397426E0
1.16369999999999996E10	1.46227191986166560E0
1.16379999999999995E10	1.46161586924275455E0
1.16390000000000016E10	1.46096068733768325E0
1.16400000000000015E10	1.46030637277937414E0
1.16409999999999991E10	1.45965292512975808E0
1.16419999999999990E10	1.45900034380598664E0
1.16429999999999989E10	1.45834862814825938E0
1.16440000000000010E10	1.45769777733503614E0
1.16449999999999987E10	1.45704779163502973E0
1.16459999999999986E10	1.45639866942063567E0
1.16470000000000007E10	1.45575041093543178E0
1.16480000000000006E10	1.45510301538137155E0
1.16490000000000005E10	1.45445648145250983E0
1.16500000000000004E10	1.45381080877273572E0
1.16510000000000002E10	1.45316599750896547E0
1.16520000000000001E10	1.45252204627028703E0
1.16530000000000000E10	1.45187895484865215E0
1.16539999999999999E10	1.45123672244016277E0
1.16549999999999998E10	1.45059534845624971E0
1.16559999999999997E10	1.44995483170268469E0
1.16569999999999996E10	1.44931517235895768E0
1.16579999999999995E10	1.44867636992862270E0
1.16590000000000016E10	1.44803842364132107E0
1.16599999999999993E10	1.44740133211574551E0
1.16609999999999969E10	1.44676509546048493E0
1.16620000000000013E10	1.44612971234082166E0
1.16630000000000011E10	1.44549518259089482E0
1.16640000000000010E10	1.44486150621641918E0
1.16650000000000009E10	1.44422868185989528E0
1.16660000000000008E10	1.44359670858364519E0
1.16670000000000007E10	1.44296558579997258E0
1.16679999999999984E10	1.44233531362966527E0
1.16690000000000005E10	1.44170589109182146E0
1.16700000000000004E10	1.44107731652262849E0
1.16710000000000003E10	1.44044959091434732E0
1.16720000000000002E10	1.43982271258558936E0
1.16729999999999978E10	1.43919668077043861E0
1.16740000000000022E10	1.43857149546703034E0
1.16749999999999998E10	1.43794715603094492E0
1.16759999999999975E10	1.43732366062736627E0
1.16770000000000018E10	1.43670101009829065E0
1.16780000000000017E10	1.43607920303809600E0
1.16789999999999994E10	1.43545823903681802E0
1.16799999999999993E10	1.43483811696866104E0
1.16809999999999992E10	1.43421883599858413E0
1.16820000000000013E10	1.43360039633348646E0
1.16829999999999989E10	1.43298279731114109E0
1.16840000000000011E10	1.43236603701934828E0
1.16849999999999987E10	1.43175011526624973E0
1.16859999999999986E10	1.43113503231303807E0
1.16870000000000007E10	1.43052078682717720E0
1.16879999999999984E10	1.42990737736883666E0
1.16890000000000027E10	1.42929480420090882E0
1.16900000000000004E10	1.42868306724130467E0
1.16909999999999981E10	1.42807216453799501E0
1.16920000000000002E10	1.42746209512036071E0
1.16930000000000001E10	1.42685286008907175E0
1.16940000000000000E10	1.42624445696558011E0
1.16949999999999998E10	1.42563688584373649E0
1.16959999999999997E10	1.42503014574957421E0
1.16969999999999996E10	1.42442423659068829E0
1.16979999999999995E10	1.42381915623592570E0
1.16990000000000016E10	1.42321490601169987E0
1.16999999999999993E10	1.42261148375368585E0
1.17009999999999992E10	1.42200888921501911E0
1.17020000000000013E10	1.42140712202226172E0
1.17029999999999990E10	1.42080618078529763E0
1.17040000000000011E10	1.42020606469632149E0
1.17050000000000010E10	1.41960677426314996E0
1.17059999999999986E10	1.41900830749578555E0
1.17070000000000007E10	1.41841066434592489E0
1.17080000000000006E10	1.41781384308396308E0
1.17090000000000005E10	1.41721784468686285E0
1.17099999999999982E10	1.41662266713819651E0
1.17109999999999981E10	1.41602830993256767E0
1.17120000000000002E10	1.41543477318396715E0
1.17130000000000001E10	1.41484205431729038E0
1.17140000000000022E10	1.41425015524567010E0
1.17149999999999999E10	1.41365907302339866E0
1.17159999999999997E10	1.41306880766904230E0
1.17169999999999996E10	1.41247935821625559E0
1.17179999999999995E10	1.41189072472598398E0
1.17190000000000016E10	1.41130290544261472E0
1.17200000000000015E10	1.41071590062525165E0
1.17209999999999992E10	1.41012970862361131E0
1.17219999999999991E10	1.40954432952558717E0
1.17229999999999990E10	1.40895976141214918E0
1.17240000000000011E10	1.40837600468190338E0
1.17249999999999988E10	1.40779305818040146E0
1.17259999999999986E10	1.40721092104881440E0
1.17270000000000008E10	1.40662959328997839E0
1.17280000000000006E10	1.40604907282353953E0
1.17290000000000005E10	1.40546935977575105E0
1.17300000000000004E10	1.40489045353707875E0
1.17309999999999981E10	1.40431235298436929E0
1.17320000000000002E10	1.40373505727012171E0
1.17330000000000001E10	1.40315856629032543E0
1.17340000000000000E10	1.40258287890711575E0
1.17349999999999999E10	1.40200799339928128E0
1.17359999999999998E10	1.40143391007656448E0
1.17369999999999997E10	1.40086062859584892E0
1.17379999999999995E10	1.40028814727557638E0
1.17390000000000017E10	1.39971646538299010E0
1.17399999999999993E10	1.39914558270589784E0
1.17409999999999992E10	1.39857549830215255E0
1.17420000000000013E10	1.39800621131284486E0
1.17429999999999990E10	1.39743772074754879E0
1.17440000000000011E10	1.39687002678008976E0
1.17450000000000010E10	1.39630312761530306E0
1.17459999999999987E10	1.39573702335647121E0
1.17470000000000008E10	1.39517171179398569E0
1.17479999999999984E10	1.39460719324695281E0
1.17490000000000006E10	1.39404346669064427E0
1.17500000000000004E10	1.39348053213709444E0
1.17510000000000003E10	1.39291838778865729E0
1.17520000000000002E10	1.39235703387309417E0
1.17530000000000001E10	1.39179646749606922E0
1.17540000000000022E10	1.39123669012067785E0
1.17549999999999999E10	1.39067770023367387E0
1.17559999999999976E10	1.39011949697028037E0
1.17570000000000019E10	1.38956207940575638E0
1.17579999999999996E10	1.38900544681204385E0
1.17589999999999995E10	1.38844959929469747E0
1.17599999999999993E10	1.38789453509410965E0
1.17609999999999992E10	1.38734025367523861E0
1.17620000000000013E10	1.38678675301768206E0
1.17629999999999990E10	1.38623403486420638E0
1.17640000000000011E10	1.38568209650407925E0
1.17650000000000010E10	1.38513093802451492E0
1.17660000000000009E10	1.38458055794367851E0
1.17669999999999986E10	1.38403095675316190E0
1.17679999999999985E10	1.38348213212217308E0
1.17690000000000028E10	1.38293408461717426E0
1.17700000000000005E10	1.38238681289055565E0
1.17709999999999981E10	1.38184031571786892E0
1.17720000000000002E10	1.38129459279352096E0
1.17730000000000001E10	1.38074964281018353E0
1.17740000000000000E10	1.38020546528005816E0
1.17749999999999999E10	1.37966206003772873E0
1.17759999999999998E10	1.37911942529493792E0
1.17770000000000019E10	1.37857756091277839E0
1.17779999999999996E10	1.37803646619859266E0
1.17789999999999995E10	1.37749613911762325E0
1.17799999999999994E10	1.37695658093083240E0
1.17809999999999993E10	1.37641778946752091E0
1.17819999999999991E10	1.37587976268923429E0
1.17829999999999990E10	1.37534250340348008E0
1.17840000000000011E10	1.37480600724053370E0
1.17850000000000010E10	1.37427027510653343E0
1.17859999999999987E10	1.37373530678183853E0
1.17870000000000008E10	1.37320109996160644E0
1.17880000000000007E10	1.37266765487223052E0
1.17890000000000006E10	1.37213496885133357E0
1.17900000000000005E10	1.37160304359126517E0
1.17910000000000004E10	1.37107187723202895E0
1.17920000000000003E10	1.37054146956705902E0
1.17930000000000001E10	1.37001181833903862E0
1.17940000000000000E10	1.36948292450686626E0
1.17949999999999999E10	1.36895478546833083E0
1.17959999999999998E10	1.36842740159924747E0
1.17969999999999997E10	1.36790077336205873E0
1.17979999999999974E10	1.36737489666512224E0
1.17990000000000017E10	1.36684977228095272E0
1.18000000000000016E10	1.36632540068649133E0
1.18009999999999993E10	1.36580177907620537E0
1.18020000000000014E10	1.36527890775421823E0
1.18030000000000013E10	1.36475678488961227E0
1.18040000000000012E10	1.36423541196080422E0
1.18049999999999988E10	1.36371478588435524E0
1.18059999999999987E10	1.36319490676994093E0
1.18070000000000008E10	1.36267577391586170E0
1.18080000000000007E10	1.36215738522760499E0
1.18090000000000006E10	1.36163974100484642E0
1.18099999999999983E10	1.36112284091331848E0
1.18109999999999982E10	1.36060668428126896E0
1.18120000000000003E10	1.36009126818249415E0
1.18129999999999979E10	1.35957659348798332E0
1.18140000000000023E10	1.35906265973521578E0
1.18150000000000022E10	1.35854946467157744E0
1.18159999999999998E10	1.35803700857395082E0
1.18169999999999997E10	1.35752528979934906E0
1.18179999999999996E10	1.35701430897914577E0
1.18190000000000017E10	1.35650406363116360E0
1.18199999999999994E10	1.35599455357389509E0
1.18209999999999993E10	1.35548577884719124E0
1.18219999999999992E10	1.35497773637207874E0
1.18229999999999991E10	1.35447042771156134E0
1.18240000000000012E10	1.35396385117754736E0
1.18249999999999988E10	1.35345800579255426E0
1.18259999999999987E10	1.35295289146394637E0
1.18270000000000008E10	1.35244850575838438E0
1.18279999999999985E10	1.35194484853370955E0
1.18290000000000006E10	1.35144192011732933E0
1.18300000000000005E10	1.35093971882230202E0
1.18310000000000004E10	1.35043824453285199E0
1.18320000000000003E10	1.34993749402073271E0
1.18330000000000002E10	1.34943746863614322E0
1.18340000000000001E10	1.34893816711148307E0
1.18350000000000000E10	1.34843958886394288E0
1.18359999999999976E10	1.34794173242378235E0
1.18369999999999997E10	1.34744459862386434E0
1.18379999999999996E10	1.34694818423917284E0
1.18390000000000017E10	1.34645248884233859E0
1.18399999999999994E10	1.34595751453460033E0
1.18409999999999993E10	1.34546325645676834E0
1.18420000000000014E10	1.34496971533953991E0
1.18429999999999991E10	1.34447689190647801E0
1.18440000000000012E10	1.34398478231663310E0
1.18450000000000011E10	1.34349338939297902E0
1.18460000000000010E10	1.34300270993438020E0
1.18469999999999986E10	1.34251274220408345E0
1.18479999999999985E10	1.34202348794293558E0
1.18490000000000006E10	1.34153494531118622E0
1.18500000000000005E10	1.34104711299664392E0
1.18509999999999982E10	1.34055999072939591E0
1.18520000000000003E10	1.34007357646895375E0
1.18530000000000002E10	1.33958787074257613E0
1.18540000000000001E10	1.33910287181907206E0
1.18550000000000000E10	1.33861858090974439E0
1.18559999999999977E10	1.33813499376765943E0
1.18570000000000020E10	1.33765211112979099E0
1.18579999999999997E10	1.33716993437613807E0
1.18589999999999995E10	1.33668845923953117E0
1.18599999999999994E10	1.33620768787447797E0
1.18609999999999993E10	1.33572761678175844E0
1.18619999999999992E10	1.33524824654007124E0
1.18629999999999991E10	1.33476957600741830E0
1.18640000000000012E10	1.33429160369029542E0
1.18650000000000011E10	1.33381433121787452E0
1.18659999999999988E10	1.33333775608455318E0
1.18670000000000009E10	1.33286187526456801E0
1.18679999999999986E10	1.33238669169214008E0
1.18690000000000007E10	1.33191220294154489E0
1.18700000000000006E10	1.33143840820233694E0
1.18709999999999982E10	1.33096530477899999E0
1.18720000000000003E10	1.33049289568782281E0
1.18730000000000002E10	1.33002117766869699E0
1.18740000000000001E10	1.32955014840728070E0
1.18750000000000000E10	1.32907981209433412E0
1.18759999999999999E10	1.32861016232748508E0
1.18769999999999998E10	1.32814120280955095E0
1.18779999999999997E10	1.32767292948278071E0
1.18790000000000018E10	1.32720534162979287E0
1.18799999999999994E10	1.32673844065965763E0
1.18809999999999993E10	1.32627222433126191E0
1.18820000000000014E10	1.32580669181181676E0
1.18829999999999991E10	1.32534184187729398E0
1.18840000000000012E10	1.32487767511390020E0
1.18849999999999989E10	1.32441418880442430E0
1.18859999999999988E10	1.32395138444698124E0
1.18870000000000009E10	1.32348925950367646E0
1.18880000000000008E10	1.32302781328379471E0
1.18890000000000007E10	1.32256704586054541E0
1.18900000000000006E10	1.32210695398915412E0
1.18910000000000005E10	1.32164754097511739E0
1.18920000000000003E10	1.32118880177686737E0
1.18929999999999980E10	1.32073073868627255E0
1.18940000000000023E10	1.32027334880889202E0
1.18950000000000000E10	1.31981663250459991E0
1.18959999999999999E10	1.31936058794420341E0
1.18969999999999998E10	1.31890521602638544E0
1.18979999999999997E10	1.31845051413473935E0
1.18990000000000018E10	1.31799648163750383E0
1.18999999999999995E10	1.31754311877256325E0
1.19009999999999994E10	1.31709042263038634E0
1.19020000000000015E10	1.31663839617536338E0
1.19030000000000014E10	1.31618703461362951E0
1.19039999999999990E10	1.31573633808050716E0
1.19049999999999989E10	1.31528630744266639E0
1.19059999999999988E10	1.31483694119621064E0
1.19070000000000009E10	1.31438823759041346E0
1.19079999999999986E10	1.31394019698091702E0
1.19090000000000007E10	1.31349281695630205E0
1.19100000000000006E10	1.31304609860696653E0
1.19109999999999983E10	1.31260003848562623E0
1.19120000000000004E10	1.31215463924150955E0
1.19130000000000003E10	1.31170989700592733E0
1.19140000000000024E10	1.31126581086386440E0
1.19150000000000000E10	1.31082238349933267E0
1.19159999999999999E10	1.31037961184526330E0
1.19169999999999998E10	1.30993749363367207E0
1.19179999999999997E10	1.30949603063058673E0
1.19189999999999996E10	1.30905522103264293E0
1.19199999999999995E10	1.30861506407629347E0
1.19209999999999994E10	1.30817555640860239E0
1.19220000000000015E10	1.30773670141090026E0
1.19229999999999992E10	1.30729849583996072E0
1.19240000000000013E10	1.30686093833122108E0
1.19250000000000012E10	1.30642403168253485E0
1.19259999999999988E10	1.30598776956270979E0
1.19270000000000009E10	1.30555215719924167E0
1.19280000000000008E10	1.30511718820191858E0
1.19290000000000007E10	1.30468286429108771E0
1.19300000000000006E10	1.30424918544802337E0
1.19309999999999983E10	1.30381614927126477E0
1.19320000000000004E10	1.30338375470879453E0
1.19330000000000003E10	1.30295200228973784E0
1.19340000000000002E10	1.30252089226346790E0
1.19349999999999978E10	1.30209042081583504E0
1.19359999999999977E10	1.30166058845586496E0
1.19370000000000021E10	1.30123139500441076E0
1.19379999999999997E10	1.30080283853078726E0
1.19390000000000018E10	1.30037491916022807E0
1.19400000000000017E10	1.29994763569791383E0
1.19409999999999994E10	1.29952098732553467E0
1.19419999999999993E10	1.29909497125718842E0
1.19429999999999992E10	1.29866959216299027E0
1.19440000000000013E10	1.29824484290334663E0
1.19450000000000012E10	1.29782072423058725E0
1.19459999999999988E10	1.29739724078664298E0
1.19469999999999987E10	1.29697438359338535E0
1.19479999999999986E10	1.29655215792690615E0
1.19490000000000007E10	1.29613055887838891E0
1.19499999999999984E10	1.29570958870776498E0
1.19509999999999983E10	1.29528924620756425E0
1.19520000000000026E10	1.29486952885938167E0
1.19530000000000003E10	1.29445043568502527E0
1.19540000000000002E10	1.29403196616693839E0
1.19550000000000001E10	1.29361412247167351E0
1.19560000000000000E10	1.29319690106049934E0
1.19569999999999999E10	1.29278029973777198E0
1.19579999999999997E10	1.29236432146137381E0
1.19589999999999996E10	1.29194896391133529E0
1.19599999999999995E10	1.29153422457924694E0
1.19609999999999994E10	1.29112010391514342E0
1.19619999999999993E10	1.29070660064289111E0
1.19629999999999992E10	1.29029371377257807E0
1.19640000000000013E10	1.28988144555128237E0
1.19649999999999990E10	1.28946979084850022E0
1.19659999999999989E10	1.28905875230125089E0
1.19670000000000010E10	1.28864832468966806E0
1.19680000000000009E10	1.28823851266509859E0
1.19690000000000007E10	1.28782931186680671E0
1.19700000000000006E10	1.28742072052563472E0
1.19710000000000005E10	1.28701274133953092E0
1.19720000000000004E10	1.28660537207558234E0
1.19729999999999981E10	1.28619861060190388E0
1.19740000000000002E10	1.28579245976069045E0
1.19750000000000001E10	1.28538691442038777E0
1.19760000000000000E10	1.28498197326424135E0
1.19769999999999999E10	1.28457764070603253E0
1.19779999999999998E10	1.28417391222148636E0
1.19790000000000019E10	1.28377078761590235E0
1.19799999999999995E10	1.28336826567190343E0
1.19809999999999972E10	1.28296634508440799E0
1.19820000000000015E10	1.28256502753582935E0
1.19830000000000014E10	1.28216431063033443E0
1.19839999999999991E10	1.28176419378481099E0
1.19849999999999990E10	1.28136467563636747E0
1.19859999999999989E10	1.28096575642355659E0
1.19870000000000010E10	1.28056743442166643E0
1.19879999999999987E10	1.28016970784266126E0
1.19890000000000008E10	1.27977257940089695E0
1.19900000000000007E10	1.27937604481378586E0
1.19910000000000005E10	1.27898010334237289E0
1.19920000000000004E10	1.27858475759525936E0
1.19929999999999981E10	1.27819000314488318E0
1.19940000000000024E10	1.27779584011554914E0
1.19950000000000001E10	1.27740227056092737E0
1.19959999999999978E10	1.27700928798990332E0
1.19969999999999999E10	1.27661689832138836E0
1.19979999999999998E10	1.27622509500694337E0
1.19989999999999997E10	1.27583388028476552E0
1.19999999999999996E10	1.27544325172896333E0
1.20009999999999994E10	1.27505321158682872E0
1.20020000000000016E10	1.27466375396061671E0
1.20029999999999992E10	1.27427488333156513E0
1.20040000000000013E10	1.27388659403656512E0
1.20049999999999990E10	1.27349889084848900E0
1.20059999999999989E10	1.27311176710897000E0
1.20070000000000010E10	1.27272522714433878E0
1.20079999999999987E10	1.27233926706288436E0
1.20090000000000008E10	1.27195388598861503E0
1.20100000000000007E10	1.27156908509017463E0
1.20109999999999983E10	1.27118486331064617E0
1.20120000000000005E10	1.27080121557207715E0
1.20130000000000003E10	1.27041814746091686E0
1.20140000000000002E10	1.27003565550189368E0
1.20150000000000001E10	1.26965373675142112E0
1.20160000000000000E10	1.26927239340876863E0
1.20169999999999999E10	1.26889162339734818E0
1.20179999999999998E10	1.26851142674015027E0
1.20190000000000019E10	1.26813180018066962E0
1.20199999999999996E10	1.26775274669590865E0
1.20209999999999995E10	1.26737426186506874E0
1.20219999999999994E10	1.26699634700638120E0
1.20229999999999992E10	1.26661900171324038E0
1.20240000000000014E10	1.26624222513905660E0
1.20250000000000012E10	1.26586601364750950E0
1.20259999999999989E10	1.26549037124420982E0
1.20270000000000010E10	1.26511529184503968E0
1.20280000000000009E10	1.26474077965253362E0
1.20290000000000008E10	1.26436682979570270E0
1.20299999999999985E10	1.26399344247734313E0
1.20309999999999984E10	1.26362061959684668E0
1.20320000000000005E10	1.26324835788209722E0
1.20330000000000004E10	1.26287665706879326E0
1.20340000000000003E10	1.26250551434679426E0
1.20350000000000001E10	1.26213493527125542E0
1.20359999999999978E10	1.26176491033467908E0
1.20369999999999999E10	1.26139544588007224E0
1.20379999999999998E10	1.26102653662421416E0
1.20390000000000019E10	1.26065818517528982E0
1.20400000000000018E10	1.26029038863982756E0
1.20409999999999995E10	1.25992314640222980E0
1.20419999999999994E10	1.25955645961020424E0
1.20429999999999993E10	1.25919032359944860E0
1.20440000000000014E10	1.25882474197494632E0
1.20449999999999990E10	1.25845971035010962E0
1.20459999999999989E10	1.25809522992060119E0
1.20470000000000010E10	1.25773130177935433E0
1.20479999999999987E10	1.25736791951107074E0
1.20490000000000008E10	1.25700508643426545E0
1.20500000000000007E10	1.25664280110645521E0
1.20509999999999984E10	1.25628106335069600E0
1.20520000000000005E10	1.25591987150419993E0
1.20530000000000004E10	1.25555922739720227E0
1.20540000000000003E10	1.25519912444299653E0
1.20550000000000002E10	1.25483956537440178E0
1.20560000000000000E10	1.25448055174074069E0
1.20569999999999999E10	1.25412207914316332E0
1.20579999999999998E10	1.25376414810559456E0
1.20590000000000019E10	1.25340675710622595E0
1.20599999999999996E10	1.25304990734488264E0
1.20609999999999973E10	1.25269359628689103E0
1.20620000000000016E10	1.25233782356154633E0
1.20629999999999993E10	1.25198258957097708E0
1.20640000000000014E10	1.25162789209617897E0
1.20650000000000013E10	1.25127372996759645E0
1.20659999999999989E10	1.25092010251081742E0
1.20670000000000011E10	1.25056701212341004E0
1.20679999999999987E10	1.25021445314801349E0
1.20690000000000008E10	1.24986242871136932E0
1.20700000000000007E10	1.24951093530065127E0
1.20710000000000006E10	1.24915997536600765E0
1.20719999999999983E10	1.24880954526674004E0
1.20729999999999982E10	1.24845964677611887E0
1.20740000000000025E10	1.24811027468055302E0
1.20750000000000002E10	1.24776143267942996E0
1.20759999999999978E10	1.24741312009600702E0
1.20770000000000022E10	1.24706533329130242E0
1.20779999999999998E10	1.24671807177274552E0
1.20789999999999997E10	1.24637133588513960E0
1.20799999999999996E10	1.24602512564999102E0
1.20809999999999995E10	1.24567943811760529E0
1.20820000000000016E10	1.24533427676574604E0
1.20829999999999993E10	1.24498963592290890E0
1.20839999999999992E10	1.24464551665002965E0
1.20849999999999991E10	1.24430191940090729E0
1.20859999999999990E10	1.24395884253416900E0
1.20869999999999989E10	1.24361628437724092E0
1.20879999999999987E10	1.24327424591131441E0
1.20890000000000031E10	1.24293272422785073E0
1.20900000000000007E10	1.24259172087413505E0
1.20909999999999984E10	1.24225123230050594E0
1.20920000000000005E10	1.24191126183565825E0
1.20930000000000004E10	1.24157180439571779E0
1.20940000000000003E10	1.24123286300239943E0
1.20950000000000002E10	1.24089443344245187E0
1.20960000000000001E10	1.24055651843970605E0
1.20970000000000000E10	1.24021911497487869E0
1.20979999999999999E10	1.23988222183468100E0
1.20989999999999998E10	1.23954583902357274E0
1.20999999999999996E10	1.23920996899921598E0
1.21009999999999995E10	1.23887460659928972E0
1.21019999999999994E10	1.23853975246107817E0
1.21029999999999993E10	1.23820540478395680E0
1.21040000000000014E10	1.23787156515837538E0
1.21050000000000013E10	1.23753822996309504E0
1.21059999999999990E10	1.23720540237019327E0
1.21070000000000011E10	1.23687307909726885E0
1.21080000000000010E10	1.23654126120627716E0
1.21090000000000009E10	1.23620994326645284E0
1.21099999999999985E10	1.23587913104956915E0
1.21109999999999984E10	1.23554881760746293E0
1.21120000000000005E10	1.23521900785555938E0
1.21130000000000004E10	1.23488969581677166E0
1.21140000000000003E10	1.23456088429605826E0
1.21150000000000002E10	1.23423257144249110E0
1.21160000000000001E10	1.23390475826860868E0
1.21170000000000000E10	1.23357744015489423E0
1.21179999999999977E10	1.23325062071863423E0
1.21190000000000020E10	1.23292429699501804E0
1.21200000000000019E10	1.23259846604703149E0
1.21209999999999996E10	1.23227313164896568E0
1.21219999999999994E10	1.23194829128157202E0
1.21229999999999993E10	1.23162394533644992E0
1.21240000000000014E10	1.23130008786396838E0
1.21249999999999991E10	1.23097672543607395E0
1.21259999999999990E10	1.23065385188287313E0
1.21270000000000011E10	1.23033147070934712E0
1.21280000000000010E10	1.23000957486771045E0
1.21290000000000009E10	1.22968817057287572E0
1.21299999999999986E10	1.22936725282422477E0
1.21309999999999985E10	1.22904682443866720E0
1.21320000000000006E10	1.22872687987721130E0
1.21329999999999982E10	1.22840742437849881E0
1.21340000000000003E10	1.22808845089994367E0
1.21350000000000002E10	1.22776996386405179E0
1.21360000000000001E10	1.22745195732683698E0
1.21370000000000000E10	1.22713443686499590E0
1.21379999999999999E10	1.22681740029129904E0
1.21390000000000020E10	1.22650084120629654E0
1.21399999999999997E10	1.22618476710714885E0
1.21409999999999996E10	1.22586916943865298E0
1.21419999999999995E10	1.22555405391306138E0
1.21429999999999993E10	1.22523941542816894E0
1.21440000000000015E10	1.22492525325979607E0
1.21449999999999991E10	1.22461157143649557E0
1.21459999999999990E10	1.22429836610706011E0
1.21470000000000011E10	1.22398563382560210E0
1.21479999999999988E10	1.22367337925929243E0
1.21490000000000009E10	1.22336159781826948E0
1.21500000000000008E10	1.22305029170663992E0
1.21510000000000007E10	1.22273945853680588E0
1.21520000000000006E10	1.22242909567364055E0
1.21530000000000005E10	1.22211920631954429E0
1.21540000000000004E10	1.22180978602334012E0
1.21550000000000002E10	1.22150083957419575E0
1.21559999999999979E10	1.22119236035613055E0
1.21570000000000000E10	1.22088434931221146E0
1.21579999999999999E10	1.22057680682871683E0
1.21589999999999998E10	1.22026973341523703E0
1.21599999999999997E10	1.21996312354405601E0
1.21609999999999974E10	1.21965698206017281E0
1.21620000000000017E10	1.21935130572319550E0
1.21629999999999994E10	1.21904609277246379E0
1.21640000000000015E10	1.21874134501170373E0
1.21650000000000014E10	1.21843705989715745E0
1.21660000000000013E10	1.21813323949717223E0
1.21669999999999989E10	1.21782987944109511E0
1.21679999999999988E10	1.21752697997753212E0
1.21690000000000009E10	1.21722454079780595E0
1.21700000000000008E10	1.21692256486675277E0
1.21709999999999985E10	1.21662104238863034E0
1.21720000000000006E10	1.21631998358197291E0
1.21729999999999983E10	1.21601937995456821E0
1.21740000000000004E10	1.21571923433475693E0
1.21750000000000003E10	1.21541954479264058E0
1.21759999999999979E10	1.21512031023745171E0
1.21770000000000023E10	1.21482153078011379E0
1.21779999999999999E10	1.21452320880455833E0
1.21789999999999998E10	1.21422533588261938E0
1.21799999999999997E10	1.21392791894126018E0
1.21809999999999996E10	1.21363095302491830E0
1.21819999999999995E10	1.21333443971120403E0
1.21829999999999994E10	1.21303837646650625E0
1.21840000000000015E10	1.21274276411698656E0
1.21849999999999992E10	1.21244760079262082E0
1.21859999999999991E10	1.21215288871911242E0
1.21870000000000012E10	1.21185862024324620E0
1.21879999999999988E10	1.21156480294165370E0
1.21890000000000009E10	1.21127143235367329E0
1.21900000000000008E10	1.21097850740817536E0
1.21909999999999985E10	1.21068602719825913E0
1.21920000000000006E10	1.21039399170799777E0
1.21930000000000005E10	1.21010240182294071E0
1.21940000000000004E10	1.20981125497293451E0
1.21950000000000003E10	1.20952055056985275E0
1.21960000000000002E10	1.20923028893036166E0
1.21970000000000001E10	1.20894046909132635E0
1.21979999999999977E10	1.20865108989896863E0
1.21990000000000021E10	1.20836215074183184E0
1.21999999999999997E10	1.20807364935208716E0
1.22009999999999996E10	1.20778558915431611E0
1.22020000000000017E10	1.20749796714764179E0
1.22029999999999994E10	1.20721078493217227E0
1.22040000000000015E10	1.20692403579946550E0
1.22049999999999992E10	1.20663772171267358E0
1.22059999999999991E10	1.20635184447160193E0
1.22070000000000012E10	1.20606640496725048E0
1.22080000000000011E10	1.20578139907773729E0
1.22089999999999987E10	1.20549682471748487E0
1.22099999999999986E10	1.20521268559383965E0
1.22109999999999985E10	1.20492897440605917E0
1.22120000000000006E10	1.20464569863650173E0
1.22129999999999983E10	1.20436285211884631E0
1.22140000000000026E10	1.20408043863689884E0
1.22150000000000003E10	1.20379845164987520E0
1.22160000000000002E10	1.20351689648908500E0
1.22170000000000001E10	1.20323576586890035E0
1.22180000000000000E10	1.20295506554970655E0
1.22190000000000021E10	1.20267479243376885E0
1.22199999999999998E10	1.20239494437640126E0
1.22209999999999996E10	1.20211552286186141E0
1.22219999999999995E10	1.20183652807489949E0
1.22229999999999994E10	1.20155795392349751E0
1.22239999999999993E10	1.20127980559479242E0
1.22249999999999992E10	1.20100208354755300E0
1.22259999999999991E10	1.20072477963184099E0
1.22270000000000012E10	1.20044789702379151E0
1.22279999999999989E10	1.20017144068700188E0
1.22290000000000010E10	1.19989539963353553E0
1.22300000000000009E10	1.19961977772160933E0
1.22309999999999985E10	1.19934458177521241E0
1.22320000000000007E10	1.19906979833521143E0
1.22330000000000005E10	1.19879543895198104E0
1.22340000000000004E10	1.19852149096716820E0
1.22350000000000003E10	1.19824796253393884E0
1.22359999999999980E10	1.19797484842874580E0
1.22370000000000001E10	1.19770215106212152E0
1.22380000000000000E10	1.19742987153230329E0
1.22389999999999999E10	1.19715800215938262E0
1.22399999999999998E10	1.19688654567338792E0
1.22409999999999997E10	1.19661550624586277E0
1.22420000000000018E10	1.19634487609560991E0
1.22429999999999994E10	1.19607465869544316E0
1.22440000000000015E10	1.19580485224778488E0
1.22450000000000014E10	1.19553545439992681E0
1.22459999999999991E10	1.19526646938252257E0
1.22469999999999990E10	1.19499789097153908E0
1.22479999999999989E10	1.19472972270999578E0
1.22490000000000010E10	1.19446196044122788E0
1.22500000000000009E10	1.19419460862416260E0
1.22509999999999986E10	1.19392766360060265E0
1.22520000000000007E10	1.19366111914048334E0
1.22530000000000006E10	1.19339498368180319E0
1.22540000000000004E10	1.19312925311148987E0
1.22549999999999981E10	1.19286392757775261E0
1.22559999999999980E10	1.19259900144206088E0
1.22570000000000023E10	1.19233448020028976E0
1.22580000000000000E10	1.19207036357893781E0
1.22589999999999999E10	1.19180664792196245E0
1.22599999999999998E10	1.19154333346949204E0
1.22609999999999997E10	1.19128041788663452E0
1.22619999999999996E10	1.19101790235070037E0
1.22629999999999995E10	1.19075578831742601E0
1.22640000000000016E10	1.19049407221390857E0
1.22650000000000015E10	1.19023275194571077E0
1.22659999999999991E10	1.18997183018696417E0
1.22669999999999990E10	1.18971130374936296E0
1.22679999999999989E10	1.18945117463383676E0
1.22690000000000010E10	1.18919144472107141E0
1.22699999999999987E10	1.18893210339969246E0
1.22709999999999986E10	1.18867315679357888E0
1.22720000000000007E10	1.18841460927909326E0
1.22730000000000006E10	1.18815645104243073E0
1.22740000000000005E10	1.18789868328192760E0
1.22750000000000004E10	1.18764131039889120E0
1.22760000000000002E10	1.18738432878384370E0
1.22770000000000001E10	1.18712773926236603E0
1.22780000000000000E10	1.18687153752667540E0
1.22789999999999999E10	1.18661572538786553E0
1.22799999999999998E10	1.18636030328443676E0
1.22809999999999997E10	1.18610526733686328E0
1.22819999999999996E10	1.18585062065842117E0
1.22829999999999995E10	1.18559636288993708E0
1.22840000000000016E10	1.18534248680190557E0
1.22849999999999993E10	1.18508899765965259E0
1.22859999999999969E10	1.18483589767828934E0
1.22870000000000013E10	1.18458318007151076E0
1.22880000000000011E10	1.18433084509837605E0
1.22890000000000010E10	1.18407889502067332E0
1.22900000000000009E10	1.18382732986649297E0
1.22910000000000008E10	1.18357614357878349E0
1.22920000000000007E10	1.18332534060960137E0
1.22929999999999984E10	1.18307491848153101E0
1.22940000000000005E10	1.18282487629460942E0
1.22950000000000004E10	1.18257521431064538E0
1.22960000000000003E10	1.18232593310436962E0
1.22970000000000002E10	1.18207702883636157E0
1.22979999999999978E10	1.18182850097176617E0
1.22990000000000022E10	1.18158035359951286E0
1.22999999999999998E10	1.18133258337493641E0
1.23009999999999975E10	1.18108518681704644E0
1.23020000000000018E10	1.18083817070617547E0
1.23030000000000017E10	1.18059152396041189E0
1.23039999999999994E10	1.18034525530452794E0
1.23049999999999993E10	1.18009936252296499E0
1.23059999999999992E10	1.17985383935126698E0
1.23070000000000013E10	1.17960868941364483E0
1.23079999999999989E10	1.17936391274683450E0
1.23090000000000011E10	1.17911950621164441E0
1.23099999999999987E10	1.17887547662298231E0
1.23109999999999986E10	1.17863181228368941E0
1.23120000000000007E10	1.17838852022564455E0
1.23129999999999984E10	1.17814559420119691E0
1.23140000000000027E10	1.17790304192942785E0
1.23150000000000004E10	1.17766085339852911E0
1.23159999999999981E10	1.17741903479612353E0
1.23170000000000002E10	1.17717758204934664E0
1.23180000000000001E10	1.17693650027072949E0
1.23190000000000000E10	1.17669577805583758E0
1.23199999999999998E10	1.17645542563114258E0
1.23209999999999997E10	1.17621543713359378E0
1.23219999999999996E10	1.17597580879200847E0
1.23229999999999995E10	1.17573655056304593E0
1.23240000000000016E10	1.17549765087238511E0
1.23249999999999993E10	1.17525911411060591E0
1.23259999999999992E10	1.17502094055028050E0
1.23270000000000013E10	1.17478313081140895E0
1.23279999999999990E10	1.17454567866173232E0
1.23290000000000011E10	1.17430858809995287E0
1.23300000000000010E10	1.17407185943428582E0
1.23309999999999986E10	1.17383548744608679E0
1.23320000000000007E10	1.17359947086135286E0
1.23330000000000006E10	1.17336381736837447E0
1.23340000000000005E10	1.17312851779477123E0
1.23349999999999982E10	1.17289357691552243E0
1.23359999999999981E10	1.17265899214532143E0
1.23370000000000002E10	1.17242476489095782E0
1.23380000000000001E10	1.17219089144311561E0
1.23390000000000022E10	1.17195737209041151E0
1.23399999999999999E10	1.17172420794178644E0
1.23409999999999997E10	1.17149139542674541E0
1.23419999999999996E10	1.17125893820916338E0
1.23429999999999995E10	1.17102683573609423E0
1.23440000000000016E10	1.17079507952200723E0
1.23450000000000015E10	1.17056367570307152E0
1.23459999999999992E10	1.17033262619632583E0
1.23469999999999991E10	1.17010192265450330E0
1.23479999999999990E10	1.16987157141706088E0
1.23490000000000011E10	1.16964156994827584E0
1.23499999999999988E10	1.16941191792788812E0
1.23509999999999986E10	1.16918261075178309E0
1.23520000000000008E10	1.16895365022151432E0
1.23530000000000006E10	1.16872504039025293E0
1.23540000000000005E10	1.16849677636148197E0
1.23550000000000004E10	1.16826885686371207E0
1.23559999999999981E10	1.16804128521355777E0
1.23570000000000002E10	1.16781405432962160E0
1.23580000000000001E10	1.16758717204076934E0
1.23590000000000000E10	1.16736062965531673E0
1.23599999999999999E10	1.16713443106969250E0
1.23609999999999998E10	1.16690857633641309E0
1.23619999999999997E10	1.16668306400124666E0
1.23629999999999995E10	1.16645789535291278E0
1.23640000000000017E10	1.16623306306698771E0
1.23649999999999993E10	1.16600857393015578E0
1.23659999999999992E10	1.16578442469740029E0
1.23670000000000013E10	1.16556061439815584E0
1.23679999999999990E10	1.16533714053981741E0
1.23690000000000011E10	1.16511401150721028E0
1.23700000000000010E10	1.16489121509313187E0
1.23709999999999987E10	1.16466875616703347E0
1.23720000000000008E10	1.16444663570633344E0
1.23729999999999984E10	1.16422485076829996E0
1.23740000000000006E10	1.16400340023208959E0
1.23750000000000004E10	1.16378228673632100E0
1.23760000000000003E10	1.16356150754878773E0
1.23770000000000002E10	1.16334106273405080E0
1.23780000000000001E10	1.16312095130736148E0
1.23790000000000022E10	1.16290117364689771E0
1.23799999999999999E10	1.16268172375049228E0
1.23809999999999976E10	1.16246261200043643E0
1.23820000000000019E10	1.16224382737203213E0
1.23829999999999996E10	1.16202537621649227E0
1.23839999999999995E10	1.16180725558053233E0
1.23849999999999993E10	1.16158946436502797E0
1.23859999999999992E10	1.16137200431624055E0
1.23870000000000013E10	1.16115487025940034E0
1.23879999999999990E10	1.16093806573082015E0
1.23890000000000011E10	1.16072158880962206E0
1.23900000000000010E10	1.16050543797613348E0
1.23910000000000009E10	1.16028961457554569E0
1.23919999999999986E10	1.16007412037373681E0
1.23929999999999985E10	1.15985894966900394E0
1.23940000000000028E10	1.15964410356577408E0
1.23950000000000005E10	1.15942958111849803E0
1.23959999999999981E10	1.15921538823241277E0
1.23970000000000002E10	1.15900151588987566E0
1.23980000000000001E10	1.15878796487951896E0
1.23990000000000000E10	1.15857473939902289E0
1.23999999999999999E10	1.15836183413137972E0
1.24009999999999998E10	1.15814924963856147E0
1.24020000000000019E10	1.15793698940586176E0
1.24029999999999996E10	1.15772504886234517E0
1.24039999999999995E10	1.15751342684243719E0
1.24049999999999994E10	1.15730212711253544E0
1.24059999999999993E10	1.15709114334573360E0
1.24069999999999991E10	1.15688048066728566E0
1.24079999999999990E10	1.15667013459398871E0
1.24090000000000011E10	1.15646010608855954E0
1.24100000000000010E10	1.15625039453218670E0
1.24109999999999987E10	1.15604100276661015E0
1.24120000000000008E10	1.15583192497501708E0
1.24130000000000007E10	1.15562316233023110E0
1.24140000000000006E10	1.15541471746131896E0
1.24150000000000005E10	1.15520658328798675E0
1.24160000000000004E10	1.15499876635449583E0
1.24170000000000003E10	1.15479126247332298E0
1.24180000000000001E10	1.15458406889370724E0
1.24190000000000000E10	1.15437718941831835E0
1.24199999999999999E10	1.15417062319797270E0
1.24209999999999998E10	1.15396436828498494E0
1.24219999999999997E10	1.15375842521486827E0
1.24229999999999974E10	1.15355278829699626E0
1.24240000000000017E10	1.15334746870347082E0
1.24250000000000016E10	1.15314245495069301E0
1.24259999999999993E10	1.15293775191735914E0
1.24270000000000014E10	1.15273335360321316E0
1.24280000000000013E10	1.15252926630891084E0
1.24290000000000012E10	1.15232548595322326E0
1.24299999999999988E10	1.15212201561828587E0
1.24309999999999987E10	1.15191884899918873E0
1.24320000000000008E10	1.15171599163608440E0
1.24330000000000007E10	1.15151343811103057E0
1.24340000000000006E10	1.15131118915946007E0
1.24349999999999983E10	1.15110924336954112E0
1.24359999999999982E10	1.15090760395432201E0
1.24370000000000003E10	1.15070626780560681E0
1.24379999999999979E10	1.15050523801411408E0
1.24390000000000023E10	1.15030450504408099E0
1.24400000000000022E10	1.15010408023520738E0
1.24409999999999998E10	1.14990395600625206E0
1.24419999999999997E10	1.14970413098584578E0
1.24429999999999996E10	1.14950461005212845E0
1.24440000000000017E10	1.14930538855121167E0
1.24449999999999994E10	1.14910646596655330E0
1.24459999999999993E10	1.14890784277294755E0
1.24469999999999992E10	1.14870951991424231E0
1.24479999999999991E10	1.14851149509551576E0
1.24490000000000012E10	1.14831376753996617E0
1.24499999999999988E10	1.14811633746778408E0
1.24509999999999987E10	1.14791920556950222E0
1.24520000000000008E10	1.14772237247810627E0
1.24529999999999985E10	1.14752583076611403E0
1.24540000000000006E10	1.14732958732844770E0
1.24550000000000005E10	1.14713364154674680E0
1.24560000000000004E10	1.14693798631306754E0
1.24570000000000003E10	1.14674262353704259E0
1.24580000000000002E10	1.14654755937278652E0
1.24590000000000001E10	1.14635278758252679E0
1.24600000000000000E10	1.14615830721904510E0
1.24609999999999976E10	1.14596411942563625E0
1.24619999999999997E10	1.14577022475294754E0
1.24629999999999996E10	1.14557662207433864E0
1.24640000000000017E10	1.14538331128032778E0
1.24649999999999994E10	1.14519028624520303E0
1.24659999999999993E10	1.14499755593606878E0
1.24670000000000014E10	1.14480511464876344E0
1.24679999999999991E10	1.14461296637638443E0
1.24690000000000012E10	1.14442109765869060E0
1.24700000000000011E10	1.14422952161168467E0
1.24710000000000010E10	1.14403823335453381E0
1.24719999999999986E10	1.14384723557300494E0
1.24729999999999985E10	1.14365652106418847E0
1.24740000000000006E10	1.14346609293728951E0
1.24750000000000005E10	1.14327595426071871E0
1.24759999999999982E10	1.14308609818022955E0
1.24770000000000003E10	1.14289652489707860E0
1.24780000000000002E10	1.14270724116138167E0
1.24790000000000001E10	1.14251824102810051E0
1.24800000000000000E10	1.14232952508756846E0
1.24809999999999977E10	1.14214108559291261E0
1.24820000000000020E10	1.14195293571836998E0
1.24829999999999997E10	1.14176506483979368E0
1.24839999999999995E10	1.14157747885711958E0
1.24849999999999994E10	1.14139017143405819E0
1.24859999999999993E10	1.14120314726352623E0
1.24869999999999992E10	1.14101639654108844E0
1.24879999999999991E10	1.14082993832858071E0
1.24890000000000012E10	1.14064375324242762E0
1.24900000000000011E10	1.14045784576416942E0
1.24909999999999988E10	1.14027222034324383E0
1.24920000000000009E10	1.14008687244170082E0
1.24929999999999986E10	1.13990180137054908E0
1.24940000000000007E10	1.13971700694541389E0
1.24950000000000006E10	1.13953249117606048E0
1.24959999999999982E10	1.13934825209296919E0
1.24970000000000003E10	1.13916428597530195E0
1.24980000000000002E10	1.13898059918165795E0
1.24990000000000001E10	1.13879718901766536E0
1.25000000000000000E10	1.13861405102931834E0
1.25009999999999999E10	1.13843118691421719E0
1.25019999999999998E10	1.13824859549477342E0
1.25029999999999997E10	1.13806628234351748E0
1.25040000000000018E10	1.13788423370090808E0
1.25049999999999994E10	1.13770246696243937E0
1.25059999999999993E10	1.13752096938646052E0
1.25070000000000014E10	1.13733974464856136E0
1.25079999999999991E10	1.13715878498020406E0
1.25090000000000012E10	1.13697810537674093E0
1.25099999999999989E10	1.13679768939877768E0
1.25109999999999988E10	1.13661754281155436E0
1.25120000000000009E10	1.13643767135924878E0
1.25130000000000008E10	1.13625806411843344E0
1.25140000000000007E10	1.13607873190270969E0
1.25150000000000006E10	1.13589966309008972E0
1.25160000000000005E10	1.13572086438779807E0
1.25170000000000003E10	1.13554233095282120E0
1.25179999999999980E10	1.13536406422289016E0
1.25190000000000023E10	1.13518606328196503E0
1.25200000000000000E10	1.13500833005594570E0
1.25209999999999999E10	1.13483086643303577E0
1.25219999999999998E10	1.13465366150031310E0
1.25229999999999997E10	1.13447672515476672E0
1.25240000000000018E10	1.13430005450090476E0
1.25249999999999995E10	1.13412364425468870E0
1.25259999999999994E10	1.13394749663739103E0
1.25270000000000015E10	1.13377161675156857E0
1.25280000000000014E10	1.13359599624181673E0
1.25289999999999990E10	1.13342063953437133E0
1.25299999999999989E10	1.13324554517496967E0
1.25309999999999988E10	1.13307071458809627E0
1.25320000000000009E10	1.13289614035608488E0
1.25329999999999986E10	1.13272183143344707E0
1.25340000000000007E10	1.13254777912373239E0
1.25350000000000006E10	1.13237398288984781E0
1.25359999999999983E10	1.13220045511953460E0
1.25370000000000004E10	1.13202717869846170E0
1.25380000000000003E10	1.13185416830078034E0
1.25390000000000024E10	1.13168141259206090E0
1.25400000000000000E10	1.13150891494936312E0
1.25409999999999999E10	1.13133667041946917E0
1.25419999999999998E10	1.13116468645005019E0
1.25429999999999997E10	1.13099295859176108E0
1.25439999999999996E10	1.13082148828218032E0
1.25449999999999995E10	1.13065027334766288E0
1.25459999999999994E10	1.13047931454346684E0
1.25470000000000015E10	1.13030860362920471E0
1.25479999999999992E10	1.13013815440124721E0
1.25490000000000013E10	1.12996795614001111E0
1.25500000000000012E10	1.12979801481011899E0
1.25509999999999988E10	1.12962832616420794E0
1.25520000000000009E10	1.12945888769488989E0
1.25530000000000008E10	1.12928970104978288E0
1.25540000000000007E10	1.12912077024916657E0
1.25550000000000006E10	1.12895208904697908E0
1.25559999999999983E10	1.12878365957210813E0
1.25570000000000004E10	1.12861548090259767E0
1.25580000000000003E10	1.12844754844327300E0
1.25590000000000002E10	1.12827987569489774E0
1.25599999999999978E10	1.12811244709299974E0
1.25609999999999977E10	1.12794526576766496E0
1.25620000000000021E10	1.12777833785854376E0
1.25629999999999997E10	1.12761165246947637E0
1.25640000000000018E10	1.12744522052622553E0
1.25650000000000017E10	1.12727903285537878E0
1.25659999999999994E10	1.12711309179282759E0
1.25669999999999993E10	1.12694740269841409E0
1.25679999999999992E10	1.12678195440879692E0
1.25690000000000013E10	1.12661675525722949E0
1.25700000000000012E10	1.12645179948164742E0
1.25709999999999988E10	1.12628709290987206E0
1.25719999999999987E10	1.12612262723225576E0
1.25729999999999986E10	1.12595840635870537E0
1.25740000000000007E10	1.12579443110036270E0
1.25749999999999984E10	1.12563070346545469E0
1.25759999999999983E10	1.12546721617984202E0
1.25770000000000026E10	1.12530396375153385E0
1.25780000000000003E10	1.12514096473559988E0
1.25790000000000002E10	1.12497820740551435E0
1.25800000000000001E10	1.12481568552111355E0
1.25810000000000000E10	1.12465340642205902E0
1.25819999999999999E10	1.12449137185468917E0
1.25829999999999997E10	1.12432957731869698E0
1.25839999999999996E10	1.12416801638990460E0
1.25849999999999995E10	1.12400670749761677E0
1.25859999999999994E10	1.12384562920029851E0
1.25869999999999993E10	1.12368479239138441E0
1.25879999999999992E10	1.12352418859905989E0
1.25890000000000013E10	1.12336383055194511E0
1.25899999999999990E10	1.12320370719447182E0
1.25909999999999989E10	1.12304382243618006E0
1.25920000000000010E10	1.12288417263409057E0
1.25930000000000009E10	1.12272476037741487E0
1.25940000000000007E10	1.12256559011776158E0
1.25950000000000006E10	1.12240664865556683E0
1.25960000000000005E10	1.12224794791751892E0
1.25970000000000004E10	1.12208948154240362E0
1.25979999999999981E10	1.12193124500106167E0
1.25990000000000002E10	1.12177325205313649E0
1.26000000000000001E10	1.12161548735393501E0
1.26010000000000000E10	1.12145795384049185E0
1.26019999999999999E10	1.12130065950418212E0
1.26029999999999998E10	1.12114359327743407E0
1.26040000000000019E10	1.12098676245317042E0
1.26049999999999995E10	1.12083016477107478E0
1.26059999999999972E10	1.12067379792629684E0
1.26070000000000015E10	1.12051766148397736E0
1.26080000000000014E10	1.12036175880499056E0
1.26089999999999991E10	1.12020608299998758E0
1.26099999999999990E10	1.12005063991760001E0
1.26109999999999989E10	1.11989542642695161E0
1.26120000000000010E10	1.11974044448134324E0
1.26129999999999987E10	1.11958568894503796E0
1.26140000000000008E10	1.11943116105480911E0
1.26150000000000007E10	1.11927686716733787E0
1.26160000000000005E10	1.11912279881676469E0
1.26170000000000004E10	1.11896895907532867E0
1.26179999999999981E10	1.11881534324861298E0
1.26190000000000024E10	1.11866195951394087E0
1.26200000000000001E10	1.11850879923013791E0
1.26209999999999978E10	1.11835586858197322E0
1.26219999999999999E10	1.11820316272635756E0
1.26229999999999998E10	1.11805068001200558E0
1.26239999999999997E10	1.11789842394563266E0
1.26249999999999996E10	1.11774639346377236E0
1.26259999999999994E10	1.11759458616434348E0
1.26270000000000016E10	1.11744300677158348E0
1.26279999999999992E10	1.11729164173068396E0
1.26290000000000013E10	1.11714051201101117E0
1.26299999999999990E10	1.11698960006637038E0
1.26309999999999989E10	1.11683890853263668E0
1.26320000000000010E10	1.11668844788725852E0
1.26329999999999987E10	1.11653820107543900E0
1.26340000000000008E10	1.11638817588687722E0
1.26350000000000007E10	1.11623837879805787E0
1.26359999999999983E10	1.11608879522972915E0
1.26370000000000005E10	1.11593943553560160E0
1.26380000000000003E10	1.11579029755617021E0
1.26390000000000002E10	1.11564137843223032E0
1.26400000000000001E10	1.11549267592266599E0
1.26410000000000000E10	1.11534419568157994E0
1.26419999999999999E10	1.11519593541295192E0
1.26429999999999998E10	1.11504789079204292E0
1.26440000000000019E10	1.11490007071367647E0
1.26449999999999996E10	1.11475246282960905E0
1.26459999999999995E10	1.11460507265813780E0
1.26469999999999994E10	1.11445789839106957E0
1.26479999999999992E10	1.11431094417746324E0
1.26490000000000014E10	1.11416420548558603E0
1.26500000000000012E10	1.11401767907054960E0
1.26509999999999989E10	1.11387137567566841E0
1.26520000000000010E10	1.11372528599374476E0
1.26530000000000009E10	1.11357940667571809E0
1.26540000000000008E10	1.11343374237187898E0
1.26549999999999985E10	1.11328829839388388E0
1.26559999999999984E10	1.11314306459935652E0
1.26570000000000005E10	1.11299804153139825E0
1.26580000000000004E10	1.11285323441797135E0
1.26590000000000003E10	1.11270864376357492E0
1.26600000000000001E10	1.11256426060563141E0
1.26609999999999978E10	1.11242009076687043E0
1.26619999999999999E10	1.11227613736264086E0
1.26629999999999998E10	1.11213239131732267E0
1.26640000000000019E10	1.11198885770891476E0
1.26650000000000018E10	1.11184553550786669E0
1.26659999999999995E10	1.11170242365277439E0
1.26669999999999994E10	1.11155952240775457E0
1.26679999999999993E10	1.11141682793154017E0
1.26690000000000014E10	1.11127434586629148E0
1.26699999999999990E10	1.11113207367565181E0
1.26709999999999989E10	1.11099000946665027E0
1.26720000000000010E10	1.11084815608949539E0
1.26729999999999987E10	1.11070650749613731E0
1.26740000000000008E10	1.11056506442609737E0
1.26750000000000007E10	1.11042383786463228E0
1.26759999999999984E10	1.11028281277140017E0
1.26770000000000005E10	1.11014199665714153E0
1.26780000000000004E10	1.11000138536194304E0
1.26790000000000003E10	1.10986098224372265E0
1.26800000000000002E10	1.10972077963766425E0
1.26810000000000000E10	1.10958078635208746E0
1.26819999999999999E10	1.10944099879409874E0
1.26829999999999998E10	1.10930141747032840E0
1.26840000000000019E10	1.10916204148193787E0
1.26849999999999996E10	1.10902286644215420E0
1.26859999999999973E10	1.10888389553512834E0
1.26870000000000016E10	1.10874513193131063E0
1.26879999999999993E10	1.10860657115858685E0
1.26890000000000014E10	1.10846820870115881E0
1.26900000000000013E10	1.10833005528819273E0
1.26909999999999989E10	1.10819209523151097E0
1.26920000000000011E10	1.10805434478618170E0
1.26929999999999987E10	1.10791679724455450E0
1.26940000000000008E10	1.10777944375389437E0
1.26950000000000007E10	1.10764229495576871E0
1.26960000000000006E10	1.10750534892530084E0
1.26969999999999983E10	1.10736860020581140E0
1.26979999999999982E10	1.10723205590230189E0
1.26990000000000025E10	1.10709570349052844E0
1.27000000000000002E10	1.10695955774343258E0
1.27009999999999978E10	1.10682360887922604E0
1.27020000000000022E10	1.10668785971015571E0
1.27029999999999998E10	1.10655230951557293E0
1.27039999999999997E10	1.10641695684291164E0
1.27049999999999996E10	1.10628179738813515E0
1.27059999999999995E10	1.10614684586665191E0
1.27070000000000016E10	1.10601208310820476E0
1.27079999999999993E10	1.10587752096591818E0
1.27089999999999992E10	1.10574315219827457E0
1.27099999999999991E10	1.10560898510327577E0
1.27109999999999990E10	1.10547500457697345E0
1.27119999999999989E10	1.10534122667600676E0
1.27129999999999987E10	1.10520764546234984E0
1.27140000000000031E10	1.10507425423879058E0
1.27150000000000007E10	1.10494105978983237E0
1.27159999999999984E10	1.10480806106119500E0
1.27170000000000005E10	1.10467525554366675E0
1.27180000000000004E10	1.10454264783736500E0
1.27190000000000003E10	1.10441022394911137E0
1.27200000000000002E10	1.10427799914739011E0
1.27210000000000001E10	1.10414596724838665E0
1.27220000000000000E10	1.10401413205822108E0
1.27229999999999999E10	1.10388247943377604E0
1.27239999999999998E10	1.10375102819764659E0
1.27249999999999996E10	1.10361976270905005E0
1.27259999999999995E10	1.10348869387311210E0
1.27269999999999994E10	1.10335780956154261E0
1.27279999999999993E10	1.10322711920929284E0
1.27290000000000014E10	1.10309661638581180E0
1.27300000000000013E10	1.10296630689534192E0
1.27309999999999990E10	1.10283618714064668E0
1.27320000000000011E10	1.10270625783146614E0
1.27330000000000010E10	1.10257651748414598E0
1.27340000000000009E10	1.10244696241171791E0
1.27349999999999985E10	1.10231760050518468E0
1.27359999999999984E10	1.10218842077207779E0
1.27370000000000005E10	1.10205943106559934E0
1.27380000000000004E10	1.10193063123900870E0
1.27390000000000003E10	1.10180202039420649E0
1.27400000000000002E10	1.10167359396148656E0
1.27410000000000001E10	1.10154535609220039E0
1.27420000000000000E10	1.10141730362461066E0
1.27429999999999977E10	1.10128943628880704E0
1.27440000000000020E10	1.10116175745326417E0
1.27450000000000019E10	1.10103426314938702E0
1.27459999999999996E10	1.10090695450676246E0
1.27469999999999994E10	1.10077983337204288E0
1.27479999999999993E10	1.10065288761473523E0
1.27490000000000014E10	1.10052613372500763E0
1.27499999999999991E10	1.10039956393703298E0
1.27509999999999990E10	1.10027317559359172E0
1.27520000000000011E10	1.10014697116983351E0
1.27530000000000010E10	1.10002095239103359E0
1.27540000000000009E10	1.09989511209978419E0
1.27549999999999986E10	1.09976946158376965E0
1.27559999999999985E10	1.09964398475761160E0
1.27570000000000006E10	1.09951869509848232E0
1.27579999999999982E10	1.09939358756897598E0
1.27590000000000003E10	1.09926865634988036E0
1.27600000000000002E10	1.09914391415876711E0
1.27610000000000001E10	1.09901934770548704E0
1.27620000000000000E10	1.09889496298807066E0
1.27629999999999999E10	1.09877075929966805E0
1.27640000000000020E10	1.09864673814822544E0
1.27649999999999997E10	1.09852288982830859E0
1.27659999999999996E10	1.09839922998624262E0
1.27669999999999995E10	1.09827574214295454E0
1.27679999999999993E10	1.09815243294761022E0
1.27690000000000015E10	1.09802931055262043E0
1.27699999999999991E10	1.09790635236877465E0
1.27709999999999990E10	1.09778358525216202E0
1.27720000000000011E10	1.09766099030177422E0
1.27729999999999988E10	1.09753857033834046E0
1.27740000000000009E10	1.09741633269032968E0
1.27750000000000008E10	1.09729427113066325E0
1.27760000000000007E10	1.09717238844048759E0
1.27770000000000006E10	1.09705067908784226E0
1.27780000000000005E10	1.09692914505699934E0
1.27790000000000004E10	1.09680778680782209E0
1.27800000000000002E10	1.09668661008120960E0
1.27809999999999979E10	1.09656560016380533E0
1.27820000000000000E10	1.09644476653591672E0
1.27829999999999999E10	1.09632411034437527E0
1.27839999999999998E10	1.09620362816297323E0
1.27849999999999997E10	1.09608331805477177E0
1.27859999999999974E10	1.09596318566825524E0
1.27870000000000017E10	1.09584322217954400E0
1.27879999999999994E10	1.09572343548849771E0
1.27890000000000015E10	1.09560382053137051E0
1.27900000000000014E10	1.09548437602670301E0
1.27910000000000013E10	1.09536510525713671E0
1.27919999999999989E10	1.09524601149887224E0
1.27929999999999988E10	1.09512708270282677E0
1.27940000000000009E10	1.09500833052335000E0
1.27950000000000008E10	1.09488974515402315E0
1.27959999999999985E10	1.09477133055870035E0
1.27970000000000006E10	1.09465309761568208E0
1.27979999999999983E10	1.09453502721853235E0
1.27990000000000004E10	1.09441712250598489E0
1.28000000000000003E10	1.09429939431770995E0
1.28009999999999979E10	1.09418182882815795E0
1.28020000000000023E10	1.09406444225760957E0
1.28029999999999999E10	1.09394721995360378E0
1.28040000000000020E10	1.09383016730472193E0
1.28050000000000019E10	1.09371328428204140E0
1.28060000000000018E10	1.09359656541438022E0
1.28069999999999995E10	1.09348002070527506E0
1.28079999999999972E10	1.09336363999303665E0
1.28090000000000015E10	1.09324743170991279E0
1.28099999999999992E10	1.09313138719179870E0
1.28109999999999991E10	1.09301550940208059E0
1.28120000000000012E10	1.09289979662288150E0
1.28129999999999988E10	1.09278425257115841E0
1.28140000000000009E10	1.09266887081454800E0
1.28150000000000008E10	1.09255365737825039E0
1.28159999999999985E10	1.09243861516482843E0
1.28170000000000028E10	1.09232373376747871E0
1.28180000000000005E10	1.09220901995568531E0
1.28189999999999982E10	1.09209446482850425E0
1.28199999999999981E10	1.09198007512812789E0
1.28209999999999980E10	1.09186585838886674E0
1.28220000000000001E10	1.09175179779031861E0
1.28229999999999977E10	1.09163790790204773E0
1.28240000000000021E10	1.09152417892057141E0
1.28249999999999997E10	1.09141060965964209E0
1.28259999999999996E10	1.09129720443367262E0
1.28270000000000017E10	1.09118396281902563E0
1.28279999999999994E10	1.09107088595432078E0
1.28290000000000015E10	1.09095797259334848E0
1.28300000000000014E10	1.09084521513764265E0
1.28309999999999991E10	1.09073262337328858E0
1.28319999999999990E10	1.09062019124730969E0
1.28329999999999989E10	1.09050792298548060E0
1.28339999999999987E10	1.09039581169290289E0
1.28349999999999986E10	1.09028386394832189E0
1.28359999999999985E10	1.09017208315498593E0
1.28370000000000006E10	1.09006045439640586E0
1.28379999999999983E10	1.08994898898995385E0
1.28390000000000026E10	1.08983768312002360E0
1.28400000000000003E10	1.08972653294157618E0
1.28410000000000002E10	1.08961554736630983E0
1.28420000000000023E10	1.08950471692603701E0
1.28430000000000000E10	1.08939404651235305E0
1.28439999999999999E10	1.08928353300673519E0
1.28449999999999998E10	1.08917317967909244E0
1.28459999999999974E10	1.08906298417707559E0
1.28469999999999995E10	1.08895294091204375E0
1.28479999999999994E10	1.08884306033915079E0
1.28489999999999993E10	1.08873333845085196E0
1.28499999999999992E10	1.08862377362654139E0
1.28509999999999991E10	1.08851436583669714E0
1.28520000000000012E10	1.08840511503637494E0
1.28529999999999989E10	1.08829601309146784E0
1.28540000000000032E10	1.08818707364301726E0
1.28550000000000009E10	1.08807829095297870E0
1.28560000000000008E10	1.08796965682051994E0
1.28569999999999984E10	1.08786118649579788E0
1.28579999999999983E10	1.08775286769782964E0
1.28590000000000004E10	1.08764470431905313E0
1.28600000000000003E10	1.08753669537731112E0
1.28609999999999980E10	1.08742883580741978E0
1.28620000000000001E10	1.08732113271648489E0
1.28630000000000000E10	1.08721358752084529E0
1.28639999999999999E10	1.08710619429207433E0
1.28649999999999998E10	1.08699895522349799E0
1.28659999999999997E10	1.08689186433811757E0
1.28670000000000018E10	1.08678492869652832E0
1.28679999999999994E10	1.08667814882721481E0
1.28689999999999993E10	1.08657151787957740E0
1.28699999999999992E10	1.08646503715688314E0
1.28709999999999991E10	1.08635871287152197E0
1.28719999999999990E10	1.08625253893467111E0
1.28729999999999989E10	1.08614651661331330E0
1.28740000000000010E10	1.08604064223340790E0
1.28750000000000009E10	1.08593492114271539E0
1.28759999999999986E10	1.08582934634343564E0
1.28770000000000007E10	1.08572392892791458E0
1.28780000000000006E10	1.08561865856993944E0
1.28790000000000004E10	1.08551354305263681E0
1.28800000000000003E10	1.08540857034609717E0
1.28810000000000002E10	1.08530374324738865E0
1.28820000000000001E10	1.08519907861569243E0
1.28830000000000000E10	1.08509455194608151E0
1.28839999999999999E10	1.08499018173660322E0
1.28849999999999998E10	1.08488595418237654E0
1.28859999999999997E10	1.08478187534350101E0
1.28869999999999996E10	1.08467794630137093E0
1.28879999999999995E10	1.08457416313773636E0
1.28890000000000016E10	1.08447053355955259E0
1.28900000000000015E10	1.08436704779356674E0
1.28909999999999991E10	1.08426370352316215E0
1.28920000000000012E10	1.08416051009188164E0
1.28930000000000011E10	1.08405746266483560E0
1.28940000000000010E10	1.08395456389947009E0
1.28949999999999987E10	1.08385181728510593E0
1.28959999999999964E10	1.08374920956649956E0
1.28970000000000007E10	1.08364674921472548E0
1.28980000000000006E10	1.08354443213793794E0
1.28990000000000005E10	1.08344225841368602E0
1.29000000000000004E10	1.08334023650544986E0
1.29010000000000002E10	1.08323835135495106E0
1.29020000000000001E10	1.08313661139733886E0
1.29030000000000000E10	1.08303502171440114E0
1.29040000000000021E10	1.08293357727959560E0
1.29050000000000020E10	1.08283227135022631E0
1.29059999999999997E10	1.08273110896535085E0
1.29069999999999996E10	1.08263009347795691E0
1.29079999999999973E10	1.08252921893948750E0
1.29090000000000016E10	1.08242848783050083E0
1.29099999999999993E10	1.08232790262661283E0
1.29109999999999969E10	1.08222745054391822E0
1.29120000000000013E10	1.08212715352012689E0
1.29130000000000011E10	1.08202699110722311E0
1.29140000000000010E10	1.08192696741582739E0
1.29150000000000009E10	1.08182709335981375E0
1.29160000000000008E10	1.08172736030348848E0
1.29170000000000007E10	1.08162776638394043E0
1.29180000000000006E10	1.08152830801499911E0
1.29190000000000005E10	1.08142899608819998E0
1.29199999999999982E10	1.08132982102837394E0
1.29209999999999980E10	1.08123078774219072E0
1.29220000000000002E10	1.08113189771944995E0
1.29229999999999978E10	1.08103314474016532E0
1.29240000000000022E10	1.08093453539946682E0
1.29249999999999998E10	1.08083605658588500E0
1.29259999999999975E10	1.08073772430224313E0
1.29270000000000018E10	1.08063952625720883E0
1.29280000000000017E10	1.08054146729306044E0
1.29290000000000016E10	1.08044355225628652E0
1.29300000000000015E10	1.08034577222563133E0
1.29310000000000014E10	1.08024812771433210E0
1.29319999999999991E10	1.08015062353573943E0
1.29329999999999989E10	1.08005325933004825E0
1.29340000000000011E10	1.07995603040721089E0
1.29349999999999987E10	1.07985894155590145E0
1.29359999999999986E10	1.07976199237920922E0
1.29370000000000007E10	1.07966516775332755E0
1.29379999999999984E10	1.07956848454419019E0
1.29390000000000027E10	1.07947194058818652E0
1.29400000000000004E10	1.07937553457048008E0
1.29409999999999981E10	1.07927925560939020E0
1.29420000000000024E10	1.07918311971520864E0
1.29430000000000023E10	1.07908711858694284E0
1.29440000000000000E10	1.07899125520013817E0
1.29449999999999976E10	1.07889552556017798E0
1.29459999999999975E10	1.07879992651974344E0
1.29469999999999996E10	1.07870446799666597E0
1.29479999999999995E10	1.07860913635456868E0
1.29490000000000016E10	1.07851394411683033E0
1.29499999999999993E10	1.07841888721965762E0
1.29509999999999992E10	1.07832395719875018E0
1.29520000000000013E10	1.07822916744964870E0
1.29529999999999990E10	1.07813451123701265E0
1.29540000000000033E10	1.07803998705677961E0
1.29550000000000010E10	1.07794559690109804E0
1.29559999999999986E10	1.07785133309154668E0
1.29569999999999985E10	1.07775720726069002E0
1.29579999999999984E10	1.07766321610556814E0
1.29590000000000005E10	1.07756935189797254E0
1.29599999999999982E10	1.07747561833308403E0
1.29609999999999981E10	1.07738202087130897E0
1.29620000000000002E10	1.07728855526787948E0
1.29630000000000001E10	1.07719522078790386E0
1.29640000000000022E10	1.07710201314620013E0
1.29649999999999999E10	1.07700894130757185E0
1.29659999999999997E10	1.07691600185502967E0
1.29670000000000019E10	1.07682318425995605E0
1.29679999999999995E10	1.07673050722075225E0
1.29689999999999994E10	1.07663795042541333E0
1.29699999999999993E10	1.07654552458089769E0
1.29709999999999992E10	1.07645323686084060E0
1.29719999999999991E10	1.07636106953717237E0
1.29729999999999990E10	1.07626903687229003E0
1.29740000000000011E10	1.07617713801299342E0
1.29749999999999988E10	1.07608536049886161E0
1.29759999999999986E10	1.07599370877831579E0
1.29770000000000008E10	1.07590219266280962E0
1.29780000000000006E10	1.07581079605978003E0
1.29790000000000028E10	1.07571953591724578E0
1.29800000000000004E10	1.07562840773782176E0
1.29810000000000003E10	1.07553739803992698E0
1.29820000000000002E10	1.07544651570721284E0
1.29829999999999979E10	1.07535576246147180E0
1.29840000000000000E10	1.07526513732525886E0
1.29849999999999999E10	1.07517464470055324E0
1.29859999999999998E10	1.07508426830495618E0
1.29869999999999997E10	1.07499402150092438E0
1.29879999999999995E10	1.07490390146654824E0
1.29890000000000017E10	1.07481391257370174E0
1.29899999999999993E10	1.07472404115252473E0
1.29909999999999992E10	1.07463429966626811E0
1.29920000000000013E10	1.07454468614837406E0
1.29930000000000012E10	1.07445518866880430E0
1.29939999999999989E10	1.07436582059130203E0
1.29949999999999988E10	1.07427658715930407E0
1.29959999999999987E10	1.07418746824277633E0
1.29970000000000008E10	1.07409847629624355E0
1.29979999999999984E10	1.07400960836941750E0
1.29990000000000006E10	1.07392086785303675E0
1.30000000000000004E10	1.07383224722788584E0
1.30010000000000003E10	1.07374375350016504E0
1.30020000000000002E10	1.07365537911865139E0
1.30030000000000001E10	1.07356712652314301E0
1.30040000000000022E10	1.07347899815122383E0
1.30049999999999999E10	1.07339099461288323E0
1.30059999999999998E10	1.07330311925054689E0
1.30069999999999997E10	1.07321535986831251E0
1.30079999999999996E10	1.07312772434788806E0
1.30089999999999995E10	1.07304020868476213E0
1.30099999999999993E10	1.07295282259434410E0
1.30109999999999992E10	1.07286555014166241E0
1.30120000000000013E10	1.07277840377641076E0
1.30129999999999990E10	1.07269138036703926E0
1.30140000000000011E10	1.07260446849339153E0
1.30150000000000010E10	1.07251768335893738E0
1.30160000000000009E10	1.07243102271882207E0
1.30170000000000008E10	1.07234448339095478E0
1.30180000000000007E10	1.07225806033092375E0
1.30190000000000006E10	1.07217175677101229E0
1.30200000000000005E10	1.07208557779030333E0
1.30209999999999981E10	1.07199951461743681E0
1.30220000000000002E10	1.07191357323685810E0
1.30230000000000001E10	1.07182774576460194E0
1.30240000000000000E10	1.07174204928104766E0
1.30249999999999999E10	1.07165645921562702E0
1.30259999999999998E10	1.07157099634825981E0
1.30270000000000019E10	1.07148564532362123E0
1.30279999999999996E10	1.07140041673233055E0
1.30290000000000017E10	1.07131530817729081E0
1.30300000000000016E10	1.07123031910553168E0
1.30310000000000015E10	1.07114544243868748E0
1.30319999999999991E10	1.07106068969519708E0
1.30329999999999968E10	1.07097605564257603E0
1.30340000000000011E10	1.07089152849388913E0
1.30350000000000010E10	1.07080712442208559E0
1.30359999999999987E10	1.07072283721986317E0
1.30370000000000008E10	1.07063866906604011E0
1.30380000000000007E10	1.07055461745962210E0
1.30390000000000006E10	1.07047068456442096E0
1.30400000000000005E10	1.07038686973116359E0
1.30410000000000004E10	1.07030316104879319E0
1.30420000000000025E10	1.07021957189611250E0
1.30430000000000001E10	1.07013609408621391E0
1.30440000000000000E10	1.07005274665014372E0
1.30449999999999977E10	1.06996950823024539E0
1.30459999999999976E10	1.06988637904186201E0
1.30469999999999997E10	1.06980336400112330E0
1.30479999999999974E10	1.06972047368505585E0
1.30490000000000017E10	1.06963769794374808E0
1.30500000000000016E10	1.06955502753285070E0
1.30509999999999993E10	1.06947247867482931E0
1.30520000000000014E10	1.06939004116496661E0
1.30530000000000013E10	1.06930771800295976E0
1.30540000000000012E10	1.06922550366939006E0
1.30550000000000010E10	1.06914341535577506E0
1.30560000000000009E10	1.06906143237529228E0
1.30569999999999986E10	1.06897956527944626E0
1.30579999999999985E10	1.06889781324941358E0
1.30590000000000006E10	1.06881616595485784E0
1.30599999999999983E10	1.06873463679657821E0
1.30609999999999982E10	1.06865322017663833E0
1.30620000000000003E10	1.06857191808994800E0
1.30629999999999979E10	1.06849072014176261E0
1.30640000000000023E10	1.06840964355212398E0
1.30650000000000022E10	1.06832867695535105E0
1.30659999999999998E10	1.06824781849420503E0
1.30670000000000019E10	1.06816707298711355E0
1.30680000000000018E10	1.06808644334614056E0
1.30689999999999995E10	1.06800592004191808E0
1.30699999999999994E10	1.06792550787559715E0
1.30709999999999971E10	1.06784521165388102E0
1.30719999999999992E10	1.06776501796667933E0
1.30729999999999991E10	1.06768493831159739E0
1.30740000000000012E10	1.06760497268578702E0
1.30749999999999988E10	1.06752511242776360E0
1.30759999999999987E10	1.06744536038567395E0
1.30770000000000008E10	1.06736572710851685E0
1.30779999999999985E10	1.06728619908616440E0
1.30790000000000028E10	1.06720677432926370E0
1.30800000000000027E10	1.06712747205718883E0
1.30810000000000004E10	1.06704826809637532E0
1.30819999999999981E10	1.06696918070156821E0
1.30829999999999980E10	1.06689019240308269E0
1.30840000000000001E10	1.06681132340298612E0
1.30850000000000000E10	1.06673256297386443E0
1.30859999999999976E10	1.06665390228711376E0
1.30869999999999997E10	1.06657535381070234E0
1.30879999999999996E10	1.06649690869597502E0
1.30890000000000017E10	1.06641857553752661E0
1.30899999999999994E10	1.06634035128793814E0
1.30909999999999993E10	1.06626223093868777E0
1.30920000000000014E10	1.06618421724326873E0
1.30929999999999991E10	1.06610632074499390E0
1.30939999999999990E10	1.06602852277853488E0
1.30949999999999989E10	1.06595083484479347E0
1.30959999999999988E10	1.06587325578513381E0
1.30969999999999986E10	1.06579577466555198E0
1.30979999999999985E10	1.06571840298790343E0
1.30990000000000006E10	1.06564114152315437E0
1.31000000000000005E10	1.06556398223000359E0
1.31009999999999982E10	1.06548693172562814E0
1.31020000000000003E10	1.06540998487923422E0
1.31030000000000002E10	1.06533314438336135E0
1.31040000000000023E10	1.06525640704276969E0
1.31050000000000000E10	1.06517978339398089E0
1.31059999999999999E10	1.06510324960162706E0
1.31069999999999998E10	1.06502683485871019E0
1.31079999999999997E10	1.06495052316565531E0
1.31089999999999995E10	1.06487431028793145E0
1.31099999999999994E10	1.06479820084075905E0
1.31109999999999993E10	1.06472219648697730E0
1.31119999999999992E10	1.06464629888673223E0
1.31129999999999991E10	1.06457050476021808E0
1.31140000000000012E10	1.06449481674032653E0
1.31150000000000011E10	1.06441922559320412E0
1.31159999999999988E10	1.06434375075141974E0
1.31170000000000009E10	1.06426836415900050E0
1.31180000000000008E10	1.06419308821644099E0
1.31190000000000007E10	1.06411791463702832E0
1.31199999999999983E10	1.06404284502754831E0
1.31209999999999982E10	1.06396787404072168E0
1.31220000000000003E10	1.06389300624526428E0
1.31230000000000002E10	1.06381824621581900E0
1.31240000000000001E10	1.06374358559534832E0
1.31250000000000000E10	1.06366902097586347E0
1.31259999999999999E10	1.06359456288508714E0
1.31269999999999998E10	1.06352020691420535E0
1.31279999999999997E10	1.06344595262717423E0
1.31290000000000018E10	1.06337179957950734E0
1.31300000000000017E10	1.06329774731908344E0
1.31309999999999993E10	1.06322379538557676E0
1.31319999999999992E10	1.06314995031553350E0
1.31329999999999991E10	1.06307619862847025E0
1.31340000000000012E10	1.06300254784427906E0
1.31349999999999989E10	1.06292899346303837E0
1.31359999999999988E10	1.06285554702203844E0
1.31370000000000009E10	1.06278220200806039E0
1.31380000000000008E10	1.06270895489766981E0
1.31390000000000007E10	1.06263580617358699E0
1.31400000000000006E10	1.06256275530673450E0
1.31410000000000005E10	1.06248980880899735E0
1.31420000000000003E10	1.06241695808837178E0
1.31430000000000002E10	1.06234421166490223E0
1.31440000000000001E10	1.06227156193036820E0
1.31450000000000000E10	1.06219900629792052E0
1.31459999999999977E10	1.06212655328200833E0
1.31469999999999998E10	1.06205419624687702E0
1.31479999999999997E10	1.06198193763824178E0
1.31490000000000018E10	1.06190978395266433E0
1.31499999999999995E10	1.06183771940654470E0
1.31509999999999994E10	1.06176575757064007E0
1.31520000000000015E10	1.06169389987081497E0
1.31530000000000014E10	1.06162212437839210E0
1.31540000000000012E10	1.06155046193049230E0
1.31550000000000011E10	1.06147888142351743E0
1.31560000000000010E10	1.06140741372362046E0
1.31570000000000009E10	1.06133603174343016E0
1.31579999999999986E10	1.06126475314239754E0
1.31590000000000007E10	1.06119357319277219E0
1.31600000000000006E10	1.06112248714783219E0
1.31609999999999983E10	1.06105149330415238E0
1.31620000000000004E10	1.06098060016302598E0
1.31630000000000003E10	1.06090979886430903E0
1.31640000000000024E10	1.06083909586178238E0
1.31650000000000000E10	1.06076848840762694E0
1.31659999999999999E10	1.06069798193520870E0
1.31670000000000020E10	1.06062757266098573E0
1.31680000000000019E10	1.06055724345067093E0
1.31689999999999996E10	1.06048702433251507E0
1.31699999999999973E10	1.06041689816294360E0
1.31709999999999972E10	1.06034685699597553E0
1.31720000000000015E10	1.06027692062758616E0
1.31729999999999992E10	1.06020707493772881E0
1.31740000000000013E10	1.06013733356920126E0
1.31750000000000012E10	1.06006767206377850E0
1.31759999999999988E10	1.05999811642399799E0
1.31770000000000009E10	1.05992864730949576E0
1.31780000000000008E10	1.05985927320412077E0
1.31790000000000029E10	1.05978999744142888E0
1.31800000000000006E10	1.05972080784722977E0
1.31810000000000005E10	1.05965172325116019E0
1.31819999999999982E10	1.05958272214508353E0
1.31829999999999981E10	1.05951381611370699E0
1.31840000000000002E10	1.05944500328800006E0
1.31849999999999978E10	1.05937628801315320E0
1.31859999999999977E10	1.05930766321978242E0
1.31870000000000021E10	1.05923912804699349E0
1.31879999999999997E10	1.05917069202213954E0
1.31890000000000018E10	1.05910233868411319E0
1.31900000000000017E10	1.05903408379342978E0
1.31909999999999994E10	1.05896592231259978E0
1.31920000000000015E10	1.05889785231251277E0
1.31930000000000014E10	1.05882986872340168E0
1.31939999999999991E10	1.05876198628835150E0
1.31949999999999990E10	1.05869418740491406E0
1.31959999999999988E10	1.05862647950254729E0
1.31969999999999987E10	1.05855886688673606E0
1.31979999999999986E10	1.05849134131027123E0
1.31990000000000007E10	1.05842391230150268E0
1.31999999999999984E10	1.05835657788107596E0
1.32009999999999983E10	1.05828932137747578E0
1.32020000000000026E10	1.05822216489517462E0
1.32030000000000003E10	1.05815509699015808E0
1.32040000000000024E10	1.05808811353788546E0
1.32050000000000023E10	1.05802122827123757E0
1.32060000000000000E10	1.05795442970316689E0
1.32069999999999999E10	1.05788772736688275E0
1.32079999999999975E10	1.05782110658446205E0
1.32089999999999996E10	1.05775457371772119E0
1.32099999999999995E10	1.05768813619488000E0
1.32109999999999994E10	1.05762178984628807E0
1.32119999999999993E10	1.05755553154243143E0
1.32129999999999992E10	1.05748936236776281E0
1.32140000000000013E10	1.05742327071206410E0
1.32149999999999990E10	1.05735728514727589E0
1.32159999999999989E10	1.05729137288917863E0
1.32170000000000032E10	1.05722555510957439E0
1.32180000000000009E10	1.05715982864022018E0
1.32189999999999985E10	1.05709419242121760E0
1.32199999999999984E10	1.05702864326102564E0
1.32209999999999983E10	1.05696317582905364E0
1.32220000000000004E10	1.05689780604008887E0
1.32229999999999981E10	1.05683250941614060E0
1.32240000000000002E10	1.05676731889924791E0
1.32250000000000001E10	1.05670220252799729E0
1.32260000000000000E10	1.05663718155276132E0
1.32269999999999999E10	1.05657224740607703E0
1.32279999999999998E10	1.05650738829099100E0
1.32290000000000019E10	1.05644262868955430E0
1.32299999999999995E10	1.05637794932206064E0
1.32309999999999994E10	1.05631335759031342E0
1.32319999999999993E10	1.05624885662960000E0
1.32329999999999992E10	1.05618444208187801E0
1.32339999999999991E10	1.05612011064418598E0
1.32349999999999990E10	1.05605586543340224E0
1.32359999999999989E10	1.05599170098559370E0
1.32370000000000010E10	1.05592763329066042E0
1.32379999999999987E10	1.05586364614413264E0
1.32390000000000008E10	1.05579974802066268E0
1.32400000000000007E10	1.05573592589686549E0
1.32410000000000005E10	1.05567219900334131E0
1.32420000000000004E10	1.05560854568464557E0
1.32430000000000003E10	1.05554499380421052E0
1.32440000000000002E10	1.05548151736628681E0
1.32450000000000001E10	1.05541812267930535E0
1.32459999999999978E10	1.05535482794218050E0
1.32469999999999999E10	1.05529159844585441E0
1.32479999999999998E10	1.05522846102102075E0
1.32489999999999997E10	1.05516541334835523E0
1.32499999999999996E10	1.05510244227102890E0
1.32509999999999994E10	1.05503956384461350E0
1.32520000000000016E10	1.05497676163835918E0
1.32529999999999992E10	1.05491404195498650E0
1.32540000000000013E10	1.05485141653559977E0
1.32550000000000012E10	1.05478886238916258E0
1.32560000000000011E10	1.05472639667468981E0
1.32569999999999988E10	1.05466402136447090E0
1.32579999999999987E10	1.05460171775408496E0
1.32590000000000008E10	1.05453950302164667E0
1.32600000000000007E10	1.05447737259148622E0
1.32609999999999983E10	1.05441532623279999E0
1.32620000000000005E10	1.05435335388989326E0
1.32630000000000003E10	1.05429146840293808E0
1.32640000000000002E10	1.05422967280814928E0
1.32650000000000001E10	1.05416794500314936E0
1.32660000000000000E10	1.05410631532725008E0
1.32670000000000021E10	1.05404475618341875E0
1.32679999999999998E10	1.05398328151731757E0
1.32689999999999997E10	1.05392188996266034E0
1.32699999999999996E10	1.05386058014491657E0
1.32709999999999972E10	1.05379935616794684E0
1.32719999999999994E10	1.05373820567142640E0
1.32729999999999992E10	1.05367714152844960E0
1.32740000000000014E10	1.05361615245403017E0
1.32750000000000012E10	1.05355525903167391E0
1.32759999999999989E10	1.05349443566043655E0
1.32770000000000010E10	1.05343369522083830E0
1.32780000000000009E10	1.05337303298688068E0
1.32790000000000008E10	1.05331245414168273E0
1.32800000000000007E10	1.05325195173778496E0
1.32810000000000006E10	1.05319153757750805E0
1.32820000000000005E10	1.05313119697009272E0
1.32829999999999981E10	1.05307093508443872E0
1.32840000000000003E10	1.05301075267238531E0
1.32850000000000001E10	1.05295065933956145E0
1.32859999999999978E10	1.05289063812585204E0
1.32869999999999999E10	1.05283070749290752E0
1.32879999999999998E10	1.05277083936218308E0
1.32890000000000019E10	1.05271105663057152E0
1.32900000000000018E10	1.05265136003799431E0
1.32909999999999995E10	1.05259173698774688E0
1.32920000000000016E10	1.05253219597251491E0
1.32930000000000015E10	1.05247273103854955E0
1.32940000000000014E10	1.05241334400524278E0
1.32949999999999990E10	1.05235404337625216E0
1.32959999999999967E10	1.05229480757593041E0
1.32970000000000010E10	1.05223566293074944E0
1.32979999999999987E10	1.05217659788263851E0
1.32990000000000008E10	1.05211759525648785E0
1.33000000000000007E10	1.05205868588001272E0
1.33009999999999984E10	1.05199984810092251E0
1.33020000000000005E10	1.05194108817942600E0
1.33030000000000004E10	1.05188240790878162E0
1.33040000000000025E10	1.05182380908242257E0
1.33050000000000024E10	1.05176527555894106E0
1.33060000000000000E10	1.05170683265237885E0
1.33069999999999977E10	1.05164845410907160E0
1.33079999999999976E10	1.05159016301815322E0
1.33090000000000019E10	1.05153194431577646E0
1.33099999999999996E10	1.05147379863789237E0
1.33109999999999973E10	1.05141574236926205E0
1.33120000000000016E10	1.05135774689919681E0
1.33129999999999993E10	1.05129984211933736E0
1.33140000000000014E10	1.05124201628507596E0
1.33150000000000013E10	1.05118424859553716E0
1.33159999999999989E10	1.05112657349444349E0
1.33170000000000011E10	1.05106897130137811E0
1.33180000000000009E10	1.05101143584246803E0
1.33189999999999986E10	1.05095398127661621E0
1.33199999999999985E10	1.05089660934838425E0
1.33209999999999984E10	1.05083930368955758E0
1.33219999999999983E10	1.05078207847160154E0
1.33229999999999982E10	1.05072492862836597E0
1.33240000000000025E10	1.05066784907675892E0
1.33250000000000002E10	1.05061085287464073E0
1.33259999999999978E10	1.05055392926157531E0
1.33270000000000022E10	1.05049707312769569E0
1.33279999999999998E10	1.05044030208492378E0
1.33290000000000020E10	1.05038360306867662E0
1.33300000000000018E10	1.05032697549963050E0
1.33309999999999995E10	1.05027042448779451E0
1.33319999999999994E10	1.05021395287248698E0
1.33329999999999993E10	1.05015754182837129E0
1.33339999999999992E10	1.05010122040550202E0
1.33349999999999991E10	1.05004496063194530E0
1.33359999999999990E10	1.04998878358994374E0
1.33369999999999989E10	1.04993268068660139E0
1.33379999999999987E10	1.04987664444782158E0
1.33390000000000031E10	1.04982068912420745E0
1.33400000000000007E10	1.04976480609172484E0
1.33409999999999984E10	1.04970898670134627E0
1.33420000000000027E10	1.04965324979878116E0
1.33430000000000004E10	1.04959758902982081E0
1.33440000000000003E10	1.04954199113257096E0
1.33449999999999980E10	1.04948647612264412E0
1.33459999999999979E10	1.04943102612854156E0
1.33470000000000000E10	1.04937565313532799E0
1.33479999999999999E10	1.04932035304120364E0
1.33489999999999998E10	1.04926512057930044E0
1.33499999999999996E10	1.04920996774918018E0
1.33509999999999995E10	1.04915488236446208E0
1.33519999999999994E10	1.04909987758482437E0
1.33529999999999993E10	1.04904493427715484E0
1.33540000000000036E10	1.04899005866837070E0
1.33550000000000013E10	1.04893527548795285E0
1.33559999999999990E10	1.04888054244994322E0
1.33569999999999989E10	1.04882589237377344E0
1.33579999999999988E10	1.04877131184247241E0
1.33590000000000009E10	1.04871680014631341E0
1.33599999999999985E10	1.04866237279867103E0
1.33609999999999984E10	1.04860800475064053E0
1.33620000000000005E10	1.04855370802748027E0
1.33630000000000004E10	1.04849947958332401E0
1.33640000000000003E10	1.04844533146670771E0
1.33650000000000002E10	1.04839124900997005E0
1.33660000000000001E10	1.04833723495693043E0
1.33670000000000000E10	1.04828329089029104E0
1.33679999999999999E10	1.04822942188696522E0
1.33689999999999998E10	1.04817562137779219E0
1.33699999999999997E10	1.04812189443575310E0
1.33709999999999996E10	1.04806823797398829E0
1.33719999999999994E10	1.04801464889503082E0
1.33729999999999993E10	1.04796112876290648E0
1.33740000000000014E10	1.04790767446615862E0
1.33749999999999991E10	1.04785430042648242E0
1.33759999999999990E10	1.04780098130548271E0
1.33770000000000011E10	1.04774774673845328E0
1.33780000000000010E10	1.04769457252878739E0
1.33790000000000009E10	1.04764147428059928E0
1.33800000000000008E10	1.04758843595764128E0
1.33810000000000007E10	1.04753548256499163E0
1.33820000000000006E10	1.04748259218356421E0
1.33829999999999982E10	1.04742976046651459E0
1.33840000000000003E10	1.04737700069136741E0
1.33850000000000002E10	1.04732431792766989E0
1.33860000000000001E10	1.04727170194846075E0
1.33870000000000000E10	1.04721915192297876E0
1.33879999999999999E10	1.04716666937218439E0
1.33890000000000020E10	1.04711424992039071E0
1.33899999999999997E10	1.04706190687866818E0
1.33909999999999996E10	1.04700963351342735E0
1.33920000000000017E10	1.04695742543435766E0
1.33930000000000016E10	1.04690528060160459E0
1.33939999999999992E10	1.04685320761254785E0
1.33949999999999991E10	1.04680120798014542E0
1.33959999999999968E10	1.04674926663804402E0
1.33970000000000011E10	1.04669739099476233E0
1.33979999999999988E10	1.04664559321510686E0
1.33990000000000009E10	1.04659385464470378E0
1.34000000000000008E10	1.04654218981849456E0
1.34010000000000007E10	1.04649058360898306E0
1.34020000000000006E10	1.04643905174858864E0
1.34030000000000005E10	1.04638758265358844E0
1.34040000000000026E10	1.04633618850610355E0
1.34050000000000002E10	1.04628485651220604E0
1.34060000000000001E10	1.04623358456592652E0
1.34070000000000000E10	1.04618238843119049E0
1.34079999999999977E10	1.04613125051271361E0
1.34089999999999998E10	1.04608018419641247E0
1.34099999999999997E10	1.04602917901616133E0
1.34109999999999974E10	1.04597824598249711E0
1.34120000000000017E10	1.04592738536979457E0
1.34129999999999994E10	1.04587657831232295E0
1.34140000000000015E10	1.04582583701328669E0
1.34150000000000014E10	1.04577516052873309E0
1.34160000000000013E10	1.04572456708004768E0
1.34170000000000011E10	1.04567402457512371E0
1.34180000000000010E10	1.04562354882641761E0
1.34190000000000009E10	1.04557313887618286E0
1.34199999999999986E10	1.04552279736418141E0
1.34209999999999985E10	1.04547251010965825E0
1.34220000000000006E10	1.04542229656142238E0
1.34229999999999983E10	1.04537214974335213E0
1.34240000000000004E10	1.04532206386334114E0
1.34250000000000003E10	1.04527204756614456E0
1.34259999999999979E10	1.04522208661531169E0
1.34270000000000023E10	1.04517220291354773E0
1.34279999999999999E10	1.04512237980167666E0
1.34290000000000020E10	1.04507261748021341E0
1.34300000000000019E10	1.04502292339435776E0
1.34310000000000018E10	1.04497328808253132E0
1.34319999999999995E10	1.04492372261660660E0
1.34329999999999972E10	1.04487421994040508E0
1.34340000000000015E10	1.04482478145342550E0
1.34349999999999992E10	1.04477540249801448E0
1.34359999999999991E10	1.04472609052377718E0
1.34370000000000012E10	1.04467684207902711E0
1.34379999999999988E10	1.04462765612789132E0
1.34390000000000009E10	1.04457853041484783E0
1.34400000000000008E10	1.04452947118026640E0
1.34409999999999985E10	1.04448047130415445E0
1.34420000000000028E10	1.04443155283800904E0
1.34430000000000005E10	1.04438267703139376E0
1.34439999999999982E10	1.04433386957929608E0
1.34449999999999981E10	1.04428513551971780E0
1.34459999999999980E10	1.04423645673673815E0
1.34470000000000001E10	1.04418783336656329E0
1.34479999999999977E10	1.04413928140864742E0
1.34490000000000021E10	1.04409078758796170E0
1.34499999999999997E10	1.04404235448011451E0
1.34509999999999996E10	1.04399399077663468E0
1.34520000000000017E10	1.04394568439009516E0
1.34529999999999994E10	1.04389744156206854E0
1.34540000000000015E10	1.04384925752315083E0
1.34550000000000014E10	1.04380114709579663E0
1.34559999999999991E10	1.04375308099540964E0
1.34569999999999990E10	1.04370508752469471E0
1.34579999999999989E10	1.04365716190674296E0
1.34589999999999987E10	1.04360927724436592E0
1.34599999999999986E10	1.04356147416210465E0
1.34609999999999985E10	1.04351372697903710E0
1.34620000000000006E10	1.04346603824825679E0
1.34629999999999983E10	1.04341840683275477E0
1.34640000000000026E10	1.04337084760123999E0
1.34650000000000003E10	1.04332333601865312E0
1.34660000000000002E10	1.04327589804528187E0
1.34670000000000023E10	1.04322851158231944E0
1.34680000000000000E10	1.04318119891687422E0
1.34689999999999999E10	1.04313393915444630E0
1.34699999999999998E10	1.04308673977398847E0
1.34709999999999974E10	1.04303959219417308E0
1.34719999999999995E10	1.04299251502937462E0
1.34729999999999994E10	1.04294549350990762E0
1.34739999999999993E10	1.04289853884068417E0
1.34749999999999992E10	1.04285164613759385E0
1.34759999999999991E10	1.04280480182298563E0
1.34770000000000012E10	1.04275802950651375E0
1.34779999999999989E10	1.04271130070954321E0
1.34790000000000032E10	1.04266465395925834E0
1.34800000000000009E10	1.04261804584289242E0
1.34810000000000008E10	1.04257151367342504E0
1.34819999999999984E10	1.04252503263591056E0
1.34829999999999983E10	1.04247861146844634E0
1.34840000000000004E10	1.04243225518915694E0
1.34850000000000003E10	1.04238595262313383E0
1.34859999999999980E10	1.04233972000078778E0
1.34870000000000001E10	1.04229352617471971E0
1.34880000000000000E10	1.04224741233013063E0
1.34889999999999999E10	1.04220133605445420E0
1.34899999999999998E10	1.04215533357220935E0
1.34909999999999997E10	1.04210938491560046E0
1.34920000000000018E10	1.04206349884587901E0
1.34929999999999994E10	1.04201766661523387E0
1.34939999999999993E10	1.04197190074679247E0
1.34949999999999992E10	1.04192618621741340E0
1.34959999999999991E10	1.04188053430052463E0
1.34969999999999990E10	1.04183493621764334E0
1.34979999999999989E10	1.04178940199811332E0
1.34990000000000010E10	1.04174391531391453E0
1.35000000000000009E10	1.04169850252705731E0
1.35009999999999986E10	1.04165314227283745E0
1.35020000000000007E10	1.04160783075032359E0
1.35030000000000006E10	1.04156258051217043E0
1.35040000000000004E10	1.04151739028126444E0
1.35050000000000003E10	1.04147226381595526E0
1.35060000000000002E10	1.04142718596616768E0
1.35070000000000001E10	1.04138216677815687E0
1.35080000000000000E10	1.04133719990746254E0
1.35089999999999999E10	1.04129230551630925E0
1.35099999999999998E10	1.04124745705146338E0
1.35109999999999997E10	1.04120267088801999E0
1.35119999999999996E10	1.04115794319313082E0
1.35129999999999995E10	1.04111326505933133E0
1.35140000000000016E10	1.04106865035417129E0
1.35150000000000015E10	1.04102408255999968E0
1.35159999999999991E10	1.04097958062153251E0
1.35170000000000012E10	1.04093513180755415E0
1.35180000000000011E10	1.04089073985684899E0
1.35190000000000010E10	1.04084640089412939E0
1.35199999999999987E10	1.04080212628098967E0
1.35209999999999964E10	1.04075790705921767E0
1.35220000000000007E10	1.04071374060882804E0
1.35230000000000006E10	1.04066963066511975E0
1.35240000000000005E10	1.04062557842245296E0
1.35250000000000004E10	1.04058158125222588E0
1.35260000000000002E10	1.04053762504384006E0
1.35270000000000001E10	1.04049374922732274E0
1.35280000000000000E10	1.04044991673990617E0
1.35290000000000021E10	1.04040614662210262E0
1.35300000000000020E10	1.04036242473383278E0
1.35309999999999997E10	1.04031875991231870E0
1.35319999999999996E10	1.04027515333713572E0
1.35329999999999973E10	1.04023159339003857E0
1.35340000000000016E10	1.04018810683915031E0
1.35349999999999993E10	1.04014466157454954E0
1.35359999999999969E10	1.04010127284295373E0
1.35370000000000013E10	1.04005794309594402E0
1.35380000000000011E10	1.04001466323856184E0
1.35390000000000010E10	1.03997144084531246E0
1.35400000000000009E10	1.03992827194228155E0
1.35410000000000008E10	1.03988516025698430E0
1.35420000000000007E10	1.03984210051979065E0
1.35430000000000006E10	1.03979909902810363E0
1.35440000000000005E10	1.03975614020369878E0
1.35449999999999982E10	1.03971324707670676E0
1.35459999999999980E10	1.03967041179231812E0
1.35470000000000002E10	1.03962762131780950E0
1.35479999999999978E10	1.03958488581446318E0
1.35490000000000022E10	1.03954220513526918E0
1.35499999999999998E10	1.03949957525582204E0
1.35509999999999975E10	1.03945701669485224E0
1.35520000000000018E10	1.03941449958436105E0
1.35530000000000017E10	1.03937203150781232E0
1.35540000000000016E10	1.03932962265168616E0
1.35550000000000015E10	1.03928727415585653E0
1.35560000000000014E10	1.03924497290606488E0
1.35569999999999991E10	1.03920271353649718E0
1.35579999999999989E10	1.03916051790939412E0
1.35590000000000011E10	1.03911837029156695E0
1.35599999999999987E10	1.03907628348355230E0
1.35609999999999986E10	1.03903424822219614E0
1.35620000000000007E10	1.03899226042224280E0
1.35629999999999984E10	1.03895033419746108E0
1.35640000000000027E10	1.03890845635962159E0
1.35650000000000004E10	1.03886662931512408E0
1.35659999999999981E10	1.03882485547338210E0
1.35670000000000024E10	1.03878314246065173E0
1.35680000000000023E10	1.03874147444096465E0
1.35690000000000000E10	1.03869985511600449E0
1.35699999999999976E10	1.03865829602697457E0
1.35709999999999975E10	1.03861678652959166E0
1.35719999999999996E10	1.03857533033183613E0
1.35729999999999995E10	1.03853392460889826E0
1.35740000000000016E10	1.03849257176082332E0
1.35749999999999993E10	1.03845126502694018E0
1.35759999999999992E10	1.03841001858690585E0
1.35770000000000013E10	1.03836882699042521E0
1.35779999999999990E10	1.03832767690589578E0
1.35790000000000033E10	1.03828658252146222E0
1.35800000000000010E10	1.03824554098893929E0
1.35809999999999986E10	1.03820454945196339E0
1.35819999999999985E10	1.03816361424378845E0
1.35829999999999984E10	1.03812272856186505E0
1.35840000000000005E10	1.03808188821735725E0
1.35849999999999982E10	1.03804111006840283E0
1.35859999999999981E10	1.03800037545259927E0
1.35870000000000002E10	1.03795968542827599E0
1.35880000000000001E10	1.03791904896318887E0
1.35890000000000022E10	1.03787848295523055E0
1.35899999999999999E10	1.03783795419054470E0
1.35909999999999997E10	1.03779747163257996E0
1.35920000000000019E10	1.03775704822480619E0
1.35929999999999995E10	1.03771667050129790E0
1.35939999999999994E10	1.03767633554485861E0
1.35949999999999993E10	1.03763606424585286E0
1.35959999999999992E10	1.03759583782242193E0
1.35969999999999991E10	1.03755565996720112E0
1.35979999999999990E10	1.03751554232982901E0
1.35990000000000011E10	1.03747546210860841E0
1.35999999999999988E10	1.03743544155626477E0
1.36009999999999986E10	1.03739546447823838E0
1.36020000000000008E10	1.03735554518798523E0
1.36030000000000006E10	1.03731566613757598E0
1.36040000000000028E10	1.03727584164617626E0
1.36050000000000004E10	1.03723606876927099E0
1.36060000000000003E10	1.03719634854634735E0
1.36070000000000002E10	1.03715667136484124E0
1.36079999999999979E10	1.03711704357640122E0
1.36090000000000000E10	1.03707747554269036E0
1.36099999999999999E10	1.03703794563799656E0
1.36109999999999998E10	1.03699846020973929E0
1.36119999999999997E10	1.03695904430690367E0
1.36129999999999995E10	1.03691966292137727E0
1.36140000000000017E10	1.03688033576279448E0
1.36149999999999993E10	1.03684105316333519E0
1.36159999999999992E10	1.03680182549981659E0
1.36170000000000013E10	1.03676263372164024E0
1.36180000000000012E10	1.03672350828699766E0
1.36189999999999989E10	1.03668443147878730E0
1.36199999999999988E10	1.03664539224377239E0
1.36209999999999987E10	1.03660640364712986E0
1.36220000000000008E10	1.03656746267507271E0
1.36229999999999984E10	1.03652858376097123E0
1.36240000000000006E10	1.03648973165929670E0
1.36250000000000004E10	1.03645095035231649E0
1.36260000000000003E10	1.03641219649848759E0
1.36270000000000002E10	1.03637351143158329E0
1.36280000000000001E10	1.03633485310370421E0
1.36290000000000022E10	1.03629625345806908E0
1.36299999999999999E10	1.03625771485466545E0
1.36309999999999998E10	1.03621919920647154E0
1.36319999999999997E10	1.03618075063581494E0
1.36329999999999996E10	1.03614234181924836E0
1.36339999999999995E10	1.03610397778443630E0
1.36349999999999993E10	1.03606567707913211E0
1.36359999999999992E10	1.03602740286245387E0
1.36370000000000013E10	1.03598919125129263E0
1.36379999999999990E10	1.03595102565988473E0
1.36390000000000011E10	1.03591290435899541E0
1.36400000000000010E10	1.03587482967780797E0
1.36410000000000009E10	1.03583680530363509E0
1.36420000000000008E10	1.03579882272488444E0
1.36430000000000007E10	1.03576089647525427E0
1.36440000000000006E10	1.03572300039310239E0
1.36450000000000005E10	1.03568517345113476E0
1.36459999999999981E10	1.03564738675909251E0
1.36470000000000002E10	1.03560963175783693E0
1.36480000000000001E10	1.03557193387458812E0
1.36490000000000000E10	1.03553427775909412E0
1.36499999999999999E10	1.03549668206798828E0
1.36509999999999998E10	1.03545912871162393E0
1.36520000000000019E10	1.03542161182828751E0
1.36529999999999996E10	1.03538415145322626E0
1.36540000000000017E10	1.03534673218572881E0
1.36550000000000016E10	1.03530936179850808E0
1.36560000000000015E10	1.03527203851768546E0
1.36569999999999991E10	1.03523475919710117E0
1.36579999999999968E10	1.03519752478391491E0
1.36590000000000011E10	1.03516034716889949E0
1.36600000000000010E10	1.03512320541772884E0
1.36609999999999987E10	1.03508610456874450E0
1.36620000000000008E10	1.03504905377896428E0
1.36630000000000007E10	1.03501205399770235E0
1.36640000000000006E10	1.03497510754555200E0
1.36650000000000005E10	1.03493819204742832E0
1.36660000000000004E10	1.03490133038467502E0
1.36670000000000025E10	1.03486450977087863E0
1.36680000000000001E10	1.03482773113444249E0
1.36690000000000000E10	1.03479101190288159E0
1.36699999999999977E10	1.03475433101941383E0
1.36709999999999976E10	1.03471769078009856E0
1.36719999999999997E10	1.03468109761509020E0
1.36729999999999974E10	1.03464454969917630E0
1.36740000000000017E10	1.03460804795871497E0
1.36750000000000016E10	1.03457158642371838E0
1.36759999999999993E10	1.03453517842884302E0
1.36770000000000014E10	1.03449881524453136E0
1.36780000000000013E10	1.03446248397799834E0
1.36790000000000012E10	1.03442620902147064E0
1.36800000000000010E10	1.03438998163078710E0
1.36810000000000009E10	1.03435379719233089E0
1.36819999999999986E10	1.03431765246520690E0
1.36829999999999985E10	1.03428155527845900E0
1.36840000000000006E10	1.03424550377662761E0
1.36849999999999983E10	1.03420948778179156E0
1.36859999999999982E10	1.03417352483097025E0
1.36870000000000003E10	1.03413760890615203E0
1.36879999999999979E10	1.03410172981028525E0
1.36890000000000023E10	1.03406589260283921E0
1.36900000000000022E10	1.03403010930004702E0
1.36909999999999998E10	1.03399437247516013E0
1.36920000000000019E10	1.03395866633800981E0
1.36930000000000018E10	1.03392301542686460E0
1.36939999999999995E10	1.03388740533774093E0
1.36949999999999994E10	1.03385183417442850E0
1.36959999999999971E10	1.03381631118671202E0
1.36969999999999992E10	1.03378082332699495E0
1.36979999999999991E10	1.03374539240284813E0
1.36990000000000012E10	1.03371000117531953E0
1.36999999999999988E10	1.03367465471635422E0
1.37009999999999987E10	1.03363934273500147E0
1.37020000000000008E10	1.03360408148182281E0
1.37029999999999985E10	1.03356886205964704E0
1.37040000000000028E10	1.03353367975012866E0
1.37050000000000027E10	1.03349855782820677E0
1.37060000000000004E10	1.03346345937393913E0
1.37069999999999981E10	1.03342841326813617E0
1.37079999999999980E10	1.03339341338941049E0
1.37090000000000001E10	1.03335844799021981E0
1.37100000000000000E10	1.03332353337254701E0
1.37109999999999976E10	1.03328866620703619E0
1.37119999999999997E10	1.03325382488895801E0
1.37129999999999996E10	1.03321903978510621E0
1.37140000000000017E10	1.03318429631171038E0
1.37149999999999994E10	1.03314959533367401E0
1.37159999999999993E10	1.03311492786044656E0
1.37170000000000014E10	1.03308031305466130E0
1.37179999999999991E10	1.03304572924437865E0
1.37189999999999990E10	1.03301120265453661E0
1.37199999999999989E10	1.03297671582713568E0
1.37209999999999988E10	1.03294226397081301E0
1.37219999999999986E10	1.03290784934368496E0
1.37229999999999985E10	1.03287348692253245E0
1.37240000000000006E10	1.03283915778678237E0
1.37250000000000005E10	1.03280488823282801E0
1.37259999999999982E10	1.03277064093402360E0
1.37270000000000003E10	1.03273644927183406E0
1.37280000000000002E10	1.03270228720397528E0
1.37290000000000023E10	1.03266817539893574E0
1.37300000000000000E10	1.03263410195524719E0
1.37309999999999999E10	1.03260007480500837E0
1.37319999999999998E10	1.03256608344500012E0
1.37329999999999997E10	1.03253214006758043E0
1.37339999999999995E10	1.03249823557885079E0
1.37349999999999994E10	1.03246436939298558E0
1.37359999999999993E10	1.03243055229735425E0
1.37369999999999992E10	1.03239676237665057E0
1.37379999999999991E10	1.03236303176038469E0
1.37390000000000012E10	1.03232932713045322E0
1.37400000000000011E10	1.03229566924455263E0
1.37409999999999988E10	1.03226205466564025E0
1.37420000000000009E10	1.03222847566972509E0
1.37430000000000008E10	1.03219494449294347E0
1.37440000000000007E10	1.03216144912417152E0
1.37449999999999983E10	1.03212799181014292E0
1.37459999999999982E10	1.03209458337500570E0
1.37470000000000003E10	1.03206121893502800E0
1.37480000000000002E10	1.03202788930411415E0
1.37490000000000001E10	1.03199459672568472E0
1.37500000000000000E10	1.03196134201396217E0
1.37509999999999999E10	1.03192813457869437E0
1.37519999999999998E10	1.03189496234740341E0
1.37529999999999997E10	1.03186184476972809E0
1.37540000000000018E10	1.03182875255286599E0
1.37550000000000017E10	1.03179570371245521E0
1.37559999999999993E10	1.03176269906493379E0
1.37569999999999992E10	1.03172973080605401E0
1.37579999999999991E10	1.03169681123940005E0
1.37590000000000012E10	1.03166391961262316E0
1.37599999999999989E10	1.03163106822596751E0
1.37609999999999988E10	1.03159826364367846E0
1.37620000000000009E10	1.03156549659789443E0
1.37630000000000008E10	1.03153276500599644E0
1.37640000000000007E10	1.03150008696399920E0
1.37650000000000006E10	1.03146743588639045E0
1.37660000000000005E10	1.03143482121256680E0
1.37670000000000003E10	1.03140225673003827E0
1.37680000000000002E10	1.03136972880566358E0
1.37690000000000001E10	1.03133724690186290E0
1.37700000000000000E10	1.03130479157921040E0
1.37709999999999977E10	1.03127238386486453E0
1.37719999999999998E10	1.03124001153643174E0
1.37729999999999997E10	1.03120767682663761E0
1.37740000000000018E10	1.03117538341976944E0
1.37749999999999995E10	1.03114313500572008E0
1.37759999999999994E10	1.03111091497786878E0
1.37770000000000015E10	1.03107873716381215E0
1.37780000000000014E10	1.03104661541672660E0
1.37790000000000012E10	1.03101450842840014E0
1.37800000000000011E10	1.03098245326997473E0
1.37810000000000010E10	1.03095043620420124E0
1.37820000000000009E10	1.03091844201092142E0
1.37829999999999986E10	1.03088650927779457E0
1.37840000000000007E10	1.03085460533137296E0
1.37850000000000006E10	1.03082274112868122E0
1.37859999999999983E10	1.03079092181748067E0
1.37870000000000004E10	1.03075913068532787E0
1.37880000000000003E10	1.03072738599291402E0
1.37890000000000024E10	1.03069566663282441E0
1.37900000000000000E10	1.03066399379629425E0
1.37909999999999999E10	1.03063236826373261E0
1.37920000000000020E10	1.03060076743259721E0
1.37930000000000019E10	1.03056920813300512E0
1.37939999999999996E10	1.03053769698608977E0
1.37949999999999973E10	1.03050621720760782E0
1.37959999999999972E10	1.03047476662199888E0
1.37970000000000015E10	1.03044335916251928E0
1.37979999999999992E10	1.03041199999391497E0
1.37990000000000013E10	1.03038066202908296E0
1.38000000000000012E10	1.03034937681067462E0
1.38009999999999988E10	1.03031812163230363E0
1.38020000000000009E10	1.03028692073425887E0
1.38030000000000008E10	1.03025572494222062E0
1.38040000000000029E10	1.03022459522841459E0
1.38050000000000006E10	1.03019348091476681E0
1.38060000000000005E10	1.03016241950308496E0
1.38069999999999982E10	1.03013138968496132E0
1.38079999999999981E10	1.03010040103698053E0
1.38090000000000002E10	1.03006945136514094E0
1.38099999999999978E10	1.03003853552150870E0
1.38109999999999977E10	1.03000765572122543E0
1.38120000000000021E10	1.02997680827982419E0
1.38129999999999997E10	1.02994601017205278E0
1.38140000000000018E10	1.02991523704880605E0
1.38150000000000017E10	1.02988451327588493E0
1.38159999999999994E10	1.02985381743498383E0
1.38170000000000015E10	1.02982316208396973E0
1.38180000000000014E10	1.02979254204595372E0
1.38189999999999991E10	1.02976196693768052E0
1.38199999999999990E10	1.02973141825018866E0
1.38209999999999988E10	1.02970090559379091E0
1.38219999999999987E10	1.02967043118276491E0
1.38229999999999986E10	1.02963999723426003E0
1.38240000000000007E10	1.02960960448410765E0
1.38249999999999984E10	1.02957924030582459E0
1.38259999999999983E10	1.02954891581416463E0
1.38270000000000026E10	1.02951862728233356E0
1.38280000000000003E10	1.02948837394890846E0
1.38290000000000024E10	1.02945814612419451E0
1.38300000000000023E10	1.02942797428162236E0
1.38310000000000000E10	1.02939782939267532E0
1.38319999999999999E10	1.02936771514513414E0
1.38329999999999975E10	1.02933765609731331E0
1.38339999999999996E10	1.02930761870109233E0
1.38349999999999995E10	1.02927762155558500E0
1.38359999999999994E10	1.02924766538399837E0
1.38369999999999993E10	1.02921772552512514E0
1.38379999999999992E10	1.02918783403805847E0
1.38390000000000013E10	1.02915797670824949E0
1.38399999999999990E10	1.02912816321811218E0
1.38409999999999989E10	1.02909837035447915E0
1.38420000000000032E10	1.02906863323126285E0
1.38430000000000009E10	1.02903891365323075E0
1.38439999999999985E10	1.02900923327722960E0
1.38449999999999984E10	1.02897958382269139E0
1.38459999999999983E10	1.02894998998225007E0
1.38470000000000004E10	1.02892041648346710E0
1.38479999999999981E10	1.02889088202088197E0
1.38490000000000002E10	1.02886137679094314E0
1.38500000000000001E10	1.02883192402279700E0
1.38510000000000000E10	1.02880248836776067E0
1.38519999999999999E10	1.02877309456076405E0
1.38529999999999998E10	1.02874373127415386E0
1.38540000000000019E10	1.02871441274612829E0
1.38549999999999995E10	1.02868511860420919E0
1.38559999999999994E10	1.02865586911529716E0
1.38569999999999993E10	1.02862664689968430E0
1.38579999999999992E10	1.02859746922855710E0
1.38589999999999991E10	1.02856831115950365E0
1.38599999999999990E10	1.02853920506098917E0
1.38609999999999989E10	1.02851011842431683E0
1.38620000000000010E10	1.02848108062378452E0
1.38629999999999987E10	1.02845205911309345E0
1.38640000000000008E10	1.02842308328711773E0
1.38650000000000007E10	1.02839415384782096E0
1.38660000000000005E10	1.02836524576427557E0
1.38670000000000004E10	1.02833637333195038E0
1.38680000000000003E10	1.02830753875083247E0
1.38690000000000002E10	1.02827872906566742E0
1.38700000000000001E10	1.02824996920866929E0
1.38709999999999978E10	1.02822122650285075E0
1.38719999999999999E10	1.02819253196195803E0
1.38729999999999998E10	1.02816385439214875E0
1.38739999999999997E10	1.02813523394972028E0
1.38749999999999996E10	1.02810663182136808E0
1.38759999999999994E10	1.02807806082623299E0
1.38770000000000016E10	1.02804954293500428E0
1.38779999999999992E10	1.02802104840387920E0
1.38790000000000013E10	1.02799258093591428E0
1.38800000000000012E10	1.02796414881050602E0
1.38810000000000011E10	1.02793576489439897E0
1.38819999999999988E10	1.02790740547650583E0
1.38829999999999987E10	1.02787908036627074E0
1.38840000000000008E10	1.02785078412583641E0
1.38850000000000007E10	1.02782252505036231E0
1.38859999999999983E10	1.02779429311492398E0
1.38870000000000005E10	1.02776609814599929E0
1.38880000000000003E10	1.02773795151642600E0
1.38890000000000002E10	1.02770982177934012E0
1.38900000000000001E10	1.02768173406399987E0
1.38910000000000000E10	1.02765367372848537E0
1.38920000000000021E10	1.02762565214851476E0
1.38929999999999998E10	1.02759765312880935E0
1.38939999999999997E10	1.02756970031462314E0
1.38949999999999996E10	1.02754177290105098E0
1.38959999999999972E10	1.02751388688194267E0
1.38969999999999994E10	1.02748602449522286E0
1.38979999999999992E10	1.02745819713575881E0
1.38990000000000014E10	1.02743040392151674E0
1.39000000000000012E10	1.02740265011878562E0
1.39009999999999989E10	1.02737491023292971E0
1.39020000000000010E10	1.02734721874921897E0
1.39030000000000009E10	1.02731955939883290E0
1.39040000000000008E10	1.02729193282831166E0
1.39050000000000007E10	1.02726434276695500E0
1.39060000000000006E10	1.02723677444537675E0
1.39070000000000005E10	1.02720925317693612E0
1.39079999999999981E10	1.02718175338670714E0
1.39090000000000003E10	1.02715428805530817E0
1.39100000000000001E10	1.02712684855815573E0
1.39109999999999978E10	1.02709945252819135E0
1.39119999999999999E10	1.02707208361146263E0
1.39129999999999998E10	1.02704475326849209E0
1.39140000000000019E10	1.02701744357367120E0
1.39150000000000018E10	1.02699017372888779E0
1.39159999999999995E10	1.02696293818424489E0
1.39170000000000016E10	1.02693574067752835E0
1.39180000000000015E10	1.02690856014353815E0
1.39190000000000014E10	1.02688140960483953E0
1.39199999999999990E10	1.02685430986632187E0
1.39209999999999967E10	1.02682722587403163E0
1.39220000000000010E10	1.02680018775026305E0
1.39229999999999987E10	1.02677317749481833E0
1.39240000000000008E10	1.02674618173775012E0
1.39250000000000007E10	1.02671924152602800E0
1.39259999999999984E10	1.02669231705762920E0
1.39270000000000005E10	1.02666543384720055E0
1.39280000000000004E10	1.02663857384134438E0
1.39290000000000025E10	1.02661175479424727E0
1.39300000000000024E10	1.02658496954667666E0
1.39310000000000000E10	1.02655820312628832E0
1.39319999999999977E10	1.02653148110456383E0
1.39329999999999976E10	1.02650477914079508E0
1.39340000000000019E10	1.02647811814344014E0
1.39349999999999996E10	1.02645148780599715E0
1.39359999999999973E10	1.02642488405539778E0
1.39370000000000016E10	1.02639830750196581E0
1.39379999999999993E10	1.02637176501497729E0
1.39390000000000014E10	1.02634526504049228E0
1.39400000000000013E10	1.02631878314968028E0
1.39409999999999989E10	1.02629234030733940E0
1.39420000000000011E10	1.02626592146075879E0
1.39430000000000009E10	1.02623954446282428E0
1.39439999999999986E10	1.02621318954206830E0
1.39449999999999985E10	1.02618686671425086E0
1.39459999999999984E10	1.02616057030803942E0
1.39469999999999983E10	1.02613430720979415E0
1.39479999999999982E10	1.02610808588906588E0
1.39490000000000025E10	1.02608189281394724E0
1.39500000000000002E10	1.02605573173284692E0
1.39509999999999978E10	1.02602958121633603E0
1.39520000000000022E10	1.02600349065546670E0
1.39529999999999998E10	1.02597740712966234E0
1.39540000000000020E10	1.02595136588284541E0
1.39550000000000018E10	1.02592534387954770E0
1.39559999999999995E10	1.02589936378990099E0
1.39569999999999994E10	1.02587341202445992E0
1.39579999999999993E10	1.02584748444177132E0
1.39589999999999992E10	1.02582160058674421E0
1.39599999999999991E10	1.02579573894891696E0
1.39609999999999990E10	1.02576990643735599E0
1.39619999999999989E10	1.02574410839066021E0
1.39629999999999987E10	1.02571832641869087E0
1.39640000000000031E10	1.02569259275954727E0
1.39650000000000007E10	1.02566688585518317E0
1.39659999999999984E10	1.02564120312328177E0
1.39670000000000027E10	1.02561555624371969E0
1.39680000000000004E10	1.02558994105603452E0
1.39690000000000003E10	1.02556433911021161E0
1.39699999999999980E10	1.02553878272117904E0
1.39709999999999979E10	1.02551324549815726E0
1.39720000000000000E10	1.02548775820201143E0
1.39729999999999999E10	1.02546228170512688E0
1.39739999999999998E10	1.02543683724071966E0
1.39749999999999996E10	1.02541143971491588E0
1.39759999999999995E10	1.02538604516518883E0
1.39769999999999994E10	1.02536069554146736E0
1.39779999999999993E10	1.02533537710725198E0
1.39790000000000036E10	1.02531008247569844E0
1.39800000000000013E10	1.02528482497541473E0
1.39809999999999990E10	1.02525959243309805E0
1.39819999999999989E10	1.02523437744054036E0
1.39829999999999988E10	1.02520921249356722E0
1.39840000000000009E10	1.02518407103966469E0
1.39849999999999985E10	1.02515895045025540E0
1.39859999999999984E10	1.02513387207385209E0
1.39870000000000005E10	1.02510881250802255E0
1.39880000000000004E10	1.02508377871307843E0
1.39890000000000003E10	1.02505879687254686E0
1.39900000000000002E10	1.02503381633363877E0
1.39910000000000001E10	1.02500887608794877E0
1.39920000000000000E10	1.02498396710141804E0
1.39929999999999999E10	1.02495909154981302E0
1.39939999999999998E10	1.02493423877520851E0
1.39949999999999997E10	1.02490942217901648E0
1.39959999999999996E10	1.02488461824752886E0
1.39969999999999994E10	1.02485985644557442E0
1.39979999999999993E10	1.02483511002981320E0
1.39990000000000014E10	1.02481040366827347E0
1.39999999999999991E10	1.02478572828631509E0
1.40009999999999990E10	1.02476107479217626E0
1.40020000000000011E10	1.02473645662062229E0
1.40030000000000010E10	1.02471186789759150E0
1.40040000000000009E10	1.02468729790249302E0
1.40050000000000008E10	1.02466276330558737E0
1.40060000000000007E10	1.02463826306141792E0
1.40070000000000006E10	1.02461377675584431E0
1.40079999999999982E10	1.02458933075908609E0
1.40090000000000003E10	1.02456489979917342E0
1.40100000000000002E10	1.02454050703719979E0
1.40110000000000001E10	1.02451615142429930E0
1.40120000000000000E10	1.02449181249981081E0
1.40129999999999999E10	1.02446749727382547E0
1.40140000000000020E10	1.02444322895620599E0
1.40149999999999997E10	1.02441897411290039E0
1.40159999999999996E10	1.02439474947771592E0
1.40170000000000017E10	1.02437054911949121E0
1.40180000000000016E10	1.02434638493402530E0
1.40189999999999992E10	1.02432225261338239E0
1.40199999999999991E10	1.02429813160983429E0
1.40209999999999968E10	1.02427405654837345E0
1.40220000000000011E10	1.02425000200636940E0
1.40229999999999988E10	1.02422597339515531E0
1.40240000000000009E10	1.02420197288267945E0
1.40250000000000008E10	1.02417800101299905E0
1.40260000000000007E10	1.02415405182086605E0
1.40270000000000006E10	1.02413013561023258E0
1.40280000000000005E10	1.02410625781614817E0
1.40290000000000026E10	1.02408238640278371E0
1.40300000000000002E10	1.02405855122659806E0
1.40310000000000001E10	1.02403474957612950E0
1.40320000000000000E10	1.02401098199778584E0
1.40329999999999977E10	1.02398722128724962E0
1.40339999999999998E10	1.02396349735014214E0
1.40349999999999997E10	1.02393980419966901E0
1.40359999999999974E10	1.02391614237565753E0
1.40370000000000017E10	1.02389249933618243E0
1.40379999999999994E10	1.02386888869143000E0
1.40390000000000015E10	1.02384530116125738E0
1.40400000000000014E10	1.02382173891018180E0
1.40410000000000013E10	1.02379821065772125E0
1.40420000000000011E10	1.02377470874979259E0
1.40430000000000010E10	1.02375122715730038E0
1.40440000000000009E10	1.02372778936433440E0
1.40449999999999986E10	1.02370435817945404E0
1.40459999999999985E10	1.02368097350396559E0
1.40470000000000006E10	1.02365758826152464E0
1.40479999999999983E10	1.02363425716494549E0
1.40490000000000004E10	1.02361094789932494E0
1.40500000000000003E10	1.02358765933844520E0
1.40509999999999979E10	1.02356439857968806E0
1.40520000000000023E10	1.02354115956402558E0
1.40529999999999999E10	1.02351795598120821E0
1.40540000000000020E10	1.02349476859595012E0
1.40550000000000019E10	1.02347162098939481E0
1.40560000000000018E10	1.02344848896716778E0
1.40569999999999995E10	1.02342539777774744E0
1.40579999999999972E10	1.02340232320510083E0
1.40590000000000015E10	1.02337926575479754E0
1.40599999999999992E10	1.02335625566276089E0
1.40609999999999991E10	1.02333325546797704E0
1.40620000000000012E10	1.02331029046207944E0
1.40629999999999988E10	1.02328735124907988E0
1.40640000000000009E10	1.02326443668854128E0
1.40650000000000008E10	1.02324155060306254E0
1.40659999999999985E10	1.02321868688497242E0
1.40670000000000028E10	1.02319585266885937E0
1.40680000000000005E10	1.02317304681361354E0
1.40689999999999982E10	1.02315026983337876E0
1.40699999999999981E10	1.02312750233625116E0
1.40709999999999980E10	1.02310478629951795E0
1.40720000000000001E10	1.02308207411740781E0
1.40729999999999977E10	1.02305938454054557E0
1.40740000000000021E10	1.02303674632137365E0
1.40749999999999997E10	1.02301412508912670E0
1.40759999999999996E10	1.02299150969657737E0
1.40770000000000017E10	1.02296895386686093E0
1.40779999999999994E10	1.02294639156578615E0
1.40790000000000015E10	1.02292387987558886E0
1.40800000000000014E10	1.02290138101404082E0
1.40809999999999991E10	1.02287890880112275E0
1.40819999999999990E10	1.02285647207738295E0
1.40829999999999989E10	1.02283404466667815E0
1.40839999999999987E10	1.02281166042611238E0
1.40849999999999986E10	1.02278928815642245E0
1.40859999999999985E10	1.02276694671291279E0
1.40870000000000006E10	1.02274462156205970E0
1.40879999999999983E10	1.02272233826607861E0
1.40890000000000026E10	1.02270007894645443E0
1.40900000000000003E10	1.02267783907870635E0
1.40910000000000002E10	1.02265562417288169E0
1.40920000000000023E10	1.02263343807305684E0
1.40930000000000000E10	1.02261126787568557E0
1.40939999999999999E10	1.02258913752753489E0
1.40949999999999998E10	1.02256702741940253E0
1.40959999999999974E10	1.02254493132781676E0
1.40969999999999995E10	1.02252287993776880E0
1.40979999999999994E10	1.02250083682982185E0
1.40989999999999993E10	1.02247882598773043E0
1.40999999999999992E10	1.02245684623034649E0
1.41009999999999991E10	1.02243489133048704E0
1.41020000000000012E10	1.02241294495884105E0
1.41029999999999989E10	1.02239104291469474E0
1.41040000000000032E10	1.02236916214522267E0
1.41050000000000009E10	1.02234729302881822E0
1.41060000000000008E10	1.02232545961964227E0
1.41069999999999984E10	1.02230364556329523E0
1.41079999999999983E10	1.02228186651208741E0
1.41090000000000004E10	1.02226011284250595E0
1.41100000000000003E10	1.02223836816335933E0
1.41109999999999980E10	1.02221666670204892E0
1.41120000000000001E10	1.02219497518507030E0
1.41130000000000000E10	1.02217331773077347E0
1.41139999999999999E10	1.02215168807003143E0
1.41149999999999998E10	1.02213007146731982E0
1.41159999999999997E10	1.02210848530552578E0
1.41170000000000018E10	1.02208691991572875E0
1.41179999999999994E10	1.02206538593100449E0
1.41189999999999993E10	1.02204387706170619E0
1.41199999999999992E10	1.02202239548024654E0
1.41209999999999991E10	1.02200091453988562E0
1.41219999999999990E10	1.02197948048164666E0
1.41229999999999989E10	1.02195806835629721E0
1.41240000000000010E10	1.02193667524001364E0
1.41250000000000009E10	1.02191530499632233E0
1.41259999999999986E10	1.02189397168858731E0
1.41270000000000007E10	1.02187264860964921E0
1.41280000000000006E10	1.02185136001978072E0
1.41290000000000004E10	1.02183009279399872E0
1.41300000000000003E10	1.02180885590854365E0
1.41310000000000002E10	1.02178762089706354E0
1.41320000000000001E10	1.02176642908025306E0
1.41330000000000000E10	1.02174525198237776E0
1.41339999999999999E10	1.02172411222159987E0
1.41349999999999998E10	1.02170298640519563E0
1.41359999999999997E10	1.02168188181226371E0
1.41369999999999996E10	1.02166080914688329E0
1.41379999999999995E10	1.02163976034649284E0
1.41390000000000016E10	1.02161872391749786E0
1.41400000000000015E10	1.02159772765480117E0
1.41409999999999991E10	1.02157674810557531E0
1.41420000000000012E10	1.02155579769750604E0
1.41430000000000011E10	1.02153485294248236E0
1.41440000000000010E10	1.02151395023045288E0
1.41449999999999987E10	1.02149306606829171E0
1.41459999999999964E10	1.02147220776372216E0
1.41470000000000007E10	1.02145136720887741E0
1.41480000000000006E10	1.02143055000012861E0
1.41490000000000005E10	1.02140976345809209E0
1.41500000000000004E10	1.02138900118474796E0
1.41510000000000002E10	1.02136824990257824E0
1.41520000000000001E10	1.02134753925388377E0
1.41530000000000000E10	1.02132684050307043E0
1.41540000000000021E10	1.02130616440623889E0
1.41550000000000020E10	1.02128551485730812E0
1.41559999999999997E10	1.02126489575578883E0
1.41569999999999996E10	1.02124429723662091E0
1.41579999999999973E10	1.02122371802758338E0
1.41590000000000016E10	1.02120316029902813E0
1.41599999999999993E10	1.02118262450080399E0
1.41609999999999969E10	1.02116211970368975E0
1.41620000000000013E10	1.02114163429389060E0
1.41630000000000011E10	1.02112117216811704E0
1.41640000000000010E10	1.02110072687083697E0
1.41650000000000009E10	1.02108031438686275E0
1.41660000000000008E10	1.02105991962672316E0
1.41670000000000007E10	1.02103955167416682E0
1.41680000000000006E10	1.02101921098119020E0
1.41690000000000005E10	1.02099888243016546E0
1.41699999999999982E10	1.02097857683765780E0
1.41709999999999980E10	1.02095829638073510E0
1.41720000000000002E10	1.02093805016756911E0
1.41729999999999978E10	1.02091780573270574E0
1.41740000000000022E10	1.02089760683270092E0
1.41749999999999998E10	1.02087741751896965E0
1.41759999999999975E10	1.02085725903773383E0
1.41770000000000018E10	1.02083711621947471E0
1.41780000000000017E10	1.02081699991550701E0
1.41790000000000016E10	1.02079690362257658E0
1.41800000000000015E10	1.02077682951564963E0
1.41810000000000014E10	1.02075678498812317E0
1.41819999999999991E10	1.02073675309443934E0
1.41829999999999989E10	1.02071675688147767E0
1.41840000000000011E10	1.02069677591410835E0
1.41849999999999987E10	1.02067680191307386E0
1.41859999999999986E10	1.02065687362469237E0
1.41870000000000007E10	1.02063696711289564E0
1.41879999999999984E10	1.02061707060675655E0
1.41890000000000027E10	1.02059720545859900E0
1.41900000000000004E10	1.02057735117264481E0
1.41909999999999981E10	1.02055753086442835E0
1.41920000000000024E10	1.02053773275587290E0
1.41930000000000023E10	1.02051794155397024E0
1.41940000000000000E10	1.02049819088405691E0
1.41949999999999976E10	1.02047845147200889E0
1.41959999999999975E10	1.02045873423205702E0
1.41969999999999996E10	1.02043904834546106E0
1.41979999999999995E10	1.02041938374833996E0
1.41990000000000016E10	1.02039973561401154E0
1.41999999999999993E10	1.02038011487849034E0
1.42009999999999992E10	1.02036050269286882E0
1.42020000000000013E10	1.02034092402112186E0
1.42029999999999990E10	1.02032136877757607E0
1.42040000000000033E10	1.02030183739059388E0
1.42050000000000010E10	1.02028232853264589E0
1.42059999999999986E10	1.02026281803632646E0
1.42069999999999985E10	1.02024335374741870E0
1.42079999999999984E10	1.02022390799022489E0
1.42090000000000005E10	1.02020448294339183E0
1.42099999999999982E10	1.02018506671177445E0
1.42109999999999981E10	1.02016569314760797E0
1.42120000000000002E10	1.02014633100058982E0
1.42130000000000001E10	1.02012699125002726E0
1.42140000000000022E10	1.02010766903037942E0
1.42149999999999999E10	1.02008838238892130E0
1.42159999999999997E10	1.02006910883204682E0
1.42170000000000019E10	1.02004985582705809E0
1.42179999999999995E10	1.02003061496479641E0
1.42189999999999994E10	1.02001141314316635E0
1.42199999999999993E10	1.01999220839823868E0
1.42209999999999992E10	1.01997305767799618E0
1.42219999999999991E10	1.01995391369647881E0
1.42229999999999990E10	1.01993478215857047E0
1.42240000000000011E10	1.01991568293553292E0
1.42249999999999988E10	1.01989660583341224E0
1.42259999999999986E10	1.01987754241192774E0
1.42270000000000008E10	1.01985849661931072E0
1.42280000000000006E10	1.01983948481793907E0
1.42290000000000028E10	1.01982049502301741E0
1.42300000000000004E10	1.01980151877771141E0
1.42310000000000003E10	1.01978256180880944E0
1.42320000000000002E10	1.01976362807621257E0
1.42329999999999979E10	1.01974472154555507E0
1.42340000000000000E10	1.01972583374992820E0
1.42349999999999999E10	1.01970696865150812E0
1.42359999999999998E10	1.01968812132628561E0
1.42369999999999997E10	1.01966929395795369E0
1.42379999999999995E10	1.01965049051308743E0
1.42390000000000017E10	1.01963170249999702E0
1.42399999999999993E10	1.01961294100677624E0
1.42409999999999992E10	1.01959419931873918E0
1.42420000000000013E10	1.01957548497144423E0
1.42430000000000012E10	1.01955678589415411E0
1.42439999999999989E10	1.01953809713241683E0
1.42449999999999988E10	1.01951943871190753E0
1.42459999999999987E10	1.01950080569125157E0
1.42470000000000008E10	1.01948219133414186E0
1.42479999999999984E10	1.01946360140218517E0
1.42490000000000006E10	1.01944502199976972E0
1.42500000000000004E10	1.01942645530489373E0
1.42510000000000003E10	1.01940792854820494E0
1.42520000000000002E10	1.01938941888423695E0
1.42530000000000001E10	1.01937092670892038E0
1.42540000000000022E10	1.01935245958414944E0
1.42549999999999999E10	1.01933399461648322E0
1.42559999999999998E10	1.01931557162599273E0
1.42569999999999997E10	1.01929715516477581E0
1.42579999999999996E10	1.01927876714566912E0
1.42589999999999995E10	1.01926040438555110E0
1.42599999999999993E10	1.01924205651227373E0
1.42609999999999992E10	1.01922372032242481E0
1.42620000000000013E10	1.01920541237623796E0
1.42629999999999990E10	1.01918713847258102E0
1.42640000000000011E10	1.01916886125021100E0
1.42650000000000010E10	1.01915062246130339E0
1.42660000000000009E10	1.01913239551951484E0
1.42670000000000008E10	1.01911418801127351E0
1.42680000000000007E10	1.01909600032846792E0
1.42690000000000006E10	1.01907784547909142E0
1.42700000000000005E10	1.01905968059692564E0
1.42709999999999981E10	1.01904156916903754E0
1.42720000000000002E10	1.01902347553629058E0
1.42730000000000001E10	1.01900537661813639E0
1.42740000000000000E10	1.01898730708690444E0
1.42749999999999999E10	1.01896926372975782E0
1.42759999999999998E10	1.01895123971323076E0
1.42770000000000019E10	1.01893323542487835E0
1.42779999999999996E10	1.01891526391414056E0
1.42790000000000017E10	1.01889728396314072E0
1.42800000000000016E10	1.01887934480319720E0
1.42810000000000015E10	1.01886142873527041E0
1.42819999999999991E10	1.01884351621948932E0
1.42829999999999968E10	1.01882564205914594E0
1.42840000000000011E10	1.01880776677047047E0
1.42850000000000010E10	1.01878991973571287E0
1.42859999999999987E10	1.01877210316372668E0
1.42870000000000008E10	1.01875428840424864E0
1.42880000000000007E10	1.01873651395753351E0
1.42890000000000006E10	1.01871874571021404E0
1.42900000000000005E10	1.01870099856896346E0
1.42910000000000004E10	1.01868326382523722E0
1.42920000000000025E10	1.01866555640379941E0
1.42930000000000001E10	1.01864787669437629E0
1.42940000000000000E10	1.01863020142020377E0
1.42949999999999977E10	1.01861255643997284E0
1.42959999999999976E10	1.01859493667970913E0
1.42969999999999997E10	1.01857732612068275E0
1.42979999999999974E10	1.01855973059896043E0
1.42990000000000017E10	1.01854215778339863E0
1.43000000000000016E10	1.01852461170489494E0
1.43009999999999993E10	1.01850708362087716E0
1.43020000000000014E10	1.01848957025318265E0
1.43030000000000013E10	1.01847207562620512E0
1.43040000000000012E10	1.01845459463103238E0
1.43050000000000010E10	1.01843715140656399E0
1.43060000000000009E10	1.01841971342263649E0
1.43069999999999986E10	1.01840228835633906E0
1.43079999999999985E10	1.01838490037267038E0
1.43090000000000006E10	1.01836752788870299E0
1.43099999999999983E10	1.01835017493676072E0
1.43109999999999982E10	1.01833284555513393E0
1.43120000000000003E10	1.01831550894898770E0
1.43129999999999979E10	1.01829820397935467E0
1.43140000000000023E10	1.01828092002136028E0
1.43150000000000022E10	1.01826367396973660E0
1.43159999999999998E10	1.01824643132236115E0
1.43170000000000019E10	1.01822920529078664E0
1.43180000000000018E10	1.01821199624080894E0
1.43189999999999995E10	1.01819480269973628E0
1.43199999999999994E10	1.01817764710479031E0
1.43209999999999971E10	1.01816050224308507E0
1.43219999999999992E10	1.01814337215374540E0
1.43229999999999991E10	1.01812624983176314E0
1.43240000000000012E10	1.01810917431977277E0
1.43249999999999988E10	1.01809209809587609E0
1.43259999999999987E10	1.01807503625277751E0
1.43270000000000008E10	1.01805801312908062E0
1.43279999999999985E10	1.01804098851625335E0
1.43290000000000028E10	1.01802399229033758E0
1.43300000000000027E10	1.01800701005228023E0
1.43310000000000004E10	1.01799005693894018E0
1.43319999999999981E10	1.01797310745029734E0
1.43329999999999980E10	1.01795618781561714E0
1.43340000000000001E10	1.01793928546205992E0
1.43350000000000000E10	1.01792240074898577E0
1.43359999999999976E10	1.01790553773818271E0
1.43369999999999997E10	1.01788869123801429E0
1.43379999999999996E10	1.01787185975312355E0
1.43390000000000017E10	1.01785503622530538E0
1.43399999999999994E10	1.01783825622814206E0
1.43409999999999993E10	1.01782148490852853E0
1.43420000000000014E10	1.01780473374605429E0
1.43429999999999991E10	1.01778799938769260E0
1.43439999999999990E10	1.01777127290376357E0
1.43449999999999989E10	1.01775457135792768E0
1.43459999999999988E10	1.01773789325554209E0
1.43469999999999986E10	1.01772122594428382E0
1.43479999999999985E10	1.01770457349031807E0
1.43490000000000006E10	1.01768795299024850E0
1.43500000000000005E10	1.01767134992371888E0
1.43509999999999982E10	1.01765474602262773E0
1.43520000000000003E10	1.01763817887481989E0
1.43530000000000002E10	1.01762163021961860E0
1.43540000000000023E10	1.01760509108860786E0
1.43550000000000000E10	1.01758857487901544E0
1.43559999999999999E10	1.01757207075378719E0
1.43569999999999998E10	1.01755558092379417E0
1.43579999999999997E10	1.01753912254036361E0
1.43589999999999995E10	1.01752266981849782E0
1.43599999999999994E10	1.01750625112408577E0
1.43609999999999993E10	1.01748983691486838E0
1.43619999999999992E10	1.01747344996592726E0
1.43629999999999991E10	1.01745708128267554E0
1.43640000000000012E10	1.01744071624089671E0
1.43650000000000011E10	1.01742438512929856E0
1.43659999999999988E10	1.01740806209115098E0
1.43670000000000009E10	1.01739175308349172E0
1.43680000000000008E10	1.01737548094305663E0
1.43690000000000007E10	1.01735921040799160E0
1.43699999999999983E10	1.01734296244146938E0
1.43709999999999982E10	1.01732673739431490E0
1.43720000000000003E10	1.01731051684285978E0
1.43730000000000002E10	1.01729431614179822E0
1.43740000000000001E10	1.01727814315348386E0
1.43750000000000000E10	1.01726197755706615E0
1.43759999999999999E10	1.01724585353097430E0
1.43769999999999998E10	1.01722972253653010E0
1.43779999999999997E10	1.01721361311548608E0
1.43790000000000018E10	1.01719752749714765E0
1.43800000000000017E10	1.01718144719699599E0
1.43809999999999993E10	1.01716538761444264E0
1.43819999999999992E10	1.01714935663339223E0
1.43829999999999991E10	1.01713334517926612E0
1.43840000000000012E10	1.01711734604943382E0
1.43849999999999989E10	1.01710136146440222E0
1.43859999999999988E10	1.01708540119860480E0
1.43870000000000009E10	1.01706943916022752E0
1.43880000000000008E10	1.01705350022474317E0
1.43890000000000007E10	1.01703759607662048E0
1.43900000000000006E10	1.01702170438537842E0
1.43910000000000005E10	1.01700581224259601E0
1.43920000000000003E10	1.01698995402278447E0
1.43930000000000002E10	1.01697410736710570E0
1.43940000000000001E10	1.01695828017916745E0
1.43950000000000000E10	1.01694246900839103E0
1.43959999999999977E10	1.01692667039808970E0
1.43969999999999998E10	1.01691089226086251E0
1.43979999999999997E10	1.01689513683131150E0
1.43990000000000018E10	1.01687939686054163E0
1.43999999999999995E10	1.01686367078198514E0
1.44009999999999994E10	1.01684796841871927E0
1.44020000000000015E10	1.01683227301566825E0
1.44030000000000014E10	1.01681659249411926E0
1.44040000000000012E10	1.01680094429204804E0
1.44050000000000011E10	1.01678530403654510E0
1.44060000000000010E10	1.01676968536512025E0
1.44070000000000009E10	1.01675408100107889E0
1.44079999999999986E10	1.01673848746373952E0
1.44090000000000007E10	1.01672291078970223E0
1.44100000000000006E10	1.01670735511910793E0
1.44109999999999983E10	1.01669182650401013E0
1.44120000000000004E10	1.01667631384378310E0
1.44130000000000003E10	1.01666080602018227E0
1.44140000000000024E10	1.01664531479687548E0
1.44150000000000000E10	1.01662985577360598E0
1.44159999999999999E10	1.01661439873869486E0
1.44170000000000020E10	1.01659895546468437E0
1.44180000000000019E10	1.01658353391951262E0
1.44189999999999996E10	1.01656812869876623E0
1.44199999999999973E10	1.01655275160391323E0
1.44209999999999972E10	1.01653736853083343E0
1.44220000000000015E10	1.01652201423375432E0
1.44229999999999992E10	1.01650669096586199E0
1.44240000000000013E10	1.01649136266999629E0
1.44250000000000012E10	1.01647606413998592E0
1.44259999999999988E10	1.01646077845998661E0
1.44270000000000009E10	1.01644550594841987E0
1.44280000000000008E10	1.01643024884233912E0
1.44290000000000029E10	1.01641501897863518E0
1.44300000000000006E10	1.01639979365022293E0
1.44310000000000005E10	1.01638459429353856E0
1.44319999999999982E10	1.01636939241706181E0
1.44329999999999981E10	1.01635424406596631E0
1.44340000000000002E10	1.01633907460478290E0
1.44349999999999978E10	1.01632394394685099E0
1.44359999999999977E10	1.01630882164516168E0
1.44370000000000021E10	1.01629371956099757E0
1.44379999999999997E10	1.01627863223928538E0
1.44390000000000018E10	1.01626355806982094E0
1.44400000000000017E10	1.01624849543929896E0
1.44409999999999994E10	1.01623345622878603E0
1.44420000000000015E10	1.01621843304782322E0
1.44430000000000014E10	1.01620342428321542E0
1.44439999999999991E10	1.01618843410988946E0
1.44449999999999990E10	1.01617346284666210E0
1.44459999999999988E10	1.01615850308457234E0
1.44469999999999987E10	1.01614355513342258E0
1.44479999999999986E10	1.01612863476995985E0
1.44490000000000007E10	1.01611372684894885E0
1.44499999999999984E10	1.01609882974539434E0
1.44509999999999983E10	1.01608395538034912E0
1.44520000000000026E10	1.01606909439328774E0
1.44530000000000003E10	1.01605424128287902E0
1.44540000000000024E10	1.01603940797912973E0
1.44550000000000023E10	1.01602460255259985E0
1.44560000000000000E10	1.01600979430067162E0
1.44569999999999999E10	1.01599501455314489E0
1.44579999999999975E10	1.01598024810959919E0
1.44589999999999996E10	1.01596550110230077E0
1.44599999999999995E10	1.01595077190331629E0
1.44609999999999994E10	1.01593604916712654E0
1.44619999999999993E10	1.01592133513631344E0
1.44629999999999992E10	1.01590664955635113E0
1.44640000000000013E10	1.01589198107941092E0
1.44649999999999990E10	1.01587733585330220E0
1.44659999999999989E10	1.01586268888821496E0
1.44670000000000032E10	1.01584807747243033E0
1.44680000000000009E10	1.01583346297342647E0
1.44689999999999985E10	1.01581887490964484E0
1.44699999999999984E10	1.01580429215463952E0
1.44709999999999983E10	1.01578972865513206E0
1.44720000000000004E10	1.01577519057463461E0
1.44729999999999981E10	1.01576065480790168E0
1.44740000000000002E10	1.01574614898092608E0
1.44750000000000001E10	1.01573163825560098E0
1.44760000000000000E10	1.01571716394794143E0
1.44769999999999999E10	1.01570270879280455E0
1.44779999999999998E10	1.01568824376546063E0
1.44790000000000019E10	1.01567380826564380E0
1.44799999999999995E10	1.01565938891336338E0
1.44809999999999994E10	1.01564498209675458E0
1.44819999999999993E10	1.01563059203183559E0
1.44829999999999992E10	1.01561622685899411E0
1.44839999999999991E10	1.01560187121103174E0
1.44849999999999990E10	1.01558752146124509E0
1.44859999999999989E10	1.01557320143708796E0
1.44870000000000010E10	1.01555888790933069E0
1.44879999999999987E10	1.01554459098287442E0
1.44890000000000008E10	1.01553031488641521E0
1.44900000000000007E10	1.01551603635298293E0
1.44910000000000005E10	1.01550179103427696E0
1.44920000000000004E10	1.01548756352249847E0
1.44930000000000003E10	1.01547333838611187E0
1.44940000000000002E10	1.01545912968024621E0
1.44950000000000001E10	1.01544494164038701E0
1.44959999999999978E10	1.01543076866360105E0
1.44969999999999999E10	1.01541660907744791E0
1.44979999999999998E10	1.01540245726573142E0
1.44989999999999997E10	1.01538833519825689E0
1.44999999999999996E10	1.01537422544150768E0
1.45009999999999994E10	1.01536012237036011E0
1.45020000000000016E10	1.01534603811064139E0
1.45029999999999992E10	1.01533197296151023E0
1.45040000000000013E10	1.01531791339897359E0
1.45050000000000012E10	1.01530388143749795E0
1.45060000000000011E10	1.01528986157524970E0
1.45069999999999988E10	1.01527584026369833E0
1.45079999999999987E10	1.01526184348830384E0
1.45090000000000008E10	1.01524787748851031E0
1.45100000000000007E10	1.01523392674086788E0
1.45109999999999983E10	1.01521996777861778E0
1.45120000000000005E10	1.01520604246264567E0
1.45130000000000003E10	1.01519211147674615E0
1.45140000000000002E10	1.01517821473308434E0
1.45150000000000001E10	1.01516432280041036E0
1.45160000000000000E10	1.01515044786016451E0
1.45170000000000021E10	1.01513658623642344E0
1.45179999999999998E10	1.01512274218776688E0
1.45189999999999997E10	1.01510892196482971E0
1.45199999999999996E10	1.01509510202729247E0
1.45209999999999972E10	1.01508129258488045E0
1.45219999999999994E10	1.01506750982667127E0
1.45229999999999992E10	1.01505374212116450E0
1.45240000000000014E10	1.01503998577758026E0
1.45250000000000012E10	1.01502623112797941E0
1.45259999999999989E10	1.01501252623194160E0
1.45270000000000010E10	1.01499881166015293E0
1.45280000000000009E10	1.01498511756108512E0
1.45290000000000008E10	1.01497143226769149E0
1.45300000000000007E10	1.01495776802397830E0
1.45310000000000006E10	1.01494409919015549E0
1.45320000000000005E10	1.01493047192832853E0
1.45329999999999981E10	1.01491685062019799E0
1.45340000000000003E10	1.01490323753799294E0
1.45350000000000001E10	1.01488964294800943E0
1.45359999999999978E10	1.01487605115055990E0
1.45369999999999999E10	1.01486249240568749E0
1.45379999999999998E10	1.01484894501716694E0
1.45390000000000019E10	1.01483540726401089E0
1.45400000000000018E10	1.01482188142511554E0
1.45409999999999995E10	1.01480837378702970E0
1.45420000000000016E10	1.01479488463607970E0
1.45430000000000015E10	1.01478140423996588E0
1.45440000000000014E10	1.01476792686052009E0
1.45449999999999990E10	1.01475448284483649E0
1.45459999999999967E10	1.01474104641724194E0
1.45470000000000010E10	1.01472761584406324E0
1.45479999999999987E10	1.01471421548586238E0
1.45490000000000008E10	1.01470081752521035E0
1.45500000000000007E10	1.01468744030917835E0
1.45509999999999984E10	1.01467406603693622E0
1.45520000000000005E10	1.01466073116299027E0
1.45530000000000004E10	1.01464738370290952E0
1.45540000000000025E10	1.01463406615607021E0
1.45550000000000024E10	1.01462075064027535E0
1.45560000000000000E10	1.01460746158101545E0
1.45569999999999977E10	1.01459418517002775E0
1.45579999999999976E10	1.01458091362306391E0
1.45590000000000019E10	1.01456766534774867E0
1.45599999999999996E10	1.01455442449923106E0
1.45609999999999973E10	1.01454120143223370E0
1.45620000000000016E10	1.01452798431909463E0
1.45629999999999993E10	1.01451479159429292E0
1.45640000000000014E10	1.01450161142817596E0
1.45650000000000013E10	1.01448843601337990E0
1.45659999999999989E10	1.01447529794853142E0
1.45670000000000011E10	1.01446215305766607E0
1.45680000000000009E10	1.01444902788276559E0
1.45689999999999986E10	1.01443591056518101E0
1.45699999999999985E10	1.01442280946679375E0
1.45709999999999984E10	1.01440972688800057E0
1.45719999999999983E10	1.01439665703052118E0
1.45729999999999982E10	1.01438360219146562E0
1.45740000000000025E10	1.01437056264433934E0
1.45750000000000002E10	1.01435753866245681E0
1.45759999999999978E10	1.01434452037752809E0
1.45770000000000022E10	1.01433151413897105E0
1.45779999999999998E10	1.01431852021578917E0
1.45790000000000020E10	1.01430554496872083E0
1.45800000000000018E10	1.01429258054815197E0
1.45809999999999995E10	1.01427963738110960E0
1.45819999999999994E10	1.01426671574580807E0
1.45829999999999993E10	1.01425379355051781E0
1.45839999999999992E10	1.01424089139214457E0
1.45849999999999991E10	1.01422799530067054E0
1.45859999999999990E10	1.01421511775120687E0
1.45869999999999989E10	1.01420225087105176E0
1.45879999999999987E10	1.01418940307406058E0
1.45890000000000031E10	1.01417656240534604E0
1.45900000000000007E10	1.01416373524150250E0
1.45909999999999984E10	1.01415093000761569E0
1.45920000000000027E10	1.01413813065711178E0
1.45930000000000004E10	1.01412534357100204E0
1.45940000000000003E10	1.01411257105580122E0
1.45949999999999980E10	1.01409982971893364E0
1.45959999999999979E10	1.01408707489240091E0
1.45970000000000000E10	1.01407434769290705E0
1.45979999999999999E10	1.01406163817691986E0
1.45989999999999998E10	1.01404892615799902E0
1.45999999999999996E10	1.01403624053119867E0
1.46009999999999995E10	1.01402356315126774E0
1.46019999999999994E10	1.01401090656298654E0
1.46029999999999993E10	1.01399826284374872E0
1.46040000000000036E10	1.01398561586166758E0
1.46050000000000013E10	1.01397300686225078E0
1.46059999999999990E10	1.01396039511908032E0
1.46069999999999989E10	1.01394779934071644E0
1.46079999999999988E10	1.01393521158273292E0
1.46090000000000009E10	1.01392264236628771E0
1.46099999999999985E10	1.01391007758189966E0
1.46109999999999984E10	1.01389754624455874E0
1.46120000000000005E10	1.01388501575241197E0
1.46130000000000004E10	1.01387250074473445E0
1.46140000000000003E10	1.01386000148419608E0
1.46150000000000002E10	1.01384749765797832E0
1.46160000000000001E10	1.01383503273040776E0
1.46170000000000000E10	1.01382255551295919E0
1.46179999999999999E10	1.01381010743270505E0
1.46189999999999998E10	1.01379767228143036E0
1.46199999999999997E10	1.01378525237870676E0
1.46209999999999996E10	1.01377284179900795E0
1.46219999999999994E10	1.01376043667043092E0
1.46229999999999993E10	1.01374805994119810E0
1.46240000000000014E10	1.01373567679241905E0
1.46249999999999991E10	1.01372332256559794E0
1.46259999999999990E10	1.01371097894268680E0
1.46270000000000011E10	1.01369864411100030E0
1.46280000000000010E10	1.01368632038935558E0
1.46290000000000009E10	1.01367402250797722E0
1.46300000000000008E10	1.01366172797971177E0
1.46310000000000007E10	1.01364944946676405E0
1.46320000000000006E10	1.01363717894627503E0
1.46329999999999982E10	1.01362492080974831E0
1.46340000000000003E10	1.01361267945475464E0
1.46350000000000002E10	1.01360044892197343E0
1.46360000000000001E10	1.01358823775644602E0
1.46370000000000000E10	1.01357601925604413E0
1.46379999999999999E10	1.01356382892400010E0
1.46390000000000020E10	1.01355166703004729E0
1.46399999999999997E10	1.01353948401253602E0
1.46409999999999996E10	1.01352734032191316E0
1.46420000000000017E10	1.01351520091645253E0
1.46430000000000016E10	1.01350307435313569E0
1.46439999999999992E10	1.01349094840782361E0
1.46449999999999991E10	1.01347885660005432E0
1.46459999999999968E10	1.01346675966846789E0
1.46470000000000011E10	1.01345469323130932E0
1.46479999999999988E10	1.01344262007670705E0
1.46490000000000009E10	1.01343057584628871E0
1.46500000000000008E10	1.01341853163400697E0
1.46510000000000007E10	1.01340651060643361E0
1.46520000000000006E10	1.01339449217107225E0
1.46530000000000005E10	1.01338248699687727E0
1.46540000000000026E10	1.01337049533329537E0
1.46550000000000002E10	1.01335852369297519E0
1.46560000000000001E10	1.01334656397891210E0
1.46570000000000000E10	1.01333460599307945E0
1.46579999999999977E10	1.01332267922957153E0
1.46589999999999998E10	1.01331075259718162E0
1.46599999999999997E10	1.01329883260376041E0
1.46609999999999974E10	1.01328693204286924E0
1.46620000000000017E10	1.01327504279726610E0
1.46629999999999994E10	1.01326316720584075E0
1.46640000000000015E10	1.01325129713868645E0
1.46650000000000014E10	1.01323945797572090E0
1.46660000000000013E10	1.01322762273635214E0
1.46670000000000011E10	1.01321579375333060E0
1.46680000000000010E10	1.01320397126524120E0
1.46690000000000009E10	1.01319216600138584E0
1.46699999999999986E10	1.01318038660722376E0
1.46709999999999985E10	1.01316859974727391E0
1.46720000000000006E10	1.01315684345162937E0
1.46729999999999983E10	1.01314509487103632E0
1.46740000000000004E10	1.01313335004026772E0
1.46750000000000003E10	1.01312161550147883E0
1.46759999999999979E10	1.01310990621955277E0
1.46770000000000023E10	1.01309819720106753E0
1.46779999999999999E10	1.01308650762011498E0
1.46790000000000020E10	1.01307483772665119E0
1.46800000000000019E10	1.01306314774838535E0
1.46810000000000018E10	1.01305150110814113E0
1.46819999999999995E10	1.01303985170604882E0
1.46829999999999972E10	1.01302821452814307E0
1.46840000000000015E10	1.01301661091002915E0
1.46849999999999992E10	1.01300499891116425E0
1.46859999999999991E10	1.01299341674740662E0
1.46870000000000012E10	1.01298181610820581E0
1.46879999999999988E10	1.01297025423764464E0
1.46890000000000009E10	1.01295870815848654E0
1.46900000000000008E10	1.01294715486010878E0
1.46909999999999985E10	1.01293561993802772E0
1.46920000000000028E10	1.01292409729129518E0
1.46930000000000005E10	1.01291258292628772E0
1.46939999999999982E10	1.01290108131153866E0
1.46949999999999981E10	1.01288959903905584E0
1.46959999999999980E10	1.01287813423622430E0
1.46970000000000001E10	1.01286666171497730E0
1.46979999999999977E10	1.01285521985243609E0
1.46990000000000021E10	1.01284377285207516E0
1.46999999999999997E10	1.01283234639105491E0
1.47009999999999996E10	1.01282093222604508E0
1.47020000000000017E10	1.01280953483985470E0
1.47029999999999994E10	1.01279814810235802E0
1.47040000000000015E10	1.01278676799882139E0
1.47050000000000014E10	1.01277538413261170E0
1.47059999999999991E10	1.01276403711800267E0
1.47069999999999990E10	1.01275268467990487E0
1.47079999999999989E10	1.01274135894873107E0
1.47089999999999987E10	1.01273002824956815E0
1.47099999999999986E10	1.01271873538113200E0
1.47109999999999985E10	1.01270744013764302E0
1.47120000000000006E10	1.01269614912974548E0
1.47129999999999983E10	1.01268487963402931E0
1.47140000000000026E10	1.01267362123349547E0
1.47150000000000003E10	1.01266236776187668E0
1.47160000000000002E10	1.01265113651396788E0
1.47170000000000023E10	1.01263989571726731E0
1.47180000000000000E10	1.01262869469053873E0
1.47189999999999999E10	1.01261748884111191E0
1.47199999999999998E10	1.01260629120341195E0
1.47209999999999974E10	1.01259511055519158E0
1.47219999999999995E10	1.01258394071879487E0
1.47229999999999994E10	1.01257279261919009E0
1.47239999999999993E10	1.01256164082151745E0
1.47249999999999992E10	1.01255050694470894E0
1.47259999999999991E10	1.01253939336713006E0
1.47270000000000012E10	1.01252826819819419E0
1.47279999999999989E10	1.01251717664106811E0
1.47290000000000032E10	1.01250608679605247E0
1.47300000000000009E10	1.01249502032481664E0
1.47310000000000008E10	1.01248395387373602E0
1.47319999999999984E10	1.01247287693036858E0
1.47329999999999983E10	1.01246184121751237E0
1.47340000000000004E10	1.01245081907988532E0
1.47350000000000003E10	1.01243979356344038E0
1.47359999999999980E10	1.01242879281509635E0
1.47370000000000001E10	1.01241779128157261E0
1.47380000000000000E10	1.01240681283118028E0
1.47389999999999999E10	1.01239583189015070E0
1.47399999999999998E10	1.01238487234131003E0
1.47409999999999997E10	1.01237392150614980E0
1.47420000000000018E10	1.01236299037534416E0
1.47429999999999994E10	1.01235205333404354E0
1.47439999999999993E10	1.01234113213910759E0
1.47449999999999992E10	1.01233023348814410E0
1.47459999999999991E10	1.01231933821055664E0
1.47469999999999990E10	1.01230844436606815E0
1.47479999999999989E10	1.01229758022267302E0
1.47490000000000010E10	1.01228671580265139E0
1.47500000000000009E10	1.01227588586996964E0
1.47509999999999986E10	1.01226502802669915E0
1.47520000000000007E10	1.01225420512431907E0
1.47530000000000006E10	1.01224340444127403E0
1.47540000000000004E10	1.01223258080000145E0
1.47550000000000003E10	1.01222178630634785E0
1.47560000000000002E10	1.01221100389019103E0
1.47570000000000001E10	1.01220024459932745E0
1.47580000000000000E10	1.01218947402016690E0
1.47589999999999999E10	1.01217872917886886E0
1.47599999999999998E10	1.01216798864228186E0
1.47609999999999997E10	1.01215726779998172E0
1.47619999999999996E10	1.01214653869106552E0
1.47629999999999995E10	1.01213583839568511E0
1.47640000000000016E10	1.01212514762272687E0
1.47650000000000015E10	1.01211445790804500E0
1.47659999999999991E10	1.01210380637997233E0
1.47670000000000012E10	1.01209313680495194E0
1.47680000000000011E10	1.01208248631664555E0
1.47690000000000010E10	1.01207184644789616E0
1.47699999999999987E10	1.01206122829171452E0
1.47709999999999964E10	1.01205059074530457E0
1.47720000000000007E10	1.01203998187298816E0
1.47730000000000006E10	1.01202939538165704E0
1.47740000000000005E10	1.01201882496903250E0
1.47750000000000004E10	1.01200824253865496E0
1.47760000000000002E10	1.01199767879467473E0
1.47770000000000001E10	1.01198712088341858E0
1.47780000000000000E10	1.01197659082548896E0
1.47790000000000021E10	1.01196605831471298E0
1.47800000000000020E10	1.01195552137240941E0
1.47809999999999997E10	1.01194501512924862E0
1.47819999999999996E10	1.01193452235236636E0
1.47829999999999973E10	1.01192402359997446E0
1.47840000000000016E10	1.01191356933474119E0
1.47849999999999993E10	1.01190309641047138E0
1.47859999999999969E10	1.01189264000286117E0
1.47870000000000013E10	1.01188219595870099E0
1.47880000000000011E10	1.01187176230695863E0
1.47890000000000010E10	1.01186134364119384E0
1.47900000000000009E10	1.01185092923142461E0
1.47910000000000008E10	1.01184052147668058E0
1.47920000000000007E10	1.01183013811948030E0
1.47930000000000006E10	1.01181974431283228E0
1.47940000000000005E10	1.01180939507438517E0
1.47949999999999982E10	1.01179902045292547E0
1.47959999999999980E10	1.01178868646100129E0
1.47970000000000002E10	1.01177834504699415E0
1.47979999999999978E10	1.01176802056234982E0
1.47990000000000022E10	1.01175770443964241E0
1.47999999999999998E10	1.01174739688962068E0
1.48009999999999975E10	1.01173710471811806E0
1.48020000000000018E10	1.01172682374458089E0
1.48030000000000017E10	1.01171652998325734E0
1.48040000000000016E10	1.01170627643776112E0
1.48050000000000015E10	1.01169602152414040E0
1.48060000000000014E10	1.01168577204813670E0
1.48069999999999991E10	1.01167554363682966E0
1.48079999999999989E10	1.01166533430878558E0
1.48090000000000011E10	1.01165511783030260E0
1.48099999999999987E10	1.01164492306214715E0
1.48109999999999986E10	1.01163472596052806E0
1.48120000000000007E10	1.01162454879042851E0
1.48129999999999984E10	1.01161437190403980E0
1.48140000000000027E10	1.01160421979225612E0
1.48150000000000004E10	1.01159407500722920E0
1.48159999999999981E10	1.01158393112579903E0
1.48170000000000024E10	1.01157379497940525E0
1.48180000000000023E10	1.01156368004260377E0
1.48190000000000000E10	1.01155357326283224E0
1.48199999999999976E10	1.01154348148523976E0
1.48209999999999975E10	1.01153339385482588E0
1.48219999999999996E10	1.01152331057349820E0
1.48229999999999995E10	1.01151325399521363E0
1.48240000000000016E10	1.01150319775312036E0
1.48249999999999993E10	1.01149315312834953E0
1.48259999999999992E10	1.01148312476471247E0
1.48270000000000013E10	1.01147308625642141E0
1.48279999999999990E10	1.01146307107490285E0
1.48290000000000033E10	1.01145306612168695E0
1.48300000000000010E10	1.01144307604458916E0
1.48309999999999986E10	1.01143309661207703E0
1.48319999999999985E10	1.01142311914237193E0
1.48329999999999984E10	1.01141316161593853E0
1.48340000000000005E10	1.01140321535403799E0
1.48349999999999982E10	1.01139326054365108E0
1.48359999999999981E10	1.01138332852329005E0
1.48370000000000002E10	1.01137339947758575E0
1.48380000000000001E10	1.01136349587123764E0
1.48390000000000022E10	1.01135358228507077E0
1.48399999999999999E10	1.01134369455485795E0
1.48409999999999997E10	1.01133381061092087E0
1.48420000000000019E10	1.01132393956998290E0
1.48429999999999995E10	1.01131408163888326E0
1.48439999999999994E10	1.01130423479312115E0
1.48449999999999993E10	1.01129438584459019E0
1.48459999999999992E10	1.01128454838124804E0
1.48469999999999991E10	1.01127472260755935E0
1.48479999999999990E10	1.01126491766583015E0
1.48490000000000011E10	1.01125511365320153E0
1.48499999999999988E10	1.01124533535813055E0
1.48509999999999986E10	1.01123554273834015E0
1.48520000000000008E10	1.01122576729549896E0
1.48530000000000006E10	1.01121599804755702E0
1.48540000000000028E10	1.01120626206039455E0
1.48550000000000004E10	1.01119650804453909E0
1.48560000000000003E10	1.01118677650232924E0
1.48570000000000002E10	1.01117704971702049E0
1.48579999999999979E10	1.01116732788418040E0
1.48590000000000000E10	1.01115764259936269E0
1.48599999999999999E10	1.01114795370498900E0
1.48609999999999998E10	1.01113825240990485E0
1.48619999999999997E10	1.01112857930414113E0
1.48629999999999995E10	1.01111891214691596E0
1.48640000000000017E10	1.01110926461418238E0
1.48649999999999993E10	1.01109961893547484E0
1.48659999999999992E10	1.01108998654309468E0
1.48670000000000013E10	1.01108036988850913E0
1.48680000000000012E10	1.01107075567798077E0
1.48689999999999989E10	1.01106114410248149E0
1.48699999999999988E10	1.01105153760439337E0
1.48709999999999987E10	1.01104195439388866E0
1.48720000000000008E10	1.01103237440700755E0
1.48729999999999984E10	1.01102281586403797E0
1.48740000000000006E10	1.01101325643030782E0
1.48750000000000004E10	1.01100373012023237E0
1.48760000000000003E10	1.01099418301197153E0
1.48770000000000002E10	1.01098465589236652E0
1.48780000000000001E10	1.01097513316625354E0
1.48790000000000022E10	1.01096563309096843E0
1.48799999999999999E10	1.01095612650869260E0
1.48809999999999998E10	1.01094662037852423E0
1.48819999999999997E10	1.01093714653514755E0
1.48829999999999996E10	1.01092768936820576E0
1.48839999999999995E10	1.01091822645914498E0
1.48849999999999993E10	1.01090877609089747E0
1.48859999999999992E10	1.01089932940702276E0
1.48870000000000013E10	1.01088990018312419E0
1.48879999999999990E10	1.01088047956120253E0
1.48890000000000011E10	1.01087106320298292E0
1.48900000000000010E10	1.01086166716480785E0
1.48910000000000009E10	1.01085225763891318E0
1.48920000000000008E10	1.01084289150346063E0
1.48930000000000007E10	1.01083351452905990E0
1.48940000000000006E10	1.01082414958704181E0
1.48950000000000005E10	1.01081479687348019E0
1.48959999999999981E10	1.01080544977023812E0
1.48970000000000002E10	1.01079610619431248E0
1.48980000000000001E10	1.01078677997009181E0
1.48990000000000000E10	1.01077745765617921E0
1.48999999999999999E10	1.01076815081172033E0
1.49009999999999998E10	1.01075886418582250E0
1.49020000000000019E10	1.01074956611707756E0
1.49029999999999996E10	1.01074028182096631E0
1.49040000000000017E10	1.01073102060415021E0
1.49050000000000016E10	1.01072176900192745E0
1.49060000000000015E10	1.01071249985623801E0
1.49069999999999991E10	1.01070326576869651E0
1.49079999999999968E10	1.01069402134290587E0
1.49090000000000011E10	1.01068480553426565E0
1.49100000000000010E10	1.01067558431965576E0
1.49109999999999987E10	1.01066638070436476E0
1.49120000000000008E10	1.01065718118452552E0
1.49130000000000007E10	1.01064798594473504E0
1.49140000000000006E10	1.01063882716441733E0
1.49150000000000005E10	1.01062965476660982E0
1.49160000000000004E10	1.01062049635993456E0
1.49170000000000025E10	1.01061134298800503E0
1.49180000000000001E10	1.01060221314283138E0
1.49190000000000000E10	1.01059307955759281E0
1.49199999999999977E10	1.01058396301754994E0
1.49209999999999976E10	1.01057483164859829E0
1.49219999999999997E10	1.01056573602835953E0
1.49229999999999974E10	1.01055663969505782E0
1.49240000000000017E10	1.01054755658501905E0
1.49250000000000016E10	1.01053847312713518E0
1.49259999999999993E10	1.01052939638313810E0
1.49270000000000014E10	1.01052035408282070E0
1.49280000000000013E10	1.01051130051550841E0
1.49290000000000012E10	1.01050226111407415E0
1.49300000000000010E10	1.01049323147495063E0
1.49310000000000009E10	1.01048421408402955E0
1.49319999999999986E10	1.01047519073671066E0
1.49329999999999985E10	1.01046619380491376E0
1.49340000000000006E10	1.01045719818305146E0
1.49349999999999983E10	1.01044820865251150E0
1.49359999999999982E10	1.01043924611745228E0
1.49370000000000003E10	1.01043026702151062E0
1.49379999999999979E10	1.01042129917143764E0
1.49390000000000023E10	1.01041235658308737E0
1.49400000000000022E10	1.01040341870839034E0
1.49409999999999998E10	1.01039448342153859E0
1.49420000000000019E10	1.01038557397124684E0
1.49430000000000018E10	1.01037666055726105E0
1.49439999999999995E10	1.01036775027670012E0
1.49449999999999994E10	1.01035885716395124E0
1.49459999999999971E10	1.01034996524017018E0
1.49469999999999992E10	1.01034109547973938E0
1.49479999999999991E10	1.01033221571556497E0
1.49490000000000012E10	1.01032336542429446E0
1.49499999999999988E10	1.01031451242410730E0
1.49509999999999987E10	1.01030566845662251E0
1.49520000000000008E10	1.01029682444547664E0
1.49529999999999985E10	1.01028800372043581E0
1.49540000000000028E10	1.01027918794739913E0
1.49550000000000027E10	1.01027038425632720E0
1.49560000000000004E10	1.01026159746838040E0
1.49569999999999981E10	1.01025279067430729E0
1.49579999999999980E10	1.01024400809714199E0
1.49590000000000001E10	1.01023525225429323E0
1.49600000000000000E10	1.01022648388747838E0
1.49609999999999976E10	1.01021772637458729E0
1.49619999999999997E10	1.01020897060844606E0
1.49629999999999996E10	1.01020024696695709E0
1.49640000000000017E10	1.01019151149514497E0
1.49649999999999994E10	1.01018280620183853E0
1.49659999999999993E10	1.01017408477446846E0
1.49670000000000014E10	1.01016538691885205E0
1.49679999999999991E10	1.01015670352082476E0
1.49689999999999990E10	1.01014800915715286E0
1.49699999999999989E10	1.01013934357818469E0
1.49709999999999988E10	1.01013067902808373E0
1.49719999999999986E10	1.01012202266968854E0
1.49729999999999985E10	1.01011336302581101E0
1.49740000000000006E10	1.01010472358294190E0
1.49750000000000005E10	1.01009608820235575E0
1.49759999999999982E10	1.01008746172509145E0
1.49770000000000003E10	1.01007885600135761E0
1.49780000000000002E10	1.01007024553578484E0
1.49790000000000023E10	1.01006164917990038E0
1.49800000000000000E10	1.01005306010719664E0
1.49809999999999999E10	1.01004447381943607E0
1.49819999999999998E10	1.01003589750281475E0
1.49829999999999997E10	1.01002734770912084E0
1.49839999999999995E10	1.01001878485760055E0
1.49849999999999994E10	1.01001023953077440E0
1.49859999999999993E10	1.01000170020789892E0
1.49869999999999992E10	1.00999316940528261E0
1.49879999999999991E10	1.00998465901388168E0
1.49890000000000012E10	1.00997614344167408E0
1.49900000000000011E10	1.00996763691779634E0
1.49909999999999988E10	1.00995913492851752E0
1.49920000000000009E10	1.00995066345192841E0
1.49930000000000008E10	1.00994218044330908E0
1.49940000000000007E10	1.00993372127198966E0
1.49949999999999983E10	1.00992524620657487E0
1.49959999999999982E10	1.00991680003158368E0
1.49970000000000003E10	1.00990833124416057E0
1.49980000000000002E10	1.00989991286018199E0
1.49990000000000001E10	1.00989148866048706E0
1.50000000000000000E10	1.00988305645307386E0


