time	Tran1.TRAN.VRL
0.00000000000000000E0	0.00000000000000000E0
6.25000000000000444E-13	-8.72851818122914835E-13
1.25000000000000089E-12	-2.78625752852045894E-12
3.12500000000000222E-12	-7.81729364469538979E-11
8.75000000000000178E-12	-5.64485440613378042E-9
2.56250000000000044E-11	-4.45508581849964358E-7
4.71201196761594243E-11	-4.16383908845922512E-6
6.80884389494362807E-11	-1.64207952625667675E-5
9.04822356354452140E-11	-4.87691979957589172E-5
1.15000193449026034E-10	-1.21889927742718851E-4
1.46138769962909043E-10	-2.91913880051514241E-4
1.89537897305085901E-10	-6.41970911686253753E-4
2.30972031800962041E-10	-9.04046747761058711E-4
2.75668120027441965E-10	-5.10837577893824690E-4
3.08590450471622813E-10	7.96197185945414709E-4
3.35790410320461863E-10	3.03166212169021554E-3
3.72300683934278842E-10	8.62711647062730336E-3
4.18143080599607231E-10	2.18435969011313258E-2
4.78110978983646007E-10	5.43803702387732812E-2
5.40610978983645829E-10	1.12884096318537486E-1
6.03110978983646007E-10	2.00888824203729710E-1
6.65610978983646007E-10	3.15498848486536065E-1
7.28110978983646184E-10	4.42338514373961988E-1
7.90610978983646184E-10	5.58577877023892100E-1
8.53110978983646184E-10	6.42765402186321033E-1
9.15610978983646362E-10	6.80876581528955604E-1
9.78110978983646362E-10	6.66501225006126674E-1
1.04061097898364641E-9	6.01807921947784585E-1
1.09339474704735373E-9	5.14831689010500959E-1
1.15296486631795703E-9	3.92108412444987620E-1
1.21546486631795725E-9	2.49107495001654033E-1
1.27796486631795725E-9	1.05031623046029066E-1
1.34046486631795680E-9	-3.19460312137609659E-2
1.39692463097804365E-9	-1.39760584643626751E-1
1.44983162525289844E-9	-2.10061569571039986E-1
1.50226729926844671E-9	-2.39344308171274811E-1
1.55514690890508600E-9	-2.31054239044854093E-1
1.61285291133882502E-9	-1.84078617140723466E-1
1.67535291133882547E-9	-9.50899693465256846E-2
1.73215566305059521E-9	5.52499972867125244E-3
1.78009825865964610E-9	9.43183067132899922E-2
1.82086538311622026E-9	1.69042580493980799E-1
1.86905703754972086E-9	2.48939937373221687E-1
1.93074269358676776E-9	3.24048517734673647E-1
1.98247768314756878E-9	3.59314443788788695E-1
2.04497768314756900E-9	3.63788934165429945E-1
2.10747768314756900E-9	3.21834581269152409E-1
2.14923948381595853E-9	2.70611423728847456E-1
2.19312952143536322E-9	2.02520774573804863E-1
2.23440249295884907E-9	1.27438094743445207E-1
2.27288646282780160E-9	5.14919096770962259E-2
2.33086627142043534E-9	-5.98653054931815021E-2
2.37699702416335956E-9	-1.39707806682801161E-1
2.43949702416336045E-9	-2.27867468013155250E-1
2.48894464883967093E-9	-2.73177347779539659E-1
2.53770456985018189E-9	-2.91230811184762173E-1
2.59167207373549369E-9	-2.82783389870910451E-1
2.62944876436914754E-9	-2.59610101925704617E-1
2.69194876436914754E-9	-1.91773899391632208E-1
2.72593337225213350E-9	-1.43296997917369584E-1
2.77022117542616630E-9	-7.50605177200763407E-2
2.81147069565213403E-9	-8.41579019182011834E-3
2.84931968902947030E-9	5.24373451705670401E-2
2.88709933463952462E-9	1.07374557295295014E-1
2.91458745954303167E-9	1.41422494677412836E-1
2.94229525404129433E-9	1.70581262548983714E-1
2.96884586237618908E-9	1.93709876159545180E-1
2.99758060065434151E-9	2.12058341071161305E-1
3.03158263460415967E-9	2.22608323972041244E-1
3.06005711542891135E-9	2.22112431481210315E-1
3.11950909315404790E-9	1.98990355806543162E-1
3.15272946345516436E-9	1.73848974221861852E-1
3.17575885741083219E-9	1.51091204688175695E-1
3.19649767810117869E-9	1.27177201831771702E-1
3.21261015130245742E-9	1.06974029115007063E-1
3.22117054642686540E-9	9.58715485128608158E-2
3.23134220745111778E-9	8.24846512201934701E-2
3.24568650579139728E-9	6.33296182977075084E-2
3.27644899536961232E-9	2.09852373472233777E-2
3.29943621708129253E-9	-1.18970871038873938E-2
3.32669131350404523E-9	-5.14883551980493337E-2
3.36564908247022609E-9	-1.05235747853165917E-1
3.39314602570867230E-9	-1.39199730692063040E-1
3.42470696464610924E-9	-1.73643608672627603E-1
3.45571343775179995E-9	-2.02908086965091483E-1
3.48340359084170048E-9	-2.24112256606268412E-1
3.51094004954130146E-9	-2.38953733722192574E-1
3.53319403782860819E-9	-2.46050287524860067E-1
3.56908205657566491E-9	-2.49749695227491397E-1
3.59723090296633430E-9	-2.46718614033224259E-1
3.63740064693119791E-9	-2.32545881657680198E-1
3.67666643701910800E-9	-2.07194370714157383E-1
3.71771965707299579E-9	-1.71784174111843813E-1
3.76506065482683994E-9	-1.24361007076254260E-1
3.80741600211680620E-9	-7.70939401399884439E-2
3.84673394886801745E-9	-3.09217530886638725E-2
3.88606411766556281E-9	1.32174508402415536E-2
3.92095380405791172E-9	4.84716958006583276E-2
3.97037685506958038E-9	9.17886266963285635E-2
4.01683544347575605E-9	1.22747381004750689E-1
4.07933544347575605E-9	1.42285001866624006E-1
4.13350335719811213E-9	1.38683114639731042E-1
4.19600335719811124E-9	1.12573549886075019E-1
4.25150226032249545E-9	6.86261163170856037E-2
4.29529054934735566E-9	2.26674717188055608E-2
4.35779054934735566E-9	-4.91750233210738319E-2
4.40723876978939799E-9	-1.05844946006114693E-1
4.46973876978939888E-9	-1.68038771313559332E-1
4.53223876978939799E-9	-2.10574276623965950E-1
4.59473876978939799E-9	-2.29486196807790277E-1
4.65723876978939888E-9	-2.22986069085800942E-1
4.71973876978939710E-9	-1.89860927608526597E-1
4.78223876978939799E-9	-1.35761111797796397E-1
4.84343155553080429E-9	-7.02855431142088616E-2
4.89991239771378950E-9	-4.83614664264485583E-3
4.96241239771378861E-9	6.20150088802708943E-2
5.02491239771378861E-9	1.12779657266051636E-1
5.08741239771378861E-9	1.41873593594457037E-1
5.13627328100300318E-9	1.45919111158665205E-1
5.19877328100300407E-9	1.25294388374994847E-1
5.25285382474817286E-9	8.84102263545474010E-2
5.30658050335743958E-9	3.90407379088712547E-2
5.36908050335744047E-9	-2.81263485853111828E-2
5.42741586725700742E-9	-9.07532570944132821E-2
5.48991586725700742E-9	-1.48233200267092347E-1
5.55145840106435084E-9	-1.89207180016225029E-1
5.59678667757058435E-9	-2.05391830679151433E-1
5.64364329049749713E-9	-2.07418773933605483E-1
5.68595823133891098E-9	-1.97529584037926442E-1
5.72113154369727983E-9	-1.81431778369132157E-1
5.78363154369727983E-9	-1.36437808910910308E-1
5.82299187964704146E-9	-9.98792298267543543E-2
5.88549187964703968E-9	-3.72575217583745477E-2
5.93570930831011445E-9	1.35353978685212284E-2
5.98457961168127817E-9	5.88008591811718517E-2
6.04017296251222913E-9	9.85966626261337709E-2
6.08705156753143761E-9	1.20011537798705148E-1
6.14955156753143584E-9	1.29639225466011432E-1
6.19887325864858774E-9	1.20176739210471073E-1
6.23511033484573840E-9	1.03650296552050358E-1
6.28931479623943801E-9	6.73488263666029496E-2
6.31819750379178657E-9	4.31194158022377394E-2
6.34774895686107588E-9	1.52077964395263887E-2
6.37191508424899133E-9	-9.29069375814029641E-3
6.42289531609039344E-9	-6.09779329401350090E-2
6.45805983322602373E-9	-9.46174192300760630E-2
6.52055983322602373E-9	-1.45748779584375709E-1
6.57445159597397932E-9	-1.76510193564181428E-1
6.63695159597398110E-9	-1.91085379239808661E-1
6.69787692391733636E-9	-1.83567885441467027E-1
6.76037692391733813E-9	-1.54978371190078024E-1
6.82287692391733636E-9	-1.07845456620223423E-1
6.88537692391733547E-9	-4.98286413537163941E-2
6.94726148823551704E-9	1.03119260892041642E-2
7.00976148823551615E-9	6.66131903908929601E-2
7.07226148823551526E-9	1.08987137055420047E-1
7.13476148823551348E-9	1.28887085386723976E-1
7.19726148823551259E-9	1.18087426632148951E-1
7.25643539433951368E-9	7.26758712065582912E-2
7.30040778172248395E-9	1.91312034195613156E-2
7.31441281256544329E-9	-1.27169327549833389E-4
7.32973703026874190E-9	-2.15367294901980610E-2
7.34128110471698925E-9	-3.77504772279734846E-2
7.35751431171687109E-9	-6.05811969879164103E-2
7.37236816580331666E-9	-8.14624777931804367E-2
7.38810957711638139E-9	-1.03429597009583940E-1
7.40484473891014616E-9	-1.26213891217918128E-1
7.42796191834871333E-9	-1.55587516162322403E-1
7.44040837255848686E-9	-1.69987542991655305E-1
7.44942010195681714E-9	-1.79642831395694036E-1
7.45833378644220613E-9	-1.88523057667852156E-1
7.48507483989836864E-9	-2.11296132297225814E-1
7.50288902184378514E-9	-2.23361264370825907E-1
7.52568755518912891E-9	-2.35166912757410129E-1
7.55153717597509377E-9	-2.42976393174942107E-1
7.58061532841387642E-9	-2.43741732030453351E-1
7.60851082886317975E-9	-2.36556583807704879E-1
7.66820404071088824E-9	-2.00537992158159550E-1
7.69956053779466387E-9	-1.71818503436593351E-1
7.75603873393365806E-9	-1.06115074635015660E-1
7.78785121562290072E-9	-6.32262142174425801E-2
7.85035121562289895E-9	2.20206262486550575E-2
7.88564901496240367E-9	6.83411488462818362E-2
7.93904775872684265E-9	1.31478796976821632E-1
7.99421375439395021E-9	1.80756479992746755E-1
8.04962882841731187E-9	2.07943041751226954E-1
8.11212882841731009E-9	2.09127019988498208E-1
8.16597423360833119E-9	1.79022398012035300E-1
8.22847423360832941E-9	9.95906415927043298E-2
8.27759352468849308E-9	8.24713803404248935E-3
8.34009352468849130E-9	-1.23199775359245955E-1
8.40259352468849308E-9	-2.48663351985696224E-1
8.46509352468849130E-9	-3.44027644021510870E-1
8.52759352468849308E-9	-3.89320498623413425E-1
8.59009352468849130E-9	-3.75746323290263806E-1
8.65259352468848952E-9	-3.05314250565260892E-1
8.71509352468848775E-9	-1.88751947778894413E-1
8.76606674625432447E-9	-7.25918033219053527E-2
8.80727173187738188E-9	2.58760493625225951E-2
8.85456973066266251E-9	1.35399056892975023E-1
8.90169039424674402E-9	2.32468348741094344E-1
8.95923624825694276E-9	3.22598055487010349E-1
9.00393790131798255E-9	3.66054175400563464E-1
9.05411893446408911E-9	3.84007820752095563E-1
9.10321592633517263E-9	3.68264251701502499E-1
9.16571592633516907E-9	2.99121850553242918E-1
9.22821592633517085E-9	1.72186262213583596E-1
9.29071592633516730E-9	-8.43013883925105745E-3
9.35321592633516730E-9	-2.14681317704963659E-1
9.41571592633517263E-9	-4.06183797653333922E-1
9.47821592633517085E-9	-5.52030813605761317E-1
9.54071592633516907E-9	-6.26254018291153081E-1
9.60321592633517263E-9	-6.09829084598503179E-1
9.66416688569720606E-9	-5.07374921567928894E-1
9.72666688569720606E-9	-3.27569848909319328E-1
9.75633332436599510E-9	-2.20559290861999857E-1
9.77663735249756272E-9	-1.42058639110036466E-1
9.81223952615705564E-9	-8.36422026502142657E-4
9.83394299706296060E-9	8.52930047883026887E-2
9.86946511428358875E-9	2.22181775553945871E-1
9.89829779057356518E-9	3.26739680520253284E-1
9.93460249697525910E-9	4.43149142923812001E-1
9.96684658665255441E-9	5.27316208253625884E-1
9.99376866669854280E-9	5.81840054557709951E-1
1.00278925852258327E-8	6.29621852281473693E-1
1.00504490576317762E-8	6.47428288172029465E-1
1.00916754596938940E-8	6.48960246194915591E-1
1.01179711028104213E-8	6.29015971982509647E-1
1.01667721789205068E-8	5.53211456942198154E-1
1.02001780214815829E-8	4.73374512755128762E-1
1.02545671465964494E-8	2.94046715630253930E-1
1.02908161062053116E-8	1.43820145809663869E-1
1.03507963150912552E-8	-1.30035696770086640E-1
1.04056014055815904E-8	-3.79836265168583687E-1
1.04681014055815891E-8	-6.26381418998112593E-1
1.05275852552333271E-8	-7.88372645840667818E-1
1.05900852552333258E-8	-8.52408396061829343E-1
1.06525852552333267E-8	-7.98358392256178906E-1
1.07150852552333276E-8	-6.30058338187592959E-1
1.07775852552333240E-8	-3.67936131910097997E-1
1.08400852552333249E-8	-5.20612185606492162E-2
1.09014197847553596E-8	2.66318627565070276E-1
1.09496537393427151E-8	4.95252976401277145E-1
1.09879891193323531E-8	6.47520349622646130E-1
1.10260162514069582E-8	7.62940695123780710E-1
1.10746179316903937E-8	8.51965670475266990E-1
1.11092170212097341E-8	8.72229660767804127E-1
1.11365401367954187E-8	8.61030646006810940E-1
1.11604653308603519E-8	8.31329489356461515E-1
1.11881659941801725E-8	7.74885572255183064E-1
1.12120489326079675E-8	7.08229458403233725E-1
1.12485431681055004E-8	5.76102412545788667E-1
1.12891075514745909E-8	3.91223194810957065E-1
1.13365854215712747E-8	1.39521061971239124E-1
1.13952369207360737E-8	-1.90738418437683688E-1
1.14577369207360746E-8	-5.23808740647353499E-1
1.15120551415575845E-8	-7.61865437359863407E-1
1.15745551415575854E-8	-9.36499746576911818E-1
1.16370551415575862E-8	-9.81825113359928281E-1
1.16995551415575849E-8	-8.90457420910499664E-1
1.17620551415575836E-8	-6.72461724961288976E-1
1.18245551415575822E-8	-3.59574712941222785E-1
1.18870551415575809E-8	1.76381016544052671E-3
1.19495551415575796E-8	3.60159957830353772E-1
1.20078600433401550E-8	6.45381917144758965E-1
1.20680277530559388E-8	8.48932233825806826E-1
1.21235213881238302E-8	9.32227220087998276E-1
1.21622101794495596E-8	9.23950711306495620E-1
1.22247101794495583E-8	7.94511580252016181E-1
1.22827561215298653E-8	5.61015692428535750E-1
1.23452561215298617E-8	2.22489153236321524E-1
1.24077561215298626E-8	-1.60000402520206464E-1
1.24702561215298613E-8	-5.30445756613574204E-1
1.25327561215298622E-8	-8.34646472375069948E-1
1.25952561215298631E-8	-1.02931204566248624E0
1.26577561215298640E-8	-1.08479906117810443E0
1.27202561215298604E-8	-9.91193389610825726E-1
1.27827561215298591E-8	-7.62153364312688453E-1
1.28452561215298644E-8	-4.30573417693509874E-1
1.29077561215298586E-8	-4.48934712413063153E-2
1.29702561215298573E-8	3.36530756234678874E-1
1.30327561215298582E-8	6.56667814933249794E-1
1.30952561215298591E-8	8.67534470138827984E-1
1.31548228473657280E-8	9.36091036106136620E-1
1.32118106041233974E-8	8.70359930981359398E-1
1.32743106041233982E-8	6.60915533737589911E-1
1.33368106041233969E-8	3.37372886395054028E-1
1.33993106041234000E-8	-5.25540292771016126E-2
1.34618106041233965E-8	-4.51099212030474028E-1
1.35243106041233996E-8	-8.00639048012399535E-1
1.35868106041233982E-8	-1.05017074949237155E0
1.36493106041233969E-8	-1.16208071564655779E0
1.37118106041233956E-8	-1.11917590621229612E0
1.37743106041233987E-8	-9.26768289490632391E-1
1.38368106041233951E-8	-6.12311784207735066E-1
1.38993106041233960E-8	-2.22887991129509144E-1
1.39618106041233991E-8	1.82693158416217205E-1
1.40243106041233956E-8	5.43194633281551464E-1
1.40868106041233920E-8	8.03305932238538034E-1
1.41493106041233974E-8	9.22905620893631351E-1
1.42105327784565882E-8	8.86045401617551143E-1
1.42718776130656355E-8	7.01026091245064187E-1
1.43343776130656386E-8	3.88014902873737366E-1
1.43968776130656395E-8	-3.59457677891527538E-3
1.44593776130656382E-8	-4.15607069725618139E-1
1.45218776130656368E-8	-7.87483892888111026E-1
1.45843776130656377E-8	-1.06436401691826865E0
1.46468776130656342E-8	-1.20504949091966784E0
1.47093776130656329E-8	-1.18771194875590336E0
1.47718776130656337E-8	-1.01343274676704631E0
1.48343776130656391E-8	-7.07440355350477557E-1
1.48968776130656355E-8	-3.15558254471022437E-1
1.49593776130656386E-8	1.03022687985774164E-1
1.50218776130656373E-8	4.84357268325728629E-1
1.50843776130656382E-8	7.69857051127165093E-1
1.51468776130656368E-8	9.15835883215488700E-1
1.52038342782993618E-8	9.07831126348587603E-1
1.52663342782993650E-8	7.45624409781160491E-1
1.53288342782993681E-8	4.47982214625031361E-1
1.53913342782993690E-8	6.03877279413398327E-2
1.54538342782993698E-8	-3.58817540399239343E-1
1.55163342782993685E-8	-7.47232413239479332E-1
1.55788342782993761E-8	-1.04753417271842597E0
1.56413342782993725E-8	-1.21500713892121670E0
1.57038342782993778E-8	-1.22347693356829268E0
1.57663342782993765E-8	-1.07014325969510216E0
1.58288342782993752E-8	-7.77011146413669973E-1
1.58913342782993805E-8	-3.87742419376915759E-1
1.59538342782993814E-8	3.86758630796196101E-2
1.60163342782993801E-8	4.36923058327744940E-1
1.60788342782993832E-8	7.45921137035514992E-1
1.61413342782993841E-8	9.18353891917582565E-1
1.62038342782993849E-8	9.27943464108091831E-1
1.62663342782993880E-8	7.73784333753052689E-1
1.63288342782993867E-8	4.80249921283037295E-1
1.63913342782993920E-8	9.26708702436899578E-2
1.64538342782993885E-8	-3.29976912680545187E-1
1.65163342782993916E-8	-7.24443363888547687E-1
1.65788342782993925E-8	-1.03240930419051669E0
1.66413342782993934E-8	-1.20780528717346991E0
1.67038342782993987E-8	-1.22309799603560276E0
1.67663342782993996E-8	-1.07434152090291835E0
1.68288342782993983E-8	-7.82669302841140535E-1
1.68913342782994036E-8	-3.91501874168121100E-1
1.69538342782994067E-8	3.97729362660071706E-2
1.70163342782994054E-8	4.45075526095377949E-1
1.70788342782994040E-8	7.62222773373690732E-1
1.71413342782994049E-8	9.42648971559529159E-1
1.72038342782994080E-8	9.59052396063314916E-1
1.72663342782994111E-8	8.09752314091788961E-1
1.73288342782994120E-8	5.18674356468568387E-1
1.73913342782994174E-8	1.31200166784410044E-1
1.74538342782994116E-8	-2.93337244342209935E-1
1.75163342782994125E-8	-6.91216599153790501E-1
1.75788342782994156E-8	-1.00350763154999956E0
1.76413342782994143E-8	-1.18342989947253319E0
1.77038342782994151E-8	-1.20266322382371693E0
1.77663342782994205E-8	-1.05648222649702639E0
1.78288342782994214E-8	-7.65524324831789293E-1
1.78913342782994267E-8	-3.73103855701506992E-1
1.79538342782994187E-8	6.11922685964409752E-2
1.80163342782994285E-8	4.70783454490984443E-1
1.80788342782994271E-8	7.92779758393049061E-1
1.81413342782994258E-8	9.77915253385744165E-1
1.82038342782994267E-8	9.98273566694120440E-1
1.82663342782994276E-8	8.51709867227728168E-1
1.83288342782994329E-8	5.61962900258350029E-1
1.83913342782994338E-8	1.74479522224129568E-1
1.84538342782994347E-8	-2.51199067492435635E-1
1.85163342782994356E-8	-6.51057975824080870E-1
1.85788342782994320E-8	-9.65861087648853101E-1
1.86413342782994373E-8	-1.14847817138756159E0
1.87038342782994427E-8	-1.17009303527544106E0
1.87663342782994369E-8	-1.02548781253403187E0
1.88288342782994422E-8	-7.35022109863967010E-1
1.88913342782994453E-8	-3.41930018217594878E-1
1.89538342782994440E-8	9.40834362337289321E-2
1.90163342782994471E-8	5.06099825991395136E-1
1.90788342782994502E-8	8.30813568229059740E-1
1.91413342782994511E-8	1.01855468850008002E0
1.92038342782994542E-8	1.04102884425101916E0
1.92663342782994507E-8	8.95845066499882670E-1
1.93288342782994538E-8	6.06669444869665142E-1
1.93913342782994547E-8	2.18994360009155864E-1
1.94538342782994556E-8	-2.07496343087522206E-1
1.95163342782994609E-8	-6.08619048154342668E-1
1.95788342782994595E-8	-9.25013035644953874E-1
1.96413342782994560E-8	-1.10936785767539248E0
1.97038342782994591E-8	-1.13255982946445388E0
1.97663342782994622E-8	-9.89074177595663606E-1
1.98288342782994675E-8	-6.99097823068326019E-1
1.98913342782994729E-8	-3.05807238321466279E-1
1.99538342782994671E-8	1.31010753487400522E-1
2.00163342782994702E-8	5.44227578280172519E-1
2.00788342782994711E-8	8.70295991769491550E-1
2.01413342782994720E-8	1.05930489595896971E0
2.02038342782994729E-8	1.08273969293565053E0
2.02663342782994693E-8	9.38083361162501816E-1
2.03288342782994791E-8	6.48971581090686112E-1
2.03913342782994800E-8	2.60932407469615057E-1
2.04538342782994809E-8	-1.66253918855473271E-1
2.05163342782994773E-8	-5.68315321461898293E-1
2.05788342782994826E-8	-8.85843665481513121E-1
2.06413342782994791E-8	-1.07143150674799759E0
2.07038342782994844E-8	-1.09577465411317077E0
2.07663342782994853E-8	-9.53182542907146235E-1
2.08288342782994862E-8	-6.63734594897973817E-1
2.08913342782994871E-8	-2.70576304623341102E-1
2.09538342782994924E-8	1.66449978586068670E-1
2.10163342782994933E-8	5.80091929179205223E-1
2.10788342782994942E-8	9.06659804674176151E-1
2.11413342782994906E-8	1.09610294006800046E0
2.12038342782995004E-8	1.11978697482354139E0
2.12663342782994969E-8	9.75129287102281062E-1
2.13288342782995022E-8	6.85754675369931643E-1
2.13913342782995031E-8	2.97219777507354266E-1
2.14538342782994951E-8	-1.30635822370422372E-1
2.15163342782995048E-8	-5.33490411303673895E-1
2.15788342782995102E-8	-8.51910411339795104E-1
2.16413342782995022E-8	-1.03843406305096808E0
2.17038342782995031E-8	-1.06365794714218787E0
2.17663342782995084E-8	-9.21797122786632350E-1
2.18288342782995137E-8	-6.32876205025299221E-1
2.18913342782995102E-8	-2.40032256157003498E-1
2.19538342782995111E-8	1.96853657507139346E-1
2.20163342782995164E-8	6.10457434609672500E-1
2.20788342782995128E-8	9.37009000673332615E-1
2.21413342782995182E-8	1.12638417852428674E0
2.22038342782995146E-8	1.14989049274910871E0
2.22663342782995199E-8	1.00491491750055117E0
2.23288342782995208E-8	7.15082222503074849E-1
2.23913342782995262E-8	3.25970158696337986E-1
2.24538342782995226E-8	-1.02546250004046735E-1
2.25163342782995191E-8	-5.06109901604504220E-1
2.25788342782995288E-8	-8.25260691265978608E-1
2.26413342782995297E-8	-1.01250197426657662E0
2.27038342782995262E-8	-1.03838467429555625E0
2.27663342782995270E-8	-8.97090749668242893E-1
2.28288342782995324E-8	-6.08633550116617528E-1
2.28913342782995333E-8	-2.16160503649982694E-1
2.29538342782995342E-8	2.20415988172236288E-1
2.30163342782995350E-8	6.33731433250127463E-1
2.30788342782995404E-8	9.59977550562064330E-1
2.31413342782995413E-8	1.14899959529364759E0
2.32038342782995421E-8	1.17208661181025176E0
2.32663342782995430E-8	1.02661979814980886E0
2.33288342782995439E-8	7.36229930939333599E-1
2.33913342782995493E-8	3.46510094824281412E-1
2.34538342782995457E-8	-8.26417637820911466E-2
2.35163342782995510E-8	-4.86837015225574721E-1
2.35788342782995564E-8	-8.06579912105438623E-1
2.36413342782995484E-8	-9.94345921480016948E-1
2.37038342782995493E-8	-1.02067867272574309E0
2.37663342782995546E-8	-8.79774108609997008E-1
2.38288342782995599E-8	-5.91668436316152579E-1
2.38913342782995564E-8	-1.99536207669642507E-1
2.39538342782995572E-8	2.36681058841184155E-1
2.40163342782995626E-8	6.49598773923361872E-1
2.40788342782995635E-8	9.75399038690587439E-1
2.41413342782995599E-8	1.16392534321641983E0
2.42038342782995652E-8	1.18647538253071194E0
2.42663342782995661E-8	1.04044239659261328E0
2.43288342782995670E-8	7.49467034186788528E-1
2.43913342782995723E-8	3.59154209663417889E-1
2.44538342782995732E-8	-7.05813055477873519E-2
2.45163342782995652E-8	-4.75319590143102300E-1
2.45788342782995706E-8	-7.95519304288677631E-1
2.46413342782995759E-8	-9.83630117645134483E-1
2.47038342782995812E-8	-1.01021662019894398E0
2.47663342782995777E-8	-8.69523437379639930E-1
2.48288342782995741E-8	-5.81634722462748410E-1
2.48913342782995795E-8	-1.89766139060950589E-1
2.49538342782995848E-8	2.46112535779369601E-1
2.50163342782995857E-8	6.58610624528304456E-1
2.50788342782995821E-8	9.83919578596899314E-1
2.51413342782995741E-8	1.17190112340070507E0
2.52038342782995928E-8	1.19388024556648631E0
2.52663342782995848E-8	1.04727413614437914E0
2.53288342782995812E-8	7.55736178847961515E-1
2.53913342782995954E-8	3.64880770544738731E-1
2.54538342782995919E-8	-6.53640978058164901E-2
2.55163342782995883E-8	-4.70546478463569429E-1
2.55788342782995937E-8	-7.91072081360379453E-1
2.56413342782995946E-8	-9.79365845370281640E-1
2.57038342782995954E-8	-1.00603302639273884E0
2.57663342782996008E-8	-8.65390722633099330E-1
2.58288342782995972E-8	-5.77587704474665653E-1
2.58913342782995981E-8	-1.85890368047774190E-1
2.59538342782996034E-8	2.49704535227112689E-1
2.60163342782996088E-8	6.61810496131169135E-1
2.60788342782996052E-8	9.86640744559381488E-1
2.61413342782996061E-8	1.17408875392168133E0
2.62038342782996114E-8	1.19551880682873990E0
2.62663342782996123E-8	1.04837872212594840E0
2.63288342782996043E-8	7.56336136764602873E-1
2.63913342782996097E-8	3.65012634597599073E-1
2.64538342782996150E-8	-6.56537669953042347E-2
2.65163342782996114E-8	-4.71178715305682072E-1
2.65788342782996256E-8	-7.91911069977365933E-1
2.66413342782996176E-8	-9.80252395178190028E-1
2.67038342782996185E-8	-1.00686078498833509E0
2.67663342782996194E-8	-8.66140143251963579E-1
2.68288342782996247E-8	-5.78312954647944011E-1
2.68913342782996212E-8	-1.86700821181708276E-1
2.69538342782996221E-8	2.48674877698847663E-1
2.70163342782996319E-8	6.60439705346363315E-1
2.70788342782996327E-8	9.84836746581976996E-1
2.71413342782996292E-8	1.17179931094732459E0
2.72038342782996345E-8	1.19273753673479610E0
2.72663342782996310E-8	1.04513212437112624E0
2.73288342782996230E-8	7.52664418135759572E-1
2.73913342782996416E-8	3.60960379599535797E-1
2.74538342782996381E-8	-7.00355254300368379E-2
2.75163342782996345E-8	-4.75807283111182677E-1
2.75788342782996487E-8	-7.96645910469270113E-1
2.76413342782996363E-8	-9.84931331008942657E-1
2.77038342782996416E-8	-1.01138043591007176E0
2.77663342782996470E-8	-8.70490196549910600E-1
2.78288342782996434E-8	-5.82559530685117810E-1
2.78913342782996443E-8	-1.90964900005131222E-1
2.79538342782996452E-8	2.44251342554716988E-1
2.80163342782996549E-8	6.55733059972805865E-1
2.80788342782996558E-8	9.79758293061169638E-1
2.81413342782996523E-8	1.16630382617286510E0
2.82038342782996576E-8	1.18682767917279608E0
2.82663342782996496E-8	1.03884217005431334E0
2.83288342782996505E-8	7.46039495997108659E-1
2.83913342782996647E-8	3.54046422281289175E-1
2.84538342782996612E-8	-7.71901794299089516E-2
2.85163342782996532E-8	-4.83124739119460944E-1
2.85788342782996585E-8	-8.03991468834059475E-1
2.86413342782996594E-8	-9.92150418040182203E-1
2.87038342782996647E-8	-1.01837849846057082E0
2.87663342782996612E-8	-8.77265452844570603E-1
2.88288342782996665E-8	-5.89184345153993050E-1
2.88913342782996629E-8	-1.97562357092969565E-1
2.89538342782996683E-8	2.37542153670116551E-1
2.90163342782996825E-8	6.48796225259732218E-1
2.90788342782996656E-8	9.72515791316850020E-1
2.91413342782996665E-8	1.15872142551592194E0
2.92038342782996807E-8	1.17891735787820262E0
2.92663342782996727E-8	1.03064363991555852E0
2.93288342782996736E-8	7.37598525707372499E-1
2.93913342782996745E-8	3.45405161243910541E-1
2.94538342782996798E-8	-8.59914635100984981E-2
2.95163342782996807E-8	-4.92019473284758035E-1
2.95788342782996816E-8	-8.12858673506412366E-1
2.96413342782996825E-8	-1.00085066325177019E0
2.97038342782996878E-8	-1.02683022594009143E0
2.97663342782996887E-8	-8.85474723602263580E-1
2.98288342782996896E-8	-5.97225401553025392E-1
2.98913342782996860E-8	-2.05553469069769967E-1
2.99538342782996736E-8	2.29472724825830277E-1
3.00163342782996789E-8	6.40547189187017629E-1
3.00788342782996843E-8	9.64025013192667579E-1
3.01413342782996763E-8	1.14996864261980036E0
3.02038342782996727E-8	1.16992407408785537E0
3.02663342782996736E-8	1.02145338268621200E0
3.03288342782996789E-8	7.28254850069987558E-1
3.03913342782996709E-8	3.35942847653327092E-1
3.04538342782996629E-8	-9.55438180515111135E-2
3.05163342782996683E-8	-5.01610900902076828E-1
3.05788342782996647E-8	-8.22387133354602184E-1
3.06413342782996612E-8	-1.01019656106021327E0
3.07038342782996576E-8	-1.03592742618178879E0
3.07663342782996541E-8	-8.94336426539282137E-1
3.08288342782996549E-8	-6.05924554390926495E-1
3.08913342782996558E-8	-2.14198918747487532E-1
3.09538342782996478E-8	2.20768712231157993E-1
3.10163342782996487E-8	6.31702328222939347E-1
3.10788342782996452E-8	9.54996135240970112E-1
3.11413342782996372E-8	1.14075117664084136E0
3.12038342782996425E-8	1.16054901470096916E0
3.12663342782996390E-8	1.01196689262809247E0
3.13288342782996310E-8	7.18696585944336608E-1
3.13913342782996452E-8	3.26338137396483363E-1
3.14538342782996327E-8	-1.05180011569477228E-1
3.15163342782996336E-8	-5.11245385774273409E-1
3.15788342782996345E-8	-8.31939592082586188E-1
3.16413342782996265E-8	-1.01956955967845331E0
3.17038342782996363E-8	-1.04507117000029703E0
3.17663342782996194E-8	-9.03270549591745642E-1
3.18288342782996292E-8	-6.14718634657504293E-1
3.18913342782996256E-8	-2.22949720258531503E-1
3.19538342782996221E-8	2.11967595148593402E-1
3.20163342782996141E-8	6.22789748525300801E-1
3.20788342782996105E-8	9.45949102847004752E-1
3.21413342782996025E-8	1.13158128200076069E0
3.22038342782996034E-8	1.15129641981807551E0
3.22663342782996132E-8	1.00267954542822513E0
3.23288342782996052E-8	7.09409451115462097E-1
3.23913342782996105E-8	3.17066351556679926E-1
3.24538342782996114E-8	-1.14435658410114804E-1
3.25163342782996079E-8	-5.20469894046523152E-1
3.25788342782996043E-8	-8.41075094525229794E-1
3.26413342782996008E-8	-1.02854127711700771E0
3.27038342782995972E-8	-1.05384542393147629E0
3.27663342782995937E-8	-9.11872700221301713E-1
3.28288342782995901E-8	-6.23213792345417605E-1
3.28913342782995954E-8	-2.31421480385908085E-1
3.29538342782995874E-8	2.03444973247548555E-1
3.30163342782995883E-8	6.14176500402799519E-1
3.30788342782995803E-8	9.37242141821311847E-1
3.31413342782995768E-8	1.12280777025952649E0
3.32038342782995821E-8	1.14250506620708658E0
3.32663342782995697E-8	9.93919520384061350E-1
3.33288342782995795E-8	7.00710886992129289E-1
3.33913342782995892E-8	3.08434529004527391E-1
3.34538342782995635E-8	-1.23013484799211947E-1
3.35163342782995821E-8	-5.28996010975062081E-1
3.35788342782995741E-8	-8.49513219841482048E-1
3.36413342782995661E-8	-1.03683843200929227E0
3.37038342782995670E-8	-1.06198305852285513E0
3.37663342782995590E-8	-9.19881194773620159E-1
3.38288342782995599E-8	-6.31153483362125289E-1
3.38913342782995652E-8	-2.39362935969058910E-1
3.39538342782995528E-8	1.95446006312010456E-1
3.40163342782995581E-8	6.06100416296167843E-1
3.40788342782995546E-8	9.29104371890020353E-1
3.41413342782995510E-8	1.11464968520989816E0
3.42038342782995430E-8	1.13438302735442842E0
3.42663342782995484E-8	9.85883596955159724E-1
3.43288342782995537E-8	6.92786715200265224E-1
3.43913342782995501E-8	3.00618624114642419E-1
3.44538342782995377E-8	-1.30745867165054941E-1
3.45163342782995386E-8	-5.36662613725182869E-1
3.45788342782995484E-8	-8.57097375759890845E-1
3.46413342782995404E-8	-1.04430716232707166E0
3.47038342782995279E-8	-1.06933150242142427E0
3.47663342782995333E-8	-9.27144071919937396E-1
3.48288342782995297E-8	-6.38386620304575381E-1
3.48913342782995350E-8	-2.46624923887096248E-1
3.49538342782995226E-8	1.88116103915877608E-1
3.50163342782995279E-8	5.98700903366370163E-1
3.50788342782995244E-8	9.21667032267480124E-1
3.51413342782995208E-8	1.10722824755675919E0
3.52038342782995262E-8	1.12704040131331240E0
3.52663342782995137E-8	9.78670590671877072E-1
3.53288342782995191E-8	6.85725149229248565E-1
3.53913342782995155E-8	2.93697800712094059E-1
3.54538342782995075E-8	-1.37560551977728673E-1
3.55163342782995084E-8	-5.43401931495416690E-1
3.55788342782995093E-8	-8.63761638078782035E-1
3.56413342782995102E-8	-1.05088098562941945E0
3.57038342782994977E-8	-1.07582203752324368E0
3.57663342782994986E-8	-9.33589757756732652E-1
3.58288342782995040E-8	-6.44839393393865024E-1
3.58913342782995048E-8	-2.53133059282093953E-1
3.59538342782994924E-8	1.81527775776408906E-1
3.60163342782994889E-8	5.92045737798080562E-1
3.60788342782994986E-8	9.14990505889966954E-1
3.61413342782994906E-8	1.10059433831441700E0
3.62038342782994915E-8	1.12051734727641206E0
3.62663342782994835E-8	9.72309860204511445E-1
3.63288342782994933E-8	6.79545653653258341E-1
3.63913342782994809E-8	2.87683416417399052E-1
3.64538342782994818E-8	-1.43451833965031583E-1
3.65163342782994782E-8	-5.49211150047458929E-1
3.65788342782994880E-8	-8.69503127701352341E-1
3.66413342782994622E-8	-1.05655424053273794E0
3.67038342782994764E-8	-1.08144443890646191E0
3.67663342782994729E-8	-9.39202927286929956E-1
3.68288342782994693E-8	-6.50492183523899836E-1
3.68913342782994702E-8	-2.58865424341967021E-1
3.69538342782994622E-8	1.75702463955986543E-1
3.70163342782994675E-8	5.86152761680127288E-1
3.70788342782994640E-8	9.09086134219051978E-1
3.71413342782994604E-8	1.09475059231690652E0
3.72038342782994569E-8	1.11480655274050977E0
3.72663342782994578E-8	9.66784086231435502E-1
3.73288342782994498E-8	6.74221915361032575E-1
3.73913342782994462E-8	2.82542025558763754E-1
3.74538342782994471E-8	-1.48457765955519827E-1
3.75163342782994524E-8	-5.54130056011238992E-1
3.75788342782994444E-8	-8.74360334776567427E-1
3.76413342782994409E-8	-1.06136132862972077E0
3.77038342782994373E-8	-1.08622722309577058E0
3.77663342782994427E-8	-9.44005755371333777E-1
3.78288342782994436E-8	-6.55361698369136914E-1
3.78913342782994444E-8	-2.63835353857137545E-1
3.79538342782994320E-8	1.70627339922024146E-1
3.80163342782994373E-8	5.81006515327585760E-1
3.80788342782994338E-8	9.03932903500172280E-1
3.81413342782994214E-8	1.08966824948710794E0
3.82038342782994267E-8	1.10987031884236931E0
3.82663342782994231E-8	9.62046561668121214E-1
3.83288342782994285E-8	6.69699225761442118E-1
3.83913342782994249E-8	2.78212736460417620E-1
3.84538342782994125E-8	-1.52643005418293143E-1
3.85163342782994178E-8	-5.58224275260425618E-1
3.85788342782994143E-8	-8.78396914367012016E-1
3.86413342782994107E-8	-1.06536124127232634E0
3.87038342782994027E-8	-1.09022297583718863E0
3.87663342782994080E-8	-9.48044019084209744E-1
3.88288342782994134E-8	-6.59487770187709366E-1
3.88913342782994098E-8	-2.68078750432375879E-1
3.89538342782994018E-8	1.66267658691474440E-1
3.90163342782993983E-8	5.76570430778813403E-1
3.90788342782994036E-8	8.99489649212273434E-1
3.91413342782993912E-8	1.08529945551531681E0
3.92038342782993876E-8	1.10565299193894240E0
3.92663342782993841E-8	9.58033748839129373E-1
3.93288342782993983E-8	6.65907074636301033E-1
3.93913342782993903E-8	2.74619748088700932E-1
3.94538342782993823E-8	-1.56086448853152371E-1
3.95163342782993965E-8	-5.61573226601397124E-1
3.95788342782993974E-8	-8.81690074076822228E-1
3.96413342782993894E-8	-1.06862649004029975E0
3.97038342782993769E-8	-1.09349788469510223E0
3.97663342782993734E-8	-9.51377200085258323E-1
3.98288342782993743E-8	-6.62923968319802803E-1
3.98913342782993796E-8	-2.71645090915518628E-1
3.99538342782993716E-8	1.62575504475918708E-1
4.00000000000000000E-8	4.73351896897738467E-1


time	Tran1.TRAN.VCC
0.00000000000000000E0	8.00000000000000000E0
6.25000000000000444E-13	8.00000000000000000E0
1.25000000000000089E-12	8.00000000000000000E0
3.12500000000000222E-12	8.00000000000000000E0
8.75000000000000178E-12	8.00000000000000000E0
2.56250000000000044E-11	8.00000000000000000E0
4.71201196761594243E-11	8.00000000000000000E0
6.80884389494362807E-11	8.00000000000000000E0
9.04822356354452140E-11	8.00000000000000000E0
1.15000193449026034E-10	8.00000000000000000E0
1.46138769962909043E-10	8.00000000000000000E0
1.89537897305085901E-10	8.00000000000000000E0
2.30972031800962041E-10	8.00000000000000000E0
2.75668120027441965E-10	8.00000000000000000E0
3.08590450471622813E-10	8.00000000000000000E0
3.35790410320461863E-10	8.00000000000000000E0
3.72300683934278842E-10	8.00000000000000000E0
4.18143080599607231E-10	8.00000000000000000E0
4.78110978983646007E-10	8.00000000000000000E0
5.40610978983645829E-10	8.00000000000000000E0
6.03110978983646007E-10	8.00000000000000000E0
6.65610978983646007E-10	8.00000000000000000E0
7.28110978983646184E-10	8.00000000000000000E0
7.90610978983646184E-10	8.00000000000000000E0
8.53110978983646184E-10	8.00000000000000000E0
9.15610978983646362E-10	8.00000000000000000E0
9.78110978983646362E-10	8.00000000000000000E0
1.04061097898364641E-9	8.00000000000000000E0
1.09339474704735373E-9	8.00000000000000000E0
1.15296486631795703E-9	8.00000000000000000E0
1.21546486631795725E-9	8.00000000000000000E0
1.27796486631795725E-9	8.00000000000000000E0
1.34046486631795680E-9	8.00000000000000000E0
1.39692463097804365E-9	8.00000000000000000E0
1.44983162525289844E-9	8.00000000000000000E0
1.50226729926844671E-9	8.00000000000000000E0
1.55514690890508600E-9	8.00000000000000000E0
1.61285291133882502E-9	8.00000000000000000E0
1.67535291133882547E-9	8.00000000000000000E0
1.73215566305059521E-9	8.00000000000000000E0
1.78009825865964610E-9	8.00000000000000000E0
1.82086538311622026E-9	8.00000000000000000E0
1.86905703754972086E-9	8.00000000000000000E0
1.93074269358676776E-9	8.00000000000000000E0
1.98247768314756878E-9	8.00000000000000000E0
2.04497768314756900E-9	8.00000000000000000E0
2.10747768314756900E-9	8.00000000000000000E0
2.14923948381595853E-9	8.00000000000000000E0
2.19312952143536322E-9	8.00000000000000000E0
2.23440249295884907E-9	8.00000000000000000E0
2.27288646282780160E-9	8.00000000000000000E0
2.33086627142043534E-9	8.00000000000000000E0
2.37699702416335956E-9	8.00000000000000000E0
2.43949702416336045E-9	8.00000000000000000E0
2.48894464883967093E-9	8.00000000000000000E0
2.53770456985018189E-9	8.00000000000000000E0
2.59167207373549369E-9	8.00000000000000000E0
2.62944876436914754E-9	8.00000000000000000E0
2.69194876436914754E-9	8.00000000000000000E0
2.72593337225213350E-9	8.00000000000000000E0
2.77022117542616630E-9	8.00000000000000000E0
2.81147069565213403E-9	8.00000000000000000E0
2.84931968902947030E-9	8.00000000000000000E0
2.88709933463952462E-9	8.00000000000000000E0
2.91458745954303167E-9	8.00000000000000000E0
2.94229525404129433E-9	8.00000000000000000E0
2.96884586237618908E-9	8.00000000000000000E0
2.99758060065434151E-9	8.00000000000000000E0
3.03158263460415967E-9	8.00000000000000000E0
3.06005711542891135E-9	8.00000000000000000E0
3.11950909315404790E-9	8.00000000000000000E0
3.15272946345516436E-9	8.00000000000000000E0
3.17575885741083219E-9	8.00000000000000000E0
3.19649767810117869E-9	8.00000000000000000E0
3.21261015130245742E-9	8.00000000000000000E0
3.22117054642686540E-9	8.00000000000000000E0
3.23134220745111778E-9	8.00000000000000000E0
3.24568650579139728E-9	8.00000000000000000E0
3.27644899536961232E-9	8.00000000000000000E0
3.29943621708129253E-9	8.00000000000000000E0
3.32669131350404523E-9	8.00000000000000000E0
3.36564908247022609E-9	8.00000000000000000E0
3.39314602570867230E-9	8.00000000000000000E0
3.42470696464610924E-9	8.00000000000000000E0
3.45571343775179995E-9	8.00000000000000000E0
3.48340359084170048E-9	8.00000000000000000E0
3.51094004954130146E-9	8.00000000000000000E0
3.53319403782860819E-9	8.00000000000000000E0
3.56908205657566491E-9	8.00000000000000000E0
3.59723090296633430E-9	8.00000000000000000E0
3.63740064693119791E-9	8.00000000000000000E0
3.67666643701910800E-9	8.00000000000000000E0
3.71771965707299579E-9	8.00000000000000000E0
3.76506065482683994E-9	8.00000000000000000E0
3.80741600211680620E-9	8.00000000000000000E0
3.84673394886801745E-9	8.00000000000000000E0
3.88606411766556281E-9	8.00000000000000000E0
3.92095380405791172E-9	8.00000000000000000E0
3.97037685506958038E-9	8.00000000000000000E0
4.01683544347575605E-9	8.00000000000000000E0
4.07933544347575605E-9	8.00000000000000000E0
4.13350335719811213E-9	8.00000000000000000E0
4.19600335719811124E-9	8.00000000000000000E0
4.25150226032249545E-9	8.00000000000000000E0
4.29529054934735566E-9	8.00000000000000000E0
4.35779054934735566E-9	8.00000000000000000E0
4.40723876978939799E-9	8.00000000000000000E0
4.46973876978939888E-9	8.00000000000000000E0
4.53223876978939799E-9	8.00000000000000000E0
4.59473876978939799E-9	8.00000000000000000E0
4.65723876978939888E-9	8.00000000000000000E0
4.71973876978939710E-9	8.00000000000000000E0
4.78223876978939799E-9	8.00000000000000000E0
4.84343155553080429E-9	8.00000000000000000E0
4.89991239771378950E-9	8.00000000000000000E0
4.96241239771378861E-9	8.00000000000000000E0
5.02491239771378861E-9	8.00000000000000000E0
5.08741239771378861E-9	8.00000000000000000E0
5.13627328100300318E-9	8.00000000000000000E0
5.19877328100300407E-9	8.00000000000000000E0
5.25285382474817286E-9	8.00000000000000000E0
5.30658050335743958E-9	8.00000000000000000E0
5.36908050335744047E-9	8.00000000000000000E0
5.42741586725700742E-9	8.00000000000000000E0
5.48991586725700742E-9	8.00000000000000000E0
5.55145840106435084E-9	8.00000000000000000E0
5.59678667757058435E-9	8.00000000000000000E0
5.64364329049749713E-9	8.00000000000000000E0
5.68595823133891098E-9	8.00000000000000000E0
5.72113154369727983E-9	8.00000000000000000E0
5.78363154369727983E-9	8.00000000000000000E0
5.82299187964704146E-9	8.00000000000000000E0
5.88549187964703968E-9	8.00000000000000000E0
5.93570930831011445E-9	8.00000000000000000E0
5.98457961168127817E-9	8.00000000000000000E0
6.04017296251222913E-9	8.00000000000000000E0
6.08705156753143761E-9	8.00000000000000000E0
6.14955156753143584E-9	8.00000000000000000E0
6.19887325864858774E-9	8.00000000000000000E0
6.23511033484573840E-9	8.00000000000000000E0
6.28931479623943801E-9	8.00000000000000000E0
6.31819750379178657E-9	8.00000000000000000E0
6.34774895686107588E-9	8.00000000000000000E0
6.37191508424899133E-9	8.00000000000000000E0
6.42289531609039344E-9	8.00000000000000000E0
6.45805983322602373E-9	8.00000000000000000E0
6.52055983322602373E-9	8.00000000000000000E0
6.57445159597397932E-9	8.00000000000000000E0
6.63695159597398110E-9	8.00000000000000000E0
6.69787692391733636E-9	8.00000000000000000E0
6.76037692391733813E-9	8.00000000000000000E0
6.82287692391733636E-9	8.00000000000000000E0
6.88537692391733547E-9	8.00000000000000000E0
6.94726148823551704E-9	8.00000000000000000E0
7.00976148823551615E-9	8.00000000000000000E0
7.07226148823551526E-9	8.00000000000000000E0
7.13476148823551348E-9	8.00000000000000000E0
7.19726148823551259E-9	8.00000000000000000E0
7.25643539433951368E-9	8.00000000000000000E0
7.30040778172248395E-9	8.00000000000000000E0
7.31441281256544329E-9	8.00000000000000000E0
7.32973703026874190E-9	8.00000000000000000E0
7.34128110471698925E-9	8.00000000000000000E0
7.35751431171687109E-9	8.00000000000000000E0
7.37236816580331666E-9	8.00000000000000000E0
7.38810957711638139E-9	8.00000000000000000E0
7.40484473891014616E-9	8.00000000000000000E0
7.42796191834871333E-9	8.00000000000000000E0
7.44040837255848686E-9	8.00000000000000000E0
7.44942010195681714E-9	8.00000000000000000E0
7.45833378644220613E-9	8.00000000000000000E0
7.48507483989836864E-9	8.00000000000000000E0
7.50288902184378514E-9	8.00000000000000000E0
7.52568755518912891E-9	8.00000000000000000E0
7.55153717597509377E-9	8.00000000000000000E0
7.58061532841387642E-9	8.00000000000000000E0
7.60851082886317975E-9	8.00000000000000000E0
7.66820404071088824E-9	8.00000000000000000E0
7.69956053779466387E-9	8.00000000000000000E0
7.75603873393365806E-9	8.00000000000000000E0
7.78785121562290072E-9	8.00000000000000000E0
7.85035121562289895E-9	8.00000000000000000E0
7.88564901496240367E-9	8.00000000000000000E0
7.93904775872684265E-9	8.00000000000000000E0
7.99421375439395021E-9	8.00000000000000000E0
8.04962882841731187E-9	8.00000000000000000E0
8.11212882841731009E-9	8.00000000000000000E0
8.16597423360833119E-9	8.00000000000000000E0
8.22847423360832941E-9	8.00000000000000000E0
8.27759352468849308E-9	8.00000000000000000E0
8.34009352468849130E-9	8.00000000000000000E0
8.40259352468849308E-9	8.00000000000000000E0
8.46509352468849130E-9	8.00000000000000000E0
8.52759352468849308E-9	8.00000000000000000E0
8.59009352468849130E-9	8.00000000000000000E0
8.65259352468848952E-9	8.00000000000000000E0
8.71509352468848775E-9	8.00000000000000000E0
8.76606674625432447E-9	8.00000000000000000E0
8.80727173187738188E-9	8.00000000000000000E0
8.85456973066266251E-9	8.00000000000000000E0
8.90169039424674402E-9	8.00000000000000000E0
8.95923624825694276E-9	8.00000000000000000E0
9.00393790131798255E-9	8.00000000000000000E0
9.05411893446408911E-9	8.00000000000000000E0
9.10321592633517263E-9	8.00000000000000000E0
9.16571592633516907E-9	8.00000000000000000E0
9.22821592633517085E-9	8.00000000000000000E0
9.29071592633516730E-9	8.00000000000000000E0
9.35321592633516730E-9	8.00000000000000000E0
9.41571592633517263E-9	8.00000000000000000E0
9.47821592633517085E-9	8.00000000000000000E0
9.54071592633516907E-9	8.00000000000000000E0
9.60321592633517263E-9	8.00000000000000000E0
9.66416688569720606E-9	8.00000000000000000E0
9.72666688569720606E-9	8.00000000000000000E0
9.75633332436599510E-9	8.00000000000000000E0
9.77663735249756272E-9	8.00000000000000000E0
9.81223952615705564E-9	8.00000000000000000E0
9.83394299706296060E-9	8.00000000000000000E0
9.86946511428358875E-9	8.00000000000000000E0
9.89829779057356518E-9	8.00000000000000000E0
9.93460249697525910E-9	8.00000000000000000E0
9.96684658665255441E-9	8.00000000000000000E0
9.99376866669854280E-9	8.00000000000000000E0
1.00278925852258327E-8	8.00000000000000000E0
1.00504490576317762E-8	8.00000000000000000E0
1.00916754596938940E-8	8.00000000000000000E0
1.01179711028104213E-8	8.00000000000000000E0
1.01667721789205068E-8	8.00000000000000000E0
1.02001780214815829E-8	8.00000000000000000E0
1.02545671465964494E-8	8.00000000000000000E0
1.02908161062053116E-8	8.00000000000000000E0
1.03507963150912552E-8	8.00000000000000000E0
1.04056014055815904E-8	8.00000000000000000E0
1.04681014055815891E-8	8.00000000000000000E0
1.05275852552333271E-8	8.00000000000000000E0
1.05900852552333258E-8	8.00000000000000000E0
1.06525852552333267E-8	8.00000000000000000E0
1.07150852552333276E-8	8.00000000000000000E0
1.07775852552333240E-8	8.00000000000000000E0
1.08400852552333249E-8	8.00000000000000000E0
1.09014197847553596E-8	8.00000000000000000E0
1.09496537393427151E-8	8.00000000000000000E0
1.09879891193323531E-8	8.00000000000000000E0
1.10260162514069582E-8	8.00000000000000000E0
1.10746179316903937E-8	8.00000000000000000E0
1.11092170212097341E-8	8.00000000000000000E0
1.11365401367954187E-8	8.00000000000000000E0
1.11604653308603519E-8	8.00000000000000000E0
1.11881659941801725E-8	8.00000000000000000E0
1.12120489326079675E-8	8.00000000000000000E0
1.12485431681055004E-8	8.00000000000000000E0
1.12891075514745909E-8	8.00000000000000000E0
1.13365854215712747E-8	8.00000000000000000E0
1.13952369207360737E-8	8.00000000000000000E0
1.14577369207360746E-8	8.00000000000000000E0
1.15120551415575845E-8	8.00000000000000000E0
1.15745551415575854E-8	8.00000000000000000E0
1.16370551415575862E-8	8.00000000000000000E0
1.16995551415575849E-8	8.00000000000000000E0
1.17620551415575836E-8	8.00000000000000000E0
1.18245551415575822E-8	8.00000000000000000E0
1.18870551415575809E-8	8.00000000000000000E0
1.19495551415575796E-8	8.00000000000000000E0
1.20078600433401550E-8	8.00000000000000000E0
1.20680277530559388E-8	8.00000000000000000E0
1.21235213881238302E-8	8.00000000000000000E0
1.21622101794495596E-8	8.00000000000000000E0
1.22247101794495583E-8	8.00000000000000000E0
1.22827561215298653E-8	8.00000000000000000E0
1.23452561215298617E-8	8.00000000000000000E0
1.24077561215298626E-8	8.00000000000000000E0
1.24702561215298613E-8	8.00000000000000000E0
1.25327561215298622E-8	8.00000000000000000E0
1.25952561215298631E-8	8.00000000000000000E0
1.26577561215298640E-8	8.00000000000000000E0
1.27202561215298604E-8	8.00000000000000000E0
1.27827561215298591E-8	8.00000000000000000E0
1.28452561215298644E-8	8.00000000000000000E0
1.29077561215298586E-8	8.00000000000000000E0
1.29702561215298573E-8	8.00000000000000000E0
1.30327561215298582E-8	8.00000000000000000E0
1.30952561215298591E-8	8.00000000000000000E0
1.31548228473657280E-8	8.00000000000000000E0
1.32118106041233974E-8	8.00000000000000000E0
1.32743106041233982E-8	8.00000000000000000E0
1.33368106041233969E-8	8.00000000000000000E0
1.33993106041234000E-8	8.00000000000000000E0
1.34618106041233965E-8	8.00000000000000000E0
1.35243106041233996E-8	8.00000000000000000E0
1.35868106041233982E-8	8.00000000000000000E0
1.36493106041233969E-8	8.00000000000000000E0
1.37118106041233956E-8	8.00000000000000000E0
1.37743106041233987E-8	8.00000000000000000E0
1.38368106041233951E-8	8.00000000000000000E0
1.38993106041233960E-8	8.00000000000000000E0
1.39618106041233991E-8	8.00000000000000000E0
1.40243106041233956E-8	8.00000000000000000E0
1.40868106041233920E-8	8.00000000000000000E0
1.41493106041233974E-8	8.00000000000000000E0
1.42105327784565882E-8	8.00000000000000000E0
1.42718776130656355E-8	8.00000000000000000E0
1.43343776130656386E-8	8.00000000000000000E0
1.43968776130656395E-8	8.00000000000000000E0
1.44593776130656382E-8	8.00000000000000000E0
1.45218776130656368E-8	8.00000000000000000E0
1.45843776130656377E-8	8.00000000000000000E0
1.46468776130656342E-8	8.00000000000000000E0
1.47093776130656329E-8	8.00000000000000000E0
1.47718776130656337E-8	8.00000000000000000E0
1.48343776130656391E-8	8.00000000000000000E0
1.48968776130656355E-8	8.00000000000000000E0
1.49593776130656386E-8	8.00000000000000000E0
1.50218776130656373E-8	8.00000000000000000E0
1.50843776130656382E-8	8.00000000000000000E0
1.51468776130656368E-8	8.00000000000000000E0
1.52038342782993618E-8	8.00000000000000000E0
1.52663342782993650E-8	8.00000000000000000E0
1.53288342782993681E-8	8.00000000000000000E0
1.53913342782993690E-8	8.00000000000000000E0
1.54538342782993698E-8	8.00000000000000000E0
1.55163342782993685E-8	8.00000000000000000E0
1.55788342782993761E-8	8.00000000000000000E0
1.56413342782993725E-8	8.00000000000000000E0
1.57038342782993778E-8	8.00000000000000000E0
1.57663342782993765E-8	8.00000000000000000E0
1.58288342782993752E-8	8.00000000000000000E0
1.58913342782993805E-8	8.00000000000000000E0
1.59538342782993814E-8	8.00000000000000000E0
1.60163342782993801E-8	8.00000000000000000E0
1.60788342782993832E-8	8.00000000000000000E0
1.61413342782993841E-8	8.00000000000000000E0
1.62038342782993849E-8	8.00000000000000000E0
1.62663342782993880E-8	8.00000000000000000E0
1.63288342782993867E-8	8.00000000000000000E0
1.63913342782993920E-8	8.00000000000000000E0
1.64538342782993885E-8	8.00000000000000000E0
1.65163342782993916E-8	8.00000000000000000E0
1.65788342782993925E-8	8.00000000000000000E0
1.66413342782993934E-8	8.00000000000000000E0
1.67038342782993987E-8	8.00000000000000000E0
1.67663342782993996E-8	8.00000000000000000E0
1.68288342782993983E-8	8.00000000000000000E0
1.68913342782994036E-8	8.00000000000000000E0
1.69538342782994067E-8	8.00000000000000000E0
1.70163342782994054E-8	8.00000000000000000E0
1.70788342782994040E-8	8.00000000000000000E0
1.71413342782994049E-8	8.00000000000000000E0
1.72038342782994080E-8	8.00000000000000000E0
1.72663342782994111E-8	8.00000000000000000E0
1.73288342782994120E-8	8.00000000000000000E0
1.73913342782994174E-8	8.00000000000000000E0
1.74538342782994116E-8	8.00000000000000000E0
1.75163342782994125E-8	8.00000000000000000E0
1.75788342782994156E-8	8.00000000000000000E0
1.76413342782994143E-8	8.00000000000000000E0
1.77038342782994151E-8	8.00000000000000000E0
1.77663342782994205E-8	8.00000000000000000E0
1.78288342782994214E-8	8.00000000000000000E0
1.78913342782994267E-8	8.00000000000000000E0
1.79538342782994187E-8	8.00000000000000000E0
1.80163342782994285E-8	8.00000000000000000E0
1.80788342782994271E-8	8.00000000000000000E0
1.81413342782994258E-8	8.00000000000000000E0
1.82038342782994267E-8	8.00000000000000000E0
1.82663342782994276E-8	8.00000000000000000E0
1.83288342782994329E-8	8.00000000000000000E0
1.83913342782994338E-8	8.00000000000000000E0
1.84538342782994347E-8	8.00000000000000000E0
1.85163342782994356E-8	8.00000000000000000E0
1.85788342782994320E-8	8.00000000000000000E0
1.86413342782994373E-8	8.00000000000000000E0
1.87038342782994427E-8	8.00000000000000000E0
1.87663342782994369E-8	8.00000000000000000E0
1.88288342782994422E-8	8.00000000000000000E0
1.88913342782994453E-8	8.00000000000000000E0
1.89538342782994440E-8	8.00000000000000000E0
1.90163342782994471E-8	8.00000000000000000E0
1.90788342782994502E-8	8.00000000000000000E0
1.91413342782994511E-8	8.00000000000000000E0
1.92038342782994542E-8	8.00000000000000000E0
1.92663342782994507E-8	8.00000000000000000E0
1.93288342782994538E-8	8.00000000000000000E0
1.93913342782994547E-8	8.00000000000000000E0
1.94538342782994556E-8	8.00000000000000000E0
1.95163342782994609E-8	8.00000000000000000E0
1.95788342782994595E-8	8.00000000000000000E0
1.96413342782994560E-8	8.00000000000000000E0
1.97038342782994591E-8	8.00000000000000000E0
1.97663342782994622E-8	8.00000000000000000E0
1.98288342782994675E-8	8.00000000000000000E0
1.98913342782994729E-8	8.00000000000000000E0
1.99538342782994671E-8	8.00000000000000000E0
2.00163342782994702E-8	8.00000000000000000E0
2.00788342782994711E-8	8.00000000000000000E0
2.01413342782994720E-8	8.00000000000000000E0
2.02038342782994729E-8	8.00000000000000000E0
2.02663342782994693E-8	8.00000000000000000E0
2.03288342782994791E-8	8.00000000000000000E0
2.03913342782994800E-8	8.00000000000000000E0
2.04538342782994809E-8	8.00000000000000000E0
2.05163342782994773E-8	8.00000000000000000E0
2.05788342782994826E-8	8.00000000000000000E0
2.06413342782994791E-8	8.00000000000000000E0
2.07038342782994844E-8	8.00000000000000000E0
2.07663342782994853E-8	8.00000000000000000E0
2.08288342782994862E-8	8.00000000000000000E0
2.08913342782994871E-8	8.00000000000000000E0
2.09538342782994924E-8	8.00000000000000000E0
2.10163342782994933E-8	8.00000000000000000E0
2.10788342782994942E-8	8.00000000000000000E0
2.11413342782994906E-8	8.00000000000000000E0
2.12038342782995004E-8	8.00000000000000000E0
2.12663342782994969E-8	8.00000000000000000E0
2.13288342782995022E-8	8.00000000000000000E0
2.13913342782995031E-8	8.00000000000000000E0
2.14538342782994951E-8	8.00000000000000000E0
2.15163342782995048E-8	8.00000000000000000E0
2.15788342782995102E-8	8.00000000000000000E0
2.16413342782995022E-8	8.00000000000000000E0
2.17038342782995031E-8	8.00000000000000000E0
2.17663342782995084E-8	8.00000000000000000E0
2.18288342782995137E-8	8.00000000000000000E0
2.18913342782995102E-8	8.00000000000000000E0
2.19538342782995111E-8	8.00000000000000000E0
2.20163342782995164E-8	8.00000000000000000E0
2.20788342782995128E-8	8.00000000000000000E0
2.21413342782995182E-8	8.00000000000000000E0
2.22038342782995146E-8	8.00000000000000000E0
2.22663342782995199E-8	8.00000000000000000E0
2.23288342782995208E-8	8.00000000000000000E0
2.23913342782995262E-8	8.00000000000000000E0
2.24538342782995226E-8	8.00000000000000000E0
2.25163342782995191E-8	8.00000000000000000E0
2.25788342782995288E-8	8.00000000000000000E0
2.26413342782995297E-8	8.00000000000000000E0
2.27038342782995262E-8	8.00000000000000000E0
2.27663342782995270E-8	8.00000000000000000E0
2.28288342782995324E-8	8.00000000000000000E0
2.28913342782995333E-8	8.00000000000000000E0
2.29538342782995342E-8	8.00000000000000000E0
2.30163342782995350E-8	8.00000000000000000E0
2.30788342782995404E-8	8.00000000000000000E0
2.31413342782995413E-8	8.00000000000000000E0
2.32038342782995421E-8	8.00000000000000000E0
2.32663342782995430E-8	8.00000000000000000E0
2.33288342782995439E-8	8.00000000000000000E0
2.33913342782995493E-8	8.00000000000000000E0
2.34538342782995457E-8	8.00000000000000000E0
2.35163342782995510E-8	8.00000000000000000E0
2.35788342782995564E-8	8.00000000000000000E0
2.36413342782995484E-8	8.00000000000000000E0
2.37038342782995493E-8	8.00000000000000000E0
2.37663342782995546E-8	8.00000000000000000E0
2.38288342782995599E-8	8.00000000000000000E0
2.38913342782995564E-8	8.00000000000000000E0
2.39538342782995572E-8	8.00000000000000000E0
2.40163342782995626E-8	8.00000000000000000E0
2.40788342782995635E-8	8.00000000000000000E0
2.41413342782995599E-8	8.00000000000000000E0
2.42038342782995652E-8	8.00000000000000000E0
2.42663342782995661E-8	8.00000000000000000E0
2.43288342782995670E-8	8.00000000000000000E0
2.43913342782995723E-8	8.00000000000000000E0
2.44538342782995732E-8	8.00000000000000000E0
2.45163342782995652E-8	8.00000000000000000E0
2.45788342782995706E-8	8.00000000000000000E0
2.46413342782995759E-8	8.00000000000000000E0
2.47038342782995812E-8	8.00000000000000000E0
2.47663342782995777E-8	8.00000000000000000E0
2.48288342782995741E-8	8.00000000000000000E0
2.48913342782995795E-8	8.00000000000000000E0
2.49538342782995848E-8	8.00000000000000000E0
2.50163342782995857E-8	8.00000000000000000E0
2.50788342782995821E-8	8.00000000000000000E0
2.51413342782995741E-8	8.00000000000000000E0
2.52038342782995928E-8	8.00000000000000000E0
2.52663342782995848E-8	8.00000000000000000E0
2.53288342782995812E-8	8.00000000000000000E0
2.53913342782995954E-8	8.00000000000000000E0
2.54538342782995919E-8	8.00000000000000000E0
2.55163342782995883E-8	8.00000000000000000E0
2.55788342782995937E-8	8.00000000000000000E0
2.56413342782995946E-8	8.00000000000000000E0
2.57038342782995954E-8	8.00000000000000000E0
2.57663342782996008E-8	8.00000000000000000E0
2.58288342782995972E-8	8.00000000000000000E0
2.58913342782995981E-8	8.00000000000000000E0
2.59538342782996034E-8	8.00000000000000000E0
2.60163342782996088E-8	8.00000000000000000E0
2.60788342782996052E-8	8.00000000000000000E0
2.61413342782996061E-8	8.00000000000000000E0
2.62038342782996114E-8	8.00000000000000000E0
2.62663342782996123E-8	8.00000000000000000E0
2.63288342782996043E-8	8.00000000000000000E0
2.63913342782996097E-8	8.00000000000000000E0
2.64538342782996150E-8	8.00000000000000000E0
2.65163342782996114E-8	8.00000000000000000E0
2.65788342782996256E-8	8.00000000000000000E0
2.66413342782996176E-8	8.00000000000000000E0
2.67038342782996185E-8	8.00000000000000000E0
2.67663342782996194E-8	8.00000000000000000E0
2.68288342782996247E-8	8.00000000000000000E0
2.68913342782996212E-8	8.00000000000000000E0
2.69538342782996221E-8	8.00000000000000000E0
2.70163342782996319E-8	8.00000000000000000E0
2.70788342782996327E-8	8.00000000000000000E0
2.71413342782996292E-8	8.00000000000000000E0
2.72038342782996345E-8	8.00000000000000000E0
2.72663342782996310E-8	8.00000000000000000E0
2.73288342782996230E-8	8.00000000000000000E0
2.73913342782996416E-8	8.00000000000000000E0
2.74538342782996381E-8	8.00000000000000000E0
2.75163342782996345E-8	8.00000000000000000E0
2.75788342782996487E-8	8.00000000000000000E0
2.76413342782996363E-8	8.00000000000000000E0
2.77038342782996416E-8	8.00000000000000000E0
2.77663342782996470E-8	8.00000000000000000E0
2.78288342782996434E-8	8.00000000000000000E0
2.78913342782996443E-8	8.00000000000000000E0
2.79538342782996452E-8	8.00000000000000000E0
2.80163342782996549E-8	8.00000000000000000E0
2.80788342782996558E-8	8.00000000000000000E0
2.81413342782996523E-8	8.00000000000000000E0
2.82038342782996576E-8	8.00000000000000000E0
2.82663342782996496E-8	8.00000000000000000E0
2.83288342782996505E-8	8.00000000000000000E0
2.83913342782996647E-8	8.00000000000000000E0
2.84538342782996612E-8	8.00000000000000000E0
2.85163342782996532E-8	8.00000000000000000E0
2.85788342782996585E-8	8.00000000000000000E0
2.86413342782996594E-8	8.00000000000000000E0
2.87038342782996647E-8	8.00000000000000000E0
2.87663342782996612E-8	8.00000000000000000E0
2.88288342782996665E-8	8.00000000000000000E0
2.88913342782996629E-8	8.00000000000000000E0
2.89538342782996683E-8	8.00000000000000000E0
2.90163342782996825E-8	8.00000000000000000E0
2.90788342782996656E-8	8.00000000000000000E0
2.91413342782996665E-8	8.00000000000000000E0
2.92038342782996807E-8	8.00000000000000000E0
2.92663342782996727E-8	8.00000000000000000E0
2.93288342782996736E-8	8.00000000000000000E0
2.93913342782996745E-8	8.00000000000000000E0
2.94538342782996798E-8	8.00000000000000000E0
2.95163342782996807E-8	8.00000000000000000E0
2.95788342782996816E-8	8.00000000000000000E0
2.96413342782996825E-8	8.00000000000000000E0
2.97038342782996878E-8	8.00000000000000000E0
2.97663342782996887E-8	8.00000000000000000E0
2.98288342782996896E-8	8.00000000000000000E0
2.98913342782996860E-8	8.00000000000000000E0
2.99538342782996736E-8	8.00000000000000000E0
3.00163342782996789E-8	8.00000000000000000E0
3.00788342782996843E-8	8.00000000000000000E0
3.01413342782996763E-8	8.00000000000000000E0
3.02038342782996727E-8	8.00000000000000000E0
3.02663342782996736E-8	8.00000000000000000E0
3.03288342782996789E-8	8.00000000000000000E0
3.03913342782996709E-8	8.00000000000000000E0
3.04538342782996629E-8	8.00000000000000000E0
3.05163342782996683E-8	8.00000000000000000E0
3.05788342782996647E-8	8.00000000000000000E0
3.06413342782996612E-8	8.00000000000000000E0
3.07038342782996576E-8	8.00000000000000000E0
3.07663342782996541E-8	8.00000000000000000E0
3.08288342782996549E-8	8.00000000000000000E0
3.08913342782996558E-8	8.00000000000000000E0
3.09538342782996478E-8	8.00000000000000000E0
3.10163342782996487E-8	8.00000000000000000E0
3.10788342782996452E-8	8.00000000000000000E0
3.11413342782996372E-8	8.00000000000000000E0
3.12038342782996425E-8	8.00000000000000000E0
3.12663342782996390E-8	8.00000000000000000E0
3.13288342782996310E-8	8.00000000000000000E0
3.13913342782996452E-8	8.00000000000000000E0
3.14538342782996327E-8	8.00000000000000000E0
3.15163342782996336E-8	8.00000000000000000E0
3.15788342782996345E-8	8.00000000000000000E0
3.16413342782996265E-8	8.00000000000000000E0
3.17038342782996363E-8	8.00000000000000000E0
3.17663342782996194E-8	8.00000000000000000E0
3.18288342782996292E-8	8.00000000000000000E0
3.18913342782996256E-8	8.00000000000000000E0
3.19538342782996221E-8	8.00000000000000000E0
3.20163342782996141E-8	8.00000000000000000E0
3.20788342782996105E-8	8.00000000000000000E0
3.21413342782996025E-8	8.00000000000000000E0
3.22038342782996034E-8	8.00000000000000000E0
3.22663342782996132E-8	8.00000000000000000E0
3.23288342782996052E-8	8.00000000000000000E0
3.23913342782996105E-8	8.00000000000000000E0
3.24538342782996114E-8	8.00000000000000000E0
3.25163342782996079E-8	8.00000000000000000E0
3.25788342782996043E-8	8.00000000000000000E0
3.26413342782996008E-8	8.00000000000000000E0
3.27038342782995972E-8	8.00000000000000000E0
3.27663342782995937E-8	8.00000000000000000E0
3.28288342782995901E-8	8.00000000000000000E0
3.28913342782995954E-8	8.00000000000000000E0
3.29538342782995874E-8	8.00000000000000000E0
3.30163342782995883E-8	8.00000000000000000E0
3.30788342782995803E-8	8.00000000000000000E0
3.31413342782995768E-8	8.00000000000000000E0
3.32038342782995821E-8	8.00000000000000000E0
3.32663342782995697E-8	8.00000000000000000E0
3.33288342782995795E-8	8.00000000000000000E0
3.33913342782995892E-8	8.00000000000000000E0
3.34538342782995635E-8	8.00000000000000000E0
3.35163342782995821E-8	8.00000000000000000E0
3.35788342782995741E-8	8.00000000000000000E0
3.36413342782995661E-8	8.00000000000000000E0
3.37038342782995670E-8	8.00000000000000000E0
3.37663342782995590E-8	8.00000000000000000E0
3.38288342782995599E-8	8.00000000000000000E0
3.38913342782995652E-8	8.00000000000000000E0
3.39538342782995528E-8	8.00000000000000000E0
3.40163342782995581E-8	8.00000000000000000E0
3.40788342782995546E-8	8.00000000000000000E0
3.41413342782995510E-8	8.00000000000000000E0
3.42038342782995430E-8	8.00000000000000000E0
3.42663342782995484E-8	8.00000000000000000E0
3.43288342782995537E-8	8.00000000000000000E0
3.43913342782995501E-8	8.00000000000000000E0
3.44538342782995377E-8	8.00000000000000000E0
3.45163342782995386E-8	8.00000000000000000E0
3.45788342782995484E-8	8.00000000000000000E0
3.46413342782995404E-8	8.00000000000000000E0
3.47038342782995279E-8	8.00000000000000000E0
3.47663342782995333E-8	8.00000000000000000E0
3.48288342782995297E-8	8.00000000000000000E0
3.48913342782995350E-8	8.00000000000000000E0
3.49538342782995226E-8	8.00000000000000000E0
3.50163342782995279E-8	8.00000000000000000E0
3.50788342782995244E-8	8.00000000000000000E0
3.51413342782995208E-8	8.00000000000000000E0
3.52038342782995262E-8	8.00000000000000000E0
3.52663342782995137E-8	8.00000000000000000E0
3.53288342782995191E-8	8.00000000000000000E0
3.53913342782995155E-8	8.00000000000000000E0
3.54538342782995075E-8	8.00000000000000000E0
3.55163342782995084E-8	8.00000000000000000E0
3.55788342782995093E-8	8.00000000000000000E0
3.56413342782995102E-8	8.00000000000000000E0
3.57038342782994977E-8	8.00000000000000000E0
3.57663342782994986E-8	8.00000000000000000E0
3.58288342782995040E-8	8.00000000000000000E0
3.58913342782995048E-8	8.00000000000000000E0
3.59538342782994924E-8	8.00000000000000000E0
3.60163342782994889E-8	8.00000000000000000E0
3.60788342782994986E-8	8.00000000000000000E0
3.61413342782994906E-8	8.00000000000000000E0
3.62038342782994915E-8	8.00000000000000000E0
3.62663342782994835E-8	8.00000000000000000E0
3.63288342782994933E-8	8.00000000000000000E0
3.63913342782994809E-8	8.00000000000000000E0
3.64538342782994818E-8	8.00000000000000000E0
3.65163342782994782E-8	8.00000000000000000E0
3.65788342782994880E-8	8.00000000000000000E0
3.66413342782994622E-8	8.00000000000000000E0
3.67038342782994764E-8	8.00000000000000000E0
3.67663342782994729E-8	8.00000000000000000E0
3.68288342782994693E-8	8.00000000000000000E0
3.68913342782994702E-8	8.00000000000000000E0
3.69538342782994622E-8	8.00000000000000000E0
3.70163342782994675E-8	8.00000000000000000E0
3.70788342782994640E-8	8.00000000000000000E0
3.71413342782994604E-8	8.00000000000000000E0
3.72038342782994569E-8	8.00000000000000000E0
3.72663342782994578E-8	8.00000000000000000E0
3.73288342782994498E-8	8.00000000000000000E0
3.73913342782994462E-8	8.00000000000000000E0
3.74538342782994471E-8	8.00000000000000000E0
3.75163342782994524E-8	8.00000000000000000E0
3.75788342782994444E-8	8.00000000000000000E0
3.76413342782994409E-8	8.00000000000000000E0
3.77038342782994373E-8	8.00000000000000000E0
3.77663342782994427E-8	8.00000000000000000E0
3.78288342782994436E-8	8.00000000000000000E0
3.78913342782994444E-8	8.00000000000000000E0
3.79538342782994320E-8	8.00000000000000000E0
3.80163342782994373E-8	8.00000000000000000E0
3.80788342782994338E-8	8.00000000000000000E0
3.81413342782994214E-8	8.00000000000000000E0
3.82038342782994267E-8	8.00000000000000000E0
3.82663342782994231E-8	8.00000000000000000E0
3.83288342782994285E-8	8.00000000000000000E0
3.83913342782994249E-8	8.00000000000000000E0
3.84538342782994125E-8	8.00000000000000000E0
3.85163342782994178E-8	8.00000000000000000E0
3.85788342782994143E-8	8.00000000000000000E0
3.86413342782994107E-8	8.00000000000000000E0
3.87038342782994027E-8	8.00000000000000000E0
3.87663342782994080E-8	8.00000000000000000E0
3.88288342782994134E-8	8.00000000000000000E0
3.88913342782994098E-8	8.00000000000000000E0
3.89538342782994018E-8	8.00000000000000000E0
3.90163342782993983E-8	8.00000000000000000E0
3.90788342782994036E-8	8.00000000000000000E0
3.91413342782993912E-8	8.00000000000000000E0
3.92038342782993876E-8	8.00000000000000000E0
3.92663342782993841E-8	8.00000000000000000E0
3.93288342782993983E-8	8.00000000000000000E0
3.93913342782993903E-8	8.00000000000000000E0
3.94538342782993823E-8	8.00000000000000000E0
3.95163342782993965E-8	8.00000000000000000E0
3.95788342782993974E-8	8.00000000000000000E0
3.96413342782993894E-8	8.00000000000000000E0
3.97038342782993769E-8	8.00000000000000000E0
3.97663342782993734E-8	8.00000000000000000E0
3.98288342782993743E-8	8.00000000000000000E0
3.98913342782993796E-8	8.00000000000000000E0
3.99538342782993716E-8	8.00000000000000000E0
4.00000000000000000E-8	8.00000000000000000E0


time	Tran1.TRAN.Vc
0.00000000000000000E0	7.98335704045609162E0
6.25000000000000444E-13	7.98335703984071543E0
1.25000000000000089E-12	7.98335703837366850E0
3.12500000000000222E-12	7.98335700707460294E0
8.75000000000000178E-12	7.98335619713189626E0
2.56250000000000044E-11	7.98333448565946835E0
4.71201196761594243E-11	7.98322266481324583E0
6.80884389494362807E-11	7.98295599557544300E0
9.04822356354452140E-11	7.98242028612810639E0
1.15000193449026034E-10	7.98149479215182200E0
1.46138769962909043E-10	7.97999050447788782E0
1.89537897305085901E-10	7.97866694188409120E0
2.30972031800962041E-10	7.98088886294792488E0
2.75668120027441965E-10	7.99209551879578139E0
3.08590450471622813E-10	8.00980910632260290E0
3.35790410320461863E-10	8.03310061936452868E0
3.72300683934278842E-10	8.08037613233670804E0
4.18143080599607231E-10	8.17127353132727130E0
4.78110978983646007E-10	8.35130493751728231E0
5.40610978983645829E-10	8.61172626127035734E0
6.03110978983646007E-10	8.91883113274328032E0
6.65610978983646007E-10	9.19777915596336371E0
7.28110978983646184E-10	9.34478417760181124E0
7.90610978983646184E-10	9.30697354839456636E0
8.53110978983646184E-10	9.11129300051207913E0
9.15610978983646362E-10	8.79849983833129556E0
9.78110978983646362E-10	8.41313951684598038E0
1.04061097898364641E-9	8.02587929911694253E0
1.09339474704735373E-9	7.73339295209896349E0
1.15296486631795703E-9	7.46082110296528889E0
1.21546486631795725E-9	7.27177351147866702E0
1.27796486631795725E-9	7.15966254073342689E0
1.34046486631795680E-9	7.08827408138547810E0
1.39692463097804365E-9	7.15816457023516151E0
1.44983162525289844E-9	7.41525083920734573E0
1.50226729926844671E-9	7.73045801137636346E0
1.55514690890508600E-9	8.01843278290658290E0
1.61285291133882502E-9	8.36024043318371213E0
1.67535291133882547E-9	8.68929942898989971E0
1.73215566305059521E-9	8.85679114689501468E0
1.78009825865964610E-9	8.95316546965437077E0
1.82086538311622026E-9	9.00797765540032636E0
1.86905703754972086E-9	8.95961807006831101E0
1.93074269358676776E-9	8.78385279322559498E0
1.98247768314756878E-9	8.60742452532894831E0
2.04497768314756900E-9	8.29549903067264438E0
2.10747768314756900E-9	7.92435645508494346E0
2.14923948381595853E-9	7.71875226657336899E0
2.19312952143536322E-9	7.52158951743953708E0
2.23440249295884907E-9	7.34079277909094241E0
2.27288646282780160E-9	7.23412901943114761E0
2.33086627142043534E-9	7.19724770788908419E0
2.37699702416335956E-9	7.20557220137566645E0
2.43949702416336045E-9	7.30480792999932316E0
2.48894464883967093E-9	7.49985117176445648E0
2.53770456985018189E-9	7.71561477195895673E0
2.59167207373549369E-9	7.94778878502010944E0
2.62944876436914754E-9	8.14473011708211203E0
2.69194876436914754E-9	8.45088321472574044E0
2.72593337225213350E-9	8.55930779338313563E0
2.77022117542616630E-9	8.66818805404995807E0
2.81147069565213403E-9	8.76121525036721138E0
2.84931968902947030E-9	8.79088536459202174E0
2.88709933463952462E-9	8.74465788967192381E0
2.91458745954303167E-9	8.69311397767414995E0
2.94229525404129433E-9	8.64662895950021415E0
2.96884586237618908E-9	8.58867185442288061E0
2.99758060065434151E-9	8.48632612316836443E0
3.03158263460415967E-9	8.33185557110354225E0
3.06005711542891135E-9	8.21093792377996046E0
3.11950909315404790E-9	7.98465804386591849E0
3.15272946345516436E-9	7.84180819526372641E0
3.17575885741083219E-9	7.73425237288474943E0
3.19649767810117869E-9	7.65051150664969981E0
3.21261015130245742E-9	7.60160843527802488E0
3.22117054642686540E-9	7.58128738342576280E0
3.23134220745111778E-9	7.56019136844651563E0
3.24568650579139728E-9	7.53158509369939111E0
3.27644899536961232E-9	7.46186977091287318E0
3.29943621708129253E-9	7.40779356150950630E0
3.32669131350404523E-9	7.36844084939598609E0
3.36564908247022609E-9	7.37621977478889512E0
3.39314602570867230E-9	7.40497605076023291E0
3.42470696464610924E-9	7.43150561791056496E0
3.45571343775179995E-9	7.46778962046227157E0
3.48340359084170048E-9	7.53446488099764000E0
3.51094004954130146E-9	7.62821297145359711E0
3.53319403782860819E-9	7.70345358653226864E0
3.56908205657566491E-9	7.80427428147595759E0
3.59723090296633430E-9	7.88506735495894695E0
3.63740064693119791E-9	8.03418879887245652E0
3.67666643701910800E-9	8.17933061278143292E0
3.71771965707299579E-9	8.28363818038774014E0
3.76506065482683994E-9	8.38318611209269271E0
3.80741600211680620E-9	8.47829900320295238E0
3.84673394886801745E-9	8.52838960213463260E0
3.88606411766556281E-9	8.52393318548151946E0
3.92095380405791172E-9	8.51095212895541309E0
3.97037685506958038E-9	8.48690980029516062E0
4.01683544347575605E-9	8.40338528962336540E0
4.07933544347575605E-9	8.22964962651639809E0
4.13350335719811213E-9	8.08918109594254453E0
4.19600335719811124E-9	7.89338846333974509E0
4.25150226032249545E-9	7.69122379192837258E0
4.29529054934735566E-9	7.57649043742091255E0
4.35779054934735566E-9	7.48361096791670111E0
4.40723876978939799E-9	7.44775465149635529E0
4.46973876978939888E-9	7.49296054921962007E0
4.53223876978939799E-9	7.61385123370282457E0
4.59473876978939799E-9	7.75791043914021472E0
4.65723876978939888E-9	7.95343933386975088E0
4.71973876978939710E-9	8.16772091146830981E0
4.78223876978939799E-9	8.33294232352837128E0
4.84343155553080429E-9	8.46601701166718890E0
4.89991239771378950E-9	8.54268362546308602E0
4.96241239771378861E-9	8.52216171967531899E0
5.02491239771378861E-9	8.43736832790367863E0
5.08741239771378861E-9	8.30101818262781066E0
5.13627328100300318E-9	8.13732048587005607E0
5.19877328100300407E-9	7.92398466585432981E0
5.25285382474817286E-9	7.77184331458793931E0
5.30658050335743958E-9	7.62956624941979289E0
5.36908050335744047E-9	7.51688218212423198E0
5.42741586725700742E-9	7.49778450448557088E0
5.48991586725700742E-9	7.52784741566307503E0
5.55145840106435084E-9	7.61741651229454053E0
5.59678667757058435E-9	7.73747604691814850E0
5.64364329049749713E-9	7.87129443576043997E0
5.68595823133891098E-9	7.98555931466790003E0
5.72113154369727983E-9	8.09179330942234110E0
5.78363154369727983E-9	8.27519571843870239E0
5.82299187964704146E-9	8.35574150626579382E0
5.88549187964703968E-9	8.43872801473871270E0
5.93570930831011445E-9	8.47859250308316348E0
5.98457961168127817E-9	8.46175320925449803E0
6.04017296251222913E-9	8.38126221050556452E0
6.08705156753143761E-9	8.29802621281612929E0
6.14955156753143584E-9	8.14900883041019419E0
6.19887325864858774E-9	7.99659885961267669E0
6.23511033484573840E-9	7.89208873032112646E0
6.28931479623943801E-9	7.75654669354856452E0
6.31819750379178657E-9	7.68283922110747053E0
6.34774895686107588E-9	7.61101353362921174E0
6.37191508424899133E-9	7.56873763159110347E0
6.42289531609039344E-9	7.53301131726326556E0
6.45805983322602373E-9	7.53133796527874200E0
6.52055983322602373E-9	7.56657136723646673E0
6.57445159597397932E-9	7.66235774416862281E0
6.63695159597398110E-9	7.81346984320346838E0
6.69787692391733636E-9	7.96439357810091497E0
6.76037692391733813E-9	8.13978662706998968E0
6.82287692391733636E-9	8.29881152409717870E0
6.88537692391733547E-9	8.39744626181611942E0
6.94726148823551704E-9	8.45618929245129003E0
7.00976148823551615E-9	8.45374176011575962E0
7.07226148823551526E-9	8.36212230890820329E0
7.13476148823551348E-9	8.20328690462653576E0
7.19726148823551259E-9	7.94216624051851650E0
7.25643539433951368E-9	7.62546119013740409E0
7.30040778172248395E-9	7.44672980219526615E0
7.31441281256544329E-9	7.41325238920739338E0
7.32973703026874190E-9	7.38596121859131571E0
7.34128110471698925E-9	7.36833645718565489E0
7.35751431171687109E-9	7.34430284808678646E0
7.37236816580331666E-9	7.32402915357055573E0
7.38810957711638139E-9	7.30923044018084234E0
7.40484473891014616E-9	7.30774877603562256E0
7.42796191834871333E-9	7.33502120897176102E0
7.44040837255848686E-9	7.36217100121216461E0
7.44942010195681714E-9	7.38509191361064321E0
7.45833378644220613E-9	7.40880561448402819E0
7.48507483989836864E-9	7.47874742466332521E0
7.50288902184378514E-9	7.52491422381987807E0
7.52568755518912891E-9	7.59294494987382684E0
7.55153717597509377E-9	7.69249202807291699E0
7.58061532841387642E-9	7.82426141076092563E0
7.60851082886317975E-9	7.94609883467430045E0
7.66820404071088824E-9	8.16861664733820803E0
7.69956053779466387E-9	8.28323182320475659E0
7.75603873393365806E-9	8.47974833969788833E0
7.78785121562290072E-9	8.55432570649166557E0
7.85035121562289895E-9	8.62327386666628115E0
7.88564901496240367E-9	8.64285175768562652E0
7.93904775872684265E-9	8.62177877150900507E0
7.99421375439395021E-9	8.50565545817171476E0
8.04962882841731187E-9	8.34915217632630302E0
8.11212882841731009E-9	8.12424091873372234E0
8.16597423360833119E-9	7.81573486467057155E0
8.22847423360832941E-9	7.39016746981186401E0
8.27759352468849308E-9	7.12608505305284012E0
8.34009352468849130E-9	6.94887627269323094E0
8.40259352468849308E-9	6.94575295736064025E0
8.46509352468849130E-9	7.14184296616024383E0
8.52759352468849308E-9	7.49928207653635148E0
8.59009352468849130E-9	7.92903603862169870E0
8.65259352468848952E-9	8.37632133611328378E0
8.71509352468848775E-9	8.76156540983001797E0
8.76606674625432447E-9	8.97300036358887709E0
8.80727173187738188E-9	9.07608957481597400E0
8.85456973066266251E-9	9.12008655364376075E0
8.90169039424674402E-9	9.06398672396471561E0
8.95923624825694276E-9	8.88104644875733840E0
9.00393790131798255E-9	8.68345274644881826E0
9.05411893446408911E-9	8.40976773742935002E0
9.10321592633517263E-9	8.09613262114588750E0
9.16571592633516907E-9	7.63987649205286878E0
9.22821592633517085E-9	7.08991399103616260E0
9.29071592633516730E-9	6.57493187532568513E0
9.35321592633516730E-9	6.33477415224145179E0
9.41571592633517263E-9	6.37240547783474209E0
9.47821592633517085E-9	6.62431205018595648E0
9.54071592633516907E-9	7.14348413434557994E0
9.60321592633517263E-9	7.82670939908575747E0
9.66416688569720606E-9	8.49792148189675700E0
9.72666688569720606E-9	9.15446037516678501E0
9.75633332436599510E-9	9.42567002424002354E0
9.77663735249756272E-9	9.56898705798972138E0
9.81223952615705564E-9	9.73646724101029015E0
9.83394299706296060E-9	9.80168012727339644E0
9.86946511428358875E-9	9.86371394498563703E0
9.89829779057356518E-9	9.85016557256257386E0
9.93460249697525910E-9	9.72351405050069673E0
9.96684658665255441E-9	9.53566765968988506E0
9.99376866669854280E-9	9.35596082701409770E0
1.00278925852258327E-8	9.09693236281084161E0
1.00504490576317762E-8	8.89221576991895901E0
1.00916754596938940E-8	8.46285853302925695E0
1.01179711028104213E-8	8.18202911620822704E0
1.01667721789205068E-8	7.67502716337205904E0
1.02001780214815829E-8	7.29660096913175238E0
1.02545671465964494E-8	6.62045039068826835E0
1.02908161062053116E-8	6.22136248140165904E0
1.03507963150912552E-8	5.81951089180128722E0
1.04056014055815904E-8	5.69242284270272592E0
1.04681014055815891E-8	5.84481535848234746E0
1.05275852552333271E-8	6.33669708936752407E0
1.05900852552333258E-8	7.09091327079297162E0
1.06525852552333267E-8	7.96860684227515925E0
1.07150852552333276E-8	8.90666144041881758E0
1.07775852552333240E-8	9.71262753640552035E0
1.08400852552333249E-8	1.02430381748936083E1
1.09014197847553596E-8	1.04774388282316022E1
1.09496537393427151E-8	1.04139938689729639E1
1.09879891193323531E-8	1.01921271336329022E1
1.10260162514069582E-8	9.87188688987045282E0
1.10746179316903937E-8	9.35439877467694281E0
1.11092170212097341E-8	8.90043648641095331E0
1.11365401367954187E-8	8.49824152062009830E0
1.11604653308603519E-8	8.13582592679432537E0
1.11881659941801725E-8	7.71837042326579059E0
1.12120489326079675E-8	7.35558575713938456E0
1.12485431681055004E-8	6.79424338948376860E0
1.12891075514745909E-8	6.21676356372208794E0
1.13365854215712747E-8	5.70171334767281479E0
1.13952369207360737E-8	5.33665952396075483E0
1.14577369207360746E-8	5.28722045627039972E0
1.15120551415575845E-8	5.57671795423314265E0
1.15745551415575854E-8	6.24736653071006565E0
1.16370551415575862E-8	7.15086460076203867E0
1.16995551415575849E-8	8.19518459601750671E0
1.17620551415575836E-8	9.22724880892790011E0
1.18245551415575822E-8	1.00554744506092830E1
1.18870551415575809E-8	1.05871211339069604E1
1.19495551415575796E-8	1.07467614046425330E1
1.20078600433401550E-8	1.05091066071006578E1
1.20680277530559388E-8	9.93139337079386308E0
1.21235213881238302E-8	9.16377193481880070E0
1.21622101794495596E-8	8.51570882625390801E0
1.22247101794495583E-8	7.40725037252615781E0
1.22827561215298653E-8	6.44746035408504792E0
1.23452561215298617E-8	5.61113532431526618E0
1.24077561215298626E-8	5.09975415617907402E0
1.24702561215298613E-8	5.01030521170275822E0
1.25327561215298622E-8	5.33284184985381682E0
1.25952561215298631E-8	6.02453256831709094E0
1.26577561215298640E-8	7.01295767272375237E0
1.27202561215298604E-8	8.13637424706968737E0
1.27827561215298591E-8	9.22439332263377310E0
1.28452561215298644E-8	1.01324345110822156E1
1.29077561215298586E-8	1.07058656809860531E1
1.29702561215298573E-8	1.08522771019313247E1
1.30327561215298582E-8	1.05651619580267653E1
1.30952561215298591E-8	9.87004535685590945E0
1.31548228473657280E-8	8.91369220402674678E0
1.32118106041233974E-8	7.86613577258582186E0
1.32743106041233982E-8	6.71946548749636641E0
1.33368106041233969E-8	5.73286137408665653E0
1.33993106041234000E-8	5.06648239474918061E0
1.34618106041233965E-8	4.80748386248475157E0
1.35243106041233996E-8	4.98395593133518311E0
1.35868106041233982E-8	5.58635264577637525E0
1.36493106041233969E-8	6.52832821417915099E0
1.37118106041233956E-8	7.66781301097710433E0
1.37743106041233987E-8	8.84583078550273783E0
1.38368106041233951E-8	9.87984263643616778E0
1.38993106041233960E-8	1.06030810923361107E1
1.39618106041233991E-8	1.09111820307894436E1
1.40243106041233956E-8	1.07525169654803032E1
1.40868106041233920E-8	1.01424245849836381E1
1.41493106041233974E-8	9.17986372856032773E0
1.42105327784565882E-8	8.03472910630352466E0
1.42718776130656355E-8	6.85049809472467075E0
1.43343776130656386E-8	5.79120608025256889E0
1.43968776130656395E-8	5.03573944668652640E0
1.44593776130656382E-8	4.68562710171363683E0
1.45218776130656368E-8	4.79271102464204990E0
1.45843776130656377E-8	5.34365268530217730E0
1.46468776130656342E-8	6.25949203439056845E0
1.47093776130656329E-8	7.41390996487500598E0
1.47718776130656337E-8	8.63558453693024930E0
1.48343776130656391E-8	9.73283554286866170E0
1.48968776130656355E-8	1.05381986811254191E1
1.49593776130656386E-8	1.09260845217920122E1
1.50218776130656373E-8	1.08304266821637851E1
1.50843776130656382E-8	1.02670779183511418E1
1.51468776130656368E-8	9.32359134641715848E0
1.52038342782993618E-8	8.24939991384070481E0
1.52663342782993650E-8	7.01084283068665037E0
1.53288342782993681E-8	5.89213632168054158E0
1.53913342782993690E-8	5.05738097740921067E0
1.54538342782993698E-8	4.62704649115003797E0
1.55163342782993685E-8	4.65997444379381331E0
1.55788342782993761E-8	5.14843549220363350E0
1.56413342782993725E-8	6.02865100801809106E0
1.57038342782993778E-8	7.17870900851212301E0
1.57663342782993765E-8	8.42473962217468220E0
1.58288342782993752E-8	9.57569336545749117E0
1.58913342782993805E-8	1.04542027744691657E1
1.59538342782993814E-8	1.09196671056691264E1
1.60163342782993801E-8	1.08978541501600334E1
1.60788342782993832E-8	1.03933805031478443E1
1.61413342782993841E-8	9.48290547444057808E0
1.62038342782993849E-8	8.30778829721670853E0
1.62663342782993880E-8	7.05232708959955890E0
1.63288342782993867E-8	5.90810581127254597E0
1.63913342782993920E-8	5.04622354173185172E0
1.64538342782993885E-8	4.59162474154021361E0
1.65163342782993916E-8	4.60312111245600430E0
1.65788342782993925E-8	5.07690530463596268E0
1.66413342782993934E-8	5.95266200323218264E0
1.67038342782993987E-8	7.10784382924272862E0
1.67663342782993996E-8	8.36878848544170673E0
1.68288342782993983E-8	9.54248858472705130E0
1.68913342782994036E-8	1.04458669237193114E1
1.69538342782994067E-8	1.09349098436163472E1
1.70163342782994054E-8	1.09326458481004396E1
1.70788342782994040E-8	1.04397124719345102E1
1.71413342782994049E-8	9.53234430713842151E0
1.72038342782994080E-8	8.35318545634271459E0
1.72663342782994111E-8	7.08689080164998764E0
1.73288342782994120E-8	5.92800581898887469E0
1.73913342782994174E-8	5.05123015073440840E0
1.74538342782994116E-8	4.58257621048923802E0
1.75163342782994125E-8	4.58218849766848724E0
1.75788342782994156E-8	5.04796084795638755E0
1.76413342782994143E-8	5.92060717572256134E0
1.77038342782994151E-8	7.07913933891686131E0
1.77663342782994205E-8	8.34984081495099062E0
1.78288342782994214E-8	9.53709835116707083E0
1.78913342782994267E-8	1.04556089792545337E1
1.79538342782994187E-8	1.09592391944900003E1
1.80163342782994285E-8	1.09682161291604419E1
1.80788342782994271E-8	1.04818814389986681E1
1.81413342782994258E-8	9.57644022489552427E0
1.82038342782994267E-8	8.39442944168306582E0
1.82663342782994276E-8	7.12161477850543978E0
1.83288342782994329E-8	5.95464262806820255E0
1.83913342782994338E-8	5.06950383943610383E0
1.84538342782994347E-8	4.59317843239308043E0
1.85163342782994356E-8	4.58652917664404214E0
1.85788342782994320E-8	5.04749326002318632E0
1.86413342782994373E-8	5.91801432849651565E0
1.87038342782994427E-8	7.07879070242837027E0
1.87663342782994369E-8	8.35538388320932945E0
1.88288342782994422E-8	9.55068289457893194E0
1.88913342782994453E-8	1.04784911367943656E1
1.89538342782994440E-8	1.09907651368621972E1
1.90163342782994471E-8	1.10061089515639265E1
1.90788342782994502E-8	1.05236419882546084E1
1.91413342782994511E-8	9.61912774462585141E0
1.92038342782994542E-8	8.43511322748647174E0
1.92663342782994507E-8	7.15856350474231995E0
1.93288342782994538E-8	5.98702637473704602E0
1.93913342782994547E-8	5.09720815772881330E0
1.94538342782994556E-8	4.61691395921762116E0
1.95163342782994609E-8	4.60685026188926816E0
1.95788342782994595E-8	5.06477638794817064E0
1.96413342782994560E-8	5.93389934236907735E0
1.97038342782994591E-8	7.09593975461063220E0
1.97663342782994622E-8	8.37590698920404542E0
1.98288342782994675E-8	9.57598188300596043E0
1.98913342782994729E-8	1.05093053632382172E1
1.99538342782994671E-8	1.10265251707088496E1
2.00163342782994702E-8	1.10454641364954043E1
2.00788342782994711E-8	1.05651289240137536E1
2.01413342782994720E-8	9.66091573281177673E0
2.02038342782994729E-8	8.47556096647360491E0
2.02663342782994693E-8	7.19680704036007413E0
2.03288342782994791E-8	6.02260155404740249E0
2.03913342782994800E-8	5.13017566164477934E0
2.04538342782994809E-8	4.64778872551199029E0
2.05163342782994773E-8	4.63576108235313455E0
2.05788342782994826E-8	5.09179227692859104E0
2.06413342782994791E-8	5.95998962100113161E0
2.07038342782994844E-8	7.12262981230021275E0
2.07663342782994853E-8	8.40446448588682493E0
2.08288342782994862E-8	9.60726506017694071E0
2.08913342782994871E-8	1.05436540803241230E1
2.09538342782994924E-8	1.10635640638456190E1
2.10163342782994933E-8	1.10843980364837891E1
2.10788342782994942E-8	1.06050527746812540E1
2.11413342782994906E-8	9.70079037043566395E0
2.12038342782995004E-8	8.51449467602898658E0
2.12663342782994969E-8	7.23433027784830518E0
2.13288342782995022E-8	6.05850925651157013E0
2.13913342782995031E-8	5.16456568346299516E0
2.14538342782994951E-8	4.68097298548797536E0
2.15163342782995048E-8	4.66780730611142403E0
2.15788342782995102E-8	5.12274492148675975E0
2.16413342782995022E-8	5.99040184494149219E0
2.17038342782995031E-8	7.15333393010021190E0
2.17663342782995084E-8	8.43614377581041985E0
2.18288342782995137E-8	9.64035005624267249E0
2.18913342782995102E-8	1.05782443018441952E1
2.19538342782995111E-8	1.10994003765022731E1
2.20163342782995164E-8	1.11210061523413772E1
2.20788342782995128E-8	1.06419007439643765E1
2.21413342782995182E-8	9.73734390420206175E0
2.22038342782995146E-8	8.55030342710701596E0
2.22663342782995199E-8	7.26915744320424029E0
2.23288342782995208E-8	6.09229787787085098E0
2.23913342782995262E-8	5.19739472541468217E0
2.24538342782995226E-8	4.71304189356786374E0
2.25163342782995191E-8	4.69926434247717051E0
2.25788342782995288E-8	5.15372652131110165E0
2.26413342782995297E-8	6.02123598342730215E0
2.27038342782995262E-8	7.18439109661428699E0
2.27663342782995270E-8	8.46765672227572530E0
2.28288342782995324E-8	9.67242915368932721E0
2.28913342782995333E-8	1.06108210975759465E1
2.29538342782995342E-8	1.11322497282162258E1
2.30163342782995350E-8	1.11538605693422799E1
2.30788342782995404E-8	1.06744863663171485E1
2.31413342782995413E-8	9.76943040468161961E0
2.32038342782995421E-8	8.58173608935689991E0
2.32663342782995430E-8	7.29985854615302721E0
2.33288342782995439E-8	6.12227712011490510E0
2.33913342782995493E-8	5.22672584195903234E0
2.34538342782995457E-8	4.74187916044073621E0
2.35163342782995510E-8	4.72785744748197079E0
2.35788342782995564E-8	5.18235617953872207E0
2.36413342782995484E-8	6.05010831473363719E0
2.37038342782995493E-8	7.21353422550779566E0
2.37663342782995546E-8	8.49697208692771433E0
2.38288342782995599E-8	9.70178390353124342E0
2.38913342782995564E-8	1.06400066385998260E1
2.39538342782995572E-8	1.11610481490258984E1
2.40163342782995626E-8	1.11821397700207248E1
2.40788342782995635E-8	1.07021448373616868E1
2.41413342782995599E-8	9.79643387107799413E0
2.42038342782995652E-8	8.60813552313529051E0
2.42663342782995661E-8	7.32568747651673124E0
2.43288342782995670E-8	6.14757753391748807E0
2.43913342782995723E-8	5.25158045232419912E0
2.44538342782995732E-8	4.76642930260776598E0
2.45163342782995652E-8	4.75243883124554944E0
2.45788342782995706E-8	5.20739086813360785E0
2.46413342782995759E-8	6.07572801038198573E0
2.47038342782995812E-8	7.23951007063962138E0
2.47663342782995777E-8	8.52297666347430649E0
2.48288342782995741E-8	9.72750142061021883E0
2.48913342782995795E-8	1.06651151475466777E1
2.49538342782995848E-8	1.11853411265500569E1
2.50163342782995857E-8	1.12055707254452463E1
2.50788342782995821E-8	1.07247260133605682E1
2.51413342782995741E-8	9.81827022400613814E0
2.52038342782995928E-8	8.62941187453574798E0
2.52663342782995848E-8	7.34651323866347283E0
2.53288342782995812E-8	6.16801682590039313E0
2.53913342782995954E-8	5.27171975270962800E0
2.54538342782995919E-8	4.78640898193873099E0
2.55163342782995883E-8	4.77265717803676459E0
2.55788342782995937E-8	5.22837112845367802E0
2.56413342782995946E-8	6.09755300101242970E0
2.57038342782995954E-8	7.26176919488337980E0
2.57663342782996008E-8	8.54519208031087274E0
2.58288342782995972E-8	9.74923437773016133E0
2.58913342782995981E-8	1.06859650893759328E1
2.59538342782996034E-8	1.12051227195579473E1
2.60163342782996088E-8	1.12242960680196679E1
2.60788342782996052E-8	1.07424815381986205E1
2.61413342782996061E-8	9.83526078802217540E0
2.62038342782996114E-8	8.64590118531923224E0
2.62663342782996123E-8	7.36265484491808309E0
2.63288342782996043E-8	6.18388984534552755E0
2.63913342782996097E-8	5.28740075687964062E0
2.64538342782996150E-8	4.80203552214480389E0
2.65163342782996114E-8	4.78866541480418917E0
2.65788342782996256E-8	5.24533579196947386E0
2.66413342782996176E-8	6.11552377082844512E0
2.67038342782996185E-8	7.28022123335579963E0
2.67663342782996194E-8	8.56355709428675027E0
2.68288342782996247E-8	9.76700901687542888E0
2.68913342782996212E-8	1.07027091798534579E1
2.69538342782996221E-8	1.12206796329923919E1
2.70163342782996319E-8	1.12387264728950909E1
2.70788342782996327E-8	1.07559189268044220E1
2.71413342782996292E-8	9.84797507024762986E0
2.72038342782996345E-8	8.65819657466106207E0
2.72663342782996310E-8	7.37469848982490994E0
2.73288342782996230E-8	6.19576395598633223E0
2.73913342782996416E-8	5.29916047822787295E0
2.74538342782996381E-8	4.81380436853440674E0
2.75163342782996345E-8	4.80089375503938864E0
2.75788342782996487E-8	5.25860912149986692E0
2.76413342782996363E-8	6.12986693606363886E0
2.77038342782996416E-8	7.29505289248933231E0
2.77663342782996470E-8	8.57826733814578724E0
2.78288342782996434E-8	9.78107852694545166E0
2.78913342782996443E-8	1.07156966261392705E1
2.79538342782996452E-8	1.12324628037461727E1
2.80163342782996549E-8	1.12494109781825680E1
2.80788342782996558E-8	1.07656683034714673E1
2.81413342782996523E-8	9.85709255170440635E0
2.82038342782996576E-8	8.66699964271309042E0
2.82663342782996496E-8	7.38334227561453460E0
2.83288342782996505E-8	6.20431753687352217E0
2.83913342782996647E-8	5.30765042459036618E0
2.84538342782996612E-8	4.82232674162094366E0
2.85163342782996532E-8	4.80989131722606889E0
2.85788342782996585E-8	5.26865163051422059E0
2.86413342782996594E-8	6.14095836255143546E0
2.87038342782996647E-8	7.30660057433647570E0
2.87663342782996612E-8	8.58966073128913621E0
2.88288342782996665E-8	9.79181745047947771E0
2.88913342782996629E-8	1.07253716002536104E1
2.89538342782996683E-8	1.12409916527670273E1
2.90163342782996825E-8	1.12569399421231209E1
2.90788342782996656E-8	1.07723817929657462E1
2.91413342782996665E-8	9.86330106813143814E0
2.92038342782996807E-8	8.67301246086460509E0
2.92663342782996727E-8	7.38928520444774684E0
2.93288342782996736E-8	6.21022990034882838E0
2.93913342782996745E-8	5.31352535614431432E0
2.94538342782996798E-8	4.82822349508882098E0
2.95163342782996807E-8	4.81622594435924256E0
2.95788342782996816E-8	5.27596305704647328E0
2.96413342782996825E-8	6.14923334470690097E0
2.97038342782996878E-8	7.31526630071987594E0
2.97663342782996887E-8	8.59813885534619615E0
2.98288342782996896E-8	9.79965021176570161E0
2.98913342782996860E-8	1.07322048036476292E1
2.99538342782996736E-8	1.12467890325122788E1
3.00163342782996789E-8	1.12618820417195620E1
3.00788342782996843E-8	1.07766687665912131E1
3.01413342782996763E-8	9.86723265826231533E0
3.02038342782996727E-8	8.67687197314694814E0
3.02663342782996736E-8	7.39315975222883193E0
3.03288342782996789E-8	6.21411648435502251E0
3.03913342782996709E-8	5.31737928484071620E0
3.04538342782996629E-8	4.83206391065557384E0
3.05163342782996683E-8	4.82042757234102570E0
3.05788342782996647E-8	5.28102538457386839E0
3.06413342782996612E-8	6.15513134533240169E0
3.07038342782996576E-8	7.32146560464865725E0
3.07663342782996541E-8	8.60411639415321261E0
3.08288342782996549E-8	9.80500563280379112E0
3.08913342782996558E-8	1.07366517642581050E1
3.09538342782996478E-8	1.12503419620469414E1
3.10163342782996487E-8	1.12647493078710648E1
3.10788342782996452E-8	1.07790617777200093E1
3.11413342782996372E-8	9.86943050175272596E0
3.12038342782996425E-8	8.67911873288184488E0
3.12663342782996390E-8	7.39549961257174537E0
3.13288342782996310E-8	6.21649819224830047E0
3.13913342782996452E-8	5.31971661606143620E0
3.14538342782996327E-8	4.83433693939958609E0
3.15163342782996336E-8	4.82296123766381957E0
3.15788342782996345E-8	5.28427416557472096E0
3.16413342782996265E-8	6.15906487139048764E0
3.17038342782996363E-8	7.32559755291373715E0
3.17663342782996194E-8	8.60799153203477907E0
3.18288342782996292E-8	9.80829009266540552E0
3.18913342782996256E-8	1.07391306291396238E1
3.19538342782996221E-8	1.12520820953026357E1
3.20163342782996141E-8	1.12659821220893130E1
3.20788342782996105E-8	1.07800049106642115E1
3.21413342782996025E-8	9.87033845952899114E0
3.22038342782996034E-8	8.68018908786534382E0
3.22663342782996132E-8	7.39673209524041742E0
3.23288342782996052E-8	6.21779372322266166E0
3.23913342782996105E-8	5.32094598001033958E0
3.24538342782996114E-8	4.83544385877967731E0
3.25163342782996079E-8	4.82421862668743540E0
3.25788342782996043E-8	5.28608791195350403E0
3.26413342782996008E-8	6.16140457206830305E0
3.27038342782995972E-8	7.32802916115814273E0
3.27663342782995937E-8	8.61013086517760229E0
3.28288342782995901E-8	9.80987360631144689E0
3.28913342782995954E-8	1.07400127754343666E1
3.29538342782995874E-8	1.12523798208300763E1
3.30163342782995883E-8	1.12659470361048397E1
3.30788342782995803E-8	1.07798561679891058E1
3.31413342782995768E-8	9.87030516452080420E0
3.32038342782995821E-8	8.68042122072382405E0
3.32663342782995697E-8	7.39718537291185019E0
3.33288342782995795E-8	6.21832576702508621E0
3.33913342782995892E-8	5.32138668827654282E0
3.34538342782995635E-8	4.83570348302655084E0
3.35163342782995821E-8	4.82452028655569354E0
3.35788342782995741E-8	5.28678767842910613E0
3.36413342782995661E-8	6.16247463494260028E0
3.37038342782995670E-8	7.32908869652337458E0
3.37663342782995590E-8	8.61086339944977652E0
3.38288342782995599E-8	9.81008452080016369E0
3.38913342782995652E-8	1.07396210231741795E1
3.39538342782995528E-8	1.12515465928803371E1
3.40163342782995581E-8	1.12649420853706106E1
3.40788342782995546E-8	1.07788971062907213E1
3.41413342782995510E-8	9.86959605069026580E0
3.42038342782995430E-8	8.68006814071498489E0
3.42663342782995484E-8	7.39710285628572883E0
3.43288342782995537E-8	6.21833433570773675E0
3.43913342782995501E-8	5.32128095937911727E0
3.44538342782995377E-8	4.83536334022892333E0
3.45163342782995386E-8	4.82412330663507927E0
3.45788342782995484E-8	5.28664154365744743E0
3.46413342782995404E-8	6.16255403244381395E0
3.47038342782995279E-8	7.32906426903570285E0
3.47663342782995333E-8	8.61047957447338952E0
3.48288342782995297E-8	9.80920951714798406E0
3.48913342782995350E-8	1.07382319450070307E1
3.49538342782995226E-8	1.12498412740361520E1
3.50163342782995279E-8	1.12632058681188196E1
3.50788342782995244E-8	1.07773451436559986E1
3.51413342782995208E-8	9.86840841594667140E0
3.52038342782995262E-8	8.67931322151821583E0
3.52663342782995137E-8	7.39665953526953057E0
3.53288342782995191E-8	6.21799258029012769E0
3.53913342782995155E-8	5.32080785029266412E0
3.54538342782995075E-8	4.83461244895197328E0
3.55163342782995084E-8	4.82323114745195536E0
3.55788342782995093E-8	5.28587091038481827E0
3.56413342782995102E-8	6.16188043681633157E0
3.57038342782994977E-8	7.32820541630540756E0
3.57663342782994986E-8	8.60923269895303989E0
3.58288342782995040E-8	9.80749637323062196E0
3.58913342782995048E-8	1.07360801620408686E1
3.59538342782994924E-8	1.12474776639248097E1
3.60163342782994889E-8	1.12609278265478308E1
3.60788342782994986E-8	1.07753659636319288E1
3.61413342782994906E-8	9.86688630947528722E0
3.62038342782994915E-8	8.67828564712317707E0
3.62663342782994835E-8	7.39597744468385176E0
3.63288342782994933E-8	6.21742211975389392E0
3.63913342782994809E-8	5.32009673151886275E0
3.64538342782994818E-8	4.83359328133301780E0
3.65163342782994782E-8	4.82200352154192657E0
3.65788342782994880E-8	5.28465708149718694E0
3.66413342782994622E-8	6.16065480934143483E0
3.67038342782994764E-8	7.32672615195629895E0
3.67663342782994729E-8	8.60734138514549940E0
3.68288342782994693E-8	9.80515769603492338E0
3.68913342782994702E-8	1.07333633807498918E1
3.69538342782994622E-8	1.12446316915714473E1
3.70163342782994675E-8	1.12582580454989101E1
3.70788342782994640E-8	1.07730847995510004E1
3.71413342782994604E-8	9.86513354439710355E0
3.72038342782994569E-8	8.67707425004984856E0
3.72663342782994578E-8	7.39513906364017970E0
3.73288342782994498E-8	6.21670628079357002E0
3.73913342782994462E-8	5.31923922545543526E0
3.74538342782994471E-8	4.83241195036142468E0
3.75163342782994524E-8	4.82056511968898604E0
3.75788342782994444E-8	5.28314741544057842E0
3.76413342782994409E-8	6.15904569038808170E0
3.77038342782994373E-8	7.32480843365747258E0
3.77663342782994427E-8	8.60499233904346106E0
3.78288342782994436E-8	9.80237459215874374E0
3.78913342782994444E-8	1.07302473877606430E1
3.79538342782994320E-8	1.12414476991572831E1
3.80163342782994373E-8	1.12553156333986193E1
3.80788342782994338E-8	1.07705961016025276E1
3.81413342782994214E-8	9.86322428337289381E0
3.82038342782994267E-8	8.67573897870514266E0
3.82663342782994231E-8	7.39419836419291965E0
3.83288342782994285E-8	6.21590070907075720E0
3.83913342782994249E-8	5.31829911127441779E0
3.84538342782994125E-8	4.83114650201886064E0
3.85163342782994178E-8	4.81901268993239018E0
3.85788342782994143E-8	5.28146074052614445E0
3.86413342782994107E-8	6.15719292341826741E0
3.87038342782994027E-8	7.32260542027340211E0
3.87663342782994080E-8	8.60234321928577650E0
3.88288342782994134E-8	9.79929989060415174E0
3.88913342782994098E-8	1.07268705120288899E1
3.89538342782994018E-8	1.12380437494346208E1
3.90163342782993983E-8	1.12521953877636105E1
3.90788342782994036E-8	1.07679714138973059E1
3.91413342782993912E-8	9.86121131955360575E0
3.92038342782993876E-8	8.67431980159198446E0
3.92663342782993841E-8	7.39318958939368631E0
3.93288342782993983E-8	6.21504150012402423E0
3.93913342782993903E-8	5.31732007440410559E0
3.94538342782993823E-8	4.82985352382292632E0
3.95163342782993965E-8	4.81742050856422654E0
3.95788342782993974E-8	5.27969188298570469E0
3.96413342782993894E-8	6.15521088791668358E0
3.97038342782993769E-8	7.32024427593460913E0
3.97663342782993734E-8	8.59952539451516174E0
3.98288342782993743E-8	9.79606093517326926E0
3.98913342782993796E-8	1.07233473333219131E1
3.99538342782993716E-8	1.12345160462029625E1
4.00000000000000000E-8	1.12941280337835259E1


time	Tran2.TRAN.Vc
1.00000000000000000E-6	1.11690622104005599E1
1.00000999999999984E-6	1.11148107729341872E1
1.00002000000000013E-6	1.10480748284197405E1
1.00003000000000020E-6	1.09691262284459001E1
1.00004000000000026E-6	1.08782862364526145E1
1.00005000000000033E-6	1.07759241877934553E1
1.00006000000000039E-6	1.06624559650425033E1
1.00007000000000046E-6	1.05383422991070597E1
1.00008000000000052E-6	1.04040869010402259E1
1.00009000000000059E-6	1.02602344261195499E1
1.00010000000000066E-6	1.01073682692893607E1
1.00011000000000050E-6	9.94610819074317831E0
1.00012000000000034E-6	9.77710777196751657E0
1.00013000000000107E-6	9.60105170615948111E0
1.00014000000000092E-6	9.41865293136105208E0
1.00015000000000098E-6	9.23064961943346418E0
1.00016000000000105E-6	9.03780203773195723E0
1.00017000000000089E-6	8.84088930279772534E0
1.00018000000000118E-6	8.64070604584062885E0
1.00019000000000102E-6	8.43805900886592397E0
1.00020000000000131E-6	8.23376358815362508E0
1.00021000000000138E-6	8.02864033967111190E0
1.00022000000000144E-6	7.82351145929273084E0
1.00023000000000128E-6	7.61919725044655038E0
1.00024000000000157E-6	7.41651259284466136E0
1.00025000000000119E-6	7.21626342851492453E0
1.00026000000000170E-6	7.01924328450249657E0
1.00027000000000177E-6	6.82622985501950463E0
1.00028000000000183E-6	6.63798166837050641E0
1.00029000000000190E-6	6.45523486554929349E0
1.00030000000000197E-6	6.27870011740903333E0
1.00031000000000181E-6	6.10905970630738793E0
1.00032000000000210E-6	5.94696479615928286E0
1.00033000000000216E-6	5.79303291280112997E0
1.00034000000000223E-6	5.64784565452412313E0
1.00035000000000229E-6	5.51194665112252569E0
1.00036000000000214E-6	5.38583978827165932E0
1.00037000000000242E-6	5.26998771238062513E0
1.00038000000000227E-6	5.16481062816029102E0
1.00039000000000233E-6	5.07068539662526874E0
1.00040000000000240E-6	4.98794493412869411E0
1.00041000000000269E-6	4.91687790342718056E0
1.00042000000000275E-6	4.85772867554199195E0
1.00043000000000282E-6	4.81069752748579837E0
1.00044000000000266E-6	4.77594102673975751E0
1.00045000000000295E-6	4.75357254088731018E0
1.00046000000000301E-6	4.74366280176733124E0
1.00047000000000308E-6	4.74624045036641906E0
1.00048000000000314E-6	4.76129249277049471E0
1.00049000000000299E-6	4.78876461013914323E0
1.00050000000000305E-6	4.82856128625261416E0
1.00051000000000312E-6	4.88054574347424985E0
1.00052000000000318E-6	4.94453970863030534E0
1.00053000000000347E-6	5.02032306069768719E0
1.00054000000000354E-6	5.10763343751533672E0
1.00055000000000360E-6	5.20616589535138541E0
1.00056000000000367E-6	5.31557271993049518E0
1.00057000000000351E-6	5.43546347997880819E0
1.00058000000000380E-6	5.56540539545638069E0
1.00059000000000387E-6	5.70492406615888736E0
1.00060000000000393E-6	5.85350457662108514E0
1.00061000000000400E-6	6.01059296571493551E0
1.00062000000000406E-6	6.17559802801648505E0
1.00063000000000413E-6	6.34789340208955544E0
1.00064000000000397E-6	6.52681989858218792E0
1.00065000000000404E-6	6.71168802736883308E0
1.00066000000000410E-6	6.90178069438220021E0
1.00067000000000417E-6	7.09635605170530148E0
1.00068000000000401E-6	7.29465049477193439E0
1.00069000000000452E-6	7.49588180580996255E0
1.00070000000000459E-6	7.69925244146447341E0
1.00071000000000443E-6	7.90395295590884217E0
1.00072000000000427E-6	8.10916554043710747E0
1.00073000000000456E-6	8.31406764988633640E0
1.00074000000000485E-6	8.51783567785777507E0
1.00075000000000491E-6	8.71964863921528810E0
1.00076000000000476E-6	8.91869182028328034E0
1.00077000000000504E-6	9.11416036438885335E0
1.00078000000000511E-6	9.30526277065959739E0
1.00079000000000495E-6	9.49122429508397936E0
1.00080000000000502E-6	9.67129025169271728E0
1.00081000000000508E-6	9.84472921666790235E0
1.00082000000000493E-6	1.00108361379337873E1
1.00083000000000544E-6	1.01689353481555700E1
1.00084000000000528E-6	1.03183834713107769E1
1.00085000000000535E-6	1.04585722048469187E1
1.00086000000000541E-6	1.05889309529499664E1
1.00087000000000526E-6	1.07089292838881200E1
1.00088000000000577E-6	1.08180791862072012E1
1.00089000000000561E-6	1.09159371047346077E1
1.00090000000000590E-6	1.10021057460284721E1
1.00091000000000596E-6	1.10762356523566718E1
1.00092000000000581E-6	1.11380265509287923E1
1.00093000000000609E-6	1.11872284896687635E1
1.00094000000000594E-6	1.12236427711909914E1
1.00095000000000600E-6	1.12471226935830648E1
1.00096000000000607E-6	1.12575741009930175E1
1.00097000000000635E-6	1.12549557410728318E1
1.00098000000000642E-6	1.12392794214671143E1
1.00099000000000626E-6	1.12106099554899208E1
1.00100000000000611E-6	1.11690648880414223E1
1.00101000000000662E-6	1.11148139967095116E1
1.00102000000000668E-6	1.10480785683863592E1
1.00103000000000675E-6	1.09691304575120752E1
1.00104000000000659E-6	1.08782909363963864E1
1.00105000000000688E-6	1.07759293503379583E1
1.00106000000000672E-6	1.06624615897216435E1
1.00107000000000679E-6	1.05383483886988594E1
1.00108000000000685E-6	1.04040934560122911E1
1.00109000000000692E-6	1.02602414396579023E1
1.00110000000000721E-6	1.01073757241948092E1
1.00111000000000705E-6	9.94611605885304506E0
1.00112000000000689E-6	9.77711601604908509E0
1.00113000000000718E-6	9.60106028358802455E0
1.00114000000000725E-6	9.41866179852861940E0
1.00115000000000731E-6	9.23065873576152818E0
1.00116000000000760E-6	9.03781136838263777E0
1.00117000000000744E-6	8.84089881957537393E0
1.00118000000000773E-6	8.64071572625085160E0
1.00119000000000757E-6	8.43806883372021765E0
1.00120000000000764E-6	8.23377353840916371E0
1.00121000000000770E-6	8.02865039331826047E0
1.00122000000000799E-6	7.82352158905135653E0
1.00123000000000784E-6	7.61920742281792762E0
1.00124000000000768E-6	7.41652276874233873E0
1.00125000000000797E-6	7.21627356532407749E0
1.00126000000000803E-6	7.01925333907527094E0
1.00127000000000810E-6	6.82623978688021982E0
1.00128000000000794E-6	6.63799144234383931E0
1.00129000000000823E-6	6.45524445316409157E0
1.00130000000000852E-6	6.27870949674499723E0
1.00131000000000836E-6	6.10906886036839403E0
1.00132000000000843E-6	5.94697371025884447E0
1.00133000000000871E-6	5.79304157172003364E0
1.00134000000000856E-6	5.64785404025614568E0
1.00135000000000862E-6	5.51195474184620871E0
1.00136000000000869E-6	5.38584755881774768E0
1.00137000000000853E-6	5.26999513602613412E0
1.00138000000000904E-6	5.16481767919777024E0
1.00139000000000888E-6	5.07069205295487091E0
1.00140000000000917E-6	4.98795117914772312E0
1.00141000000000902E-6	4.91688372673822283E0
1.00142000000000908E-6	4.85773407236825516E0
1.00143000000000892E-6	4.81070249706066644E0
1.00144000000000921E-6	4.77594557019956767E0
1.00145000000000928E-6	4.75357665928426965E0
1.00146000000000934E-6	4.74366649471411073E0
1.00147000000000919E-6	4.74624371559146763E0
1.00148000000000947E-6	4.76129532657814281E0
1.00149000000000954E-6	4.78876700853421422E0
1.00150000000000960E-6	4.82856324635230472E0
1.00151000000000967E-6	4.88054726482362078E0
1.00152000000000951E-6	4.94454079412272751E0
1.00153000000000958E-6	5.02032371694745905E0
1.00154000000000987E-6	5.10763367467038520E0
1.00155000000000993E-6	5.20616572645044151E0
1.00156000000001000E-6	5.31557215997331411E0
1.00157000000001029E-6	5.43546254490832315E0
1.00158000000001035E-6	5.56540410124583929E0
1.00159000000001019E-6	5.70492242817602957E0
1.00160000000001026E-6	5.85350260939275557E0
1.00161000000001033E-6	6.01059068314840506E0
1.00162000000001017E-6	6.17559544403722604E0
1.00163000000001023E-6	6.34789053155428018E0
1.00164000000001052E-6	6.52681675823590801E0
1.00165000000001059E-6	6.71168463657891756E0
1.00166000000001043E-6	6.90177707541397556E0
1.00167000000001072E-6	7.09635222941776700E0
1.00168000000001056E-6	7.29464649577065671E0
1.00169000000001085E-6	7.49587765726224386E0
1.00170000000001092E-6	7.69924816989069516E0
1.00171000000001098E-6	7.90394858628327679E0
1.00172000000001127E-6	8.10916109583834199E0
1.00173000000001133E-6	8.31406315176901067E0
1.00174000000001118E-6	8.51783114681933284E0
1.00175000000001124E-6	8.71964409597955381E0
1.00176000000001131E-6	8.91868728656095655E0
1.00177000000001115E-6	9.11415586332902983E0
1.00178000000001122E-6	9.30525832674926434E0
1.00179000000001150E-6	9.49121993353655569E0
1.00180000000001135E-6	9.67128599752307316E0
1.00181000000001164E-6	9.84472509373450499E0
1.00182000000001170E-6	1.00108321682103663E1
1.00183000000001177E-6	1.01689315513976242E1
1.00184000000001183E-6	1.03183798651408343E1
1.00185000000001168E-6	1.04585688051552439E1
1.00186000000001196E-6	1.05889277744297861E1
1.00187000000001181E-6	1.07089263405187651E1
1.00188000000001209E-6	1.08180764915498395E1
1.00189000000001216E-6	1.09159346719887917E1
1.00190000000001223E-6	1.10021035878748186E1
1.00191000000001229E-6	1.10762337806609801E1
1.00192000000001213E-6	1.11380249763935835E1
1.00193000000001220E-6	1.11872272215033863E1
1.00194000000001227E-6	1.12236418168434704E1
1.00195000000001255E-6	1.12471220585572862E1
1.00196000000001262E-6	1.12575737887649518E1
1.00197000000001291E-6	1.12549557531193289E1
1.00198000000001253E-6	1.12392797574151970E1
1.00199000000001304E-6	1.12106106133781491E1
1.00200000000001266E-6	1.11690658646534535E1
1.00201000000001295E-6	1.11148152879079132E1
1.00202000000001301E-6	1.10480801693549591E1
1.00203000000001330E-6	1.09691323628270276E1
1.00204000000001314E-6	1.08782931398892257E1
1.00205000000001321E-6	1.07759318447824137E1
1.00206000000001305E-6	1.06624643664415109E1
1.00207000000001312E-6	1.05383514372349807E1
1.00208000000001318E-6	1.04040967639784965E1
1.00209000000001303E-6	1.02602449928618777E1
1.00210000000001354E-6	1.01073795070123795E1
1.00211000000001360E-6	9.94612005475910266E0
1.00212000000001344E-6	9.77712020815311078E0
1.00213000000001351E-6	9.60106465502237505E0
1.00214000000001380E-6	9.41866633259028241E0
1.00215000000001386E-6	9.23066341579707306E0
1.00216000000001393E-6	9.03781617749471344E0
1.00217000000001377E-6	8.84090374028802906E0
1.00218000000001384E-6	8.64072074027635573E0
1.00219000000001413E-6	8.43807392192559824E0
1.00220000000001397E-6	8.23377868100288346E0
1.00221000000001426E-6	8.02865557020018983E0
1.00222000000001410E-6	7.82352678021856640E0
1.00223000000001439E-6	7.61921260871370976E0
1.00224000000001423E-6	7.41652793047080827E0
1.00225000000001430E-6	7.21627868471214917E0
1.00226000000001458E-6	7.01925839861938705E0
1.00227000000001443E-6	6.82624476964777216E0
1.00228000000001449E-6	6.63799633189756477E0
1.00229000000001478E-6	6.45524923354986857E0
1.00230000000001485E-6	6.27871415254436549E0
1.00231000000001491E-6	6.10907337678772500E0
1.00232000000001475E-6	5.94697807321792649E0
1.00233000000001482E-6	5.79304576791640624E0
1.00234000000001511E-6	5.64785805720579237E0
1.00235000000001495E-6	5.51195856792242900E0
1.00236000000001502E-6	5.38585118331429502E0
1.00237000000001508E-6	5.26999854925637834E0
1.00238000000001537E-6	5.16482087261453771E0
1.00239000000001544E-6	5.07069501925212229E0
1.00240000000001528E-6	4.98795391229723961E0
1.00241000000001534E-6	4.91688622193057423E0
1.00242000000001563E-6	4.85773632586094806E0
1.00243000000001548E-6	4.81070450597503729E0
1.00244000000001554E-6	4.77594733233285318E0
1.00245000000001583E-6	4.75357817300307062E0
1.00246000000001589E-6	4.74366775896712767E0
1.00247000000001574E-6	4.74624473003433067E0
1.00248000000001580E-6	4.76129609175853918E0
1.00249000000001565E-6	4.78876752606086953E0
1.00250000000001616E-6	4.82856351897634450E0
1.00251000000001622E-6	4.88054729639481444E0
1.00252000000001606E-6	4.94454058943133923E0
1.00253000000001613E-6	5.02032328150639628E0
1.00254000000001642E-6	5.10763301451360796E0
1.00255000000001626E-6	5.20616484801457258E0
1.00256000000001655E-6	5.31557107009455887E0
1.00257000000001639E-6	5.43546125092073762E0
1.00258000000001668E-6	5.56540261112944368E0
1.00259000000001652E-6	5.70492075068739979E0
1.00260000000001659E-6	5.85350075412345650E0
1.00261000000001688E-6	6.01058866048852725E0
1.00262000000001672E-6	6.17559326506016770E0
1.00263000000001679E-6	6.34788820786586960E0
1.00264000000001685E-6	6.52681430183815614E0
1.00265000000001714E-6	6.71168205978294630E0
1.00266000000001720E-6	6.90177439080881872E0
1.00267000000001705E-6	7.09634944987406779E0
1.00268000000001711E-6	7.29464363444424002E0
1.00269000000001740E-6	7.49587472756680562E0
1.00270000000001747E-6	7.69924518542784675E0
1.00271000000001753E-6	7.90394556074276178E0
1.00272000000001738E-6	8.10915804289651376E0
1.00273000000001744E-6	8.31406008501607019E0
1.00274000000001751E-6	8.51782807972937128E0
1.00275000000001757E-6	8.71964104191629552E0
1.00276000000001764E-6	8.91868425879022375E0
1.00277000000001770E-6	9.11415287500483196E0
1.00278000000001821E-6	9.30525539084807463E0
1.00279000000001761E-6	9.49121706274013199E0
1.00280000000001812E-6	9.67128320407305964E0
1.00281000000001796E-6	9.84472238929972576E0
1.00282000000001803E-6	1.00108295638045131E1
1.00283000000001810E-6	1.01689290573681346E1
1.00284000000001838E-6	1.03183774912192261E1
1.00285000000001845E-6	1.04585665605364175E1
1.00286000000001851E-6	1.05889256678330335E1
1.00287000000001836E-6	1.07089243801938094E1
1.00288000000001842E-6	1.08180746852116760E1
1.00289000000001849E-6	1.09159330266977062E1
1.00290000000001855E-6	1.10021021098984861E1
1.00291000000001862E-6	1.10762324753654395E1
1.00292000000001846E-6	1.11380238481958194E1
1.00293000000001920E-6	1.11872262738954786E1
1.00294000000001882E-6	1.12236410524683139E1
1.00295000000001888E-6	1.12471214792993535E1
1.00296000000001895E-6	1.12575733958149038E1
1.00297000000001901E-6	1.12549555469880480E1
1.00298000000001930E-6	1.12392797378945275E1
1.00299000000001914E-6	1.12106107794712462E1
1.00300000000001921E-6	1.11690662145079056E1
1.00301000000001950E-6	1.11148158187841295E1
1.00302000000001934E-6	1.10480808776441419E1
1.00303000000001941E-6	1.09691332441135181E1
1.00304000000001947E-6	1.08782941890329221E1
1.00305000000001932E-6	1.07759330559935007E1
1.00306000000001960E-6	1.06624657333255435E1
1.00307000000001967E-6	1.05383529528055186E1
1.00308000000001973E-6	1.04040984206500031E1
1.00309000000001980E-6	1.02602467824480792E1
1.00310000000001986E-6	1.01073814207512802E1
1.00311000000001993E-6	9.94612208337544601E0
1.00312000000002000E-6	9.77712234194955521E0
1.00313000000002006E-6	9.60106688397925900E0
1.00314000000002035E-6	9.41866864644783419E0
1.00315000000002041E-6	9.23066580410459281E0
1.00316000000002026E-6	9.03781862962468807E0
1.00317000000002032E-6	8.84090624543270742E0
1.00318000000002039E-6	8.64072328745077733E0
1.00319000000002045E-6	8.43807650000175435E0
1.00320000000002052E-6	8.23378127878369526E0
1.00321000000002036E-6	8.02865817652663871E0
1.00322000000002065E-6	7.82352938408548937E0
1.00323000000002072E-6	7.61921519936736047E0
1.00324000000002056E-6	7.41653049746562765E0
1.00325000000002107E-6	7.21628121792341481E0
1.00326000000002113E-6	7.01926088822386696E0
1.00327000000002098E-6	6.82624720609999525E0
1.00328000000002104E-6	6.63799870592734997E0
1.00329000000002111E-6	6.45525153619912118E0
1.00330000000002117E-6	6.27871637524048065E0
1.00331000000002124E-6	6.10907551143718663E0
1.00332000000002131E-6	5.94698011229165857E0
1.00333000000002137E-6	5.79304770450441886E0
1.00334000000002121E-6	5.64785988502844116E0
1.00335000000002150E-6	5.51196028130570603E0
1.00336000000002157E-6	5.38585277714744759E0
1.00337000000002163E-6	5.27000001895759418E0
1.00338000000002170E-6	5.16482221412140508E0
1.00339000000002176E-6	5.07069622904256523E0
1.00340000000002161E-6	4.98795498742874788E0
1.00341000000002190E-6	4.91688716007884974E0
1.00342000000002196E-6	4.85773712533623847E0
1.00343000000002203E-6	4.81070516570658935E0
1.00344000000002209E-6	4.77594785182289350E0
1.00345000000002216E-6	4.75357855226704906E0
1.00346000000002222E-6	4.74366799847920717E0
1.00347000000002229E-6	4.74624483069597414E0
1.00348000000002213E-6	4.76129605489418495E0
1.00349000000002242E-6	4.78876735343438309E0
1.00350000000002249E-6	4.82856321281050782E0
1.00351000000002255E-6	4.88054685937769506E0
1.00352000000002239E-6	4.94454002469817411E0
1.00353000000002268E-6	5.02032259260015046E0
1.00354000000002297E-6	5.10763220533553497E0
1.00355000000002281E-6	5.20616392278389473E0
1.00356000000002288E-6	5.31557003332999400E0
1.00357000000002294E-6	5.43546010744939334E0
1.00358000000002301E-6	5.56540136611326108E0
1.00359000000002307E-6	5.70491940965140110E0
1.00360000000002270E-6	5.85349932296575215E0
1.00361000000002321E-6	6.01058714546154427E0
1.00362000000002305E-6	6.17559167272179188E0
1.00363000000002334E-6	6.34788654501367322E0
1.00364000000002340E-6	6.52681257544403870E0
1.00365000000002347E-6	6.71168027694626446E0
1.00366000000002353E-6	6.90177255873551410E0
1.00367000000002338E-6	7.09634757587881104E0
1.00368000000002344E-6	7.29464172596095395E0
1.00369000000002373E-6	7.49587279215076308E0
1.00370000000002380E-6	7.69924323073509864E0
1.00371000000002386E-6	7.90394359448380079E0
1.00372000000002393E-6	8.10915607277154926E0
1.00373000000002377E-6	8.31405811864732769E0
1.00374000000002406E-6	8.51782612460654498E0
1.00375000000002390E-6	8.71963910536493714E0
1.00376000000002419E-6	8.91868234796311121E0
1.00377000000002403E-6	9.11415099688603192E0
1.00378000000002432E-6	9.30525355225535478E0
1.00379000000002438E-6	9.49121527031293333E0
1.00380000000002423E-6	9.67128146424072455E0
1.00381000000002452E-6	9.84472070823474432E0
1.00382000000002458E-6	1.00108279473722961E1
1.00383000000002465E-6	1.01689275110867827E1
1.00384000000002449E-6	1.03183760202385244E1
1.00385000000002478E-6	1.04585651696362980E1
1.00386000000002484E-6	1.05889243614341400E1
1.00387000000002469E-6	1.07089231623670833E1
1.00388000000002497E-6	1.08180735596761735E1
1.00389000000002504E-6	1.09159319968009316E1
1.00390000000002488E-6	1.10021011785832790E1
1.00391000000002517E-6	1.10762316451330944E1
1.00392000000002501E-6	1.11380231210783687E1
1.00393000000002530E-6	1.11872256514455271E1
1.00394000000002537E-6	1.12236405357681934E1
1.00395000000002543E-6	1.12471210689826218E1
1.00396000000002572E-6	1.12575730920889749E1
1.00397000000002556E-6	1.12549553496464272E1
1.00398000000002563E-6	1.12392796463131828E1
1.00399000000002547E-6	1.12106107925909981E1
1.00400000000000000E-6	1.11690663309346805E1


time	Tran2.TRAN.VCC
1.00000000000000000E-6	8.00000000000000000E0
1.00000999999999984E-6	8.00000000000000000E0
1.00002000000000013E-6	8.00000000000000000E0
1.00003000000000020E-6	8.00000000000000000E0
1.00004000000000026E-6	8.00000000000000000E0
1.00005000000000033E-6	8.00000000000000000E0
1.00006000000000039E-6	8.00000000000000000E0
1.00007000000000046E-6	8.00000000000000000E0
1.00008000000000052E-6	8.00000000000000000E0
1.00009000000000059E-6	8.00000000000000000E0
1.00010000000000066E-6	8.00000000000000000E0
1.00011000000000050E-6	8.00000000000000000E0
1.00012000000000034E-6	8.00000000000000000E0
1.00013000000000107E-6	8.00000000000000000E0
1.00014000000000092E-6	8.00000000000000000E0
1.00015000000000098E-6	8.00000000000000000E0
1.00016000000000105E-6	8.00000000000000000E0
1.00017000000000089E-6	8.00000000000000000E0
1.00018000000000118E-6	8.00000000000000000E0
1.00019000000000102E-6	8.00000000000000000E0
1.00020000000000131E-6	8.00000000000000000E0
1.00021000000000138E-6	8.00000000000000000E0
1.00022000000000144E-6	8.00000000000000000E0
1.00023000000000128E-6	8.00000000000000000E0
1.00024000000000157E-6	8.00000000000000000E0
1.00025000000000119E-6	8.00000000000000000E0
1.00026000000000170E-6	8.00000000000000000E0
1.00027000000000177E-6	8.00000000000000000E0
1.00028000000000183E-6	8.00000000000000000E0
1.00029000000000190E-6	8.00000000000000000E0
1.00030000000000197E-6	8.00000000000000000E0
1.00031000000000181E-6	8.00000000000000000E0
1.00032000000000210E-6	8.00000000000000000E0
1.00033000000000216E-6	8.00000000000000000E0
1.00034000000000223E-6	8.00000000000000000E0
1.00035000000000229E-6	8.00000000000000000E0
1.00036000000000214E-6	8.00000000000000000E0
1.00037000000000242E-6	8.00000000000000000E0
1.00038000000000227E-6	8.00000000000000000E0
1.00039000000000233E-6	8.00000000000000000E0
1.00040000000000240E-6	8.00000000000000000E0
1.00041000000000269E-6	8.00000000000000000E0
1.00042000000000275E-6	8.00000000000000000E0
1.00043000000000282E-6	8.00000000000000000E0
1.00044000000000266E-6	8.00000000000000000E0
1.00045000000000295E-6	8.00000000000000000E0
1.00046000000000301E-6	8.00000000000000000E0
1.00047000000000308E-6	8.00000000000000000E0
1.00048000000000314E-6	8.00000000000000000E0
1.00049000000000299E-6	8.00000000000000000E0
1.00050000000000305E-6	8.00000000000000000E0
1.00051000000000312E-6	8.00000000000000000E0
1.00052000000000318E-6	8.00000000000000000E0
1.00053000000000347E-6	8.00000000000000000E0
1.00054000000000354E-6	8.00000000000000000E0
1.00055000000000360E-6	8.00000000000000000E0
1.00056000000000367E-6	8.00000000000000000E0
1.00057000000000351E-6	8.00000000000000000E0
1.00058000000000380E-6	8.00000000000000000E0
1.00059000000000387E-6	8.00000000000000000E0
1.00060000000000393E-6	8.00000000000000000E0
1.00061000000000400E-6	8.00000000000000000E0
1.00062000000000406E-6	8.00000000000000000E0
1.00063000000000413E-6	8.00000000000000000E0
1.00064000000000397E-6	8.00000000000000000E0
1.00065000000000404E-6	8.00000000000000000E0
1.00066000000000410E-6	8.00000000000000000E0
1.00067000000000417E-6	8.00000000000000000E0
1.00068000000000401E-6	8.00000000000000000E0
1.00069000000000452E-6	8.00000000000000000E0
1.00070000000000459E-6	8.00000000000000000E0
1.00071000000000443E-6	8.00000000000000000E0
1.00072000000000427E-6	8.00000000000000000E0
1.00073000000000456E-6	8.00000000000000000E0
1.00074000000000485E-6	8.00000000000000000E0
1.00075000000000491E-6	8.00000000000000000E0
1.00076000000000476E-6	8.00000000000000000E0
1.00077000000000504E-6	8.00000000000000000E0
1.00078000000000511E-6	8.00000000000000000E0
1.00079000000000495E-6	8.00000000000000000E0
1.00080000000000502E-6	8.00000000000000000E0
1.00081000000000508E-6	8.00000000000000000E0
1.00082000000000493E-6	8.00000000000000000E0
1.00083000000000544E-6	8.00000000000000000E0
1.00084000000000528E-6	8.00000000000000000E0
1.00085000000000535E-6	8.00000000000000000E0
1.00086000000000541E-6	8.00000000000000000E0
1.00087000000000526E-6	8.00000000000000000E0
1.00088000000000577E-6	8.00000000000000000E0
1.00089000000000561E-6	8.00000000000000000E0
1.00090000000000590E-6	8.00000000000000000E0
1.00091000000000596E-6	8.00000000000000000E0
1.00092000000000581E-6	8.00000000000000000E0
1.00093000000000609E-6	8.00000000000000000E0
1.00094000000000594E-6	8.00000000000000000E0
1.00095000000000600E-6	8.00000000000000000E0
1.00096000000000607E-6	8.00000000000000000E0
1.00097000000000635E-6	8.00000000000000000E0
1.00098000000000642E-6	8.00000000000000000E0
1.00099000000000626E-6	8.00000000000000000E0
1.00100000000000611E-6	8.00000000000000000E0
1.00101000000000662E-6	8.00000000000000000E0
1.00102000000000668E-6	8.00000000000000000E0
1.00103000000000675E-6	8.00000000000000000E0
1.00104000000000659E-6	8.00000000000000000E0
1.00105000000000688E-6	8.00000000000000000E0
1.00106000000000672E-6	8.00000000000000000E0
1.00107000000000679E-6	8.00000000000000000E0
1.00108000000000685E-6	8.00000000000000000E0
1.00109000000000692E-6	8.00000000000000000E0
1.00110000000000721E-6	8.00000000000000000E0
1.00111000000000705E-6	8.00000000000000000E0
1.00112000000000689E-6	8.00000000000000000E0
1.00113000000000718E-6	8.00000000000000000E0
1.00114000000000725E-6	8.00000000000000000E0
1.00115000000000731E-6	8.00000000000000000E0
1.00116000000000760E-6	8.00000000000000000E0
1.00117000000000744E-6	8.00000000000000000E0
1.00118000000000773E-6	8.00000000000000000E0
1.00119000000000757E-6	8.00000000000000000E0
1.00120000000000764E-6	8.00000000000000000E0
1.00121000000000770E-6	8.00000000000000000E0
1.00122000000000799E-6	8.00000000000000000E0
1.00123000000000784E-6	8.00000000000000000E0
1.00124000000000768E-6	8.00000000000000000E0
1.00125000000000797E-6	8.00000000000000000E0
1.00126000000000803E-6	8.00000000000000000E0
1.00127000000000810E-6	8.00000000000000000E0
1.00128000000000794E-6	8.00000000000000000E0
1.00129000000000823E-6	8.00000000000000000E0
1.00130000000000852E-6	8.00000000000000000E0
1.00131000000000836E-6	8.00000000000000000E0
1.00132000000000843E-6	8.00000000000000000E0
1.00133000000000871E-6	8.00000000000000000E0
1.00134000000000856E-6	8.00000000000000000E0
1.00135000000000862E-6	8.00000000000000000E0
1.00136000000000869E-6	8.00000000000000000E0
1.00137000000000853E-6	8.00000000000000000E0
1.00138000000000904E-6	8.00000000000000000E0
1.00139000000000888E-6	8.00000000000000000E0
1.00140000000000917E-6	8.00000000000000000E0
1.00141000000000902E-6	8.00000000000000000E0
1.00142000000000908E-6	8.00000000000000000E0
1.00143000000000892E-6	8.00000000000000000E0
1.00144000000000921E-6	8.00000000000000000E0
1.00145000000000928E-6	8.00000000000000000E0
1.00146000000000934E-6	8.00000000000000000E0
1.00147000000000919E-6	8.00000000000000000E0
1.00148000000000947E-6	8.00000000000000000E0
1.00149000000000954E-6	8.00000000000000000E0
1.00150000000000960E-6	8.00000000000000000E0
1.00151000000000967E-6	8.00000000000000000E0
1.00152000000000951E-6	8.00000000000000000E0
1.00153000000000958E-6	8.00000000000000000E0
1.00154000000000987E-6	8.00000000000000000E0
1.00155000000000993E-6	8.00000000000000000E0
1.00156000000001000E-6	8.00000000000000000E0
1.00157000000001029E-6	8.00000000000000000E0
1.00158000000001035E-6	8.00000000000000000E0
1.00159000000001019E-6	8.00000000000000000E0
1.00160000000001026E-6	8.00000000000000000E0
1.00161000000001033E-6	8.00000000000000000E0
1.00162000000001017E-6	8.00000000000000000E0
1.00163000000001023E-6	8.00000000000000000E0
1.00164000000001052E-6	8.00000000000000000E0
1.00165000000001059E-6	8.00000000000000000E0
1.00166000000001043E-6	8.00000000000000000E0
1.00167000000001072E-6	8.00000000000000000E0
1.00168000000001056E-6	8.00000000000000000E0
1.00169000000001085E-6	8.00000000000000000E0
1.00170000000001092E-6	8.00000000000000000E0
1.00171000000001098E-6	8.00000000000000000E0
1.00172000000001127E-6	8.00000000000000000E0
1.00173000000001133E-6	8.00000000000000000E0
1.00174000000001118E-6	8.00000000000000000E0
1.00175000000001124E-6	8.00000000000000000E0
1.00176000000001131E-6	8.00000000000000000E0
1.00177000000001115E-6	8.00000000000000000E0
1.00178000000001122E-6	8.00000000000000000E0
1.00179000000001150E-6	8.00000000000000000E0
1.00180000000001135E-6	8.00000000000000000E0
1.00181000000001164E-6	8.00000000000000000E0
1.00182000000001170E-6	8.00000000000000000E0
1.00183000000001177E-6	8.00000000000000000E0
1.00184000000001183E-6	8.00000000000000000E0
1.00185000000001168E-6	8.00000000000000000E0
1.00186000000001196E-6	8.00000000000000000E0
1.00187000000001181E-6	8.00000000000000000E0
1.00188000000001209E-6	8.00000000000000000E0
1.00189000000001216E-6	8.00000000000000000E0
1.00190000000001223E-6	8.00000000000000000E0
1.00191000000001229E-6	8.00000000000000000E0
1.00192000000001213E-6	8.00000000000000000E0
1.00193000000001220E-6	8.00000000000000000E0
1.00194000000001227E-6	8.00000000000000000E0
1.00195000000001255E-6	8.00000000000000000E0
1.00196000000001262E-6	8.00000000000000000E0
1.00197000000001291E-6	8.00000000000000000E0
1.00198000000001253E-6	8.00000000000000000E0
1.00199000000001304E-6	8.00000000000000000E0
1.00200000000001266E-6	8.00000000000000000E0
1.00201000000001295E-6	8.00000000000000000E0
1.00202000000001301E-6	8.00000000000000000E0
1.00203000000001330E-6	8.00000000000000000E0
1.00204000000001314E-6	8.00000000000000000E0
1.00205000000001321E-6	8.00000000000000000E0
1.00206000000001305E-6	8.00000000000000000E0
1.00207000000001312E-6	8.00000000000000000E0
1.00208000000001318E-6	8.00000000000000000E0
1.00209000000001303E-6	8.00000000000000000E0
1.00210000000001354E-6	8.00000000000000000E0
1.00211000000001360E-6	8.00000000000000000E0
1.00212000000001344E-6	8.00000000000000000E0
1.00213000000001351E-6	8.00000000000000000E0
1.00214000000001380E-6	8.00000000000000000E0
1.00215000000001386E-6	8.00000000000000000E0
1.00216000000001393E-6	8.00000000000000000E0
1.00217000000001377E-6	8.00000000000000000E0
1.00218000000001384E-6	8.00000000000000000E0
1.00219000000001413E-6	8.00000000000000000E0
1.00220000000001397E-6	8.00000000000000000E0
1.00221000000001426E-6	8.00000000000000000E0
1.00222000000001410E-6	8.00000000000000000E0
1.00223000000001439E-6	8.00000000000000000E0
1.00224000000001423E-6	8.00000000000000000E0
1.00225000000001430E-6	8.00000000000000000E0
1.00226000000001458E-6	8.00000000000000000E0
1.00227000000001443E-6	8.00000000000000000E0
1.00228000000001449E-6	8.00000000000000000E0
1.00229000000001478E-6	8.00000000000000000E0
1.00230000000001485E-6	8.00000000000000000E0
1.00231000000001491E-6	8.00000000000000000E0
1.00232000000001475E-6	8.00000000000000000E0
1.00233000000001482E-6	8.00000000000000000E0
1.00234000000001511E-6	8.00000000000000000E0
1.00235000000001495E-6	8.00000000000000000E0
1.00236000000001502E-6	8.00000000000000000E0
1.00237000000001508E-6	8.00000000000000000E0
1.00238000000001537E-6	8.00000000000000000E0
1.00239000000001544E-6	8.00000000000000000E0
1.00240000000001528E-6	8.00000000000000000E0
1.00241000000001534E-6	8.00000000000000000E0
1.00242000000001563E-6	8.00000000000000000E0
1.00243000000001548E-6	8.00000000000000000E0
1.00244000000001554E-6	8.00000000000000000E0
1.00245000000001583E-6	8.00000000000000000E0
1.00246000000001589E-6	8.00000000000000000E0
1.00247000000001574E-6	8.00000000000000000E0
1.00248000000001580E-6	8.00000000000000000E0
1.00249000000001565E-6	8.00000000000000000E0
1.00250000000001616E-6	8.00000000000000000E0
1.00251000000001622E-6	8.00000000000000000E0
1.00252000000001606E-6	8.00000000000000000E0
1.00253000000001613E-6	8.00000000000000000E0
1.00254000000001642E-6	8.00000000000000000E0
1.00255000000001626E-6	8.00000000000000000E0
1.00256000000001655E-6	8.00000000000000000E0
1.00257000000001639E-6	8.00000000000000000E0
1.00258000000001668E-6	8.00000000000000000E0
1.00259000000001652E-6	8.00000000000000000E0
1.00260000000001659E-6	8.00000000000000000E0
1.00261000000001688E-6	8.00000000000000000E0
1.00262000000001672E-6	8.00000000000000000E0
1.00263000000001679E-6	8.00000000000000000E0
1.00264000000001685E-6	8.00000000000000000E0
1.00265000000001714E-6	8.00000000000000000E0
1.00266000000001720E-6	8.00000000000000000E0
1.00267000000001705E-6	8.00000000000000000E0
1.00268000000001711E-6	8.00000000000000000E0
1.00269000000001740E-6	8.00000000000000000E0
1.00270000000001747E-6	8.00000000000000000E0
1.00271000000001753E-6	8.00000000000000000E0
1.00272000000001738E-6	8.00000000000000000E0
1.00273000000001744E-6	8.00000000000000000E0
1.00274000000001751E-6	8.00000000000000000E0
1.00275000000001757E-6	8.00000000000000000E0
1.00276000000001764E-6	8.00000000000000000E0
1.00277000000001770E-6	8.00000000000000000E0
1.00278000000001821E-6	8.00000000000000000E0
1.00279000000001761E-6	8.00000000000000000E0
1.00280000000001812E-6	8.00000000000000000E0
1.00281000000001796E-6	8.00000000000000000E0
1.00282000000001803E-6	8.00000000000000000E0
1.00283000000001810E-6	8.00000000000000000E0
1.00284000000001838E-6	8.00000000000000000E0
1.00285000000001845E-6	8.00000000000000000E0
1.00286000000001851E-6	8.00000000000000000E0
1.00287000000001836E-6	8.00000000000000000E0
1.00288000000001842E-6	8.00000000000000000E0
1.00289000000001849E-6	8.00000000000000000E0
1.00290000000001855E-6	8.00000000000000000E0
1.00291000000001862E-6	8.00000000000000000E0
1.00292000000001846E-6	8.00000000000000000E0
1.00293000000001920E-6	8.00000000000000000E0
1.00294000000001882E-6	8.00000000000000000E0
1.00295000000001888E-6	8.00000000000000000E0
1.00296000000001895E-6	8.00000000000000000E0
1.00297000000001901E-6	8.00000000000000000E0
1.00298000000001930E-6	8.00000000000000000E0
1.00299000000001914E-6	8.00000000000000000E0
1.00300000000001921E-6	8.00000000000000000E0
1.00301000000001950E-6	8.00000000000000000E0
1.00302000000001934E-6	8.00000000000000000E0
1.00303000000001941E-6	8.00000000000000000E0
1.00304000000001947E-6	8.00000000000000000E0
1.00305000000001932E-6	8.00000000000000000E0
1.00306000000001960E-6	8.00000000000000000E0
1.00307000000001967E-6	8.00000000000000000E0
1.00308000000001973E-6	8.00000000000000000E0
1.00309000000001980E-6	8.00000000000000000E0
1.00310000000001986E-6	8.00000000000000000E0
1.00311000000001993E-6	8.00000000000000000E0
1.00312000000002000E-6	8.00000000000000000E0
1.00313000000002006E-6	8.00000000000000000E0
1.00314000000002035E-6	8.00000000000000000E0
1.00315000000002041E-6	8.00000000000000000E0
1.00316000000002026E-6	8.00000000000000000E0
1.00317000000002032E-6	8.00000000000000000E0
1.00318000000002039E-6	8.00000000000000000E0
1.00319000000002045E-6	8.00000000000000000E0
1.00320000000002052E-6	8.00000000000000000E0
1.00321000000002036E-6	8.00000000000000000E0
1.00322000000002065E-6	8.00000000000000000E0
1.00323000000002072E-6	8.00000000000000000E0
1.00324000000002056E-6	8.00000000000000000E0
1.00325000000002107E-6	8.00000000000000000E0
1.00326000000002113E-6	8.00000000000000000E0
1.00327000000002098E-6	8.00000000000000000E0
1.00328000000002104E-6	8.00000000000000000E0
1.00329000000002111E-6	8.00000000000000000E0
1.00330000000002117E-6	8.00000000000000000E0
1.00331000000002124E-6	8.00000000000000000E0
1.00332000000002131E-6	8.00000000000000000E0
1.00333000000002137E-6	8.00000000000000000E0
1.00334000000002121E-6	8.00000000000000000E0
1.00335000000002150E-6	8.00000000000000000E0
1.00336000000002157E-6	8.00000000000000000E0
1.00337000000002163E-6	8.00000000000000000E0
1.00338000000002170E-6	8.00000000000000000E0
1.00339000000002176E-6	8.00000000000000000E0
1.00340000000002161E-6	8.00000000000000000E0
1.00341000000002190E-6	8.00000000000000000E0
1.00342000000002196E-6	8.00000000000000000E0
1.00343000000002203E-6	8.00000000000000000E0
1.00344000000002209E-6	8.00000000000000000E0
1.00345000000002216E-6	8.00000000000000000E0
1.00346000000002222E-6	8.00000000000000000E0
1.00347000000002229E-6	8.00000000000000000E0
1.00348000000002213E-6	8.00000000000000000E0
1.00349000000002242E-6	8.00000000000000000E0
1.00350000000002249E-6	8.00000000000000000E0
1.00351000000002255E-6	8.00000000000000000E0
1.00352000000002239E-6	8.00000000000000000E0
1.00353000000002268E-6	8.00000000000000000E0
1.00354000000002297E-6	8.00000000000000000E0
1.00355000000002281E-6	8.00000000000000000E0
1.00356000000002288E-6	8.00000000000000000E0
1.00357000000002294E-6	8.00000000000000000E0
1.00358000000002301E-6	8.00000000000000000E0
1.00359000000002307E-6	8.00000000000000000E0
1.00360000000002270E-6	8.00000000000000000E0
1.00361000000002321E-6	8.00000000000000000E0
1.00362000000002305E-6	8.00000000000000000E0
1.00363000000002334E-6	8.00000000000000000E0
1.00364000000002340E-6	8.00000000000000000E0
1.00365000000002347E-6	8.00000000000000000E0
1.00366000000002353E-6	8.00000000000000000E0
1.00367000000002338E-6	8.00000000000000000E0
1.00368000000002344E-6	8.00000000000000000E0
1.00369000000002373E-6	8.00000000000000000E0
1.00370000000002380E-6	8.00000000000000000E0
1.00371000000002386E-6	8.00000000000000000E0
1.00372000000002393E-6	8.00000000000000000E0
1.00373000000002377E-6	8.00000000000000000E0
1.00374000000002406E-6	8.00000000000000000E0
1.00375000000002390E-6	8.00000000000000000E0
1.00376000000002419E-6	8.00000000000000000E0
1.00377000000002403E-6	8.00000000000000000E0
1.00378000000002432E-6	8.00000000000000000E0
1.00379000000002438E-6	8.00000000000000000E0
1.00380000000002423E-6	8.00000000000000000E0
1.00381000000002452E-6	8.00000000000000000E0
1.00382000000002458E-6	8.00000000000000000E0
1.00383000000002465E-6	8.00000000000000000E0
1.00384000000002449E-6	8.00000000000000000E0
1.00385000000002478E-6	8.00000000000000000E0
1.00386000000002484E-6	8.00000000000000000E0
1.00387000000002469E-6	8.00000000000000000E0
1.00388000000002497E-6	8.00000000000000000E0
1.00389000000002504E-6	8.00000000000000000E0
1.00390000000002488E-6	8.00000000000000000E0
1.00391000000002517E-6	8.00000000000000000E0
1.00392000000002501E-6	8.00000000000000000E0
1.00393000000002530E-6	8.00000000000000000E0
1.00394000000002537E-6	8.00000000000000000E0
1.00395000000002543E-6	8.00000000000000000E0
1.00396000000002572E-6	8.00000000000000000E0
1.00397000000002556E-6	8.00000000000000000E0
1.00398000000002563E-6	8.00000000000000000E0
1.00399000000002547E-6	8.00000000000000000E0
1.00400000000000000E-6	8.00000000000000000E0


time	Tran2.TRAN.VRL
1.00000000000000000E-6	6.22299156079145011E-1
1.00000999999999984E-6	6.79686076608585132E-1
1.00002000000000013E-6	7.34370811127340151E-1
1.00003000000000020E-6	7.86135268545554933E-1
1.00004000000000026E-6	8.34773139860299906E-1
1.00005000000000033E-6	8.80090733041065576E-1
1.00006000000000039E-6	9.21907756073229834E-1
1.00007000000000046E-6	9.60058045277737548E-1
1.00008000000000052E-6	9.94390236267214966E-1
1.00009000000000059E-6	1.02476837503427753E0
1.00010000000000066E-6	1.05107246673519961E0
1.00011000000000050E-6	1.07319895976677704E0
1.00012000000000034E-6	1.09106116278191778E0
1.00013000000000107E-6	1.10458959239392351E0
1.00014000000000092E-6	1.11373224951167415E0
1.00015000000000098E-6	1.11845482253933426E0
1.00016000000000105E-6	1.11874081605471520E0
1.00017000000000089E-6	1.11459160402187285E0
1.00018000000000118E-6	1.10602640705762756E0
1.00019000000000102E-6	1.09308219372001481E0
1.00020000000000131E-6	1.07581350619030225E0
1.00021000000000138E-6	1.05429221106660376E0
1.00022000000000144E-6	1.02860717628245779E0
1.00023000000000128E-6	9.98863875430290982E-1
1.00024000000000157E-6	9.65183921038826043E-1
1.00025000000000119E-6	9.27704528656878580E-1
1.00026000000000170E-6	8.86577913956469210E-1
1.00027000000000177E-6	8.41970625494040448E-1
1.00028000000000183E-6	7.94062816251503190E-1
1.00029000000000190E-6	7.43047457596847138E-1
1.00030000000000197E-6	6.89129499827721581E-1
1.00031000000000181E-6	6.32524983961748433E-1
1.00032000000000210E-6	5.73460109892667091E-1
1.00033000000000216E-6	5.12170266431195476E-1
1.00034000000000223E-6	4.48899029094109370E-1
1.00035000000000229E-6	3.83897131801545477E-1
1.00036000000000214E-6	3.17421418897797381E-1
1.00037000000000242E-6	2.49733784124050029E-1
1.00038000000000227E-6	1.81100103328121764E-1
1.00039000000000233E-6	1.11789167765591335E-1
1.00040000000000240E-6	4.20716247833264045E-2
1.00041000000000269E-6	-2.77810675736262835E-2
1.00042000000000275E-6	-9.74976659807216350E-2
1.00043000000000282E-6	-1.66808141997322945E-1
1.00044000000000266E-6	-2.35444652760039563E-1
1.00045000000000295E-6	-3.03142479332578363E-1
1.00046000000000301E-6	-3.69640931391287575E-1
1.00047000000000308E-6	-4.34684218579618431E-1
1.00048000000000314E-6	-4.98022290470171036E-1
1.00049000000000299E-6	-5.59411648453537769E-1
1.00050000000000305E-6	-6.18616133848692407E-1
1.00051000000000312E-6	-6.75407696944843217E-1
1.00052000000000318E-6	-7.29567151439130868E-1
1.00053000000000347E-6	-7.80884917808641177E-1
1.00054000000000354E-6	-8.29161757624442863E-1
1.00055000000000360E-6	-8.74209498848380129E-1
1.00056000000000367E-6	-9.15851749991070818E-1
1.00057000000000351E-6	-9.53924598928008649E-1
1.00058000000000380E-6	-9.88277290433867783E-1
1.00059000000000387E-6	-1.01877287530802230E0
1.00060000000000393E-6	-1.04528882343642926E0
1.00061000000000400E-6	-1.06771759326313398E0
1.00062000000000406E-6	-1.08596715081902429E0
1.00063000000000413E-6	-1.09996143248817457E0
1.00064000000000397E-6	-1.10964074686074698E0
1.00065000000000404E-6	-1.11496211211763319E0
1.00066000000000410E-6	-1.11589952626395306E0
1.00067000000000417E-6	-1.11244416810724300E0
1.00068000000000401E-6	-1.10460452718106694E0
1.00069000000000452E-6	-1.09240646093796223E0
1.00070000000000459E-6	-1.07589317761013015E0
1.00071000000000443E-6	-1.05512514329707185E0
1.00072000000000427E-6	-1.03017991218687532E0
1.00073000000000456E-6	-1.00115187939292705E0
1.00074000000000485E-6	-9.68151956663462165E-1
1.00075000000000491E-6	-9.31307172112606452E-1
1.00076000000000476E-6	-8.90760196009739857E-1
1.00077000000000504E-6	-8.46668795428816168E-1
1.00078000000000511E-6	-7.99205221109980002E-1
1.00079000000000495E-6	-7.48555530183830342E-1
1.00080000000000502E-6	-6.94918848475620621E-1
1.00081000000000508E-6	-6.38506576016897753E-1
1.00082000000000493E-6	-5.79541539251463345E-1
1.00083000000000544E-6	-5.18257093339776453E-1
1.00084000000000528E-6	-4.54896178024095299E-1
1.00085000000000535E-6	-3.89710330752082079E-1
1.00086000000000541E-6	-3.22958661150943849E-1
1.00087000000000526E-6	-2.54906791430978341E-1
1.00088000000000577E-6	-1.85825767781255013E-1
1.00089000000000561E-6	-1.15990948202945954E-1
1.00090000000000590E-6	-4.56808724326706628E-2
1.00091000000000596E-6	2.48238803935535479E-2
1.00092000000000581E-6	9.52418408790926563E-2
1.00093000000000609E-6	1.65291800178368353E-1
1.00094000000000594E-6	2.34693957726648872E-1
1.00095000000000600E-6	3.03171061469731473E-1
1.00096000000000607E-6	3.70449536406999957E-1
1.00097000000000635E-6	4.36260597358173996E-1
1.00098000000000642E-6	5.00341341837449516E-1
1.00099000000000626E-6	5.62435818815292166E-1
1.00100000000000611E-6	6.22296069034489285E-1
1.00101000000000662E-6	6.79683132490154840E-1
1.00102000000000668E-6	7.34368018732183359E-1
1.00103000000000675E-6	7.86132635821995773E-1
1.00104000000000659E-6	8.34770674058662898E-1
1.00105000000000688E-6	8.80088440940673067E-1
1.00106000000000672E-6	9.21905644192331764E-1
1.00107000000000679E-6	9.60056120003373792E-1
1.00108000000000685E-6	9.94388503868419704E-1
1.00109000000000692E-6	1.02476684155674325E0
1.00110000000000721E-6	1.05107113780765249E0
1.00111000000000705E-6	1.07319784037044008E0
1.00112000000000689E-6	1.09106025704004694E0
1.00113000000000718E-6	1.10458890342878724E0
1.00114000000000725E-6	1.11373177939568846E0
1.00115000000000731E-6	1.11845457234196832E0
1.00116000000000760E-6	1.11874078596390225E0
1.00117000000000744E-6	1.11459179350326609E0
1.00118000000000773E-6	1.10602681500980626E0
1.00119000000000757E-6	1.09308281858868450E0
1.00120000000000764E-6	1.07581434601749804E0
1.00121000000000770E-6	1.05429326346831664E0
1.00122000000000799E-6	1.02860843836595572E0
1.00123000000000784E-6	9.98865343676816586E-1
1.00124000000000768E-6	9.65185591185448288E-1
1.00125000000000797E-6	9.27706395611298085E-1
1.00126000000000803E-6	8.86579971770592046E-1
1.00127000000000810E-6	8.41972867407848824E-1
1.00128000000000794E-6	7.94065234801488362E-1
1.00129000000000823E-6	7.43050044767289108E-1
1.00130000000000852E-6	6.89132247212580040E-1
1.00131000000000836E-6	6.32527882902873007E-1
1.00132000000000843E-6	5.73463151567214258E-1
1.00133000000000871E-6	5.12173441875752467E-1
1.00134000000000856E-6	4.48902329171019421E-1
1.00135000000000862E-6	3.83900547129137326E-1
1.00136000000000869E-6	3.17424939775921100E-1
1.00137000000000853E-6	2.49737400486735917E-1
1.00138000000000904E-6	1.81103804746353392E-1
1.00139000000000888E-6	1.11792943508011633E-1
1.00140000000000917E-6	4.20754639259138674E-2
1.00141000000000902E-6	-2.77771760112002708E-2
1.00142000000000908E-6	-9.74937329004645825E-2
1.00143000000000892E-6	-1.66804178116034652E-1
1.00144000000000921E-6	-2.35440668546640985E-1
1.00145000000000928E-6	-3.03138484992878698E-1
1.00146000000000934E-6	-3.69636936890659928E-1
1.00147000000000919E-6	-4.34680233685388551E-1
1.00148000000000947E-6	-4.98018324792872491E-1
1.00149000000000954E-6	-5.59407711469428559E-1
1.00150000000000960E-6	-6.18612234893268997E-1
1.00151000000000967E-6	-6.75403845175870732E-1
1.00152000000000951E-6	-7.29563355775410205E-1
1.00153000000000958E-6	-7.80881186855660570E-1
1.00154000000000987E-6	-8.29158099599662535E-1
1.00155000000000993E-6	-8.74205921517569884E-1
1.00156000000001000E-6	-9.15848260623786459E-1
1.00157000000001029E-6	-9.53921204275991741E-1
1.00158000000001035E-6	-9.88273996731648730E-1
1.00159000000001019E-6	-1.01876968829093206E0
1.00160000000001026E-6	-1.04528574836800559E0
1.00161000000001033E-6	-1.06771463496208407E0
1.00162000000001017E-6	-1.08596431367593649E0
1.00163000000001023E-6	-1.09995872046444676E0
1.00164000000001052E-6	-1.10963816346655264E0
1.00165000000001059E-6	-1.11495966037141225E0
1.00166000000001043E-6	-1.11589720864150999E0
1.00167000000001072E-6	-1.11244198649235604E0
1.00168000000001056E-6	-1.10460248283018858E0
1.00169000000001085E-6	-1.09240455446857876E0
1.00170000000001092E-6	-1.07589140901630698E0
1.00171000000001098E-6	-1.05512351198834620E0
1.00172000000001127E-6	-1.03017841704031543E0
1.00173000000001133E-6	-1.00115051880490014E0
1.00174000000001118E-6	-9.68150728588571852E-1
1.00175000000001124E-6	-9.31306074082097979E-1
1.00176000000001131E-6	-8.90759225128789645E-1
1.00177000000001115E-6	-8.46667948359160505E-1
1.00178000000001122E-6	-7.99204494049020120E-1
1.00179000000001150E-6	-7.48554918852234330E-1
1.00180000000001135E-6	-6.94918348122488450E-1
1.00181000000001164E-6	-6.38506181445981902E-1
1.00182000000001170E-6	-5.79541244865750560E-1
1.00183000000001177E-6	-5.18256893196996060E-1
1.00184000000001183E-6	-4.54896065893762724E-1
1.00185000000001168E-6	-3.89710300165790846E-1
1.00186000000001196E-6	-3.22958705441004135E-1
1.00187000000001181E-6	-2.54906903756740988E-1
1.00188000000001209E-6	-1.85825941146092188E-1
1.00189000000001216E-6	-1.15991175466892615E-1
1.00190000000001223E-6	-4.56811463259152539E-2
1.00191000000001229E-6	2.48235672523896378E-2
1.00192000000001213E-6	9.52414959578507947E-2
1.00193000000001220E-6	1.65291430999198208E-1
1.00194000000001227E-6	2.34693571827868652E-1
1.00195000000001255E-6	3.03170666363493924E-1
1.00196000000001262E-6	3.70449139534932925E-1
1.00197000000001291E-6	4.36260206047420951E-1
1.00198000000001253E-6	5.00340963259721860E-1
1.00199000000001304E-6	5.62435459951476702E-1
1.00200000000001266E-6	6.22295736646759412E-1
1.00201000000001295E-6	6.79682833102223505E-1
1.00202000000001301E-6	7.34367758616492772E-1
1.00203000000001330E-6	7.86132420990731084E-1
1.00204000000001314E-6	8.34770510254244513E-1
1.00205000000001321E-6	8.80088333621419316E-1
1.00206000000001305E-6	9.21905598510541502E-1
1.00207000000001312E-6	9.60056140775777855E-1
1.00208000000001318E-6	9.94388595541961529E-1
1.00209000000001303E-6	1.02476700817490141E0
1.00210000000001354E-6	1.05107138298311309E0
1.00211000000001360E-6	1.07319816726858019E0
1.00212000000001344E-6	1.09106066837479831E0
1.00213000000001351E-6	1.10458940146899098E0
1.00214000000001380E-6	1.11373236597728043E0
1.00215000000001386E-6	1.11845524888020398E0
1.00216000000001393E-6	1.11874155346073101E0
1.00217000000001377E-6	1.11459265254750006E0
1.00218000000001384E-6	1.10602776577092299E0
1.00219000000001413E-6	1.09308386080779663E0
1.00220000000001397E-6	1.07581547900026941E0
1.00221000000001426E-6	1.05429448608408771E0
1.00222000000001410E-6	1.02860974905539826E0
1.00223000000001439E-6	9.98866740467915193E-1
1.00224000000001423E-6	9.65187071715461364E-1
1.00225000000001430E-6	9.27707957151344509E-1
1.00226000000001458E-6	8.86581611249788892E-1
1.00227000000001443E-6	8.41974581435205138E-1
1.00228000000001449E-6	7.94067019685359909E-1
1.00229000000001478E-6	7.43051896533409639E-1
1.00230000000001485E-6	6.89134161622150021E-1
1.00231000000001491E-6	6.32529855471836822E-1
1.00232000000001475E-6	5.73465177587103980E-1
1.00233000000001482E-6	5.12175516435783962E-1
1.00234000000001511E-6	4.48904447180870569E-1
1.00235000000001495E-6	3.83902703342107543E-1
1.00236000000001502E-6	3.17427128812715154E-1
1.00237000000001508E-6	2.49739616860531433E-1
1.00238000000001537E-6	1.81106042889761154E-1
1.00239000000001544E-6	1.11795197801911206E-1
1.00240000000001528E-6	4.20777287291856261E-2
1.00241000000001534E-6	-2.77749063328725176E-2
1.00242000000001563E-6	-9.74914639488192414E-2
1.00243000000001548E-6	-1.66801915439036308E-1
1.00244000000001554E-6	-2.35438417622164442E-1
1.00245000000001583E-6	-3.03136251216077168E-1
1.00246000000001589E-6	-3.69634725562679245E-1
1.00247000000001574E-6	-4.34678050000798954E-1
1.00248000000001580E-6	-4.98016173823910435E-1
1.00249000000001565E-6	-5.59405598146626470E-1
1.00250000000001616E-6	-6.18610163983722217E-1
1.00251000000001622E-6	-6.75401821261586655E-1
1.00252000000001606E-6	-7.29561383234428895E-1
1.00253000000001613E-6	-7.80879269847839375E-1
1.00254000000001642E-6	-8.29156242057509729E-1
1.00255000000001626E-6	-8.74204127140889220E-1
1.00256000000001655E-6	-9.15846532875823272E-1
1.00257000000001639E-6	-9.53919546378604366E-1
1.00258000000001668E-6	-9.88272411657837324E-1
1.00259000000001652E-6	-1.01876817875441450E0
1.00260000000001659E-6	-1.04528431681092515E0
1.00261000000001688E-6	-1.06771328354275874E0
1.00262000000001672E-6	-1.08596304425860835E0
1.00263000000001679E-6	-1.09995753461226720E0
1.00264000000001685E-6	-1.10963706243796634E0
1.00265000000001714E-6	-1.11495864511914577E0
1.00266000000001720E-6	-1.11589627981292949E0
1.00267000000001705E-6	-1.11244114443013498E0
1.00268000000001711E-6	-1.10460172757289343E0
1.00269000000001740E-6	-1.09240388575152458E0
1.00270000000001747E-6	-1.07589082627349431E0
1.00271000000001753E-6	-1.05512301435627975E0
1.00272000000001738E-6	-1.03017800336400622E0
1.00273000000001744E-6	-1.00115018764570229E0
1.00274000000001751E-6	-9.68150478233007661E-1
1.00275000000001757E-6	-9.31305902550765197E-1
1.00276000000001764E-6	-8.90759130184870429E-1
1.00277000000001770E-6	-8.46667927516767094E-1
1.00278000000001821E-6	-7.99204544582252208E-1
1.00279000000001761E-6	-7.48555037806097445E-1
1.00280000000001812E-6	-6.94918532326520211E-1
1.00281000000001796E-6	-6.38506427530701615E-1
1.00282000000001803E-6	-5.79541549281156598E-1
1.00283000000001810E-6	-5.18257252231698473E-1
1.00284000000001838E-6	-4.54896475693244362E-1
1.00285000000001845E-6	-3.89710756748801046E-1
1.00286000000001851E-6	-3.22959204714007075E-1
1.00287000000001836E-6	-2.54907441527285883E-1
1.00288000000001842E-6	-1.85826513136545435E-1
1.00289000000001849E-6	-1.15991777329939838E-1
1.00290000000001855E-6	-4.56817736626092863E-2
1.00291000000001862E-6	2.48229188722180627E-2
1.00292000000001846E-6	9.52408309738899739E-2
1.00293000000001920E-6	1.65290753839186921E-1
1.00294000000001882E-6	2.34692886887741325E-1
1.00295000000001888E-6	3.03169977989851391E-1
1.00296000000001895E-6	3.70448452009661411E-1
1.00297000000001901E-6	4.36259523573549934E-1
1.00298000000001930E-6	5.00340289947324557E-1
1.00299000000001914E-6	5.62434799802674945E-1
1.00300000000001921E-6	6.22295093539541355E-1
1.00301000000001950E-6	6.79682210773531548E-1
1.00302000000001934E-6	7.34367160645551298E-1
1.00303000000001941E-6	7.86131850783664277E-1
1.00304000000001947E-6	8.34769971030680580E-1
1.00305000000001932E-6	8.80087828403174832E-1
1.00306000000001960E-6	9.21905130111918503E-1
1.00307000000001967E-6	9.60055711794741740E-1
1.00308000000001973E-6	9.94388208351592695E-1
1.00309000000001980E-6	1.02476666491495250E0
1.00310000000001986E-6	1.05107108555203377E0
1.00311000000001993E-6	1.07319791731671765E0
1.00312000000002000E-6	1.09106046729949102E0
1.00313000000002006E-6	1.10458925041192968E0
1.00314000000002035E-6	1.11373226582398699E0
1.00315000000002041E-6	1.11845520026100620E0
1.00316000000002026E-6	1.11874155675244036E0
1.00317000000002032E-6	1.11459270787518516E0
1.00318000000002039E-6	1.10602787300964267E0
1.00319000000002045E-6	1.09308401958472778E0
1.00320000000002052E-6	1.07581568869800925E0
1.00321000000002036E-6	1.05429474584592886E0
1.00322000000002065E-6	1.02861005779299552E0
1.00323000000002072E-6	9.98867096871183691E-1
1.00324000000002056E-6	9.65187474263995426E-1
1.00325000000002107E-6	9.27708404126361330E-1
1.00326000000002113E-6	8.86582100745733648E-1
1.00327000000002098E-6	8.41975111370616780E-1
1.00328000000002104E-6	7.94067587813198905E-1
1.00329000000002111E-6	7.43052500451545406E-1
1.00330000000002117E-6	6.89134798784852176E-1
1.00331000000002124E-6	6.32530523202885941E-1
1.00332000000002131E-6	5.73465873094619294E-1
1.00333000000002137E-6	5.12176236828288189E-1
1.00334000000002121E-6	4.48905189483734901E-1
1.00335000000002150E-6	3.83903464513470905E-1
1.00336000000002157E-6	3.17427905758289386E-1
1.00337000000002163E-6	2.49740406447208541E-1
1.00338000000002170E-6	1.81106841958418796E-1
1.00339000000002176E-6	1.11796003180053960E-1
1.00340000000002161E-6	4.20785372439741856E-2
1.00341000000002190E-6	-2.77740978410158235E-2
1.00342000000002196E-6	-9.74906586122987129E-2
1.00343000000002203E-6	-1.66801116349481848E-1
1.00344000000002209E-6	-2.35437627817835260E-1
1.00345000000002216E-6	-3.03135473670743583E-1
1.00346000000002222E-6	-3.69633963176046088E-1
1.00347000000002229E-6	-4.34677305590116081E-1
1.00348000000002213E-6	-4.98015450116180425E-1
1.00349000000002242E-6	-5.59404897770858422E-1
1.00350000000002249E-6	-6.18609489462962969E-1
1.00351000000002255E-6	-6.75401175004849286E-1
1.00352000000002239E-6	-7.29560767528942122E-1
1.00353000000002268E-6	-7.80878686852127046E-1
1.00354000000002297E-6	-8.29155693795631166E-1
1.00355000000002281E-6	-8.74203615497828501E-1
1.00356000000002288E-6	-9.15846059593648221E-1
1.00357000000002294E-6	-9.53919113052829282E-1
1.00358000000002301E-6	-9.88272019733475560E-1
1.00359000000002307E-6	-1.01876782952151768E0
1.00360000000002270E-6	-1.04528401139979854E0
1.00361000000002321E-6	-1.06771302291939296E0
1.00362000000002305E-6	-1.08596282922098197E0
1.00363000000002334E-6	-1.09995736578803061E0
1.00364000000002340E-6	-1.10963694028365767E0
1.00365000000002347E-6	-1.11495856992069453E0
1.00366000000002353E-6	-1.11589625168691531E0
1.00367000000002338E-6	-1.11244116332523846E0
1.00368000000002344E-6	-1.10460179327117691E0
1.00369000000002373E-6	-1.09240399786954989E0
1.00370000000002380E-6	-1.07589098426363017E0
1.00371000000002386E-6	-1.05512321750873728E0
1.00372000000002393E-6	-1.03017825081008474E0
1.00373000000002377E-6	-1.00115047836245408E0
1.00374000000002406E-6	-9.68150811049175886E-1
1.00375000000002390E-6	-9.31306276153561363E-1
1.00376000000002419E-6	-8.90759543127056830E-1
1.00377000000002403E-6	-8.46668378223631279E-1
1.00378000000002432E-6	-7.99205031358357587E-1
1.00379000000002438E-6	-7.48555558841990898E-1
1.00380000000002423E-6	-6.94919085705785555E-1
1.00381000000002452E-6	-6.38507011237737387E-1
1.00382000000002458E-6	-5.79542161209869633E-1
1.00383000000002465E-6	-5.18257890195020199E-1
1.00384000000002449E-6	-4.54897137433119170E-1
1.00385000000002478E-6	-3.89711439946204230E-1
1.00386000000002484E-6	-3.22959906998634194E-1
1.00387000000002469E-6	-2.54908160486796698E-1
1.00388000000002497E-6	-1.85827246325514950E-1
1.00389000000002504E-6	-1.15992522278851640E-1
1.00390000000002488E-6	-4.56825278872371232E-2
1.00391000000002517E-6	2.48221578608561932E-2
1.00392000000002501E-6	9.52400656590795869E-2
1.00393000000002530E-6	1.65289986687878576E-1
1.00394000000002537E-6	2.34692120340144905E-1
1.00395000000002543E-6	3.03169214449613911E-1
1.00396000000002572E-6	3.70447693834766589E-1
1.00397000000002556E-6	4.36258773067820282E-1
1.00398000000002563E-6	5.00339549352216295E-1
1.00399000000002547E-6	5.62434071289025006E-1
1.00400000000000000E-6	6.22294379049226087E-1


