time	Tran1.TRAN.VRL
0.00000000000000000E0	0.00000000000000000E0
6.25000000000000444E-13	-8.72851818122914835E-13
1.25000000000000089E-12	-2.78625752852045894E-12
3.12500000000000222E-12	-7.81729364469538979E-11
8.75000000000000178E-12	-5.64485440613378042E-9
2.56250000000000044E-11	-4.45508581849964358E-7
4.71201196761594243E-11	-4.16383908845922512E-6
6.80884389494362807E-11	-1.64207952625667675E-5
9.04822356354452140E-11	-4.87691979957589172E-5
1.15000193449026034E-10	-1.21889927742718851E-4
1.46138769962909043E-10	-2.91913880051514241E-4
1.89537897305085901E-10	-6.41970911686253753E-4
2.30972031800962041E-10	-9.04046747761058711E-4
2.75668120027441965E-10	-5.10837577893824690E-4
3.08590450471622813E-10	7.96197185945414709E-4
3.35790410320461863E-10	3.03166212169021554E-3
3.72300683934278842E-10	8.62711647062730336E-3
4.18143080599607231E-10	2.18435969011313258E-2
4.78110978983646007E-10	5.43803702387732812E-2
5.40610978983645829E-10	1.12884096318537486E-1
6.03110978983646007E-10	2.00888824203729710E-1
6.65610978983646007E-10	3.15498848486536065E-1
7.28110978983646184E-10	4.42338514373961988E-1
7.90610978983646184E-10	5.58577877023892100E-1
8.53110978983646184E-10	6.42765402186321033E-1
9.15610978983646362E-10	6.80876581528955604E-1
9.78110978983646362E-10	6.66501225006126674E-1
1.04061097898364641E-9	6.01807921947784585E-1
1.09339474704735373E-9	5.14831689010500959E-1
1.15296486631795703E-9	3.92108412444987620E-1
1.21546486631795725E-9	2.49107495001654033E-1
1.27796486631795725E-9	1.05031623046029066E-1
1.34046486631795680E-9	-3.19460312137609659E-2
1.39692463097804365E-9	-1.39760584643626751E-1
1.44983162525289844E-9	-2.10061569571039986E-1
1.50226729926844671E-9	-2.39344308171274811E-1
1.55514690890508600E-9	-2.31054239044854093E-1
1.61285291133882502E-9	-1.84078617140723466E-1
1.67535291133882547E-9	-9.50899693465256846E-2
1.73215566305059521E-9	5.52499972867125244E-3
1.78009825865964610E-9	9.43183067132899922E-2
1.82086538311622026E-9	1.69042580493980799E-1
1.86905703754972086E-9	2.48939937373221687E-1
1.93074269358676776E-9	3.24048517734673647E-1
1.98247768314756878E-9	3.59314443788788695E-1
2.04497768314756900E-9	3.63788934165429945E-1
2.10747768314756900E-9	3.21834581269152409E-1
2.14923948381595853E-9	2.70611423728847456E-1
2.19312952143536322E-9	2.02520774573804863E-1
2.23440249295884907E-9	1.27438094743445207E-1
2.27288646282780160E-9	5.14919096770962259E-2
2.33086627142043534E-9	-5.98653054931815021E-2
2.37699702416335956E-9	-1.39707806682801161E-1
2.43949702416336045E-9	-2.27867468013155250E-1
2.48894464883967093E-9	-2.73177347779539659E-1
2.53770456985018189E-9	-2.91230811184762173E-1
2.59167207373549369E-9	-2.82783389870910451E-1
2.62944876436914754E-9	-2.59610101925704617E-1
2.69194876436914754E-9	-1.91773899391632208E-1
2.72593337225213350E-9	-1.43296997917369584E-1
2.77022117542616630E-9	-7.50605177200763407E-2
2.81147069565213403E-9	-8.41579019182011834E-3
2.84931968902947030E-9	5.24373451705670401E-2
2.88709933463952462E-9	1.07374557295295014E-1
2.91458745954303167E-9	1.41422494677412836E-1
2.94229525404129433E-9	1.70581262548983714E-1
2.96884586237618908E-9	1.93709876159545180E-1
2.99758060065434151E-9	2.12058341071161305E-1
3.03158263460415967E-9	2.22608323972041244E-1
3.06005711542891135E-9	2.22112431481210315E-1
3.11950909315404790E-9	1.98990355806543162E-1
3.15272946345516436E-9	1.73848974221861852E-1
3.17575885741083219E-9	1.51091204688175695E-1
3.19649767810117869E-9	1.27177201831771702E-1
3.21261015130245742E-9	1.06974029115007063E-1
3.22117054642686540E-9	9.58715485128608158E-2
3.23134220745111778E-9	8.24846512201934701E-2
3.24568650579139728E-9	6.33296182977075084E-2
3.27644899536961232E-9	2.09852373472233777E-2
3.29943621708129253E-9	-1.18970871038873938E-2
3.32669131350404523E-9	-5.14883551980493337E-2
3.36564908247022609E-9	-1.05235747853165917E-1
3.39314602570867230E-9	-1.39199730692063040E-1
3.42470696464610924E-9	-1.73643608672627603E-1
3.45571343775179995E-9	-2.02908086965091483E-1
3.48340359084170048E-9	-2.24112256606268412E-1
3.51094004954130146E-9	-2.38953733722192574E-1
3.53319403782860819E-9	-2.46050287524860067E-1
3.56908205657566491E-9	-2.49749695227491397E-1
3.59723090296633430E-9	-2.46718614033224259E-1
3.63740064693119791E-9	-2.32545881657680198E-1
3.67666643701910800E-9	-2.07194370714157383E-1
3.71771965707299579E-9	-1.71784174111843813E-1
3.76506065482683994E-9	-1.24361007076254260E-1
3.80741600211680620E-9	-7.70939401399884439E-2
3.84673394886801745E-9	-3.09217530886638725E-2
3.88606411766556281E-9	1.32174508402415536E-2
3.92095380405791172E-9	4.84716958006583276E-2
3.97037685506958038E-9	9.17886266963285635E-2
4.01683544347575605E-9	1.22747381004750689E-1
4.07933544347575605E-9	1.42285001866624006E-1
4.13350335719811213E-9	1.38683114639731042E-1
4.19600335719811124E-9	1.12573549886075019E-1
4.25150226032249545E-9	6.86261163170856037E-2
4.29529054934735566E-9	2.26674717188055608E-2
4.35779054934735566E-9	-4.91750233210738319E-2
4.40723876978939799E-9	-1.05844946006114693E-1
4.46973876978939888E-9	-1.68038771313559332E-1
4.53223876978939799E-9	-2.10574276623965950E-1
4.59473876978939799E-9	-2.29486196807790277E-1
4.65723876978939888E-9	-2.22986069085800942E-1
4.71973876978939710E-9	-1.89860927608526597E-1
4.78223876978939799E-9	-1.35761111797796397E-1
4.84343155553080429E-9	-7.02855431142088616E-2
4.89991239771378950E-9	-4.83614664264485583E-3
4.96241239771378861E-9	6.20150088802708943E-2
5.02491239771378861E-9	1.12779657266051636E-1
5.08741239771378861E-9	1.41873593594457037E-1
5.13627328100300318E-9	1.45919111158665205E-1
5.19877328100300407E-9	1.25294388374994847E-1
5.25285382474817286E-9	8.84102263545474010E-2
5.30658050335743958E-9	3.90407379088712547E-2
5.36908050335744047E-9	-2.81263485853111828E-2
5.42741586725700742E-9	-9.07532570944132821E-2
5.48991586725700742E-9	-1.48233200267092347E-1
5.55145840106435084E-9	-1.89207180016225029E-1
5.59678667757058435E-9	-2.05391830679151433E-1
5.64364329049749713E-9	-2.07418773933605483E-1
5.68595823133891098E-9	-1.97529584037926442E-1
5.72113154369727983E-9	-1.81431778369132157E-1
5.78363154369727983E-9	-1.36437808910910308E-1
5.82299187964704146E-9	-9.98792298267543543E-2
5.88549187964703968E-9	-3.72575217583745477E-2
5.93570930831011445E-9	1.35353978685212284E-2
5.98457961168127817E-9	5.88008591811718517E-2
6.04017296251222913E-9	9.85966626261337709E-2
6.08705156753143761E-9	1.20011537798705148E-1
6.14955156753143584E-9	1.29639225466011432E-1
6.19887325864858774E-9	1.20176739210471073E-1
6.23511033484573840E-9	1.03650296552050358E-1
6.28931479623943801E-9	6.73488263666029496E-2
6.31819750379178657E-9	4.31194158022377394E-2
6.34774895686107588E-9	1.52077964395263887E-2
6.37191508424899133E-9	-9.29069375814029641E-3
6.42289531609039344E-9	-6.09779329401350090E-2
6.45805983322602373E-9	-9.46174192300760630E-2
6.52055983322602373E-9	-1.45748779584375709E-1
6.57445159597397932E-9	-1.76510193564181428E-1
6.63695159597398110E-9	-1.91085379239808661E-1
6.69787692391733636E-9	-1.83567885441467027E-1
6.76037692391733813E-9	-1.54978371190078024E-1
6.82287692391733636E-9	-1.07845456620223423E-1
6.88537692391733547E-9	-4.98286413537163941E-2
6.94726148823551704E-9	1.03119260892041642E-2
7.00976148823551615E-9	6.66131903908929601E-2
7.07226148823551526E-9	1.08987137055420047E-1
7.13476148823551348E-9	1.28887085386723976E-1
7.19726148823551259E-9	1.18087426632148951E-1
7.25643539433951368E-9	7.26758712065582912E-2
7.30040778172248395E-9	1.91312034195613156E-2
7.31441281256544329E-9	-1.27169327549833389E-4
7.32973703026874190E-9	-2.15367294901980610E-2
7.34128110471698925E-9	-3.77504772279734846E-2
7.35751431171687109E-9	-6.05811969879164103E-2
7.37236816580331666E-9	-8.14624777931804367E-2
7.38810957711638139E-9	-1.03429597009583940E-1
7.40484473891014616E-9	-1.26213891217918128E-1
7.42796191834871333E-9	-1.55587516162322403E-1
7.44040837255848686E-9	-1.69987542991655305E-1
7.44942010195681714E-9	-1.79642831395694036E-1
7.45833378644220613E-9	-1.88523057667852156E-1
7.48507483989836864E-9	-2.11296132297225814E-1
7.50288902184378514E-9	-2.23361264370825907E-1
7.52568755518912891E-9	-2.35166912757410129E-1
7.55153717597509377E-9	-2.42976393174942107E-1
7.58061532841387642E-9	-2.43741732030453351E-1
7.60851082886317975E-9	-2.36556583807704879E-1
7.66820404071088824E-9	-2.00537992158159550E-1
7.69956053779466387E-9	-1.71818503436593351E-1
7.75603873393365806E-9	-1.06115074635015660E-1
7.78785121562290072E-9	-6.32262142174425801E-2
7.85035121562289895E-9	2.20206262486550575E-2
7.88564901496240367E-9	6.83411488462818362E-2
7.93904775872684265E-9	1.31478796976821632E-1
7.99421375439395021E-9	1.80756479992746755E-1
8.04962882841731187E-9	2.07943041751226954E-1
8.11212882841731009E-9	2.09127019988498208E-1
8.16597423360833119E-9	1.79022398012035300E-1
8.22847423360832941E-9	9.95906415927043298E-2
8.27759352468849308E-9	8.24713803404248935E-3
8.34009352468849130E-9	-1.23199775359245955E-1
8.40259352468849308E-9	-2.48663351985696224E-1
8.46509352468849130E-9	-3.44027644021510870E-1
8.52759352468849308E-9	-3.89320498623413425E-1
8.59009352468849130E-9	-3.75746323290263806E-1
8.65259352468848952E-9	-3.05314250565260892E-1
8.71509352468848775E-9	-1.88751947778894413E-1
8.76606674625432447E-9	-7.25918033219053527E-2
8.80727173187738188E-9	2.58760493625225951E-2
8.85456973066266251E-9	1.35399056892975023E-1
8.90169039424674402E-9	2.32468348741094344E-1
8.95923624825694276E-9	3.22598055487010349E-1
9.00393790131798255E-9	3.66054175400563464E-1
9.05411893446408911E-9	3.84007820752095563E-1
9.10321592633517263E-9	3.68264251701502499E-1
9.16571592633516907E-9	2.99121850553242918E-1
9.22821592633517085E-9	1.72186262213583596E-1
9.29071592633516730E-9	-8.43013883925105745E-3
9.35321592633516730E-9	-2.14681317704963659E-1
9.41571592633517263E-9	-4.06183797653333922E-1
9.47821592633517085E-9	-5.52030813605761317E-1
9.54071592633516907E-9	-6.26254018291153081E-1
9.60321592633517263E-9	-6.09829084598503179E-1
9.66416688569720606E-9	-5.07374921567928894E-1
9.72666688569720606E-9	-3.27569848909319328E-1
9.75633332436599510E-9	-2.20559290861999857E-1
9.77663735249756272E-9	-1.42058639110036466E-1
9.81223952615705564E-9	-8.36422026502142657E-4
9.83394299706296060E-9	8.52930047883026887E-2
9.86946511428358875E-9	2.22181775553945871E-1
9.89829779057356518E-9	3.26739680520253284E-1
9.93460249697525910E-9	4.43149142923812001E-1
9.96684658665255441E-9	5.27316208253625884E-1
9.99376866669854280E-9	5.81840054557709951E-1
1.00278925852258327E-8	6.29621852281473693E-1
1.00504490576317762E-8	6.47428288172029465E-1
1.00916754596938940E-8	6.48960246194915591E-1
1.01179711028104213E-8	6.29015971982509647E-1
1.01667721789205068E-8	5.53211456942198154E-1
1.02001780214815829E-8	4.73374512755128762E-1
1.02545671465964494E-8	2.94046715630253930E-1
1.02908161062053116E-8	1.43820145809663869E-1
1.03507963150912552E-8	-1.30035696770086640E-1
1.04056014055815904E-8	-3.79836265168583687E-1
1.04681014055815891E-8	-6.26381418998112593E-1
1.05275852552333271E-8	-7.88372645840667818E-1
1.05900852552333258E-8	-8.52408396061829343E-1
1.06525852552333267E-8	-7.98358392256178906E-1
1.07150852552333276E-8	-6.30058338187592959E-1
1.07775852552333240E-8	-3.67936131910097997E-1
1.08400852552333249E-8	-5.20612185606492162E-2
1.09014197847553596E-8	2.66318627565070276E-1
1.09496537393427151E-8	4.95252976401277145E-1
1.09879891193323531E-8	6.47520349622646130E-1
1.10260162514069582E-8	7.62940695123780710E-1
1.10746179316903937E-8	8.51965670475266990E-1
1.11092170212097341E-8	8.72229660767804127E-1
1.11365401367954187E-8	8.61030646006810940E-1
1.11604653308603519E-8	8.31329489356461515E-1
1.11881659941801725E-8	7.74885572255183064E-1
1.12120489326079675E-8	7.08229458403233725E-1
1.12485431681055004E-8	5.76102412545788667E-1
1.12891075514745909E-8	3.91223194810957065E-1
1.13365854215712747E-8	1.39521061971239124E-1
1.13952369207360737E-8	-1.90738418437683688E-1
1.14577369207360746E-8	-5.23808740647353499E-1
1.15120551415575845E-8	-7.61865437359863407E-1
1.15745551415575854E-8	-9.36499746576911818E-1
1.16370551415575862E-8	-9.81825113359928281E-1
1.16995551415575849E-8	-8.90457420910499664E-1
1.17620551415575836E-8	-6.72461724961288976E-1
1.18245551415575822E-8	-3.59574712941222785E-1
1.18870551415575809E-8	1.76381016544052671E-3
1.19495551415575796E-8	3.60159957830353772E-1
1.20078600433401550E-8	6.45381917144758965E-1
1.20680277530559388E-8	8.48932233825806826E-1
1.21235213881238302E-8	9.32227220087998276E-1
1.21622101794495596E-8	9.23950711306495620E-1
1.22247101794495583E-8	7.94511580252016181E-1
1.22827561215298653E-8	5.61015692428535750E-1
1.23452561215298617E-8	2.22489153236321524E-1
1.24077561215298626E-8	-1.60000402520206464E-1
1.24702561215298613E-8	-5.30445756613574204E-1
1.25327561215298622E-8	-8.34646472375069948E-1
1.25952561215298631E-8	-1.02931204566248624E0
1.26577561215298640E-8	-1.08479906117810443E0
1.27202561215298604E-8	-9.91193389610825726E-1
1.27827561215298591E-8	-7.62153364312688453E-1
1.28452561215298644E-8	-4.30573417693509874E-1
1.29077561215298586E-8	-4.48934712413063153E-2
1.29702561215298573E-8	3.36530756234678874E-1
1.30327561215298582E-8	6.56667814933249794E-1
1.30952561215298591E-8	8.67534470138827984E-1
1.31548228473657280E-8	9.36091036106136620E-1
1.32118106041233974E-8	8.70359930981359398E-1
1.32743106041233982E-8	6.60915533737589911E-1
1.33368106041233969E-8	3.37372886395054028E-1
1.33993106041234000E-8	-5.25540292771016126E-2
1.34618106041233965E-8	-4.51099212030474028E-1
1.35243106041233996E-8	-8.00639048012399535E-1
1.35868106041233982E-8	-1.05017074949237155E0
1.36493106041233969E-8	-1.16208071564655779E0
1.37118106041233956E-8	-1.11917590621229612E0
1.37743106041233987E-8	-9.26768289490632391E-1
1.38368106041233951E-8	-6.12311784207735066E-1
1.38993106041233960E-8	-2.22887991129509144E-1
1.39618106041233991E-8	1.82693158416217205E-1
1.40243106041233956E-8	5.43194633281551464E-1
1.40868106041233920E-8	8.03305932238538034E-1
1.41493106041233974E-8	9.22905620893631351E-1
1.42105327784565882E-8	8.86045401617551143E-1
1.42718776130656355E-8	7.01026091245064187E-1
1.43343776130656386E-8	3.88014902873737366E-1
1.43968776130656395E-8	-3.59457677891527538E-3
1.44593776130656382E-8	-4.15607069725618139E-1
1.45218776130656368E-8	-7.87483892888111026E-1
1.45843776130656377E-8	-1.06436401691826865E0
1.46468776130656342E-8	-1.20504949091966784E0
1.47093776130656329E-8	-1.18771194875590336E0
1.47718776130656337E-8	-1.01343274676704631E0
1.48343776130656391E-8	-7.07440355350477557E-1
1.48968776130656355E-8	-3.15558254471022437E-1
1.49593776130656386E-8	1.03022687985774164E-1
1.50218776130656373E-8	4.84357268325728629E-1
1.50843776130656382E-8	7.69857051127165093E-1
1.51468776130656368E-8	9.15835883215488700E-1
1.52038342782993618E-8	9.07831126348587603E-1
1.52663342782993650E-8	7.45624409781160491E-1
1.53288342782993681E-8	4.47982214625031361E-1
1.53913342782993690E-8	6.03877279413398327E-2
1.54538342782993698E-8	-3.58817540399239343E-1
1.55163342782993685E-8	-7.47232413239479332E-1
1.55788342782993761E-8	-1.04753417271842597E0
1.56413342782993725E-8	-1.21500713892121670E0
1.57038342782993778E-8	-1.22347693356829268E0
1.57663342782993765E-8	-1.07014325969510216E0
1.58288342782993752E-8	-7.77011146413669973E-1
1.58913342782993805E-8	-3.87742419376915759E-1
1.59538342782993814E-8	3.86758630796196101E-2
1.60163342782993801E-8	4.36923058327744940E-1
1.60788342782993832E-8	7.45921137035514992E-1
1.61413342782993841E-8	9.18353891917582565E-1
1.62038342782993849E-8	9.27943464108091831E-1
1.62663342782993880E-8	7.73784333753052689E-1
1.63288342782993867E-8	4.80249921283037295E-1
1.63913342782993920E-8	9.26708702436899578E-2
1.64538342782993885E-8	-3.29976912680545187E-1
1.65163342782993916E-8	-7.24443363888547687E-1
1.65788342782993925E-8	-1.03240930419051669E0
1.66413342782993934E-8	-1.20780528717346991E0
1.67038342782993987E-8	-1.22309799603560276E0
1.67663342782993996E-8	-1.07434152090291835E0
1.68288342782993983E-8	-7.82669302841140535E-1
1.68913342782994036E-8	-3.91501874168121100E-1
1.69538342782994067E-8	3.97729362660071706E-2
1.70163342782994054E-8	4.45075526095377949E-1
1.70788342782994040E-8	7.62222773373690732E-1
1.71413342782994049E-8	9.42648971559529159E-1
1.72038342782994080E-8	9.59052396063314916E-1
1.72663342782994111E-8	8.09752314091788961E-1
1.73288342782994120E-8	5.18674356468568387E-1
1.73913342782994174E-8	1.31200166784410044E-1
1.74538342782994116E-8	-2.93337244342209935E-1
1.75163342782994125E-8	-6.91216599153790501E-1
1.75788342782994156E-8	-1.00350763154999956E0
1.76413342782994143E-8	-1.18342989947253319E0
1.77038342782994151E-8	-1.20266322382371693E0
1.77663342782994205E-8	-1.05648222649702639E0
1.78288342782994214E-8	-7.65524324831789293E-1
1.78913342782994267E-8	-3.73103855701506992E-1
1.79538342782994187E-8	6.11922685964409752E-2
1.80163342782994285E-8	4.70783454490984443E-1
1.80788342782994271E-8	7.92779758393049061E-1
1.81413342782994258E-8	9.77915253385744165E-1
1.82038342782994267E-8	9.98273566694120440E-1
1.82663342782994276E-8	8.51709867227728168E-1
1.83288342782994329E-8	5.61962900258350029E-1
1.83913342782994338E-8	1.74479522224129568E-1
1.84538342782994347E-8	-2.51199067492435635E-1
1.85163342782994356E-8	-6.51057975824080870E-1
1.85788342782994320E-8	-9.65861087648853101E-1
1.86413342782994373E-8	-1.14847817138756159E0
1.87038342782994427E-8	-1.17009303527544106E0
1.87663342782994369E-8	-1.02548781253403187E0
1.88288342782994422E-8	-7.35022109863967010E-1
1.88913342782994453E-8	-3.41930018217594878E-1
1.89538342782994440E-8	9.40834362337289321E-2
1.90163342782994471E-8	5.06099825991395136E-1
1.90788342782994502E-8	8.30813568229059740E-1
1.91413342782994511E-8	1.01855468850008002E0
1.92038342782994542E-8	1.04102884425101916E0
1.92663342782994507E-8	8.95845066499882670E-1
1.93288342782994538E-8	6.06669444869665142E-1
1.93913342782994547E-8	2.18994360009155864E-1
1.94538342782994556E-8	-2.07496343087522206E-1
1.95163342782994609E-8	-6.08619048154342668E-1
1.95788342782994595E-8	-9.25013035644953874E-1
1.96413342782994560E-8	-1.10936785767539248E0
1.97038342782994591E-8	-1.13255982946445388E0
1.97663342782994622E-8	-9.89074177595663606E-1
1.98288342782994675E-8	-6.99097823068326019E-1
1.98913342782994729E-8	-3.05807238321466279E-1
1.99538342782994671E-8	1.31010753487400522E-1
2.00163342782994702E-8	5.44227578280172519E-1
2.00788342782994711E-8	8.70295991769491550E-1
2.01413342782994720E-8	1.05930489595896971E0
2.02038342782994729E-8	1.08273969293565053E0
2.02663342782994693E-8	9.38083361162501816E-1
2.03288342782994791E-8	6.48971581090686112E-1
2.03913342782994800E-8	2.60932407469615057E-1
2.04538342782994809E-8	-1.66253918855473271E-1
2.05163342782994773E-8	-5.68315321461898293E-1
2.05788342782994826E-8	-8.85843665481513121E-1
2.06413342782994791E-8	-1.07143150674799759E0
2.07038342782994844E-8	-1.09577465411317077E0
2.07663342782994853E-8	-9.53182542907146235E-1
2.08288342782994862E-8	-6.63734594897973817E-1
2.08913342782994871E-8	-2.70576304623341102E-1
2.09538342782994924E-8	1.66449978586068670E-1
2.10163342782994933E-8	5.80091929179205223E-1
2.10788342782994942E-8	9.06659804674176151E-1
2.11413342782994906E-8	1.09610294006800046E0
2.12038342782995004E-8	1.11978697482354139E0
2.12663342782994969E-8	9.75129287102281062E-1
2.13288342782995022E-8	6.85754675369931643E-1
2.13913342782995031E-8	2.97219777507354266E-1
2.14538342782994951E-8	-1.30635822370422372E-1
2.15163342782995048E-8	-5.33490411303673895E-1
2.15788342782995102E-8	-8.51910411339795104E-1
2.16413342782995022E-8	-1.03843406305096808E0
2.17038342782995031E-8	-1.06365794714218787E0
2.17663342782995084E-8	-9.21797122786632350E-1
2.18288342782995137E-8	-6.32876205025299221E-1
2.18913342782995102E-8	-2.40032256157003498E-1
2.19538342782995111E-8	1.96853657507139346E-1
2.20163342782995164E-8	6.10457434609672500E-1
2.20788342782995128E-8	9.37009000673332615E-1
2.21413342782995182E-8	1.12638417852428674E0
2.22038342782995146E-8	1.14989049274910871E0
2.22663342782995199E-8	1.00491491750055117E0
2.23288342782995208E-8	7.15082222503074849E-1
2.23913342782995262E-8	3.25970158696337986E-1
2.24538342782995226E-8	-1.02546250004046735E-1
2.25163342782995191E-8	-5.06109901604504220E-1
2.25788342782995288E-8	-8.25260691265978608E-1
2.26413342782995297E-8	-1.01250197426657662E0
2.27038342782995262E-8	-1.03838467429555625E0
2.27663342782995270E-8	-8.97090749668242893E-1
2.28288342782995324E-8	-6.08633550116617528E-1
2.28913342782995333E-8	-2.16160503649982694E-1
2.29538342782995342E-8	2.20415988172236288E-1
2.30163342782995350E-8	6.33731433250127463E-1
2.30788342782995404E-8	9.59977550562064330E-1
2.31413342782995413E-8	1.14899959529364759E0
2.32038342782995421E-8	1.17208661181025176E0
2.32663342782995430E-8	1.02661979814980886E0
2.33288342782995439E-8	7.36229930939333599E-1
2.33913342782995493E-8	3.46510094824281412E-1
2.34538342782995457E-8	-8.26417637820911466E-2
2.35163342782995510E-8	-4.86837015225574721E-1
2.35788342782995564E-8	-8.06579912105438623E-1
2.36413342782995484E-8	-9.94345921480016948E-1
2.37038342782995493E-8	-1.02067867272574309E0
2.37663342782995546E-8	-8.79774108609997008E-1
2.38288342782995599E-8	-5.91668436316152579E-1
2.38913342782995564E-8	-1.99536207669642507E-1
2.39538342782995572E-8	2.36681058841184155E-1
2.40163342782995626E-8	6.49598773923361872E-1
2.40788342782995635E-8	9.75399038690587439E-1
2.41413342782995599E-8	1.16392534321641983E0
2.42038342782995652E-8	1.18647538253071194E0
2.42663342782995661E-8	1.04044239659261328E0
2.43288342782995670E-8	7.49467034186788528E-1
2.43913342782995723E-8	3.59154209663417889E-1
2.44538342782995732E-8	-7.05813055477873519E-2
2.45163342782995652E-8	-4.75319590143102300E-1
2.45788342782995706E-8	-7.95519304288677631E-1
2.46413342782995759E-8	-9.83630117645134483E-1
2.47038342782995812E-8	-1.01021662019894398E0
2.47663342782995777E-8	-8.69523437379639930E-1
2.48288342782995741E-8	-5.81634722462748410E-1
2.48913342782995795E-8	-1.89766139060950589E-1
2.49538342782995848E-8	2.46112535779369601E-1
2.50163342782995857E-8	6.58610624528304456E-1
2.50788342782995821E-8	9.83919578596899314E-1
2.51413342782995741E-8	1.17190112340070507E0
2.52038342782995928E-8	1.19388024556648631E0
2.52663342782995848E-8	1.04727413614437914E0
2.53288342782995812E-8	7.55736178847961515E-1
2.53913342782995954E-8	3.64880770544738731E-1
2.54538342782995919E-8	-6.53640978058164901E-2
2.55163342782995883E-8	-4.70546478463569429E-1
2.55788342782995937E-8	-7.91072081360379453E-1
2.56413342782995946E-8	-9.79365845370281640E-1
2.57038342782995954E-8	-1.00603302639273884E0
2.57663342782996008E-8	-8.65390722633099330E-1
2.58288342782995972E-8	-5.77587704474665653E-1
2.58913342782995981E-8	-1.85890368047774190E-1
2.59538342782996034E-8	2.49704535227112689E-1
2.60163342782996088E-8	6.61810496131169135E-1
2.60788342782996052E-8	9.86640744559381488E-1
2.61413342782996061E-8	1.17408875392168133E0
2.62038342782996114E-8	1.19551880682873990E0
2.62663342782996123E-8	1.04837872212594840E0
2.63288342782996043E-8	7.56336136764602873E-1
2.63913342782996097E-8	3.65012634597599073E-1
2.64538342782996150E-8	-6.56537669953042347E-2
2.65163342782996114E-8	-4.71178715305682072E-1
2.65788342782996256E-8	-7.91911069977365933E-1
2.66413342782996176E-8	-9.80252395178190028E-1
2.67038342782996185E-8	-1.00686078498833509E0
2.67663342782996194E-8	-8.66140143251963579E-1
2.68288342782996247E-8	-5.78312954647944011E-1
2.68913342782996212E-8	-1.86700821181708276E-1
2.69538342782996221E-8	2.48674877698847663E-1
2.70163342782996319E-8	6.60439705346363315E-1
2.70788342782996327E-8	9.84836746581976996E-1
2.71413342782996292E-8	1.17179931094732459E0
2.72038342782996345E-8	1.19273753673479610E0
2.72663342782996310E-8	1.04513212437112624E0
2.73288342782996230E-8	7.52664418135759572E-1
2.73913342782996416E-8	3.60960379599535797E-1
2.74538342782996381E-8	-7.00355254300368379E-2
2.75163342782996345E-8	-4.75807283111182677E-1
2.75788342782996487E-8	-7.96645910469270113E-1
2.76413342782996363E-8	-9.84931331008942657E-1
2.77038342782996416E-8	-1.01138043591007176E0
2.77663342782996470E-8	-8.70490196549910600E-1
2.78288342782996434E-8	-5.82559530685117810E-1
2.78913342782996443E-8	-1.90964900005131222E-1
2.79538342782996452E-8	2.44251342554716988E-1
2.80163342782996549E-8	6.55733059972805865E-1
2.80788342782996558E-8	9.79758293061169638E-1
2.81413342782996523E-8	1.16630382617286510E0
2.82038342782996576E-8	1.18682767917279608E0
2.82663342782996496E-8	1.03884217005431334E0
2.83288342782996505E-8	7.46039495997108659E-1
2.83913342782996647E-8	3.54046422281289175E-1
2.84538342782996612E-8	-7.71901794299089516E-2
2.85163342782996532E-8	-4.83124739119460944E-1
2.85788342782996585E-8	-8.03991468834059475E-1
2.86413342782996594E-8	-9.92150418040182203E-1
2.87038342782996647E-8	-1.01837849846057082E0
2.87663342782996612E-8	-8.77265452844570603E-1
2.88288342782996665E-8	-5.89184345153993050E-1
2.88913342782996629E-8	-1.97562357092969565E-1
2.89538342782996683E-8	2.37542153670116551E-1
2.90163342782996825E-8	6.48796225259732218E-1
2.90788342782996656E-8	9.72515791316850020E-1
2.91413342782996665E-8	1.15872142551592194E0
2.92038342782996807E-8	1.17891735787820262E0
2.92663342782996727E-8	1.03064363991555852E0
2.93288342782996736E-8	7.37598525707372499E-1
2.93913342782996745E-8	3.45405161243910541E-1
2.94538342782996798E-8	-8.59914635100984981E-2
2.95163342782996807E-8	-4.92019473284758035E-1
2.95788342782996816E-8	-8.12858673506412366E-1
2.96413342782996825E-8	-1.00085066325177019E0
2.97038342782996878E-8	-1.02683022594009143E0
2.97663342782996887E-8	-8.85474723602263580E-1
2.98288342782996896E-8	-5.97225401553025392E-1
2.98913342782996860E-8	-2.05553469069769967E-1
2.99538342782996736E-8	2.29472724825830277E-1
3.00163342782996789E-8	6.40547189187017629E-1
3.00788342782996843E-8	9.64025013192667579E-1
3.01413342782996763E-8	1.14996864261980036E0
3.02038342782996727E-8	1.16992407408785537E0
3.02663342782996736E-8	1.02145338268621200E0
3.03288342782996789E-8	7.28254850069987558E-1
3.03913342782996709E-8	3.35942847653327092E-1
3.04538342782996629E-8	-9.55438180515111135E-2
3.05163342782996683E-8	-5.01610900902076828E-1
3.05788342782996647E-8	-8.22387133354602184E-1
3.06413342782996612E-8	-1.01019656106021327E0
3.07038342782996576E-8	-1.03592742618178879E0
3.07663342782996541E-8	-8.94336426539282137E-1
3.08288342782996549E-8	-6.05924554390926495E-1
3.08913342782996558E-8	-2.14198918747487532E-1
3.09538342782996478E-8	2.20768712231157993E-1
3.10163342782996487E-8	6.31702328222939347E-1
3.10788342782996452E-8	9.54996135240970112E-1
3.11413342782996372E-8	1.14075117664084136E0
3.12038342782996425E-8	1.16054901470096916E0
3.12663342782996390E-8	1.01196689262809247E0
3.13288342782996310E-8	7.18696585944336608E-1
3.13913342782996452E-8	3.26338137396483363E-1
3.14538342782996327E-8	-1.05180011569477228E-1
3.15163342782996336E-8	-5.11245385774273409E-1
3.15788342782996345E-8	-8.31939592082586188E-1
3.16413342782996265E-8	-1.01956955967845331E0
3.17038342782996363E-8	-1.04507117000029703E0
3.17663342782996194E-8	-9.03270549591745642E-1
3.18288342782996292E-8	-6.14718634657504293E-1
3.18913342782996256E-8	-2.22949720258531503E-1
3.19538342782996221E-8	2.11967595148593402E-1
3.20163342782996141E-8	6.22789748525300801E-1
3.20788342782996105E-8	9.45949102847004752E-1
3.21413342782996025E-8	1.13158128200076069E0
3.22038342782996034E-8	1.15129641981807551E0
3.22663342782996132E-8	1.00267954542822513E0
3.23288342782996052E-8	7.09409451115462097E-1
3.23913342782996105E-8	3.17066351556679926E-1
3.24538342782996114E-8	-1.14435658410114804E-1
3.25163342782996079E-8	-5.20469894046523152E-1
3.25788342782996043E-8	-8.41075094525229794E-1
3.26413342782996008E-8	-1.02854127711700771E0
3.27038342782995972E-8	-1.05384542393147629E0
3.27663342782995937E-8	-9.11872700221301713E-1
3.28288342782995901E-8	-6.23213792345417605E-1
3.28913342782995954E-8	-2.31421480385908085E-1
3.29538342782995874E-8	2.03444973247548555E-1
3.30163342782995883E-8	6.14176500402799519E-1
3.30788342782995803E-8	9.37242141821311847E-1
3.31413342782995768E-8	1.12280777025952649E0
3.32038342782995821E-8	1.14250506620708658E0
3.32663342782995697E-8	9.93919520384061350E-1
3.33288342782995795E-8	7.00710886992129289E-1
3.33913342782995892E-8	3.08434529004527391E-1
3.34538342782995635E-8	-1.23013484799211947E-1
3.35163342782995821E-8	-5.28996010975062081E-1
3.35788342782995741E-8	-8.49513219841482048E-1
3.36413342782995661E-8	-1.03683843200929227E0
3.37038342782995670E-8	-1.06198305852285513E0
3.37663342782995590E-8	-9.19881194773620159E-1
3.38288342782995599E-8	-6.31153483362125289E-1
3.38913342782995652E-8	-2.39362935969058910E-1
3.39538342782995528E-8	1.95446006312010456E-1
3.40163342782995581E-8	6.06100416296167843E-1
3.40788342782995546E-8	9.29104371890020353E-1
3.41413342782995510E-8	1.11464968520989816E0
3.42038342782995430E-8	1.13438302735442842E0
3.42663342782995484E-8	9.85883596955159724E-1
3.43288342782995537E-8	6.92786715200265224E-1
3.43913342782995501E-8	3.00618624114642419E-1
3.44538342782995377E-8	-1.30745867165054941E-1
3.45163342782995386E-8	-5.36662613725182869E-1
3.45788342782995484E-8	-8.57097375759890845E-1
3.46413342782995404E-8	-1.04430716232707166E0
3.47038342782995279E-8	-1.06933150242142427E0
3.47663342782995333E-8	-9.27144071919937396E-1
3.48288342782995297E-8	-6.38386620304575381E-1
3.48913342782995350E-8	-2.46624923887096248E-1
3.49538342782995226E-8	1.88116103915877608E-1
3.50163342782995279E-8	5.98700903366370163E-1
3.50788342782995244E-8	9.21667032267480124E-1
3.51413342782995208E-8	1.10722824755675919E0
3.52038342782995262E-8	1.12704040131331240E0
3.52663342782995137E-8	9.78670590671877072E-1
3.53288342782995191E-8	6.85725149229248565E-1
3.53913342782995155E-8	2.93697800712094059E-1
3.54538342782995075E-8	-1.37560551977728673E-1
3.55163342782995084E-8	-5.43401931495416690E-1
3.55788342782995093E-8	-8.63761638078782035E-1
3.56413342782995102E-8	-1.05088098562941945E0
3.57038342782994977E-8	-1.07582203752324368E0
3.57663342782994986E-8	-9.33589757756732652E-1
3.58288342782995040E-8	-6.44839393393865024E-1
3.58913342782995048E-8	-2.53133059282093953E-1
3.59538342782994924E-8	1.81527775776408906E-1
3.60163342782994889E-8	5.92045737798080562E-1
3.60788342782994986E-8	9.14990505889966954E-1
3.61413342782994906E-8	1.10059433831441700E0
3.62038342782994915E-8	1.12051734727641206E0
3.62663342782994835E-8	9.72309860204511445E-1
3.63288342782994933E-8	6.79545653653258341E-1
3.63913342782994809E-8	2.87683416417399052E-1
3.64538342782994818E-8	-1.43451833965031583E-1
3.65163342782994782E-8	-5.49211150047458929E-1
3.65788342782994880E-8	-8.69503127701352341E-1
3.66413342782994622E-8	-1.05655424053273794E0
3.67038342782994764E-8	-1.08144443890646191E0
3.67663342782994729E-8	-9.39202927286929956E-1
3.68288342782994693E-8	-6.50492183523899836E-1
3.68913342782994702E-8	-2.58865424341967021E-1
3.69538342782994622E-8	1.75702463955986543E-1
3.70163342782994675E-8	5.86152761680127288E-1
3.70788342782994640E-8	9.09086134219051978E-1
3.71413342782994604E-8	1.09475059231690652E0
3.72038342782994569E-8	1.11480655274050977E0
3.72663342782994578E-8	9.66784086231435502E-1
3.73288342782994498E-8	6.74221915361032575E-1
3.73913342782994462E-8	2.82542025558763754E-1
3.74538342782994471E-8	-1.48457765955519827E-1
3.75163342782994524E-8	-5.54130056011238992E-1
3.75788342782994444E-8	-8.74360334776567427E-1
3.76413342782994409E-8	-1.06136132862972077E0
3.77038342782994373E-8	-1.08622722309577058E0
3.77663342782994427E-8	-9.44005755371333777E-1
3.78288342782994436E-8	-6.55361698369136914E-1
3.78913342782994444E-8	-2.63835353857137545E-1
3.79538342782994320E-8	1.70627339922024146E-1
3.80163342782994373E-8	5.81006515327585760E-1
3.80788342782994338E-8	9.03932903500172280E-1
3.81413342782994214E-8	1.08966824948710794E0
3.82038342782994267E-8	1.10987031884236931E0
3.82663342782994231E-8	9.62046561668121214E-1
3.83288342782994285E-8	6.69699225761442118E-1
3.83913342782994249E-8	2.78212736460417620E-1
3.84538342782994125E-8	-1.52643005418293143E-1
3.85163342782994178E-8	-5.58224275260425618E-1
3.85788342782994143E-8	-8.78396914367012016E-1
3.86413342782994107E-8	-1.06536124127232634E0
3.87038342782994027E-8	-1.09022297583718863E0
3.87663342782994080E-8	-9.48044019084209744E-1
3.88288342782994134E-8	-6.59487770187709366E-1
3.88913342782994098E-8	-2.68078750432375879E-1
3.89538342782994018E-8	1.66267658691474440E-1
3.90163342782993983E-8	5.76570430778813403E-1
3.90788342782994036E-8	8.99489649212273434E-1
3.91413342782993912E-8	1.08529945551531681E0
3.92038342782993876E-8	1.10565299193894240E0
3.92663342782993841E-8	9.58033748839129373E-1
3.93288342782993983E-8	6.65907074636301033E-1
3.93913342782993903E-8	2.74619748088700932E-1
3.94538342782993823E-8	-1.56086448853152371E-1
3.95163342782993965E-8	-5.61573226601397124E-1
3.95788342782993974E-8	-8.81690074076822228E-1
3.96413342782993894E-8	-1.06862649004029975E0
3.97038342782993769E-8	-1.09349788469510223E0
3.97663342782993734E-8	-9.51377200085258323E-1
3.98288342782993743E-8	-6.62923968319802803E-1
3.98913342782993796E-8	-2.71645090915518628E-1
3.99538342782993716E-8	1.62575504475918708E-1
4.00000000000000000E-8	4.73351896897738467E-1


time	Tran1.TRAN.VCC
0.00000000000000000E0	8.00000000000000000E0
6.25000000000000444E-13	8.00000000000000000E0
1.25000000000000089E-12	8.00000000000000000E0
3.12500000000000222E-12	8.00000000000000000E0
8.75000000000000178E-12	8.00000000000000000E0
2.56250000000000044E-11	8.00000000000000000E0
4.71201196761594243E-11	8.00000000000000000E0
6.80884389494362807E-11	8.00000000000000000E0
9.04822356354452140E-11	8.00000000000000000E0
1.15000193449026034E-10	8.00000000000000000E0
1.46138769962909043E-10	8.00000000000000000E0
1.89537897305085901E-10	8.00000000000000000E0
2.30972031800962041E-10	8.00000000000000000E0
2.75668120027441965E-10	8.00000000000000000E0
3.08590450471622813E-10	8.00000000000000000E0
3.35790410320461863E-10	8.00000000000000000E0
3.72300683934278842E-10	8.00000000000000000E0
4.18143080599607231E-10	8.00000000000000000E0
4.78110978983646007E-10	8.00000000000000000E0
5.40610978983645829E-10	8.00000000000000000E0
6.03110978983646007E-10	8.00000000000000000E0
6.65610978983646007E-10	8.00000000000000000E0
7.28110978983646184E-10	8.00000000000000000E0
7.90610978983646184E-10	8.00000000000000000E0
8.53110978983646184E-10	8.00000000000000000E0
9.15610978983646362E-10	8.00000000000000000E0
9.78110978983646362E-10	8.00000000000000000E0
1.04061097898364641E-9	8.00000000000000000E0
1.09339474704735373E-9	8.00000000000000000E0
1.15296486631795703E-9	8.00000000000000000E0
1.21546486631795725E-9	8.00000000000000000E0
1.27796486631795725E-9	8.00000000000000000E0
1.34046486631795680E-9	8.00000000000000000E0
1.39692463097804365E-9	8.00000000000000000E0
1.44983162525289844E-9	8.00000000000000000E0
1.50226729926844671E-9	8.00000000000000000E0
1.55514690890508600E-9	8.00000000000000000E0
1.61285291133882502E-9	8.00000000000000000E0
1.67535291133882547E-9	8.00000000000000000E0
1.73215566305059521E-9	8.00000000000000000E0
1.78009825865964610E-9	8.00000000000000000E0
1.82086538311622026E-9	8.00000000000000000E0
1.86905703754972086E-9	8.00000000000000000E0
1.93074269358676776E-9	8.00000000000000000E0
1.98247768314756878E-9	8.00000000000000000E0
2.04497768314756900E-9	8.00000000000000000E0
2.10747768314756900E-9	8.00000000000000000E0
2.14923948381595853E-9	8.00000000000000000E0
2.19312952143536322E-9	8.00000000000000000E0
2.23440249295884907E-9	8.00000000000000000E0
2.27288646282780160E-9	8.00000000000000000E0
2.33086627142043534E-9	8.00000000000000000E0
2.37699702416335956E-9	8.00000000000000000E0
2.43949702416336045E-9	8.00000000000000000E0
2.48894464883967093E-9	8.00000000000000000E0
2.53770456985018189E-9	8.00000000000000000E0
2.59167207373549369E-9	8.00000000000000000E0
2.62944876436914754E-9	8.00000000000000000E0
2.69194876436914754E-9	8.00000000000000000E0
2.72593337225213350E-9	8.00000000000000000E0
2.77022117542616630E-9	8.00000000000000000E0
2.81147069565213403E-9	8.00000000000000000E0
2.84931968902947030E-9	8.00000000000000000E0
2.88709933463952462E-9	8.00000000000000000E0
2.91458745954303167E-9	8.00000000000000000E0
2.94229525404129433E-9	8.00000000000000000E0
2.96884586237618908E-9	8.00000000000000000E0
2.99758060065434151E-9	8.00000000000000000E0
3.03158263460415967E-9	8.00000000000000000E0
3.06005711542891135E-9	8.00000000000000000E0
3.11950909315404790E-9	8.00000000000000000E0
3.15272946345516436E-9	8.00000000000000000E0
3.17575885741083219E-9	8.00000000000000000E0
3.19649767810117869E-9	8.00000000000000000E0
3.21261015130245742E-9	8.00000000000000000E0
3.22117054642686540E-9	8.00000000000000000E0
3.23134220745111778E-9	8.00000000000000000E0
3.24568650579139728E-9	8.00000000000000000E0
3.27644899536961232E-9	8.00000000000000000E0
3.29943621708129253E-9	8.00000000000000000E0
3.32669131350404523E-9	8.00000000000000000E0
3.36564908247022609E-9	8.00000000000000000E0
3.39314602570867230E-9	8.00000000000000000E0
3.42470696464610924E-9	8.00000000000000000E0
3.45571343775179995E-9	8.00000000000000000E0
3.48340359084170048E-9	8.00000000000000000E0
3.51094004954130146E-9	8.00000000000000000E0
3.53319403782860819E-9	8.00000000000000000E0
3.56908205657566491E-9	8.00000000000000000E0
3.59723090296633430E-9	8.00000000000000000E0
3.63740064693119791E-9	8.00000000000000000E0
3.67666643701910800E-9	8.00000000000000000E0
3.71771965707299579E-9	8.00000000000000000E0
3.76506065482683994E-9	8.00000000000000000E0
3.80741600211680620E-9	8.00000000000000000E0
3.84673394886801745E-9	8.00000000000000000E0
3.88606411766556281E-9	8.00000000000000000E0
3.92095380405791172E-9	8.00000000000000000E0
3.97037685506958038E-9	8.00000000000000000E0
4.01683544347575605E-9	8.00000000000000000E0
4.07933544347575605E-9	8.00000000000000000E0
4.13350335719811213E-9	8.00000000000000000E0
4.19600335719811124E-9	8.00000000000000000E0
4.25150226032249545E-9	8.00000000000000000E0
4.29529054934735566E-9	8.00000000000000000E0
4.35779054934735566E-9	8.00000000000000000E0
4.40723876978939799E-9	8.00000000000000000E0
4.46973876978939888E-9	8.00000000000000000E0
4.53223876978939799E-9	8.00000000000000000E0
4.59473876978939799E-9	8.00000000000000000E0
4.65723876978939888E-9	8.00000000000000000E0
4.71973876978939710E-9	8.00000000000000000E0
4.78223876978939799E-9	8.00000000000000000E0
4.84343155553080429E-9	8.00000000000000000E0
4.89991239771378950E-9	8.00000000000000000E0
4.96241239771378861E-9	8.00000000000000000E0
5.02491239771378861E-9	8.00000000000000000E0
5.08741239771378861E-9	8.00000000000000000E0
5.13627328100300318E-9	8.00000000000000000E0
5.19877328100300407E-9	8.00000000000000000E0
5.25285382474817286E-9	8.00000000000000000E0
5.30658050335743958E-9	8.00000000000000000E0
5.36908050335744047E-9	8.00000000000000000E0
5.42741586725700742E-9	8.00000000000000000E0
5.48991586725700742E-9	8.00000000000000000E0
5.55145840106435084E-9	8.00000000000000000E0
5.59678667757058435E-9	8.00000000000000000E0
5.64364329049749713E-9	8.00000000000000000E0
5.68595823133891098E-9	8.00000000000000000E0
5.72113154369727983E-9	8.00000000000000000E0
5.78363154369727983E-9	8.00000000000000000E0
5.82299187964704146E-9	8.00000000000000000E0
5.88549187964703968E-9	8.00000000000000000E0
5.93570930831011445E-9	8.00000000000000000E0
5.98457961168127817E-9	8.00000000000000000E0
6.04017296251222913E-9	8.00000000000000000E0
6.08705156753143761E-9	8.00000000000000000E0
6.14955156753143584E-9	8.00000000000000000E0
6.19887325864858774E-9	8.00000000000000000E0
6.23511033484573840E-9	8.00000000000000000E0
6.28931479623943801E-9	8.00000000000000000E0
6.31819750379178657E-9	8.00000000000000000E0
6.34774895686107588E-9	8.00000000000000000E0
6.37191508424899133E-9	8.00000000000000000E0
6.42289531609039344E-9	8.00000000000000000E0
6.45805983322602373E-9	8.00000000000000000E0
6.52055983322602373E-9	8.00000000000000000E0
6.57445159597397932E-9	8.00000000000000000E0
6.63695159597398110E-9	8.00000000000000000E0
6.69787692391733636E-9	8.00000000000000000E0
6.76037692391733813E-9	8.00000000000000000E0
6.82287692391733636E-9	8.00000000000000000E0
6.88537692391733547E-9	8.00000000000000000E0
6.94726148823551704E-9	8.00000000000000000E0
7.00976148823551615E-9	8.00000000000000000E0
7.07226148823551526E-9	8.00000000000000000E0
7.13476148823551348E-9	8.00000000000000000E0
7.19726148823551259E-9	8.00000000000000000E0
7.25643539433951368E-9	8.00000000000000000E0
7.30040778172248395E-9	8.00000000000000000E0
7.31441281256544329E-9	8.00000000000000000E0
7.32973703026874190E-9	8.00000000000000000E0
7.34128110471698925E-9	8.00000000000000000E0
7.35751431171687109E-9	8.00000000000000000E0
7.37236816580331666E-9	8.00000000000000000E0
7.38810957711638139E-9	8.00000000000000000E0
7.40484473891014616E-9	8.00000000000000000E0
7.42796191834871333E-9	8.00000000000000000E0
7.44040837255848686E-9	8.00000000000000000E0
7.44942010195681714E-9	8.00000000000000000E0
7.45833378644220613E-9	8.00000000000000000E0
7.48507483989836864E-9	8.00000000000000000E0
7.50288902184378514E-9	8.00000000000000000E0
7.52568755518912891E-9	8.00000000000000000E0
7.55153717597509377E-9	8.00000000000000000E0
7.58061532841387642E-9	8.00000000000000000E0
7.60851082886317975E-9	8.00000000000000000E0
7.66820404071088824E-9	8.00000000000000000E0
7.69956053779466387E-9	8.00000000000000000E0
7.75603873393365806E-9	8.00000000000000000E0
7.78785121562290072E-9	8.00000000000000000E0
7.85035121562289895E-9	8.00000000000000000E0
7.88564901496240367E-9	8.00000000000000000E0
7.93904775872684265E-9	8.00000000000000000E0
7.99421375439395021E-9	8.00000000000000000E0
8.04962882841731187E-9	8.00000000000000000E0
8.11212882841731009E-9	8.00000000000000000E0
8.16597423360833119E-9	8.00000000000000000E0
8.22847423360832941E-9	8.00000000000000000E0
8.27759352468849308E-9	8.00000000000000000E0
8.34009352468849130E-9	8.00000000000000000E0
8.40259352468849308E-9	8.00000000000000000E0
8.46509352468849130E-9	8.00000000000000000E0
8.52759352468849308E-9	8.00000000000000000E0
8.59009352468849130E-9	8.00000000000000000E0
8.65259352468848952E-9	8.00000000000000000E0
8.71509352468848775E-9	8.00000000000000000E0
8.76606674625432447E-9	8.00000000000000000E0
8.80727173187738188E-9	8.00000000000000000E0
8.85456973066266251E-9	8.00000000000000000E0
8.90169039424674402E-9	8.00000000000000000E0
8.95923624825694276E-9	8.00000000000000000E0
9.00393790131798255E-9	8.00000000000000000E0
9.05411893446408911E-9	8.00000000000000000E0
9.10321592633517263E-9	8.00000000000000000E0
9.16571592633516907E-9	8.00000000000000000E0
9.22821592633517085E-9	8.00000000000000000E0
9.29071592633516730E-9	8.00000000000000000E0
9.35321592633516730E-9	8.00000000000000000E0
9.41571592633517263E-9	8.00000000000000000E0
9.47821592633517085E-9	8.00000000000000000E0
9.54071592633516907E-9	8.00000000000000000E0
9.60321592633517263E-9	8.00000000000000000E0
9.66416688569720606E-9	8.00000000000000000E0
9.72666688569720606E-9	8.00000000000000000E0
9.75633332436599510E-9	8.00000000000000000E0
9.77663735249756272E-9	8.00000000000000000E0
9.81223952615705564E-9	8.00000000000000000E0
9.83394299706296060E-9	8.00000000000000000E0
9.86946511428358875E-9	8.00000000000000000E0
9.89829779057356518E-9	8.00000000000000000E0
9.93460249697525910E-9	8.00000000000000000E0
9.96684658665255441E-9	8.00000000000000000E0
9.99376866669854280E-9	8.00000000000000000E0
1.00278925852258327E-8	8.00000000000000000E0
1.00504490576317762E-8	8.00000000000000000E0
1.00916754596938940E-8	8.00000000000000000E0
1.01179711028104213E-8	8.00000000000000000E0
1.01667721789205068E-8	8.00000000000000000E0
1.02001780214815829E-8	8.00000000000000000E0
1.02545671465964494E-8	8.00000000000000000E0
1.02908161062053116E-8	8.00000000000000000E0
1.03507963150912552E-8	8.00000000000000000E0
1.04056014055815904E-8	8.00000000000000000E0
1.04681014055815891E-8	8.00000000000000000E0
1.05275852552333271E-8	8.00000000000000000E0
1.05900852552333258E-8	8.00000000000000000E0
1.06525852552333267E-8	8.00000000000000000E0
1.07150852552333276E-8	8.00000000000000000E0
1.07775852552333240E-8	8.00000000000000000E0
1.08400852552333249E-8	8.00000000000000000E0
1.09014197847553596E-8	8.00000000000000000E0
1.09496537393427151E-8	8.00000000000000000E0
1.09879891193323531E-8	8.00000000000000000E0
1.10260162514069582E-8	8.00000000000000000E0
1.10746179316903937E-8	8.00000000000000000E0
1.11092170212097341E-8	8.00000000000000000E0
1.11365401367954187E-8	8.00000000000000000E0
1.11604653308603519E-8	8.00000000000000000E0
1.11881659941801725E-8	8.00000000000000000E0
1.12120489326079675E-8	8.00000000000000000E0
1.12485431681055004E-8	8.00000000000000000E0
1.12891075514745909E-8	8.00000000000000000E0
1.13365854215712747E-8	8.00000000000000000E0
1.13952369207360737E-8	8.00000000000000000E0
1.14577369207360746E-8	8.00000000000000000E0
1.15120551415575845E-8	8.00000000000000000E0
1.15745551415575854E-8	8.00000000000000000E0
1.16370551415575862E-8	8.00000000000000000E0
1.16995551415575849E-8	8.00000000000000000E0
1.17620551415575836E-8	8.00000000000000000E0
1.18245551415575822E-8	8.00000000000000000E0
1.18870551415575809E-8	8.00000000000000000E0
1.19495551415575796E-8	8.00000000000000000E0
1.20078600433401550E-8	8.00000000000000000E0
1.20680277530559388E-8	8.00000000000000000E0
1.21235213881238302E-8	8.00000000000000000E0
1.21622101794495596E-8	8.00000000000000000E0
1.22247101794495583E-8	8.00000000000000000E0
1.22827561215298653E-8	8.00000000000000000E0
1.23452561215298617E-8	8.00000000000000000E0
1.24077561215298626E-8	8.00000000000000000E0
1.24702561215298613E-8	8.00000000000000000E0
1.25327561215298622E-8	8.00000000000000000E0
1.25952561215298631E-8	8.00000000000000000E0
1.26577561215298640E-8	8.00000000000000000E0
1.27202561215298604E-8	8.00000000000000000E0
1.27827561215298591E-8	8.00000000000000000E0
1.28452561215298644E-8	8.00000000000000000E0
1.29077561215298586E-8	8.00000000000000000E0
1.29702561215298573E-8	8.00000000000000000E0
1.30327561215298582E-8	8.00000000000000000E0
1.30952561215298591E-8	8.00000000000000000E0
1.31548228473657280E-8	8.00000000000000000E0
1.32118106041233974E-8	8.00000000000000000E0
1.32743106041233982E-8	8.00000000000000000E0
1.33368106041233969E-8	8.00000000000000000E0
1.33993106041234000E-8	8.00000000000000000E0
1.34618106041233965E-8	8.00000000000000000E0
1.35243106041233996E-8	8.00000000000000000E0
1.35868106041233982E-8	8.00000000000000000E0
1.36493106041233969E-8	8.00000000000000000E0
1.37118106041233956E-8	8.00000000000000000E0
1.37743106041233987E-8	8.00000000000000000E0
1.38368106041233951E-8	8.00000000000000000E0
1.38993106041233960E-8	8.00000000000000000E0
1.39618106041233991E-8	8.00000000000000000E0
1.40243106041233956E-8	8.00000000000000000E0
1.40868106041233920E-8	8.00000000000000000E0
1.41493106041233974E-8	8.00000000000000000E0
1.42105327784565882E-8	8.00000000000000000E0
1.42718776130656355E-8	8.00000000000000000E0
1.43343776130656386E-8	8.00000000000000000E0
1.43968776130656395E-8	8.00000000000000000E0
1.44593776130656382E-8	8.00000000000000000E0
1.45218776130656368E-8	8.00000000000000000E0
1.45843776130656377E-8	8.00000000000000000E0
1.46468776130656342E-8	8.00000000000000000E0
1.47093776130656329E-8	8.00000000000000000E0
1.47718776130656337E-8	8.00000000000000000E0
1.48343776130656391E-8	8.00000000000000000E0
1.48968776130656355E-8	8.00000000000000000E0
1.49593776130656386E-8	8.00000000000000000E0
1.50218776130656373E-8	8.00000000000000000E0
1.50843776130656382E-8	8.00000000000000000E0
1.51468776130656368E-8	8.00000000000000000E0
1.52038342782993618E-8	8.00000000000000000E0
1.52663342782993650E-8	8.00000000000000000E0
1.53288342782993681E-8	8.00000000000000000E0
1.53913342782993690E-8	8.00000000000000000E0
1.54538342782993698E-8	8.00000000000000000E0
1.55163342782993685E-8	8.00000000000000000E0
1.55788342782993761E-8	8.00000000000000000E0
1.56413342782993725E-8	8.00000000000000000E0
1.57038342782993778E-8	8.00000000000000000E0
1.57663342782993765E-8	8.00000000000000000E0
1.58288342782993752E-8	8.00000000000000000E0
1.58913342782993805E-8	8.00000000000000000E0
1.59538342782993814E-8	8.00000000000000000E0
1.60163342782993801E-8	8.00000000000000000E0
1.60788342782993832E-8	8.00000000000000000E0
1.61413342782993841E-8	8.00000000000000000E0
1.62038342782993849E-8	8.00000000000000000E0
1.62663342782993880E-8	8.00000000000000000E0
1.63288342782993867E-8	8.00000000000000000E0
1.63913342782993920E-8	8.00000000000000000E0
1.64538342782993885E-8	8.00000000000000000E0
1.65163342782993916E-8	8.00000000000000000E0
1.65788342782993925E-8	8.00000000000000000E0
1.66413342782993934E-8	8.00000000000000000E0
1.67038342782993987E-8	8.00000000000000000E0
1.67663342782993996E-8	8.00000000000000000E0
1.68288342782993983E-8	8.00000000000000000E0
1.68913342782994036E-8	8.00000000000000000E0
1.69538342782994067E-8	8.00000000000000000E0
1.70163342782994054E-8	8.00000000000000000E0
1.70788342782994040E-8	8.00000000000000000E0
1.71413342782994049E-8	8.00000000000000000E0
1.72038342782994080E-8	8.00000000000000000E0
1.72663342782994111E-8	8.00000000000000000E0
1.73288342782994120E-8	8.00000000000000000E0
1.73913342782994174E-8	8.00000000000000000E0
1.74538342782994116E-8	8.00000000000000000E0
1.75163342782994125E-8	8.00000000000000000E0
1.75788342782994156E-8	8.00000000000000000E0
1.76413342782994143E-8	8.00000000000000000E0
1.77038342782994151E-8	8.00000000000000000E0
1.77663342782994205E-8	8.00000000000000000E0
1.78288342782994214E-8	8.00000000000000000E0
1.78913342782994267E-8	8.00000000000000000E0
1.79538342782994187E-8	8.00000000000000000E0
1.80163342782994285E-8	8.00000000000000000E0
1.80788342782994271E-8	8.00000000000000000E0
1.81413342782994258E-8	8.00000000000000000E0
1.82038342782994267E-8	8.00000000000000000E0
1.82663342782994276E-8	8.00000000000000000E0
1.83288342782994329E-8	8.00000000000000000E0
1.83913342782994338E-8	8.00000000000000000E0
1.84538342782994347E-8	8.00000000000000000E0
1.85163342782994356E-8	8.00000000000000000E0
1.85788342782994320E-8	8.00000000000000000E0
1.86413342782994373E-8	8.00000000000000000E0
1.87038342782994427E-8	8.00000000000000000E0
1.87663342782994369E-8	8.00000000000000000E0
1.88288342782994422E-8	8.00000000000000000E0
1.88913342782994453E-8	8.00000000000000000E0
1.89538342782994440E-8	8.00000000000000000E0
1.90163342782994471E-8	8.00000000000000000E0
1.90788342782994502E-8	8.00000000000000000E0
1.91413342782994511E-8	8.00000000000000000E0
1.92038342782994542E-8	8.00000000000000000E0
1.92663342782994507E-8	8.00000000000000000E0
1.93288342782994538E-8	8.00000000000000000E0
1.93913342782994547E-8	8.00000000000000000E0
1.94538342782994556E-8	8.00000000000000000E0
1.95163342782994609E-8	8.00000000000000000E0
1.95788342782994595E-8	8.00000000000000000E0
1.96413342782994560E-8	8.00000000000000000E0
1.97038342782994591E-8	8.00000000000000000E0
1.97663342782994622E-8	8.00000000000000000E0
1.98288342782994675E-8	8.00000000000000000E0
1.98913342782994729E-8	8.00000000000000000E0
1.99538342782994671E-8	8.00000000000000000E0
2.00163342782994702E-8	8.00000000000000000E0
2.00788342782994711E-8	8.00000000000000000E0
2.01413342782994720E-8	8.00000000000000000E0
2.02038342782994729E-8	8.00000000000000000E0
2.02663342782994693E-8	8.00000000000000000E0
2.03288342782994791E-8	8.00000000000000000E0
2.03913342782994800E-8	8.00000000000000000E0
2.04538342782994809E-8	8.00000000000000000E0
2.05163342782994773E-8	8.00000000000000000E0
2.05788342782994826E-8	8.00000000000000000E0
2.06413342782994791E-8	8.00000000000000000E0
2.07038342782994844E-8	8.00000000000000000E0
2.07663342782994853E-8	8.00000000000000000E0
2.08288342782994862E-8	8.00000000000000000E0
2.08913342782994871E-8	8.00000000000000000E0
2.09538342782994924E-8	8.00000000000000000E0
2.10163342782994933E-8	8.00000000000000000E0
2.10788342782994942E-8	8.00000000000000000E0
2.11413342782994906E-8	8.00000000000000000E0
2.12038342782995004E-8	8.00000000000000000E0
2.12663342782994969E-8	8.00000000000000000E0
2.13288342782995022E-8	8.00000000000000000E0
2.13913342782995031E-8	8.00000000000000000E0
2.14538342782994951E-8	8.00000000000000000E0
2.15163342782995048E-8	8.00000000000000000E0
2.15788342782995102E-8	8.00000000000000000E0
2.16413342782995022E-8	8.00000000000000000E0
2.17038342782995031E-8	8.00000000000000000E0
2.17663342782995084E-8	8.00000000000000000E0
2.18288342782995137E-8	8.00000000000000000E0
2.18913342782995102E-8	8.00000000000000000E0
2.19538342782995111E-8	8.00000000000000000E0
2.20163342782995164E-8	8.00000000000000000E0
2.20788342782995128E-8	8.00000000000000000E0
2.21413342782995182E-8	8.00000000000000000E0
2.22038342782995146E-8	8.00000000000000000E0
2.22663342782995199E-8	8.00000000000000000E0
2.23288342782995208E-8	8.00000000000000000E0
2.23913342782995262E-8	8.00000000000000000E0
2.24538342782995226E-8	8.00000000000000000E0
2.25163342782995191E-8	8.00000000000000000E0
2.25788342782995288E-8	8.00000000000000000E0
2.26413342782995297E-8	8.00000000000000000E0
2.27038342782995262E-8	8.00000000000000000E0
2.27663342782995270E-8	8.00000000000000000E0
2.28288342782995324E-8	8.00000000000000000E0
2.28913342782995333E-8	8.00000000000000000E0
2.29538342782995342E-8	8.00000000000000000E0
2.30163342782995350E-8	8.00000000000000000E0
2.30788342782995404E-8	8.00000000000000000E0
2.31413342782995413E-8	8.00000000000000000E0
2.32038342782995421E-8	8.00000000000000000E0
2.32663342782995430E-8	8.00000000000000000E0
2.33288342782995439E-8	8.00000000000000000E0
2.33913342782995493E-8	8.00000000000000000E0
2.34538342782995457E-8	8.00000000000000000E0
2.35163342782995510E-8	8.00000000000000000E0
2.35788342782995564E-8	8.00000000000000000E0
2.36413342782995484E-8	8.00000000000000000E0
2.37038342782995493E-8	8.00000000000000000E0
2.37663342782995546E-8	8.00000000000000000E0
2.38288342782995599E-8	8.00000000000000000E0
2.38913342782995564E-8	8.00000000000000000E0
2.39538342782995572E-8	8.00000000000000000E0
2.40163342782995626E-8	8.00000000000000000E0
2.40788342782995635E-8	8.00000000000000000E0
2.41413342782995599E-8	8.00000000000000000E0
2.42038342782995652E-8	8.00000000000000000E0
2.42663342782995661E-8	8.00000000000000000E0
2.43288342782995670E-8	8.00000000000000000E0
2.43913342782995723E-8	8.00000000000000000E0
2.44538342782995732E-8	8.00000000000000000E0
2.45163342782995652E-8	8.00000000000000000E0
2.45788342782995706E-8	8.00000000000000000E0
2.46413342782995759E-8	8.00000000000000000E0
2.47038342782995812E-8	8.00000000000000000E0
2.47663342782995777E-8	8.00000000000000000E0
2.48288342782995741E-8	8.00000000000000000E0
2.48913342782995795E-8	8.00000000000000000E0
2.49538342782995848E-8	8.00000000000000000E0
2.50163342782995857E-8	8.00000000000000000E0
2.50788342782995821E-8	8.00000000000000000E0
2.51413342782995741E-8	8.00000000000000000E0
2.52038342782995928E-8	8.00000000000000000E0
2.52663342782995848E-8	8.00000000000000000E0
2.53288342782995812E-8	8.00000000000000000E0
2.53913342782995954E-8	8.00000000000000000E0
2.54538342782995919E-8	8.00000000000000000E0
2.55163342782995883E-8	8.00000000000000000E0
2.55788342782995937E-8	8.00000000000000000E0
2.56413342782995946E-8	8.00000000000000000E0
2.57038342782995954E-8	8.00000000000000000E0
2.57663342782996008E-8	8.00000000000000000E0
2.58288342782995972E-8	8.00000000000000000E0
2.58913342782995981E-8	8.00000000000000000E0
2.59538342782996034E-8	8.00000000000000000E0
2.60163342782996088E-8	8.00000000000000000E0
2.60788342782996052E-8	8.00000000000000000E0
2.61413342782996061E-8	8.00000000000000000E0
2.62038342782996114E-8	8.00000000000000000E0
2.62663342782996123E-8	8.00000000000000000E0
2.63288342782996043E-8	8.00000000000000000E0
2.63913342782996097E-8	8.00000000000000000E0
2.64538342782996150E-8	8.00000000000000000E0
2.65163342782996114E-8	8.00000000000000000E0
2.65788342782996256E-8	8.00000000000000000E0
2.66413342782996176E-8	8.00000000000000000E0
2.67038342782996185E-8	8.00000000000000000E0
2.67663342782996194E-8	8.00000000000000000E0
2.68288342782996247E-8	8.00000000000000000E0
2.68913342782996212E-8	8.00000000000000000E0
2.69538342782996221E-8	8.00000000000000000E0
2.70163342782996319E-8	8.00000000000000000E0
2.70788342782996327E-8	8.00000000000000000E0
2.71413342782996292E-8	8.00000000000000000E0
2.72038342782996345E-8	8.00000000000000000E0
2.72663342782996310E-8	8.00000000000000000E0
2.73288342782996230E-8	8.00000000000000000E0
2.73913342782996416E-8	8.00000000000000000E0
2.74538342782996381E-8	8.00000000000000000E0
2.75163342782996345E-8	8.00000000000000000E0
2.75788342782996487E-8	8.00000000000000000E0
2.76413342782996363E-8	8.00000000000000000E0
2.77038342782996416E-8	8.00000000000000000E0
2.77663342782996470E-8	8.00000000000000000E0
2.78288342782996434E-8	8.00000000000000000E0
2.78913342782996443E-8	8.00000000000000000E0
2.79538342782996452E-8	8.00000000000000000E0
2.80163342782996549E-8	8.00000000000000000E0
2.80788342782996558E-8	8.00000000000000000E0
2.81413342782996523E-8	8.00000000000000000E0
2.82038342782996576E-8	8.00000000000000000E0
2.82663342782996496E-8	8.00000000000000000E0
2.83288342782996505E-8	8.00000000000000000E0
2.83913342782996647E-8	8.00000000000000000E0
2.84538342782996612E-8	8.00000000000000000E0
2.85163342782996532E-8	8.00000000000000000E0
2.85788342782996585E-8	8.00000000000000000E0
2.86413342782996594E-8	8.00000000000000000E0
2.87038342782996647E-8	8.00000000000000000E0
2.87663342782996612E-8	8.00000000000000000E0
2.88288342782996665E-8	8.00000000000000000E0
2.88913342782996629E-8	8.00000000000000000E0
2.89538342782996683E-8	8.00000000000000000E0
2.90163342782996825E-8	8.00000000000000000E0
2.90788342782996656E-8	8.00000000000000000E0
2.91413342782996665E-8	8.00000000000000000E0
2.92038342782996807E-8	8.00000000000000000E0
2.92663342782996727E-8	8.00000000000000000E0
2.93288342782996736E-8	8.00000000000000000E0
2.93913342782996745E-8	8.00000000000000000E0
2.94538342782996798E-8	8.00000000000000000E0
2.95163342782996807E-8	8.00000000000000000E0
2.95788342782996816E-8	8.00000000000000000E0
2.96413342782996825E-8	8.00000000000000000E0
2.97038342782996878E-8	8.00000000000000000E0
2.97663342782996887E-8	8.00000000000000000E0
2.98288342782996896E-8	8.00000000000000000E0
2.98913342782996860E-8	8.00000000000000000E0
2.99538342782996736E-8	8.00000000000000000E0
3.00163342782996789E-8	8.00000000000000000E0
3.00788342782996843E-8	8.00000000000000000E0
3.01413342782996763E-8	8.00000000000000000E0
3.02038342782996727E-8	8.00000000000000000E0
3.02663342782996736E-8	8.00000000000000000E0
3.03288342782996789E-8	8.00000000000000000E0
3.03913342782996709E-8	8.00000000000000000E0
3.04538342782996629E-8	8.00000000000000000E0
3.05163342782996683E-8	8.00000000000000000E0
3.05788342782996647E-8	8.00000000000000000E0
3.06413342782996612E-8	8.00000000000000000E0
3.07038342782996576E-8	8.00000000000000000E0
3.07663342782996541E-8	8.00000000000000000E0
3.08288342782996549E-8	8.00000000000000000E0
3.08913342782996558E-8	8.00000000000000000E0
3.09538342782996478E-8	8.00000000000000000E0
3.10163342782996487E-8	8.00000000000000000E0
3.10788342782996452E-8	8.00000000000000000E0
3.11413342782996372E-8	8.00000000000000000E0
3.12038342782996425E-8	8.00000000000000000E0
3.12663342782996390E-8	8.00000000000000000E0
3.13288342782996310E-8	8.00000000000000000E0
3.13913342782996452E-8	8.00000000000000000E0
3.14538342782996327E-8	8.00000000000000000E0
3.15163342782996336E-8	8.00000000000000000E0
3.15788342782996345E-8	8.00000000000000000E0
3.16413342782996265E-8	8.00000000000000000E0
3.17038342782996363E-8	8.00000000000000000E0
3.17663342782996194E-8	8.00000000000000000E0
3.18288342782996292E-8	8.00000000000000000E0
3.18913342782996256E-8	8.00000000000000000E0
3.19538342782996221E-8	8.00000000000000000E0
3.20163342782996141E-8	8.00000000000000000E0
3.20788342782996105E-8	8.00000000000000000E0
3.21413342782996025E-8	8.00000000000000000E0
3.22038342782996034E-8	8.00000000000000000E0
3.22663342782996132E-8	8.00000000000000000E0
3.23288342782996052E-8	8.00000000000000000E0
3.23913342782996105E-8	8.00000000000000000E0
3.24538342782996114E-8	8.00000000000000000E0
3.25163342782996079E-8	8.00000000000000000E0
3.25788342782996043E-8	8.00000000000000000E0
3.26413342782996008E-8	8.00000000000000000E0
3.27038342782995972E-8	8.00000000000000000E0
3.27663342782995937E-8	8.00000000000000000E0
3.28288342782995901E-8	8.00000000000000000E0
3.28913342782995954E-8	8.00000000000000000E0
3.29538342782995874E-8	8.00000000000000000E0
3.30163342782995883E-8	8.00000000000000000E0
3.30788342782995803E-8	8.00000000000000000E0
3.31413342782995768E-8	8.00000000000000000E0
3.32038342782995821E-8	8.00000000000000000E0
3.32663342782995697E-8	8.00000000000000000E0
3.33288342782995795E-8	8.00000000000000000E0
3.33913342782995892E-8	8.00000000000000000E0
3.34538342782995635E-8	8.00000000000000000E0
3.35163342782995821E-8	8.00000000000000000E0
3.35788342782995741E-8	8.00000000000000000E0
3.36413342782995661E-8	8.00000000000000000E0
3.37038342782995670E-8	8.00000000000000000E0
3.37663342782995590E-8	8.00000000000000000E0
3.38288342782995599E-8	8.00000000000000000E0
3.38913342782995652E-8	8.00000000000000000E0
3.39538342782995528E-8	8.00000000000000000E0
3.40163342782995581E-8	8.00000000000000000E0
3.40788342782995546E-8	8.00000000000000000E0
3.41413342782995510E-8	8.00000000000000000E0
3.42038342782995430E-8	8.00000000000000000E0
3.42663342782995484E-8	8.00000000000000000E0
3.43288342782995537E-8	8.00000000000000000E0
3.43913342782995501E-8	8.00000000000000000E0
3.44538342782995377E-8	8.00000000000000000E0
3.45163342782995386E-8	8.00000000000000000E0
3.45788342782995484E-8	8.00000000000000000E0
3.46413342782995404E-8	8.00000000000000000E0
3.47038342782995279E-8	8.00000000000000000E0
3.47663342782995333E-8	8.00000000000000000E0
3.48288342782995297E-8	8.00000000000000000E0
3.48913342782995350E-8	8.00000000000000000E0
3.49538342782995226E-8	8.00000000000000000E0
3.50163342782995279E-8	8.00000000000000000E0
3.50788342782995244E-8	8.00000000000000000E0
3.51413342782995208E-8	8.00000000000000000E0
3.52038342782995262E-8	8.00000000000000000E0
3.52663342782995137E-8	8.00000000000000000E0
3.53288342782995191E-8	8.00000000000000000E0
3.53913342782995155E-8	8.00000000000000000E0
3.54538342782995075E-8	8.00000000000000000E0
3.55163342782995084E-8	8.00000000000000000E0
3.55788342782995093E-8	8.00000000000000000E0
3.56413342782995102E-8	8.00000000000000000E0
3.57038342782994977E-8	8.00000000000000000E0
3.57663342782994986E-8	8.00000000000000000E0
3.58288342782995040E-8	8.00000000000000000E0
3.58913342782995048E-8	8.00000000000000000E0
3.59538342782994924E-8	8.00000000000000000E0
3.60163342782994889E-8	8.00000000000000000E0
3.60788342782994986E-8	8.00000000000000000E0
3.61413342782994906E-8	8.00000000000000000E0
3.62038342782994915E-8	8.00000000000000000E0
3.62663342782994835E-8	8.00000000000000000E0
3.63288342782994933E-8	8.00000000000000000E0
3.63913342782994809E-8	8.00000000000000000E0
3.64538342782994818E-8	8.00000000000000000E0
3.65163342782994782E-8	8.00000000000000000E0
3.65788342782994880E-8	8.00000000000000000E0
3.66413342782994622E-8	8.00000000000000000E0
3.67038342782994764E-8	8.00000000000000000E0
3.67663342782994729E-8	8.00000000000000000E0
3.68288342782994693E-8	8.00000000000000000E0
3.68913342782994702E-8	8.00000000000000000E0
3.69538342782994622E-8	8.00000000000000000E0
3.70163342782994675E-8	8.00000000000000000E0
3.70788342782994640E-8	8.00000000000000000E0
3.71413342782994604E-8	8.00000000000000000E0
3.72038342782994569E-8	8.00000000000000000E0
3.72663342782994578E-8	8.00000000000000000E0
3.73288342782994498E-8	8.00000000000000000E0
3.73913342782994462E-8	8.00000000000000000E0
3.74538342782994471E-8	8.00000000000000000E0
3.75163342782994524E-8	8.00000000000000000E0
3.75788342782994444E-8	8.00000000000000000E0
3.76413342782994409E-8	8.00000000000000000E0
3.77038342782994373E-8	8.00000000000000000E0
3.77663342782994427E-8	8.00000000000000000E0
3.78288342782994436E-8	8.00000000000000000E0
3.78913342782994444E-8	8.00000000000000000E0
3.79538342782994320E-8	8.00000000000000000E0
3.80163342782994373E-8	8.00000000000000000E0
3.80788342782994338E-8	8.00000000000000000E0
3.81413342782994214E-8	8.00000000000000000E0
3.82038342782994267E-8	8.00000000000000000E0
3.82663342782994231E-8	8.00000000000000000E0
3.83288342782994285E-8	8.00000000000000000E0
3.83913342782994249E-8	8.00000000000000000E0
3.84538342782994125E-8	8.00000000000000000E0
3.85163342782994178E-8	8.00000000000000000E0
3.85788342782994143E-8	8.00000000000000000E0
3.86413342782994107E-8	8.00000000000000000E0
3.87038342782994027E-8	8.00000000000000000E0
3.87663342782994080E-8	8.00000000000000000E0
3.88288342782994134E-8	8.00000000000000000E0
3.88913342782994098E-8	8.00000000000000000E0
3.89538342782994018E-8	8.00000000000000000E0
3.90163342782993983E-8	8.00000000000000000E0
3.90788342782994036E-8	8.00000000000000000E0
3.91413342782993912E-8	8.00000000000000000E0
3.92038342782993876E-8	8.00000000000000000E0
3.92663342782993841E-8	8.00000000000000000E0
3.93288342782993983E-8	8.00000000000000000E0
3.93913342782993903E-8	8.00000000000000000E0
3.94538342782993823E-8	8.00000000000000000E0
3.95163342782993965E-8	8.00000000000000000E0
3.95788342782993974E-8	8.00000000000000000E0
3.96413342782993894E-8	8.00000000000000000E0
3.97038342782993769E-8	8.00000000000000000E0
3.97663342782993734E-8	8.00000000000000000E0
3.98288342782993743E-8	8.00000000000000000E0
3.98913342782993796E-8	8.00000000000000000E0
3.99538342782993716E-8	8.00000000000000000E0
4.00000000000000000E-8	8.00000000000000000E0


time	Tran1.TRAN.Vc
0.00000000000000000E0	7.98335704045609162E0
6.25000000000000444E-13	7.98335703984071543E0
1.25000000000000089E-12	7.98335703837366850E0
3.12500000000000222E-12	7.98335700707460294E0
8.75000000000000178E-12	7.98335619713189626E0
2.56250000000000044E-11	7.98333448565946835E0
4.71201196761594243E-11	7.98322266481324583E0
6.80884389494362807E-11	7.98295599557544300E0
9.04822356354452140E-11	7.98242028612810639E0
1.15000193449026034E-10	7.98149479215182200E0
1.46138769962909043E-10	7.97999050447788782E0
1.89537897305085901E-10	7.97866694188409120E0
2.30972031800962041E-10	7.98088886294792488E0
2.75668120027441965E-10	7.99209551879578139E0
3.08590450471622813E-10	8.00980910632260290E0
3.35790410320461863E-10	8.03310061936452868E0
3.72300683934278842E-10	8.08037613233670804E0
4.18143080599607231E-10	8.17127353132727130E0
4.78110978983646007E-10	8.35130493751728231E0
5.40610978983645829E-10	8.61172626127035734E0
6.03110978983646007E-10	8.91883113274328032E0
6.65610978983646007E-10	9.19777915596336371E0
7.28110978983646184E-10	9.34478417760181124E0
7.90610978983646184E-10	9.30697354839456636E0
8.53110978983646184E-10	9.11129300051207913E0
9.15610978983646362E-10	8.79849983833129556E0
9.78110978983646362E-10	8.41313951684598038E0
1.04061097898364641E-9	8.02587929911694253E0
1.09339474704735373E-9	7.73339295209896349E0
1.15296486631795703E-9	7.46082110296528889E0
1.21546486631795725E-9	7.27177351147866702E0
1.27796486631795725E-9	7.15966254073342689E0
1.34046486631795680E-9	7.08827408138547810E0
1.39692463097804365E-9	7.15816457023516151E0
1.44983162525289844E-9	7.41525083920734573E0
1.50226729926844671E-9	7.73045801137636346E0
1.55514690890508600E-9	8.01843278290658290E0
1.61285291133882502E-9	8.36024043318371213E0
1.67535291133882547E-9	8.68929942898989971E0
1.73215566305059521E-9	8.85679114689501468E0
1.78009825865964610E-9	8.95316546965437077E0
1.82086538311622026E-9	9.00797765540032636E0
1.86905703754972086E-9	8.95961807006831101E0
1.93074269358676776E-9	8.78385279322559498E0
1.98247768314756878E-9	8.60742452532894831E0
2.04497768314756900E-9	8.29549903067264438E0
2.10747768314756900E-9	7.92435645508494346E0
2.14923948381595853E-9	7.71875226657336899E0
2.19312952143536322E-9	7.52158951743953708E0
2.23440249295884907E-9	7.34079277909094241E0
2.27288646282780160E-9	7.23412901943114761E0
2.33086627142043534E-9	7.19724770788908419E0
2.37699702416335956E-9	7.20557220137566645E0
2.43949702416336045E-9	7.30480792999932316E0
2.48894464883967093E-9	7.49985117176445648E0
2.53770456985018189E-9	7.71561477195895673E0
2.59167207373549369E-9	7.94778878502010944E0
2.62944876436914754E-9	8.14473011708211203E0
2.69194876436914754E-9	8.45088321472574044E0
2.72593337225213350E-9	8.55930779338313563E0
2.77022117542616630E-9	8.66818805404995807E0
2.81147069565213403E-9	8.76121525036721138E0
2.84931968902947030E-9	8.79088536459202174E0
2.88709933463952462E-9	8.74465788967192381E0
2.91458745954303167E-9	8.69311397767414995E0
2.94229525404129433E-9	8.64662895950021415E0
2.96884586237618908E-9	8.58867185442288061E0
2.99758060065434151E-9	8.48632612316836443E0
3.03158263460415967E-9	8.33185557110354225E0
3.06005711542891135E-9	8.21093792377996046E0
3.11950909315404790E-9	7.98465804386591849E0
3.15272946345516436E-9	7.84180819526372641E0
3.17575885741083219E-9	7.73425237288474943E0
3.19649767810117869E-9	7.65051150664969981E0
3.21261015130245742E-9	7.60160843527802488E0
3.22117054642686540E-9	7.58128738342576280E0
3.23134220745111778E-9	7.56019136844651563E0
3.24568650579139728E-9	7.53158509369939111E0
3.27644899536961232E-9	7.46186977091287318E0
3.29943621708129253E-9	7.40779356150950630E0
3.32669131350404523E-9	7.36844084939598609E0
3.36564908247022609E-9	7.37621977478889512E0
3.39314602570867230E-9	7.40497605076023291E0
3.42470696464610924E-9	7.43150561791056496E0
3.45571343775179995E-9	7.46778962046227157E0
3.48340359084170048E-9	7.53446488099764000E0
3.51094004954130146E-9	7.62821297145359711E0
3.53319403782860819E-9	7.70345358653226864E0
3.56908205657566491E-9	7.80427428147595759E0
3.59723090296633430E-9	7.88506735495894695E0
3.63740064693119791E-9	8.03418879887245652E0
3.67666643701910800E-9	8.17933061278143292E0
3.71771965707299579E-9	8.28363818038774014E0
3.76506065482683994E-9	8.38318611209269271E0
3.80741600211680620E-9	8.47829900320295238E0
3.84673394886801745E-9	8.52838960213463260E0
3.88606411766556281E-9	8.52393318548151946E0
3.92095380405791172E-9	8.51095212895541309E0
3.97037685506958038E-9	8.48690980029516062E0
4.01683544347575605E-9	8.40338528962336540E0
4.07933544347575605E-9	8.22964962651639809E0
4.13350335719811213E-9	8.08918109594254453E0
4.19600335719811124E-9	7.89338846333974509E0
4.25150226032249545E-9	7.69122379192837258E0
4.29529054934735566E-9	7.57649043742091255E0
4.35779054934735566E-9	7.48361096791670111E0
4.40723876978939799E-9	7.44775465149635529E0
4.46973876978939888E-9	7.49296054921962007E0
4.53223876978939799E-9	7.61385123370282457E0
4.59473876978939799E-9	7.75791043914021472E0
4.65723876978939888E-9	7.95343933386975088E0
4.71973876978939710E-9	8.16772091146830981E0
4.78223876978939799E-9	8.33294232352837128E0
4.84343155553080429E-9	8.46601701166718890E0
4.89991239771378950E-9	8.54268362546308602E0
4.96241239771378861E-9	8.52216171967531899E0
5.02491239771378861E-9	8.43736832790367863E0
5.08741239771378861E-9	8.30101818262781066E0
5.13627328100300318E-9	8.13732048587005607E0
5.19877328100300407E-9	7.92398466585432981E0
5.25285382474817286E-9	7.77184331458793931E0
5.30658050335743958E-9	7.62956624941979289E0
5.36908050335744047E-9	7.51688218212423198E0
5.42741586725700742E-9	7.49778450448557088E0
5.48991586725700742E-9	7.52784741566307503E0
5.55145840106435084E-9	7.61741651229454053E0
5.59678667757058435E-9	7.73747604691814850E0
5.64364329049749713E-9	7.87129443576043997E0
5.68595823133891098E-9	7.98555931466790003E0
5.72113154369727983E-9	8.09179330942234110E0
5.78363154369727983E-9	8.27519571843870239E0
5.82299187964704146E-9	8.35574150626579382E0
5.88549187964703968E-9	8.43872801473871270E0
5.93570930831011445E-9	8.47859250308316348E0
5.98457961168127817E-9	8.46175320925449803E0
6.04017296251222913E-9	8.38126221050556452E0
6.08705156753143761E-9	8.29802621281612929E0
6.14955156753143584E-9	8.14900883041019419E0
6.19887325864858774E-9	7.99659885961267669E0
6.23511033484573840E-9	7.89208873032112646E0
6.28931479623943801E-9	7.75654669354856452E0
6.31819750379178657E-9	7.68283922110747053E0
6.34774895686107588E-9	7.61101353362921174E0
6.37191508424899133E-9	7.56873763159110347E0
6.42289531609039344E-9	7.53301131726326556E0
6.45805983322602373E-9	7.53133796527874200E0
6.52055983322602373E-9	7.56657136723646673E0
6.57445159597397932E-9	7.66235774416862281E0
6.63695159597398110E-9	7.81346984320346838E0
6.69787692391733636E-9	7.96439357810091497E0
6.76037692391733813E-9	8.13978662706998968E0
6.82287692391733636E-9	8.29881152409717870E0
6.88537692391733547E-9	8.39744626181611942E0
6.94726148823551704E-9	8.45618929245129003E0
7.00976148823551615E-9	8.45374176011575962E0
7.07226148823551526E-9	8.36212230890820329E0
7.13476148823551348E-9	8.20328690462653576E0
7.19726148823551259E-9	7.94216624051851650E0
7.25643539433951368E-9	7.62546119013740409E0
7.30040778172248395E-9	7.44672980219526615E0
7.31441281256544329E-9	7.41325238920739338E0
7.32973703026874190E-9	7.38596121859131571E0
7.34128110471698925E-9	7.36833645718565489E0
7.35751431171687109E-9	7.34430284808678646E0
7.37236816580331666E-9	7.32402915357055573E0
7.38810957711638139E-9	7.30923044018084234E0
7.40484473891014616E-9	7.30774877603562256E0
7.42796191834871333E-9	7.33502120897176102E0
7.44040837255848686E-9	7.36217100121216461E0
7.44942010195681714E-9	7.38509191361064321E0
7.45833378644220613E-9	7.40880561448402819E0
7.48507483989836864E-9	7.47874742466332521E0
7.50288902184378514E-9	7.52491422381987807E0
7.52568755518912891E-9	7.59294494987382684E0
7.55153717597509377E-9	7.69249202807291699E0
7.58061532841387642E-9	7.82426141076092563E0
7.60851082886317975E-9	7.94609883467430045E0
7.66820404071088824E-9	8.16861664733820803E0
7.69956053779466387E-9	8.28323182320475659E0
7.75603873393365806E-9	8.47974833969788833E0
7.78785121562290072E-9	8.55432570649166557E0
7.85035121562289895E-9	8.62327386666628115E0
7.88564901496240367E-9	8.64285175768562652E0
7.93904775872684265E-9	8.62177877150900507E0
7.99421375439395021E-9	8.50565545817171476E0
8.04962882841731187E-9	8.34915217632630302E0
8.11212882841731009E-9	8.12424091873372234E0
8.16597423360833119E-9	7.81573486467057155E0
8.22847423360832941E-9	7.39016746981186401E0
8.27759352468849308E-9	7.12608505305284012E0
8.34009352468849130E-9	6.94887627269323094E0
8.40259352468849308E-9	6.94575295736064025E0
8.46509352468849130E-9	7.14184296616024383E0
8.52759352468849308E-9	7.49928207653635148E0
8.59009352468849130E-9	7.92903603862169870E0
8.65259352468848952E-9	8.37632133611328378E0
8.71509352468848775E-9	8.76156540983001797E0
8.76606674625432447E-9	8.97300036358887709E0
8.80727173187738188E-9	9.07608957481597400E0
8.85456973066266251E-9	9.12008655364376075E0
8.90169039424674402E-9	9.06398672396471561E0
8.95923624825694276E-9	8.88104644875733840E0
9.00393790131798255E-9	8.68345274644881826E0
9.05411893446408911E-9	8.40976773742935002E0
9.10321592633517263E-9	8.09613262114588750E0
9.16571592633516907E-9	7.63987649205286878E0
9.22821592633517085E-9	7.08991399103616260E0
9.29071592633516730E-9	6.57493187532568513E0
9.35321592633516730E-9	6.33477415224145179E0
9.41571592633517263E-9	6.37240547783474209E0
9.47821592633517085E-9	6.62431205018595648E0
9.54071592633516907E-9	7.14348413434557994E0
9.60321592633517263E-9	7.82670939908575747E0
9.66416688569720606E-9	8.49792148189675700E0
9.72666688569720606E-9	9.15446037516678501E0
9.75633332436599510E-9	9.42567002424002354E0
9.77663735249756272E-9	9.56898705798972138E0
9.81223952615705564E-9	9.73646724101029015E0
9.83394299706296060E-9	9.80168012727339644E0
9.86946511428358875E-9	9.86371394498563703E0
9.89829779057356518E-9	9.85016557256257386E0
9.93460249697525910E-9	9.72351405050069673E0
9.96684658665255441E-9	9.53566765968988506E0
9.99376866669854280E-9	9.35596082701409770E0
1.00278925852258327E-8	9.09693236281084161E0
1.00504490576317762E-8	8.89221576991895901E0
1.00916754596938940E-8	8.46285853302925695E0
1.01179711028104213E-8	8.18202911620822704E0
1.01667721789205068E-8	7.67502716337205904E0
1.02001780214815829E-8	7.29660096913175238E0
1.02545671465964494E-8	6.62045039068826835E0
1.02908161062053116E-8	6.22136248140165904E0
1.03507963150912552E-8	5.81951089180128722E0
1.04056014055815904E-8	5.69242284270272592E0
1.04681014055815891E-8	5.84481535848234746E0
1.05275852552333271E-8	6.33669708936752407E0
1.05900852552333258E-8	7.09091327079297162E0
1.06525852552333267E-8	7.96860684227515925E0
1.07150852552333276E-8	8.90666144041881758E0
1.07775852552333240E-8	9.71262753640552035E0
1.08400852552333249E-8	1.02430381748936083E1
1.09014197847553596E-8	1.04774388282316022E1
1.09496537393427151E-8	1.04139938689729639E1
1.09879891193323531E-8	1.01921271336329022E1
1.10260162514069582E-8	9.87188688987045282E0
1.10746179316903937E-8	9.35439877467694281E0
1.11092170212097341E-8	8.90043648641095331E0
1.11365401367954187E-8	8.49824152062009830E0
1.11604653308603519E-8	8.13582592679432537E0
1.11881659941801725E-8	7.71837042326579059E0
1.12120489326079675E-8	7.35558575713938456E0
1.12485431681055004E-8	6.79424338948376860E0
1.12891075514745909E-8	6.21676356372208794E0
1.13365854215712747E-8	5.70171334767281479E0
1.13952369207360737E-8	5.33665952396075483E0
1.14577369207360746E-8	5.28722045627039972E0
1.15120551415575845E-8	5.57671795423314265E0
1.15745551415575854E-8	6.24736653071006565E0
1.16370551415575862E-8	7.15086460076203867E0
1.16995551415575849E-8	8.19518459601750671E0
1.17620551415575836E-8	9.22724880892790011E0
1.18245551415575822E-8	1.00554744506092830E1
1.18870551415575809E-8	1.05871211339069604E1
1.19495551415575796E-8	1.07467614046425330E1
1.20078600433401550E-8	1.05091066071006578E1
1.20680277530559388E-8	9.93139337079386308E0
1.21235213881238302E-8	9.16377193481880070E0
1.21622101794495596E-8	8.51570882625390801E0
1.22247101794495583E-8	7.40725037252615781E0
1.22827561215298653E-8	6.44746035408504792E0
1.23452561215298617E-8	5.61113532431526618E0
1.24077561215298626E-8	5.09975415617907402E0
1.24702561215298613E-8	5.01030521170275822E0
1.25327561215298622E-8	5.33284184985381682E0
1.25952561215298631E-8	6.02453256831709094E0
1.26577561215298640E-8	7.01295767272375237E0
1.27202561215298604E-8	8.13637424706968737E0
1.27827561215298591E-8	9.22439332263377310E0
1.28452561215298644E-8	1.01324345110822156E1
1.29077561215298586E-8	1.07058656809860531E1
1.29702561215298573E-8	1.08522771019313247E1
1.30327561215298582E-8	1.05651619580267653E1
1.30952561215298591E-8	9.87004535685590945E0
1.31548228473657280E-8	8.91369220402674678E0
1.32118106041233974E-8	7.86613577258582186E0
1.32743106041233982E-8	6.71946548749636641E0
1.33368106041233969E-8	5.73286137408665653E0
1.33993106041234000E-8	5.06648239474918061E0
1.34618106041233965E-8	4.80748386248475157E0
1.35243106041233996E-8	4.98395593133518311E0
1.35868106041233982E-8	5.58635264577637525E0
1.36493106041233969E-8	6.52832821417915099E0
1.37118106041233956E-8	7.66781301097710433E0
1.37743106041233987E-8	8.84583078550273783E0
1.38368106041233951E-8	9.87984263643616778E0
1.38993106041233960E-8	1.06030810923361107E1
1.39618106041233991E-8	1.09111820307894436E1
1.40243106041233956E-8	1.07525169654803032E1
1.40868106041233920E-8	1.01424245849836381E1
1.41493106041233974E-8	9.17986372856032773E0
1.42105327784565882E-8	8.03472910630352466E0
1.42718776130656355E-8	6.85049809472467075E0
1.43343776130656386E-8	5.79120608025256889E0
1.43968776130656395E-8	5.03573944668652640E0
1.44593776130656382E-8	4.68562710171363683E0
1.45218776130656368E-8	4.79271102464204990E0
1.45843776130656377E-8	5.34365268530217730E0
1.46468776130656342E-8	6.25949203439056845E0
1.47093776130656329E-8	7.41390996487500598E0
1.47718776130656337E-8	8.63558453693024930E0
1.48343776130656391E-8	9.73283554286866170E0
1.48968776130656355E-8	1.05381986811254191E1
1.49593776130656386E-8	1.09260845217920122E1
1.50218776130656373E-8	1.08304266821637851E1
1.50843776130656382E-8	1.02670779183511418E1
1.51468776130656368E-8	9.32359134641715848E0
1.52038342782993618E-8	8.24939991384070481E0
1.52663342782993650E-8	7.01084283068665037E0
1.53288342782993681E-8	5.89213632168054158E0
1.53913342782993690E-8	5.05738097740921067E0
1.54538342782993698E-8	4.62704649115003797E0
1.55163342782993685E-8	4.65997444379381331E0
1.55788342782993761E-8	5.14843549220363350E0
1.56413342782993725E-8	6.02865100801809106E0
1.57038342782993778E-8	7.17870900851212301E0
1.57663342782993765E-8	8.42473962217468220E0
1.58288342782993752E-8	9.57569336545749117E0
1.58913342782993805E-8	1.04542027744691657E1
1.59538342782993814E-8	1.09196671056691264E1
1.60163342782993801E-8	1.08978541501600334E1
1.60788342782993832E-8	1.03933805031478443E1
1.61413342782993841E-8	9.48290547444057808E0
1.62038342782993849E-8	8.30778829721670853E0
1.62663342782993880E-8	7.05232708959955890E0
1.63288342782993867E-8	5.90810581127254597E0
1.63913342782993920E-8	5.04622354173185172E0
1.64538342782993885E-8	4.59162474154021361E0
1.65163342782993916E-8	4.60312111245600430E0
1.65788342782993925E-8	5.07690530463596268E0
1.66413342782993934E-8	5.95266200323218264E0
1.67038342782993987E-8	7.10784382924272862E0
1.67663342782993996E-8	8.36878848544170673E0
1.68288342782993983E-8	9.54248858472705130E0
1.68913342782994036E-8	1.04458669237193114E1
1.69538342782994067E-8	1.09349098436163472E1
1.70163342782994054E-8	1.09326458481004396E1
1.70788342782994040E-8	1.04397124719345102E1
1.71413342782994049E-8	9.53234430713842151E0
1.72038342782994080E-8	8.35318545634271459E0
1.72663342782994111E-8	7.08689080164998764E0
1.73288342782994120E-8	5.92800581898887469E0
1.73913342782994174E-8	5.05123015073440840E0
1.74538342782994116E-8	4.58257621048923802E0
1.75163342782994125E-8	4.58218849766848724E0
1.75788342782994156E-8	5.04796084795638755E0
1.76413342782994143E-8	5.92060717572256134E0
1.77038342782994151E-8	7.07913933891686131E0
1.77663342782994205E-8	8.34984081495099062E0
1.78288342782994214E-8	9.53709835116707083E0
1.78913342782994267E-8	1.04556089792545337E1
1.79538342782994187E-8	1.09592391944900003E1
1.80163342782994285E-8	1.09682161291604419E1
1.80788342782994271E-8	1.04818814389986681E1
1.81413342782994258E-8	9.57644022489552427E0
1.82038342782994267E-8	8.39442944168306582E0
1.82663342782994276E-8	7.12161477850543978E0
1.83288342782994329E-8	5.95464262806820255E0
1.83913342782994338E-8	5.06950383943610383E0
1.84538342782994347E-8	4.59317843239308043E0
1.85163342782994356E-8	4.58652917664404214E0
1.85788342782994320E-8	5.04749326002318632E0
1.86413342782994373E-8	5.91801432849651565E0
1.87038342782994427E-8	7.07879070242837027E0
1.87663342782994369E-8	8.35538388320932945E0
1.88288342782994422E-8	9.55068289457893194E0
1.88913342782994453E-8	1.04784911367943656E1
1.89538342782994440E-8	1.09907651368621972E1
1.90163342782994471E-8	1.10061089515639265E1
1.90788342782994502E-8	1.05236419882546084E1
1.91413342782994511E-8	9.61912774462585141E0
1.92038342782994542E-8	8.43511322748647174E0
1.92663342782994507E-8	7.15856350474231995E0
1.93288342782994538E-8	5.98702637473704602E0
1.93913342782994547E-8	5.09720815772881330E0
1.94538342782994556E-8	4.61691395921762116E0
1.95163342782994609E-8	4.60685026188926816E0
1.95788342782994595E-8	5.06477638794817064E0
1.96413342782994560E-8	5.93389934236907735E0
1.97038342782994591E-8	7.09593975461063220E0
1.97663342782994622E-8	8.37590698920404542E0
1.98288342782994675E-8	9.57598188300596043E0
1.98913342782994729E-8	1.05093053632382172E1
1.99538342782994671E-8	1.10265251707088496E1
2.00163342782994702E-8	1.10454641364954043E1
2.00788342782994711E-8	1.05651289240137536E1
2.01413342782994720E-8	9.66091573281177673E0
2.02038342782994729E-8	8.47556096647360491E0
2.02663342782994693E-8	7.19680704036007413E0
2.03288342782994791E-8	6.02260155404740249E0
2.03913342782994800E-8	5.13017566164477934E0
2.04538342782994809E-8	4.64778872551199029E0
2.05163342782994773E-8	4.63576108235313455E0
2.05788342782994826E-8	5.09179227692859104E0
2.06413342782994791E-8	5.95998962100113161E0
2.07038342782994844E-8	7.12262981230021275E0
2.07663342782994853E-8	8.40446448588682493E0
2.08288342782994862E-8	9.60726506017694071E0
2.08913342782994871E-8	1.05436540803241230E1
2.09538342782994924E-8	1.10635640638456190E1
2.10163342782994933E-8	1.10843980364837891E1
2.10788342782994942E-8	1.06050527746812540E1
2.11413342782994906E-8	9.70079037043566395E0
2.12038342782995004E-8	8.51449467602898658E0
2.12663342782994969E-8	7.23433027784830518E0
2.13288342782995022E-8	6.05850925651157013E0
2.13913342782995031E-8	5.16456568346299516E0
2.14538342782994951E-8	4.68097298548797536E0
2.15163342782995048E-8	4.66780730611142403E0
2.15788342782995102E-8	5.12274492148675975E0
2.16413342782995022E-8	5.99040184494149219E0
2.17038342782995031E-8	7.15333393010021190E0
2.17663342782995084E-8	8.43614377581041985E0
2.18288342782995137E-8	9.64035005624267249E0
2.18913342782995102E-8	1.05782443018441952E1
2.19538342782995111E-8	1.10994003765022731E1
2.20163342782995164E-8	1.11210061523413772E1
2.20788342782995128E-8	1.06419007439643765E1
2.21413342782995182E-8	9.73734390420206175E0
2.22038342782995146E-8	8.55030342710701596E0
2.22663342782995199E-8	7.26915744320424029E0
2.23288342782995208E-8	6.09229787787085098E0
2.23913342782995262E-8	5.19739472541468217E0
2.24538342782995226E-8	4.71304189356786374E0
2.25163342782995191E-8	4.69926434247717051E0
2.25788342782995288E-8	5.15372652131110165E0
2.26413342782995297E-8	6.02123598342730215E0
2.27038342782995262E-8	7.18439109661428699E0
2.27663342782995270E-8	8.46765672227572530E0
2.28288342782995324E-8	9.67242915368932721E0
2.28913342782995333E-8	1.06108210975759465E1
2.29538342782995342E-8	1.11322497282162258E1
2.30163342782995350E-8	1.11538605693422799E1
2.30788342782995404E-8	1.06744863663171485E1
2.31413342782995413E-8	9.76943040468161961E0
2.32038342782995421E-8	8.58173608935689991E0
2.32663342782995430E-8	7.29985854615302721E0
2.33288342782995439E-8	6.12227712011490510E0
2.33913342782995493E-8	5.22672584195903234E0
2.34538342782995457E-8	4.74187916044073621E0
2.35163342782995510E-8	4.72785744748197079E0
2.35788342782995564E-8	5.18235617953872207E0
2.36413342782995484E-8	6.05010831473363719E0
2.37038342782995493E-8	7.21353422550779566E0
2.37663342782995546E-8	8.49697208692771433E0
2.38288342782995599E-8	9.70178390353124342E0
2.38913342782995564E-8	1.06400066385998260E1
2.39538342782995572E-8	1.11610481490258984E1
2.40163342782995626E-8	1.11821397700207248E1
2.40788342782995635E-8	1.07021448373616868E1
2.41413342782995599E-8	9.79643387107799413E0
2.42038342782995652E-8	8.60813552313529051E0
2.42663342782995661E-8	7.32568747651673124E0
2.43288342782995670E-8	6.14757753391748807E0
2.43913342782995723E-8	5.25158045232419912E0
2.44538342782995732E-8	4.76642930260776598E0
2.45163342782995652E-8	4.75243883124554944E0
2.45788342782995706E-8	5.20739086813360785E0
2.46413342782995759E-8	6.07572801038198573E0
2.47038342782995812E-8	7.23951007063962138E0
2.47663342782995777E-8	8.52297666347430649E0
2.48288342782995741E-8	9.72750142061021883E0
2.48913342782995795E-8	1.06651151475466777E1
2.49538342782995848E-8	1.11853411265500569E1
2.50163342782995857E-8	1.12055707254452463E1
2.50788342782995821E-8	1.07247260133605682E1
2.51413342782995741E-8	9.81827022400613814E0
2.52038342782995928E-8	8.62941187453574798E0
2.52663342782995848E-8	7.34651323866347283E0
2.53288342782995812E-8	6.16801682590039313E0
2.53913342782995954E-8	5.27171975270962800E0
2.54538342782995919E-8	4.78640898193873099E0
2.55163342782995883E-8	4.77265717803676459E0
2.55788342782995937E-8	5.22837112845367802E0
2.56413342782995946E-8	6.09755300101242970E0
2.57038342782995954E-8	7.26176919488337980E0
2.57663342782996008E-8	8.54519208031087274E0
2.58288342782995972E-8	9.74923437773016133E0
2.58913342782995981E-8	1.06859650893759328E1
2.59538342782996034E-8	1.12051227195579473E1
2.60163342782996088E-8	1.12242960680196679E1
2.60788342782996052E-8	1.07424815381986205E1
2.61413342782996061E-8	9.83526078802217540E0
2.62038342782996114E-8	8.64590118531923224E0
2.62663342782996123E-8	7.36265484491808309E0
2.63288342782996043E-8	6.18388984534552755E0
2.63913342782996097E-8	5.28740075687964062E0
2.64538342782996150E-8	4.80203552214480389E0
2.65163342782996114E-8	4.78866541480418917E0
2.65788342782996256E-8	5.24533579196947386E0
2.66413342782996176E-8	6.11552377082844512E0
2.67038342782996185E-8	7.28022123335579963E0
2.67663342782996194E-8	8.56355709428675027E0
2.68288342782996247E-8	9.76700901687542888E0
2.68913342782996212E-8	1.07027091798534579E1
2.69538342782996221E-8	1.12206796329923919E1
2.70163342782996319E-8	1.12387264728950909E1
2.70788342782996327E-8	1.07559189268044220E1
2.71413342782996292E-8	9.84797507024762986E0
2.72038342782996345E-8	8.65819657466106207E0
2.72663342782996310E-8	7.37469848982490994E0
2.73288342782996230E-8	6.19576395598633223E0
2.73913342782996416E-8	5.29916047822787295E0
2.74538342782996381E-8	4.81380436853440674E0
2.75163342782996345E-8	4.80089375503938864E0
2.75788342782996487E-8	5.25860912149986692E0
2.76413342782996363E-8	6.12986693606363886E0
2.77038342782996416E-8	7.29505289248933231E0
2.77663342782996470E-8	8.57826733814578724E0
2.78288342782996434E-8	9.78107852694545166E0
2.78913342782996443E-8	1.07156966261392705E1
2.79538342782996452E-8	1.12324628037461727E1
2.80163342782996549E-8	1.12494109781825680E1
2.80788342782996558E-8	1.07656683034714673E1
2.81413342782996523E-8	9.85709255170440635E0
2.82038342782996576E-8	8.66699964271309042E0
2.82663342782996496E-8	7.38334227561453460E0
2.83288342782996505E-8	6.20431753687352217E0
2.83913342782996647E-8	5.30765042459036618E0
2.84538342782996612E-8	4.82232674162094366E0
2.85163342782996532E-8	4.80989131722606889E0
2.85788342782996585E-8	5.26865163051422059E0
2.86413342782996594E-8	6.14095836255143546E0
2.87038342782996647E-8	7.30660057433647570E0
2.87663342782996612E-8	8.58966073128913621E0
2.88288342782996665E-8	9.79181745047947771E0
2.88913342782996629E-8	1.07253716002536104E1
2.89538342782996683E-8	1.12409916527670273E1
2.90163342782996825E-8	1.12569399421231209E1
2.90788342782996656E-8	1.07723817929657462E1
2.91413342782996665E-8	9.86330106813143814E0
2.92038342782996807E-8	8.67301246086460509E0
2.92663342782996727E-8	7.38928520444774684E0
2.93288342782996736E-8	6.21022990034882838E0
2.93913342782996745E-8	5.31352535614431432E0
2.94538342782996798E-8	4.82822349508882098E0
2.95163342782996807E-8	4.81622594435924256E0
2.95788342782996816E-8	5.27596305704647328E0
2.96413342782996825E-8	6.14923334470690097E0
2.97038342782996878E-8	7.31526630071987594E0
2.97663342782996887E-8	8.59813885534619615E0
2.98288342782996896E-8	9.79965021176570161E0
2.98913342782996860E-8	1.07322048036476292E1
2.99538342782996736E-8	1.12467890325122788E1
3.00163342782996789E-8	1.12618820417195620E1
3.00788342782996843E-8	1.07766687665912131E1
3.01413342782996763E-8	9.86723265826231533E0
3.02038342782996727E-8	8.67687197314694814E0
3.02663342782996736E-8	7.39315975222883193E0
3.03288342782996789E-8	6.21411648435502251E0
3.03913342782996709E-8	5.31737928484071620E0
3.04538342782996629E-8	4.83206391065557384E0
3.05163342782996683E-8	4.82042757234102570E0
3.05788342782996647E-8	5.28102538457386839E0
3.06413342782996612E-8	6.15513134533240169E0
3.07038342782996576E-8	7.32146560464865725E0
3.07663342782996541E-8	8.60411639415321261E0
3.08288342782996549E-8	9.80500563280379112E0
3.08913342782996558E-8	1.07366517642581050E1
3.09538342782996478E-8	1.12503419620469414E1
3.10163342782996487E-8	1.12647493078710648E1
3.10788342782996452E-8	1.07790617777200093E1
3.11413342782996372E-8	9.86943050175272596E0
3.12038342782996425E-8	8.67911873288184488E0
3.12663342782996390E-8	7.39549961257174537E0
3.13288342782996310E-8	6.21649819224830047E0
3.13913342782996452E-8	5.31971661606143620E0
3.14538342782996327E-8	4.83433693939958609E0
3.15163342782996336E-8	4.82296123766381957E0
3.15788342782996345E-8	5.28427416557472096E0
3.16413342782996265E-8	6.15906487139048764E0
3.17038342782996363E-8	7.32559755291373715E0
3.17663342782996194E-8	8.60799153203477907E0
3.18288342782996292E-8	9.80829009266540552E0
3.18913342782996256E-8	1.07391306291396238E1
3.19538342782996221E-8	1.12520820953026357E1
3.20163342782996141E-8	1.12659821220893130E1
3.20788342782996105E-8	1.07800049106642115E1
3.21413342782996025E-8	9.87033845952899114E0
3.22038342782996034E-8	8.68018908786534382E0
3.22663342782996132E-8	7.39673209524041742E0
3.23288342782996052E-8	6.21779372322266166E0
3.23913342782996105E-8	5.32094598001033958E0
3.24538342782996114E-8	4.83544385877967731E0
3.25163342782996079E-8	4.82421862668743540E0
3.25788342782996043E-8	5.28608791195350403E0
3.26413342782996008E-8	6.16140457206830305E0
3.27038342782995972E-8	7.32802916115814273E0
3.27663342782995937E-8	8.61013086517760229E0
3.28288342782995901E-8	9.80987360631144689E0
3.28913342782995954E-8	1.07400127754343666E1
3.29538342782995874E-8	1.12523798208300763E1
3.30163342782995883E-8	1.12659470361048397E1
3.30788342782995803E-8	1.07798561679891058E1
3.31413342782995768E-8	9.87030516452080420E0
3.32038342782995821E-8	8.68042122072382405E0
3.32663342782995697E-8	7.39718537291185019E0
3.33288342782995795E-8	6.21832576702508621E0
3.33913342782995892E-8	5.32138668827654282E0
3.34538342782995635E-8	4.83570348302655084E0
3.35163342782995821E-8	4.82452028655569354E0
3.35788342782995741E-8	5.28678767842910613E0
3.36413342782995661E-8	6.16247463494260028E0
3.37038342782995670E-8	7.32908869652337458E0
3.37663342782995590E-8	8.61086339944977652E0
3.38288342782995599E-8	9.81008452080016369E0
3.38913342782995652E-8	1.07396210231741795E1
3.39538342782995528E-8	1.12515465928803371E1
3.40163342782995581E-8	1.12649420853706106E1
3.40788342782995546E-8	1.07788971062907213E1
3.41413342782995510E-8	9.86959605069026580E0
3.42038342782995430E-8	8.68006814071498489E0
3.42663342782995484E-8	7.39710285628572883E0
3.43288342782995537E-8	6.21833433570773675E0
3.43913342782995501E-8	5.32128095937911727E0
3.44538342782995377E-8	4.83536334022892333E0
3.45163342782995386E-8	4.82412330663507927E0
3.45788342782995484E-8	5.28664154365744743E0
3.46413342782995404E-8	6.16255403244381395E0
3.47038342782995279E-8	7.32906426903570285E0
3.47663342782995333E-8	8.61047957447338952E0
3.48288342782995297E-8	9.80920951714798406E0
3.48913342782995350E-8	1.07382319450070307E1
3.49538342782995226E-8	1.12498412740361520E1
3.50163342782995279E-8	1.12632058681188196E1
3.50788342782995244E-8	1.07773451436559986E1
3.51413342782995208E-8	9.86840841594667140E0
3.52038342782995262E-8	8.67931322151821583E0
3.52663342782995137E-8	7.39665953526953057E0
3.53288342782995191E-8	6.21799258029012769E0
3.53913342782995155E-8	5.32080785029266412E0
3.54538342782995075E-8	4.83461244895197328E0
3.55163342782995084E-8	4.82323114745195536E0
3.55788342782995093E-8	5.28587091038481827E0
3.56413342782995102E-8	6.16188043681633157E0
3.57038342782994977E-8	7.32820541630540756E0
3.57663342782994986E-8	8.60923269895303989E0
3.58288342782995040E-8	9.80749637323062196E0
3.58913342782995048E-8	1.07360801620408686E1
3.59538342782994924E-8	1.12474776639248097E1
3.60163342782994889E-8	1.12609278265478308E1
3.60788342782994986E-8	1.07753659636319288E1
3.61413342782994906E-8	9.86688630947528722E0
3.62038342782994915E-8	8.67828564712317707E0
3.62663342782994835E-8	7.39597744468385176E0
3.63288342782994933E-8	6.21742211975389392E0
3.63913342782994809E-8	5.32009673151886275E0
3.64538342782994818E-8	4.83359328133301780E0
3.65163342782994782E-8	4.82200352154192657E0
3.65788342782994880E-8	5.28465708149718694E0
3.66413342782994622E-8	6.16065480934143483E0
3.67038342782994764E-8	7.32672615195629895E0
3.67663342782994729E-8	8.60734138514549940E0
3.68288342782994693E-8	9.80515769603492338E0
3.68913342782994702E-8	1.07333633807498918E1
3.69538342782994622E-8	1.12446316915714473E1
3.70163342782994675E-8	1.12582580454989101E1
3.70788342782994640E-8	1.07730847995510004E1
3.71413342782994604E-8	9.86513354439710355E0
3.72038342782994569E-8	8.67707425004984856E0
3.72663342782994578E-8	7.39513906364017970E0
3.73288342782994498E-8	6.21670628079357002E0
3.73913342782994462E-8	5.31923922545543526E0
3.74538342782994471E-8	4.83241195036142468E0
3.75163342782994524E-8	4.82056511968898604E0
3.75788342782994444E-8	5.28314741544057842E0
3.76413342782994409E-8	6.15904569038808170E0
3.77038342782994373E-8	7.32480843365747258E0
3.77663342782994427E-8	8.60499233904346106E0
3.78288342782994436E-8	9.80237459215874374E0
3.78913342782994444E-8	1.07302473877606430E1
3.79538342782994320E-8	1.12414476991572831E1
3.80163342782994373E-8	1.12553156333986193E1
3.80788342782994338E-8	1.07705961016025276E1
3.81413342782994214E-8	9.86322428337289381E0
3.82038342782994267E-8	8.67573897870514266E0
3.82663342782994231E-8	7.39419836419291965E0
3.83288342782994285E-8	6.21590070907075720E0
3.83913342782994249E-8	5.31829911127441779E0
3.84538342782994125E-8	4.83114650201886064E0
3.85163342782994178E-8	4.81901268993239018E0
3.85788342782994143E-8	5.28146074052614445E0
3.86413342782994107E-8	6.15719292341826741E0
3.87038342782994027E-8	7.32260542027340211E0
3.87663342782994080E-8	8.60234321928577650E0
3.88288342782994134E-8	9.79929989060415174E0
3.88913342782994098E-8	1.07268705120288899E1
3.89538342782994018E-8	1.12380437494346208E1
3.90163342782993983E-8	1.12521953877636105E1
3.90788342782994036E-8	1.07679714138973059E1
3.91413342782993912E-8	9.86121131955360575E0
3.92038342782993876E-8	8.67431980159198446E0
3.92663342782993841E-8	7.39318958939368631E0
3.93288342782993983E-8	6.21504150012402423E0
3.93913342782993903E-8	5.31732007440410559E0
3.94538342782993823E-8	4.82985352382292632E0
3.95163342782993965E-8	4.81742050856422654E0
3.95788342782993974E-8	5.27969188298570469E0
3.96413342782993894E-8	6.15521088791668358E0
3.97038342782993769E-8	7.32024427593460913E0
3.97663342782993734E-8	8.59952539451516174E0
3.98288342782993743E-8	9.79606093517326926E0
3.98913342782993796E-8	1.07233473333219131E1
3.99538342782993716E-8	1.12345160462029625E1
4.00000000000000000E-8	1.12941280337835259E1


time	Tran2.TRAN.Vc
1.00000000000000000E-6	1.11690622104005599E1
1.00000999999999984E-6	1.11148107729341872E1
1.00002000000000013E-6	1.10480748284197405E1
1.00003000000000020E-6	1.09691262284459001E1
1.00004000000000026E-6	1.08782862364526145E1
1.00005000000000033E-6	1.07759241877934553E1
1.00006000000000039E-6	1.06624559650425033E1
1.00007000000000046E-6	1.05383422991070597E1
1.00008000000000052E-6	1.04040869010402259E1
1.00009000000000059E-6	1.02602344261195499E1
1.00010000000000066E-6	1.01073682692893607E1
1.00011000000000050E-6	9.94610819074317831E0
1.00012000000000034E-6	9.77710777196751657E0
1.00013000000000107E-6	9.60105170615948111E0
1.00014000000000092E-6	9.41865293136105208E0
1.00015000000000098E-6	9.23064961943346418E0
1.00016000000000105E-6	9.03780203773195723E0
1.00017000000000089E-6	8.84088930279772534E0
1.00018000000000118E-6	8.64070604584062885E0
1.00019000000000102E-6	8.43805900886592397E0
1.00020000000000131E-6	8.23376358815362508E0
1.00021000000000138E-6	8.02864033967111190E0
1.00022000000000144E-6	7.82351145929273084E0
1.00023000000000128E-6	7.61919725044655038E0
1.00024000000000157E-6	7.41651259284466136E0
1.00025000000000119E-6	7.21626342851492453E0
1.00026000000000170E-6	7.01924328450249657E0
1.00027000000000177E-6	6.82622985501950463E0
1.00028000000000183E-6	6.63798166837050641E0
1.00029000000000190E-6	6.45523486554929349E0
1.00030000000000197E-6	6.27870011740903333E0
1.00031000000000181E-6	6.10905970630738793E0
1.00032000000000210E-6	5.94696479615928286E0
1.00033000000000216E-6	5.79303291280112997E0
1.00034000000000223E-6	5.64784565452412313E0
1.00035000000000229E-6	5.51194665112252569E0
1.00036000000000214E-6	5.38583978827165932E0
1.00037000000000242E-6	5.26998771238062513E0
1.00038000000000227E-6	5.16481062816029102E0
1.00039000000000233E-6	5.07068539662526874E0
1.00040000000000240E-6	4.98794493412869411E0
1.00041000000000269E-6	4.91687790342718056E0
1.00042000000000275E-6	4.85772867554199195E0
1.00043000000000282E-6	4.81069752748579837E0
1.00044000000000266E-6	4.77594102673975751E0
1.00045000000000295E-6	4.75357254088731018E0
1.00046000000000301E-6	4.74366280176733124E0
1.00047000000000308E-6	4.74624045036641906E0
1.00048000000000314E-6	4.76129249277049471E0
1.00049000000000299E-6	4.78876461013914323E0
1.00050000000000305E-6	4.82856128625261416E0
1.00051000000000312E-6	4.88054574347424985E0
1.00052000000000318E-6	4.94453970863030534E0
1.00053000000000347E-6	5.02032306069768719E0
1.00054000000000354E-6	5.10763343751533672E0
1.00055000000000360E-6	5.20616589535138541E0
1.00056000000000367E-6	5.31557271993049518E0
1.00057000000000351E-6	5.43546347997880819E0
1.00058000000000380E-6	5.56540539545638069E0
1.00059000000000387E-6	5.70492406615888736E0
1.00060000000000393E-6	5.85350457662108514E0
1.00061000000000400E-6	6.01059296571493551E0
1.00062000000000406E-6	6.17559802801648505E0
1.00063000000000413E-6	6.34789340208955544E0
1.00064000000000397E-6	6.52681989858218792E0
1.00065000000000404E-6	6.71168802736883308E0
1.00066000000000410E-6	6.90178069438220021E0
1.00067000000000417E-6	7.09635605170530148E0
1.00068000000000401E-6	7.29465049477193439E0
1.00069000000000452E-6	7.49588180580996255E0
1.00070000000000459E-6	7.69925244146447341E0
1.00071000000000443E-6	7.90395295590884217E0
1.00072000000000427E-6	8.10916554043710747E0
1.00073000000000456E-6	8.31406764988633640E0
1.00074000000000485E-6	8.51783567785777507E0
1.00075000000000491E-6	8.71964863921528810E0
1.00076000000000476E-6	8.91869182028328034E0
1.00077000000000504E-6	9.11416036438885335E0
1.00078000000000511E-6	9.30526277065959739E0
1.00079000000000495E-6	9.49122429508397936E0
1.00080000000000502E-6	9.67129025169271728E0
1.00081000000000508E-6	9.84472921666790235E0
1.00082000000000493E-6	1.00108361379337873E1
1.00083000000000544E-6	1.01689353481555700E1
1.00084000000000528E-6	1.03183834713107769E1
1.00085000000000535E-6	1.04585722048469187E1
1.00086000000000541E-6	1.05889309529499664E1
1.00087000000000526E-6	1.07089292838881200E1
1.00088000000000577E-6	1.08180791862072012E1
1.00089000000000561E-6	1.09159371047346077E1
1.00090000000000590E-6	1.10021057460284721E1
1.00091000000000596E-6	1.10762356523566718E1
1.00092000000000581E-6	1.11380265509287923E1
1.00093000000000609E-6	1.11872284896687635E1
1.00094000000000594E-6	1.12236427711909914E1
1.00095000000000600E-6	1.12471226935830648E1
1.00096000000000607E-6	1.12575741009930175E1
1.00097000000000635E-6	1.12549557410728318E1
1.00098000000000642E-6	1.12392794214671143E1
1.00099000000000626E-6	1.12106099554899208E1
1.00100000000000611E-6	1.11690648880414223E1
1.00101000000000662E-6	1.11148139967095116E1
1.00102000000000668E-6	1.10480785683863592E1
1.00103000000000675E-6	1.09691304575120752E1
1.00104000000000659E-6	1.08782909363963864E1
1.00105000000000688E-6	1.07759293503379583E1
1.00106000000000672E-6	1.06624615897216435E1
1.00107000000000679E-6	1.05383483886988594E1
1.00108000000000685E-6	1.04040934560122911E1
1.00109000000000692E-6	1.02602414396579023E1
1.00110000000000721E-6	1.01073757241948092E1
1.00111000000000705E-6	9.94611605885304506E0
1.00112000000000689E-6	9.77711601604908509E0
1.00113000000000718E-6	9.60106028358802455E0
1.00114000000000725E-6	9.41866179852861940E0
1.00115000000000731E-6	9.23065873576152818E0
1.00116000000000760E-6	9.03781136838263777E0
1.00117000000000744E-6	8.84089881957537393E0
1.00118000000000773E-6	8.64071572625085160E0
1.00119000000000757E-6	8.43806883372021765E0
1.00120000000000764E-6	8.23377353840916371E0
1.00121000000000770E-6	8.02865039331826047E0
1.00122000000000799E-6	7.82352158905135653E0
1.00123000000000784E-6	7.61920742281792762E0
1.00124000000000768E-6	7.41652276874233873E0
1.00125000000000797E-6	7.21627356532407749E0
1.00126000000000803E-6	7.01925333907527094E0
1.00127000000000810E-6	6.82623978688021982E0
1.00128000000000794E-6	6.63799144234383931E0
1.00129000000000823E-6	6.45524445316409157E0
1.00130000000000852E-6	6.27870949674499723E0
1.00131000000000836E-6	6.10906886036839403E0
1.00132000000000843E-6	5.94697371025884447E0
1.00133000000000871E-6	5.79304157172003364E0
1.00134000000000856E-6	5.64785404025614568E0
1.00135000000000862E-6	5.51195474184620871E0
1.00136000000000869E-6	5.38584755881774768E0
1.00137000000000853E-6	5.26999513602613412E0
1.00138000000000904E-6	5.16481767919777024E0
1.00139000000000888E-6	5.07069205295487091E0
1.00140000000000917E-6	4.98795117914772312E0
1.00141000000000902E-6	4.91688372673822283E0
1.00142000000000908E-6	4.85773407236825516E0
1.00143000000000892E-6	4.81070249706066644E0
1.00144000000000921E-6	4.77594557019956767E0
1.00145000000000928E-6	4.75357665928426965E0
1.00146000000000934E-6	4.74366649471411073E0
1.00147000000000919E-6	4.74624371559146763E0
1.00148000000000947E-6	4.76129532657814281E0
1.00149000000000954E-6	4.78876700853421422E0
1.00150000000000960E-6	4.82856324635230472E0
1.00151000000000967E-6	4.88054726482362078E0
1.00152000000000951E-6	4.94454079412272751E0
1.00153000000000958E-6	5.02032371694745905E0
1.00154000000000987E-6	5.10763367467038520E0
1.00155000000000993E-6	5.20616572645044151E0
1.00156000000001000E-6	5.31557215997331411E0
1.00157000000001029E-6	5.43546254490832315E0
1.00158000000001035E-6	5.56540410124583929E0
1.00159000000001019E-6	5.70492242817602957E0
1.00160000000001026E-6	5.85350260939275557E0
1.00161000000001033E-6	6.01059068314840506E0
1.00162000000001017E-6	6.17559544403722604E0
1.00163000000001023E-6	6.34789053155428018E0
1.00164000000001052E-6	6.52681675823590801E0
1.00165000000001059E-6	6.71168463657891756E0
1.00166000000001043E-6	6.90177707541397556E0
1.00167000000001072E-6	7.09635222941776700E0
1.00168000000001056E-6	7.29464649577065671E0
1.00169000000001085E-6	7.49587765726224386E0
1.00170000000001092E-6	7.69924816989069516E0
1.00171000000001098E-6	7.90394858628327679E0
1.00172000000001127E-6	8.10916109583834199E0
1.00173000000001133E-6	8.31406315176901067E0
1.00174000000001118E-6	8.51783114681933284E0
1.00175000000001124E-6	8.71964409597955381E0
1.00176000000001131E-6	8.91868728656095655E0
1.00177000000001115E-6	9.11415586332902983E0
1.00178000000001122E-6	9.30525832674926434E0
1.00179000000001150E-6	9.49121993353655569E0
1.00180000000001135E-6	9.67128599752307316E0
1.00181000000001164E-6	9.84472509373450499E0
1.00182000000001170E-6	1.00108321682103663E1
1.00183000000001177E-6	1.01689315513976242E1
1.00184000000001183E-6	1.03183798651408343E1
1.00185000000001168E-6	1.04585688051552439E1
1.00186000000001196E-6	1.05889277744297861E1
1.00187000000001181E-6	1.07089263405187651E1
1.00188000000001209E-6	1.08180764915498395E1
1.00189000000001216E-6	1.09159346719887917E1
1.00190000000001223E-6	1.10021035878748186E1
1.00191000000001229E-6	1.10762337806609801E1
1.00192000000001213E-6	1.11380249763935835E1
1.00193000000001220E-6	1.11872272215033863E1
1.00194000000001227E-6	1.12236418168434704E1
1.00195000000001255E-6	1.12471220585572862E1
1.00196000000001262E-6	1.12575737887649518E1
1.00197000000001291E-6	1.12549557531193289E1
1.00198000000001253E-6	1.12392797574151970E1
1.00199000000001304E-6	1.12106106133781491E1
1.00200000000001266E-6	1.11690658646534535E1
1.00201000000001295E-6	1.11148152879079132E1
1.00202000000001301E-6	1.10480801693549591E1
1.00203000000001330E-6	1.09691323628270276E1
1.00204000000001314E-6	1.08782931398892257E1
1.00205000000001321E-6	1.07759318447824137E1
1.00206000000001305E-6	1.06624643664415109E1
1.00207000000001312E-6	1.05383514372349807E1
1.00208000000001318E-6	1.04040967639784965E1
1.00209000000001303E-6	1.02602449928618777E1
1.00210000000001354E-6	1.01073795070123795E1
1.00211000000001360E-6	9.94612005475910266E0
1.00212000000001344E-6	9.77712020815311078E0
1.00213000000001351E-6	9.60106465502237505E0
1.00214000000001380E-6	9.41866633259028241E0
1.00215000000001386E-6	9.23066341579707306E0
1.00216000000001393E-6	9.03781617749471344E0
1.00217000000001377E-6	8.84090374028802906E0
1.00218000000001384E-6	8.64072074027635573E0
1.00219000000001413E-6	8.43807392192559824E0
1.00220000000001397E-6	8.23377868100288346E0
1.00221000000001426E-6	8.02865557020018983E0
1.00222000000001410E-6	7.82352678021856640E0
1.00223000000001439E-6	7.61921260871370976E0
1.00224000000001423E-6	7.41652793047080827E0
1.00225000000001430E-6	7.21627868471214917E0
1.00226000000001458E-6	7.01925839861938705E0
1.00227000000001443E-6	6.82624476964777216E0
1.00228000000001449E-6	6.63799633189756477E0
1.00229000000001478E-6	6.45524923354986857E0
1.00230000000001485E-6	6.27871415254436549E0
1.00231000000001491E-6	6.10907337678772500E0
1.00232000000001475E-6	5.94697807321792649E0
1.00233000000001482E-6	5.79304576791640624E0
1.00234000000001511E-6	5.64785805720579237E0
1.00235000000001495E-6	5.51195856792242900E0
1.00236000000001502E-6	5.38585118331429502E0
1.00237000000001508E-6	5.26999854925637834E0
1.00238000000001537E-6	5.16482087261453771E0
1.00239000000001544E-6	5.07069501925212229E0
1.00240000000001528E-6	4.98795391229723961E0
1.00241000000001534E-6	4.91688622193057423E0
1.00242000000001563E-6	4.85773632586094806E0
1.00243000000001548E-6	4.81070450597503729E0
1.00244000000001554E-6	4.77594733233285318E0
1.00245000000001583E-6	4.75357817300307062E0
1.00246000000001589E-6	4.74366775896712767E0
1.00247000000001574E-6	4.74624473003433067E0
1.00248000000001580E-6	4.76129609175853918E0
1.00249000000001565E-6	4.78876752606086953E0
1.00250000000001616E-6	4.82856351897634450E0
1.00251000000001622E-6	4.88054729639481444E0
1.00252000000001606E-6	4.94454058943133923E0
1.00253000000001613E-6	5.02032328150639628E0
1.00254000000001642E-6	5.10763301451360796E0
1.00255000000001626E-6	5.20616484801457258E0
1.00256000000001655E-6	5.31557107009455887E0
1.00257000000001639E-6	5.43546125092073762E0
1.00258000000001668E-6	5.56540261112944368E0
1.00259000000001652E-6	5.70492075068739979E0
1.00260000000001659E-6	5.85350075412345650E0
1.00261000000001688E-6	6.01058866048852725E0
1.00262000000001672E-6	6.17559326506016770E0
1.00263000000001679E-6	6.34788820786586960E0
1.00264000000001685E-6	6.52681430183815614E0
1.00265000000001714E-6	6.71168205978294630E0
1.00266000000001720E-6	6.90177439080881872E0
1.00267000000001705E-6	7.09634944987406779E0
1.00268000000001711E-6	7.29464363444424002E0
1.00269000000001740E-6	7.49587472756680562E0
1.00270000000001747E-6	7.69924518542784675E0
1.00271000000001753E-6	7.90394556074276178E0
1.00272000000001738E-6	8.10915804289651376E0
1.00273000000001744E-6	8.31406008501607019E0
1.00274000000001751E-6	8.51782807972937128E0
1.00275000000001757E-6	8.71964104191629552E0
1.00276000000001764E-6	8.91868425879022375E0
1.00277000000001770E-6	9.11415287500483196E0
1.00278000000001821E-6	9.30525539084807463E0
1.00279000000001761E-6	9.49121706274013199E0
1.00280000000001812E-6	9.67128320407305964E0
1.00281000000001796E-6	9.84472238929972576E0
1.00282000000001803E-6	1.00108295638045131E1
1.00283000000001810E-6	1.01689290573681346E1
1.00284000000001838E-6	1.03183774912192261E1
1.00285000000001845E-6	1.04585665605364175E1
1.00286000000001851E-6	1.05889256678330335E1
1.00287000000001836E-6	1.07089243801938094E1
1.00288000000001842E-6	1.08180746852116760E1
1.00289000000001849E-6	1.09159330266977062E1
1.00290000000001855E-6	1.10021021098984861E1
1.00291000000001862E-6	1.10762324753654395E1
1.00292000000001846E-6	1.11380238481958194E1
1.00293000000001920E-6	1.11872262738954786E1
1.00294000000001882E-6	1.12236410524683139E1
1.00295000000001888E-6	1.12471214792993535E1
1.00296000000001895E-6	1.12575733958149038E1
1.00297000000001901E-6	1.12549555469880480E1
1.00298000000001930E-6	1.12392797378945275E1
1.00299000000001914E-6	1.12106107794712462E1
1.00300000000001921E-6	1.11690662145079056E1
1.00301000000001950E-6	1.11148158187841295E1
1.00302000000001934E-6	1.10480808776441419E1
1.00303000000001941E-6	1.09691332441135181E1
1.00304000000001947E-6	1.08782941890329221E1
1.00305000000001932E-6	1.07759330559935007E1
1.00306000000001960E-6	1.06624657333255435E1
1.00307000000001967E-6	1.05383529528055186E1
1.00308000000001973E-6	1.04040984206500031E1
1.00309000000001980E-6	1.02602467824480792E1
1.00310000000001986E-6	1.01073814207512802E1
1.00311000000001993E-6	9.94612208337544601E0
1.00312000000002000E-6	9.77712234194955521E0
1.00313000000002006E-6	9.60106688397925900E0
1.00314000000002035E-6	9.41866864644783419E0
1.00315000000002041E-6	9.23066580410459281E0
1.00316000000002026E-6	9.03781862962468807E0
1.00317000000002032E-6	8.84090624543270742E0
1.00318000000002039E-6	8.64072328745077733E0
1.00319000000002045E-6	8.43807650000175435E0
1.00320000000002052E-6	8.23378127878369526E0
1.00321000000002036E-6	8.02865817652663871E0
1.00322000000002065E-6	7.82352938408548937E0
1.00323000000002072E-6	7.61921519936736047E0
1.00324000000002056E-6	7.41653049746562765E0
1.00325000000002107E-6	7.21628121792341481E0
1.00326000000002113E-6	7.01926088822386696E0
1.00327000000002098E-6	6.82624720609999525E0
1.00328000000002104E-6	6.63799870592734997E0
1.00329000000002111E-6	6.45525153619912118E0
1.00330000000002117E-6	6.27871637524048065E0
1.00331000000002124E-6	6.10907551143718663E0
1.00332000000002131E-6	5.94698011229165857E0
1.00333000000002137E-6	5.79304770450441886E0
1.00334000000002121E-6	5.64785988502844116E0
1.00335000000002150E-6	5.51196028130570603E0
1.00336000000002157E-6	5.38585277714744759E0
1.00337000000002163E-6	5.27000001895759418E0
1.00338000000002170E-6	5.16482221412140508E0
1.00339000000002176E-6	5.07069622904256523E0
1.00340000000002161E-6	4.98795498742874788E0
1.00341000000002190E-6	4.91688716007884974E0
1.00342000000002196E-6	4.85773712533623847E0
1.00343000000002203E-6	4.81070516570658935E0
1.00344000000002209E-6	4.77594785182289350E0
1.00345000000002216E-6	4.75357855226704906E0
1.00346000000002222E-6	4.74366799847920717E0
1.00347000000002229E-6	4.74624483069597414E0
1.00348000000002213E-6	4.76129605489418495E0
1.00349000000002242E-6	4.78876735343438309E0
1.00350000000002249E-6	4.82856321281050782E0
1.00351000000002255E-6	4.88054685937769506E0
1.00352000000002239E-6	4.94454002469817411E0
1.00353000000002268E-6	5.02032259260015046E0
1.00354000000002297E-6	5.10763220533553497E0
1.00355000000002281E-6	5.20616392278389473E0
1.00356000000002288E-6	5.31557003332999400E0
1.00357000000002294E-6	5.43546010744939334E0
1.00358000000002301E-6	5.56540136611326108E0
1.00359000000002307E-6	5.70491940965140110E0
1.00360000000002270E-6	5.85349932296575215E0
1.00361000000002321E-6	6.01058714546154427E0
1.00362000000002305E-6	6.17559167272179188E0
1.00363000000002334E-6	6.34788654501367322E0
1.00364000000002340E-6	6.52681257544403870E0
1.00365000000002347E-6	6.71168027694626446E0
1.00366000000002353E-6	6.90177255873551410E0
1.00367000000002338E-6	7.09634757587881104E0
1.00368000000002344E-6	7.29464172596095395E0
1.00369000000002373E-6	7.49587279215076308E0
1.00370000000002380E-6	7.69924323073509864E0
1.00371000000002386E-6	7.90394359448380079E0
1.00372000000002393E-6	8.10915607277154926E0
1.00373000000002377E-6	8.31405811864732769E0
1.00374000000002406E-6	8.51782612460654498E0
1.00375000000002390E-6	8.71963910536493714E0
1.00376000000002419E-6	8.91868234796311121E0
1.00377000000002403E-6	9.11415099688603192E0
1.00378000000002432E-6	9.30525355225535478E0
1.00379000000002438E-6	9.49121527031293333E0
1.00380000000002423E-6	9.67128146424072455E0
1.00381000000002452E-6	9.84472070823474432E0
1.00382000000002458E-6	1.00108279473722961E1
1.00383000000002465E-6	1.01689275110867827E1
1.00384000000002449E-6	1.03183760202385244E1
1.00385000000002478E-6	1.04585651696362980E1
1.00386000000002484E-6	1.05889243614341400E1
1.00387000000002469E-6	1.07089231623670833E1
1.00388000000002497E-6	1.08180735596761735E1
1.00389000000002504E-6	1.09159319968009316E1
1.00390000000002488E-6	1.10021011785832790E1
1.00391000000002517E-6	1.10762316451330944E1
1.00392000000002501E-6	1.11380231210783687E1
1.00393000000002530E-6	1.11872256514455271E1
1.00394000000002537E-6	1.12236405357681934E1
1.00395000000002543E-6	1.12471210689826218E1
1.00396000000002572E-6	1.12575730920889749E1
1.00397000000002556E-6	1.12549553496464272E1
1.00398000000002563E-6	1.12392796463131828E1
1.00399000000002547E-6	1.12106107925909981E1
1.00400000000000000E-6	1.11690663309346805E1


time	Tran2.TRAN.VCC
1.00000000000000000E-6	8.00000000000000000E0
1.00000999999999984E-6	8.00000000000000000E0
1.00002000000000013E-6	8.00000000000000000E0
1.00003000000000020E-6	8.00000000000000000E0
1.00004000000000026E-6	8.00000000000000000E0
1.00005000000000033E-6	8.00000000000000000E0
1.00006000000000039E-6	8.00000000000000000E0
1.00007000000000046E-6	8.00000000000000000E0
1.00008000000000052E-6	8.00000000000000000E0
1.00009000000000059E-6	8.00000000000000000E0
1.00010000000000066E-6	8.00000000000000000E0
1.00011000000000050E-6	8.00000000000000000E0
1.00012000000000034E-6	8.00000000000000000E0
1.00013000000000107E-6	8.00000000000000000E0
1.00014000000000092E-6	8.00000000000000000E0
1.00015000000000098E-6	8.00000000000000000E0
1.00016000000000105E-6	8.00000000000000000E0
1.00017000000000089E-6	8.00000000000000000E0
1.00018000000000118E-6	8.00000000000000000E0
1.00019000000000102E-6	8.00000000000000000E0
1.00020000000000131E-6	8.00000000000000000E0
1.00021000000000138E-6	8.00000000000000000E0
1.00022000000000144E-6	8.00000000000000000E0
1.00023000000000128E-6	8.00000000000000000E0
1.00024000000000157E-6	8.00000000000000000E0
1.00025000000000119E-6	8.00000000000000000E0
1.00026000000000170E-6	8.00000000000000000E0
1.00027000000000177E-6	8.00000000000000000E0
1.00028000000000183E-6	8.00000000000000000E0
1.00029000000000190E-6	8.00000000000000000E0
1.00030000000000197E-6	8.00000000000000000E0
1.00031000000000181E-6	8.00000000000000000E0
1.00032000000000210E-6	8.00000000000000000E0
1.00033000000000216E-6	8.00000000000000000E0
1.00034000000000223E-6	8.00000000000000000E0
1.00035000000000229E-6	8.00000000000000000E0
1.00036000000000214E-6	8.00000000000000000E0
1.00037000000000242E-6	8.00000000000000000E0
1.00038000000000227E-6	8.00000000000000000E0
1.00039000000000233E-6	8.00000000000000000E0
1.00040000000000240E-6	8.00000000000000000E0
1.00041000000000269E-6	8.00000000000000000E0
1.00042000000000275E-6	8.00000000000000000E0
1.00043000000000282E-6	8.00000000000000000E0
1.00044000000000266E-6	8.00000000000000000E0
1.00045000000000295E-6	8.00000000000000000E0
1.00046000000000301E-6	8.00000000000000000E0
1.00047000000000308E-6	8.00000000000000000E0
1.00048000000000314E-6	8.00000000000000000E0
1.00049000000000299E-6	8.00000000000000000E0
1.00050000000000305E-6	8.00000000000000000E0
1.00051000000000312E-6	8.00000000000000000E0
1.00052000000000318E-6	8.00000000000000000E0
1.00053000000000347E-6	8.00000000000000000E0
1.00054000000000354E-6	8.00000000000000000E0
1.00055000000000360E-6	8.00000000000000000E0
1.00056000000000367E-6	8.00000000000000000E0
1.00057000000000351E-6	8.00000000000000000E0
1.00058000000000380E-6	8.00000000000000000E0
1.00059000000000387E-6	8.00000000000000000E0
1.00060000000000393E-6	8.00000000000000000E0
1.00061000000000400E-6	8.00000000000000000E0
1.00062000000000406E-6	8.00000000000000000E0
1.00063000000000413E-6	8.00000000000000000E0
1.00064000000000397E-6	8.00000000000000000E0
1.00065000000000404E-6	8.00000000000000000E0
1.00066000000000410E-6	8.00000000000000000E0
1.00067000000000417E-6	8.00000000000000000E0
1.00068000000000401E-6	8.00000000000000000E0
1.00069000000000452E-6	8.00000000000000000E0
1.00070000000000459E-6	8.00000000000000000E0
1.00071000000000443E-6	8.00000000000000000E0
1.00072000000000427E-6	8.00000000000000000E0
1.00073000000000456E-6	8.00000000000000000E0
1.00074000000000485E-6	8.00000000000000000E0
1.00075000000000491E-6	8.00000000000000000E0
1.00076000000000476E-6	8.00000000000000000E0
1.00077000000000504E-6	8.00000000000000000E0
1.00078000000000511E-6	8.00000000000000000E0
1.00079000000000495E-6	8.00000000000000000E0
1.00080000000000502E-6	8.00000000000000000E0
1.00081000000000508E-6	8.00000000000000000E0
1.00082000000000493E-6	8.00000000000000000E0
1.00083000000000544E-6	8.00000000000000000E0
1.00084000000000528E-6	8.00000000000000000E0
1.00085000000000535E-6	8.00000000000000000E0
1.00086000000000541E-6	8.00000000000000000E0
1.00087000000000526E-6	8.00000000000000000E0
1.00088000000000577E-6	8.00000000000000000E0
1.00089000000000561E-6	8.00000000000000000E0
1.00090000000000590E-6	8.00000000000000000E0
1.00091000000000596E-6	8.00000000000000000E0
1.00092000000000581E-6	8.00000000000000000E0
1.00093000000000609E-6	8.00000000000000000E0
1.00094000000000594E-6	8.00000000000000000E0
1.00095000000000600E-6	8.00000000000000000E0
1.00096000000000607E-6	8.00000000000000000E0
1.00097000000000635E-6	8.00000000000000000E0
1.00098000000000642E-6	8.00000000000000000E0
1.00099000000000626E-6	8.00000000000000000E0
1.00100000000000611E-6	8.00000000000000000E0
1.00101000000000662E-6	8.00000000000000000E0
1.00102000000000668E-6	8.00000000000000000E0
1.00103000000000675E-6	8.00000000000000000E0
1.00104000000000659E-6	8.00000000000000000E0
1.00105000000000688E-6	8.00000000000000000E0
1.00106000000000672E-6	8.00000000000000000E0
1.00107000000000679E-6	8.00000000000000000E0
1.00108000000000685E-6	8.00000000000000000E0
1.00109000000000692E-6	8.00000000000000000E0
1.00110000000000721E-6	8.00000000000000000E0
1.00111000000000705E-6	8.00000000000000000E0
1.00112000000000689E-6	8.00000000000000000E0
1.00113000000000718E-6	8.00000000000000000E0
1.00114000000000725E-6	8.00000000000000000E0
1.00115000000000731E-6	8.00000000000000000E0
1.00116000000000760E-6	8.00000000000000000E0
1.00117000000000744E-6	8.00000000000000000E0
1.00118000000000773E-6	8.00000000000000000E0
1.00119000000000757E-6	8.00000000000000000E0
1.00120000000000764E-6	8.00000000000000000E0
1.00121000000000770E-6	8.00000000000000000E0
1.00122000000000799E-6	8.00000000000000000E0
1.00123000000000784E-6	8.00000000000000000E0
1.00124000000000768E-6	8.00000000000000000E0
1.00125000000000797E-6	8.00000000000000000E0
1.00126000000000803E-6	8.00000000000000000E0
1.00127000000000810E-6	8.00000000000000000E0
1.00128000000000794E-6	8.00000000000000000E0
1.00129000000000823E-6	8.00000000000000000E0
1.00130000000000852E-6	8.00000000000000000E0
1.00131000000000836E-6	8.00000000000000000E0
1.00132000000000843E-6	8.00000000000000000E0
1.00133000000000871E-6	8.00000000000000000E0
1.00134000000000856E-6	8.00000000000000000E0
1.00135000000000862E-6	8.00000000000000000E0
1.00136000000000869E-6	8.00000000000000000E0
1.00137000000000853E-6	8.00000000000000000E0
1.00138000000000904E-6	8.00000000000000000E0
1.00139000000000888E-6	8.00000000000000000E0
1.00140000000000917E-6	8.00000000000000000E0
1.00141000000000902E-6	8.00000000000000000E0
1.00142000000000908E-6	8.00000000000000000E0
1.00143000000000892E-6	8.00000000000000000E0
1.00144000000000921E-6	8.00000000000000000E0
1.00145000000000928E-6	8.00000000000000000E0
1.00146000000000934E-6	8.00000000000000000E0
1.00147000000000919E-6	8.00000000000000000E0
1.00148000000000947E-6	8.00000000000000000E0
1.00149000000000954E-6	8.00000000000000000E0
1.00150000000000960E-6	8.00000000000000000E0
1.00151000000000967E-6	8.00000000000000000E0
1.00152000000000951E-6	8.00000000000000000E0
1.00153000000000958E-6	8.00000000000000000E0
1.00154000000000987E-6	8.00000000000000000E0
1.00155000000000993E-6	8.00000000000000000E0
1.00156000000001000E-6	8.00000000000000000E0
1.00157000000001029E-6	8.00000000000000000E0
1.00158000000001035E-6	8.00000000000000000E0
1.00159000000001019E-6	8.00000000000000000E0
1.00160000000001026E-6	8.00000000000000000E0
1.00161000000001033E-6	8.00000000000000000E0
1.00162000000001017E-6	8.00000000000000000E0
1.00163000000001023E-6	8.00000000000000000E0
1.00164000000001052E-6	8.00000000000000000E0
1.00165000000001059E-6	8.00000000000000000E0
1.00166000000001043E-6	8.00000000000000000E0
1.00167000000001072E-6	8.00000000000000000E0
1.00168000000001056E-6	8.00000000000000000E0
1.00169000000001085E-6	8.00000000000000000E0
1.00170000000001092E-6	8.00000000000000000E0
1.00171000000001098E-6	8.00000000000000000E0
1.00172000000001127E-6	8.00000000000000000E0
1.00173000000001133E-6	8.00000000000000000E0
1.00174000000001118E-6	8.00000000000000000E0
1.00175000000001124E-6	8.00000000000000000E0
1.00176000000001131E-6	8.00000000000000000E0
1.00177000000001115E-6	8.00000000000000000E0
1.00178000000001122E-6	8.00000000000000000E0
1.00179000000001150E-6	8.00000000000000000E0
1.00180000000001135E-6	8.00000000000000000E0
1.00181000000001164E-6	8.00000000000000000E0
1.00182000000001170E-6	8.00000000000000000E0
1.00183000000001177E-6	8.00000000000000000E0
1.00184000000001183E-6	8.00000000000000000E0
1.00185000000001168E-6	8.00000000000000000E0
1.00186000000001196E-6	8.00000000000000000E0
1.00187000000001181E-6	8.00000000000000000E0
1.00188000000001209E-6	8.00000000000000000E0
1.00189000000001216E-6	8.00000000000000000E0
1.00190000000001223E-6	8.00000000000000000E0
1.00191000000001229E-6	8.00000000000000000E0
1.00192000000001213E-6	8.00000000000000000E0
1.00193000000001220E-6	8.00000000000000000E0
1.00194000000001227E-6	8.00000000000000000E0
1.00195000000001255E-6	8.00000000000000000E0
1.00196000000001262E-6	8.00000000000000000E0
1.00197000000001291E-6	8.00000000000000000E0
1.00198000000001253E-6	8.00000000000000000E0
1.00199000000001304E-6	8.00000000000000000E0
1.00200000000001266E-6	8.00000000000000000E0
1.00201000000001295E-6	8.00000000000000000E0
1.00202000000001301E-6	8.00000000000000000E0
1.00203000000001330E-6	8.00000000000000000E0
1.00204000000001314E-6	8.00000000000000000E0
1.00205000000001321E-6	8.00000000000000000E0
1.00206000000001305E-6	8.00000000000000000E0
1.00207000000001312E-6	8.00000000000000000E0
1.00208000000001318E-6	8.00000000000000000E0
1.00209000000001303E-6	8.00000000000000000E0
1.00210000000001354E-6	8.00000000000000000E0
1.00211000000001360E-6	8.00000000000000000E0
1.00212000000001344E-6	8.00000000000000000E0
1.00213000000001351E-6	8.00000000000000000E0
1.00214000000001380E-6	8.00000000000000000E0
1.00215000000001386E-6	8.00000000000000000E0
1.00216000000001393E-6	8.00000000000000000E0
1.00217000000001377E-6	8.00000000000000000E0
1.00218000000001384E-6	8.00000000000000000E0
1.00219000000001413E-6	8.00000000000000000E0
1.00220000000001397E-6	8.00000000000000000E0
1.00221000000001426E-6	8.00000000000000000E0
1.00222000000001410E-6	8.00000000000000000E0
1.00223000000001439E-6	8.00000000000000000E0
1.00224000000001423E-6	8.00000000000000000E0
1.00225000000001430E-6	8.00000000000000000E0
1.00226000000001458E-6	8.00000000000000000E0
1.00227000000001443E-6	8.00000000000000000E0
1.00228000000001449E-6	8.00000000000000000E0
1.00229000000001478E-6	8.00000000000000000E0
1.00230000000001485E-6	8.00000000000000000E0
1.00231000000001491E-6	8.00000000000000000E0
1.00232000000001475E-6	8.00000000000000000E0
1.00233000000001482E-6	8.00000000000000000E0
1.00234000000001511E-6	8.00000000000000000E0
1.00235000000001495E-6	8.00000000000000000E0
1.00236000000001502E-6	8.00000000000000000E0
1.00237000000001508E-6	8.00000000000000000E0
1.00238000000001537E-6	8.00000000000000000E0
1.00239000000001544E-6	8.00000000000000000E0
1.00240000000001528E-6	8.00000000000000000E0
1.00241000000001534E-6	8.00000000000000000E0
1.00242000000001563E-6	8.00000000000000000E0
1.00243000000001548E-6	8.00000000000000000E0
1.00244000000001554E-6	8.00000000000000000E0
1.00245000000001583E-6	8.00000000000000000E0
1.00246000000001589E-6	8.00000000000000000E0
1.00247000000001574E-6	8.00000000000000000E0
1.00248000000001580E-6	8.00000000000000000E0
1.00249000000001565E-6	8.00000000000000000E0
1.00250000000001616E-6	8.00000000000000000E0
1.00251000000001622E-6	8.00000000000000000E0
1.00252000000001606E-6	8.00000000000000000E0
1.00253000000001613E-6	8.00000000000000000E0
1.00254000000001642E-6	8.00000000000000000E0
1.00255000000001626E-6	8.00000000000000000E0
1.00256000000001655E-6	8.00000000000000000E0
1.00257000000001639E-6	8.00000000000000000E0
1.00258000000001668E-6	8.00000000000000000E0
1.00259000000001652E-6	8.00000000000000000E0
1.00260000000001659E-6	8.00000000000000000E0
1.00261000000001688E-6	8.00000000000000000E0
1.00262000000001672E-6	8.00000000000000000E0
1.00263000000001679E-6	8.00000000000000000E0
1.00264000000001685E-6	8.00000000000000000E0
1.00265000000001714E-6	8.00000000000000000E0
1.00266000000001720E-6	8.00000000000000000E0
1.00267000000001705E-6	8.00000000000000000E0
1.00268000000001711E-6	8.00000000000000000E0
1.00269000000001740E-6	8.00000000000000000E0
1.00270000000001747E-6	8.00000000000000000E0
1.00271000000001753E-6	8.00000000000000000E0
1.00272000000001738E-6	8.00000000000000000E0
1.00273000000001744E-6	8.00000000000000000E0
1.00274000000001751E-6	8.00000000000000000E0
1.00275000000001757E-6	8.00000000000000000E0
1.00276000000001764E-6	8.00000000000000000E0
1.00277000000001770E-6	8.00000000000000000E0
1.00278000000001821E-6	8.00000000000000000E0
1.00279000000001761E-6	8.00000000000000000E0
1.00280000000001812E-6	8.00000000000000000E0
1.00281000000001796E-6	8.00000000000000000E0
1.00282000000001803E-6	8.00000000000000000E0
1.00283000000001810E-6	8.00000000000000000E0
1.00284000000001838E-6	8.00000000000000000E0
1.00285000000001845E-6	8.00000000000000000E0
1.00286000000001851E-6	8.00000000000000000E0
1.00287000000001836E-6	8.00000000000000000E0
1.00288000000001842E-6	8.00000000000000000E0
1.00289000000001849E-6	8.00000000000000000E0
1.00290000000001855E-6	8.00000000000000000E0
1.00291000000001862E-6	8.00000000000000000E0
1.00292000000001846E-6	8.00000000000000000E0
1.00293000000001920E-6	8.00000000000000000E0
1.00294000000001882E-6	8.00000000000000000E0
1.00295000000001888E-6	8.00000000000000000E0
1.00296000000001895E-6	8.00000000000000000E0
1.00297000000001901E-6	8.00000000000000000E0
1.00298000000001930E-6	8.00000000000000000E0
1.00299000000001914E-6	8.00000000000000000E0
1.00300000000001921E-6	8.00000000000000000E0
1.00301000000001950E-6	8.00000000000000000E0
1.00302000000001934E-6	8.00000000000000000E0
1.00303000000001941E-6	8.00000000000000000E0
1.00304000000001947E-6	8.00000000000000000E0
1.00305000000001932E-6	8.00000000000000000E0
1.00306000000001960E-6	8.00000000000000000E0
1.00307000000001967E-6	8.00000000000000000E0
1.00308000000001973E-6	8.00000000000000000E0
1.00309000000001980E-6	8.00000000000000000E0
1.00310000000001986E-6	8.00000000000000000E0
1.00311000000001993E-6	8.00000000000000000E0
1.00312000000002000E-6	8.00000000000000000E0
1.00313000000002006E-6	8.00000000000000000E0
1.00314000000002035E-6	8.00000000000000000E0
1.00315000000002041E-6	8.00000000000000000E0
1.00316000000002026E-6	8.00000000000000000E0
1.00317000000002032E-6	8.00000000000000000E0
1.00318000000002039E-6	8.00000000000000000E0
1.00319000000002045E-6	8.00000000000000000E0
1.00320000000002052E-6	8.00000000000000000E0
1.00321000000002036E-6	8.00000000000000000E0
1.00322000000002065E-6	8.00000000000000000E0
1.00323000000002072E-6	8.00000000000000000E0
1.00324000000002056E-6	8.00000000000000000E0
1.00325000000002107E-6	8.00000000000000000E0
1.00326000000002113E-6	8.00000000000000000E0
1.00327000000002098E-6	8.00000000000000000E0
1.00328000000002104E-6	8.00000000000000000E0
1.00329000000002111E-6	8.00000000000000000E0
1.00330000000002117E-6	8.00000000000000000E0
1.00331000000002124E-6	8.00000000000000000E0
1.00332000000002131E-6	8.00000000000000000E0
1.00333000000002137E-6	8.00000000000000000E0
1.00334000000002121E-6	8.00000000000000000E0
1.00335000000002150E-6	8.00000000000000000E0
1.00336000000002157E-6	8.00000000000000000E0
1.00337000000002163E-6	8.00000000000000000E0
1.00338000000002170E-6	8.00000000000000000E0
1.00339000000002176E-6	8.00000000000000000E0
1.00340000000002161E-6	8.00000000000000000E0
1.00341000000002190E-6	8.00000000000000000E0
1.00342000000002196E-6	8.00000000000000000E0
1.00343000000002203E-6	8.00000000000000000E0
1.00344000000002209E-6	8.00000000000000000E0
1.00345000000002216E-6	8.00000000000000000E0
1.00346000000002222E-6	8.00000000000000000E0
1.00347000000002229E-6	8.00000000000000000E0
1.00348000000002213E-6	8.00000000000000000E0
1.00349000000002242E-6	8.00000000000000000E0
1.00350000000002249E-6	8.00000000000000000E0
1.00351000000002255E-6	8.00000000000000000E0
1.00352000000002239E-6	8.00000000000000000E0
1.00353000000002268E-6	8.00000000000000000E0
1.00354000000002297E-6	8.00000000000000000E0
1.00355000000002281E-6	8.00000000000000000E0
1.00356000000002288E-6	8.00000000000000000E0
1.00357000000002294E-6	8.00000000000000000E0
1.00358000000002301E-6	8.00000000000000000E0
1.00359000000002307E-6	8.00000000000000000E0
1.00360000000002270E-6	8.00000000000000000E0
1.00361000000002321E-6	8.00000000000000000E0
1.00362000000002305E-6	8.00000000000000000E0
1.00363000000002334E-6	8.00000000000000000E0
1.00364000000002340E-6	8.00000000000000000E0
1.00365000000002347E-6	8.00000000000000000E0
1.00366000000002353E-6	8.00000000000000000E0
1.00367000000002338E-6	8.00000000000000000E0
1.00368000000002344E-6	8.00000000000000000E0
1.00369000000002373E-6	8.00000000000000000E0
1.00370000000002380E-6	8.00000000000000000E0
1.00371000000002386E-6	8.00000000000000000E0
1.00372000000002393E-6	8.00000000000000000E0
1.00373000000002377E-6	8.00000000000000000E0
1.00374000000002406E-6	8.00000000000000000E0
1.00375000000002390E-6	8.00000000000000000E0
1.00376000000002419E-6	8.00000000000000000E0
1.00377000000002403E-6	8.00000000000000000E0
1.00378000000002432E-6	8.00000000000000000E0
1.00379000000002438E-6	8.00000000000000000E0
1.00380000000002423E-6	8.00000000000000000E0
1.00381000000002452E-6	8.00000000000000000E0
1.00382000000002458E-6	8.00000000000000000E0
1.00383000000002465E-6	8.00000000000000000E0
1.00384000000002449E-6	8.00000000000000000E0
1.00385000000002478E-6	8.00000000000000000E0
1.00386000000002484E-6	8.00000000000000000E0
1.00387000000002469E-6	8.00000000000000000E0
1.00388000000002497E-6	8.00000000000000000E0
1.00389000000002504E-6	8.00000000000000000E0
1.00390000000002488E-6	8.00000000000000000E0
1.00391000000002517E-6	8.00000000000000000E0
1.00392000000002501E-6	8.00000000000000000E0
1.00393000000002530E-6	8.00000000000000000E0
1.00394000000002537E-6	8.00000000000000000E0
1.00395000000002543E-6	8.00000000000000000E0
1.00396000000002572E-6	8.00000000000000000E0
1.00397000000002556E-6	8.00000000000000000E0
1.00398000000002563E-6	8.00000000000000000E0
1.00399000000002547E-6	8.00000000000000000E0
1.00400000000000000E-6	8.00000000000000000E0


time	Tran1.TRAN.I_RL.i
0.00000000000000000E0	0.00000000000000000E0
6.25000000000000444E-13	-1.74570363624582980E-14
1.25000000000000089E-12	-5.57251505704091787E-14
3.12500000000000222E-12	-1.56345872893907800E-12
8.75000000000000178E-12	-1.12897088122675604E-10
2.56250000000000044E-11	-8.91017163699928716E-9
4.71201196761594243E-11	-8.32767817691845025E-8
6.80884389494362807E-11	-3.28415905251335527E-7
9.04822356354452140E-11	-9.75383959915178345E-7
1.15000193449026034E-10	-2.43779855485437702E-6
1.46138769962909043E-10	-5.83827760103028481E-6
1.89537897305085901E-10	-1.28394182337250751E-5
2.30972031800962041E-10	-1.80809349552211729E-5
2.75668120027441965E-10	-1.02167515578764934E-5
3.08590450471622813E-10	1.59239437189082933E-5
3.35790410320461863E-10	6.06332424338043108E-5
3.72300683934278842E-10	1.72542329412546080E-4
4.18143080599607231E-10	4.36871938022626605E-4
4.78110978983646007E-10	1.08760740477546558E-3
5.40610978983645829E-10	2.25768192637074971E-3
6.03110978983646007E-10	4.01777648407459420E-3
6.65610978983646007E-10	6.30997696973072308E-3
7.28110978983646184E-10	8.84677028747923977E-3
7.90610978983646184E-10	1.11715575404778411E-2
8.53110978983646184E-10	1.28553080437264233E-2
9.15610978983646362E-10	1.36175316305791094E-2
9.78110978983646362E-10	1.33300245001225326E-2
1.04061097898364641E-9	1.20361584389556908E-2
1.09339474704735373E-9	1.02966337802100183E-2
1.15296486631795703E-9	7.84216824889975150E-3
1.21546486631795725E-9	4.98214990003308067E-3
1.27796486631795725E-9	2.10063246092058131E-3
1.34046486631795680E-9	-6.38920624275219318E-4
1.39692463097804365E-9	-2.79521169287253501E-3
1.44983162525289844E-9	-4.20123139142079971E-3
1.50226729926844671E-9	-4.78688616342549622E-3
1.55514690890508600E-9	-4.62108478089708097E-3
1.61285291133882502E-9	-3.68157234281446977E-3
1.67535291133882547E-9	-1.90179938693051387E-3
1.73215566305059521E-9	1.10499994573425031E-4
1.78009825865964610E-9	1.88636613426580002E-3
1.82086538311622026E-9	3.38085160987961553E-3
1.86905703754972086E-9	4.97879874746443463E-3
1.93074269358676776E-9	6.48097035469347293E-3
1.98247768314756878E-9	7.18628887577577302E-3
2.04497768314756900E-9	7.27577868330859889E-3
2.10747768314756900E-9	6.43669162538304818E-3
2.14923948381595853E-9	5.41222847457695000E-3
2.19312952143536322E-9	4.05041549147609814E-3
2.23440249295884907E-9	2.54876189486890414E-3
2.27288646282780160E-9	1.02983819354192452E-3
2.33086627142043534E-9	-1.19730610986362995E-3
2.37699702416335956E-9	-2.79415613365602322E-3
2.43949702416336045E-9	-4.55734936026310500E-3
2.48894464883967093E-9	-5.46354695559079317E-3
2.53770456985018189E-9	-5.82461622369524346E-3
2.59167207373549369E-9	-5.65566779741820902E-3
2.62944876436914754E-9	-5.19220203851409323E-3
2.69194876436914754E-9	-3.83547798783264460E-3
2.72593337225213350E-9	-2.86593995834739212E-3
2.77022117542616630E-9	-1.50121035440152673E-3
2.81147069565213403E-9	-1.68315803836402411E-4
2.84931968902947030E-9	1.04874690341134058E-3
2.88709933463952462E-9	2.14749114590590029E-3
2.91458745954303167E-9	2.82844989354825671E-3
2.94229525404129433E-9	3.41162525097967473E-3
2.96884586237618908E-9	3.87419752319090360E-3
2.99758060065434151E-9	4.24116682142322610E-3
3.03158263460415967E-9	4.45216647944082489E-3
3.06005711542891135E-9	4.44224862962420630E-3
3.11950909315404790E-9	3.97980711613086280E-3
3.15272946345516436E-9	3.47697948443723748E-3
3.17575885741083219E-9	3.02182409376351391E-3
3.19649767810117869E-9	2.54354403663543405E-3
3.21261015130245742E-9	2.13948058230014126E-3
3.22117054642686540E-9	1.91743097025721654E-3
3.23134220745111778E-9	1.64969302440386922E-3
3.24568650579139728E-9	1.26659236595415026E-3
3.27644899536961232E-9	4.19704746944467644E-4
3.29943621708129253E-9	-2.37941742077747875E-4
3.32669131350404523E-9	-1.02976710396098659E-3
3.36564908247022609E-9	-2.10471495706331835E-3
3.39314602570867230E-9	-2.78399461384126079E-3
3.42470696464610924E-9	-3.47287217345255206E-3
3.45571343775179995E-9	-4.05816173930182966E-3
3.48340359084170048E-9	-4.48224513212536912E-3
3.51094004954130146E-9	-4.77907467444385148E-3
3.53319403782860819E-9	-4.92100575049720135E-3
3.56908205657566491E-9	-4.99499390454982795E-3
3.59723090296633430E-9	-4.93437228066448430E-3
3.63740064693119791E-9	-4.65091763315360396E-3
3.67666643701910800E-9	-4.14388741428314766E-3
3.71771965707299579E-9	-3.43568348223687625E-3
3.76506065482683994E-9	-2.48722014152508564E-3
3.80741600211680620E-9	-1.54187880279976897E-3
3.84673394886801745E-9	-6.18435061773277450E-4
3.88606411766556281E-9	2.64349016804831116E-4
3.92095380405791172E-9	9.69433916013166552E-4
3.97037685506958038E-9	1.83577253392657136E-3
4.01683544347575605E-9	2.45494762009501377E-3
4.07933544347575605E-9	2.84570003733248100E-3
4.13350335719811213E-9	2.77366229279462129E-3
4.19600335719811124E-9	2.25147099772150083E-3
4.25150226032249545E-9	1.37252232634171234E-3
4.29529054934735566E-9	4.53349434376111216E-4
4.35779054934735566E-9	-9.83500466421476460E-4
4.40723876978939799E-9	-2.11689892012229386E-3
4.46973876978939888E-9	-3.36077542627118664E-3
4.53223876978939799E-9	-4.21148553247931901E-3
4.59473876978939799E-9	-4.58972393615580643E-3
4.65723876978939888E-9	-4.45972138171601973E-3
4.71973876978939710E-9	-3.79721855217053239E-3
4.78223876978939799E-9	-2.71522223595592793E-3
4.84343155553080429E-9	-1.40571086228417697E-3
4.89991239771378950E-9	-9.67229328528971166E-5
4.96241239771378861E-9	1.24030017760541789E-3
5.02491239771378861E-9	2.25559314532103272E-3
5.08741239771378861E-9	2.83747187188914074E-3
5.13627328100300318E-9	2.91838222317330409E-3
5.19877328100300407E-9	2.50588776749989695E-3
5.25285382474817286E-9	1.76820452709094833E-3
5.30658050335743958E-9	7.80814758177425183E-4
5.36908050335744047E-9	-5.62526971706223655E-4
5.42741586725700742E-9	-1.81506514188826551E-3
5.48991586725700742E-9	-2.96466400534184693E-3
5.55145840106435084E-9	-3.78414360032450103E-3
5.59678667757058435E-9	-4.10783661358302865E-3
5.64364329049749713E-9	-4.14837547867211054E-3
5.68595823133891098E-9	-3.95059168075852973E-3
5.72113154369727983E-9	-3.62863556738264315E-3
5.78363154369727983E-9	-2.72875617821820615E-3
5.82299187964704146E-9	-1.99758459653508713E-3
5.88549187964703968E-9	-7.45150435167491043E-4
5.93570930831011445E-9	2.70707957370424523E-4
5.98457961168127817E-9	1.17601718362343721E-3
6.04017296251222913E-9	1.97193325252267559E-3
6.08705156753143761E-9	2.40023075597410251E-3
6.14955156753143584E-9	2.59278450932022908E-3
6.19887325864858774E-9	2.40353478420942146E-3
6.23511033484573840E-9	2.07300593104100717E-3
6.28931479623943801E-9	1.34697652733205886E-3
6.31819750379178657E-9	8.62388316044754788E-4
6.34774895686107588E-9	3.04155928790527730E-4
6.37191508424899133E-9	-1.85813875162805919E-4
6.42289531609039344E-9	-1.21955865880269987E-3
6.45805983322602373E-9	-1.89234838460152144E-3
6.52055983322602373E-9	-2.91497559168751419E-3
6.57445159597397932E-9	-3.53020387128362811E-3
6.63695159597398110E-9	-3.82170758479617323E-3
6.69787692391733636E-9	-3.67135770882934054E-3
6.76037692391733813E-9	-3.09956742380156047E-3
6.82287692391733636E-9	-2.15690913240446802E-3
6.88537692391733547E-9	-9.96572827074327883E-4
6.94726148823551704E-9	2.06238521784083284E-4
7.00976148823551615E-9	1.33226380781785947E-3
7.07226148823551526E-9	2.17974274110840138E-3
7.13476148823551348E-9	2.57774170773447953E-3
7.19726148823551259E-9	2.36174853264297901E-3
7.25643539433951368E-9	1.45351742413116636E-3
7.30040778172248395E-9	3.82624068391226313E-4
7.31441281256544329E-9	-2.54338655099666866E-6
7.32973703026874190E-9	-4.30734589803961132E-4
7.34128110471698925E-9	-7.55009544559469692E-4
7.35751431171687109E-9	-1.21162393975832794E-3
7.37236816580331666E-9	-1.62924955586360865E-3
7.38810957711638139E-9	-2.06859194019167880E-3
7.40484473891014616E-9	-2.52427782435836257E-3
7.42796191834871333E-9	-3.11175032324644896E-3
7.44040837255848686E-9	-3.39975085983310610E-3
7.44942010195681714E-9	-3.59285662791388072E-3
7.45833378644220613E-9	-3.77046115335704357E-3
7.48507483989836864E-9	-4.22592264594451628E-3
7.50288902184378514E-9	-4.46722528741651992E-3
7.52568755518912891E-9	-4.70333825514820258E-3
7.55153717597509377E-9	-4.85952786349884125E-3
7.58061532841387642E-9	-4.87483464060906702E-3
7.60851082886317975E-9	-4.73113167615409758E-3
7.66820404071088824E-9	-4.01075984316319101E-3
7.69956053779466387E-9	-3.43637006873186701E-3
7.75603873393365806E-9	-2.12230149270031276E-3
7.78785121562290072E-9	-1.26452428434885156E-3
7.85035121562289895E-9	4.40412524973101149E-4
7.88564901496240367E-9	1.36682297692563681E-3
7.93904775872684265E-9	2.62957593953643309E-3
7.99421375439395021E-9	3.61512959985493554E-3
8.04962882841731187E-9	4.15886083502453907E-3
8.11212882841731009E-9	4.18254039976996506E-3
8.16597423360833119E-9	3.58044796024070644E-3
8.22847423360832941E-9	1.99181283185408642E-3
8.27759352468849308E-9	1.64942760680849787E-4
8.34009352468849130E-9	-2.46399550718491911E-3
8.40259352468849308E-9	-4.97326703971392448E-3
8.46509352468849130E-9	-6.88055288043021740E-3
8.52759352468849308E-9	-7.78640997246826760E-3
8.59009352468849130E-9	-7.51492646580527612E-3
8.65259352468848952E-9	-6.10628501130521695E-3
8.71509352468848775E-9	-3.77503895557788827E-3
8.76606674625432447E-9	-1.45183606643810759E-3
8.80727173187738188E-9	5.17520987250451903E-4
8.85456973066266251E-9	2.70798113785950045E-3
8.90169039424674402E-9	4.64936697482188599E-3
8.95923624825694276E-9	6.45196110974020609E-3
9.00393790131798255E-9	7.32108350801127017E-3
9.05411893446408911E-9	7.68015641504191127E-3
9.10321592633517263E-9	7.36528503403004997E-3
9.16571592633516907E-9	5.98243701106485837E-3
9.22821592633517085E-9	3.44372524427167193E-3
9.29071592633516730E-9	-1.68602776785021158E-4
9.35321592633516730E-9	-4.29362635409927318E-3
9.41571592633517263E-9	-8.12367595306667845E-3
9.47821592633517085E-9	-1.10406162721152246E-2
9.54071592633516907E-9	-1.25250803658230625E-2
9.60321592633517263E-9	-1.21965816919700631E-2
9.66416688569720606E-9	-1.01474984313585770E-2
9.72666688569720606E-9	-6.55139697818638655E-3
9.75633332436599510E-9	-4.41118581723999803E-3
9.77663735249756272E-9	-2.84117278220072933E-3
9.81223952615705564E-9	-1.67284405300428540E-5
9.83394299706296060E-9	1.70586009576605391E-3
9.86946511428358875E-9	4.44363551107891830E-3
9.89829779057356518E-9	6.53479361040506568E-3
9.93460249697525910E-9	8.86298285847624001E-3
9.96684658665255441E-9	1.05463241650725204E-2
9.99376866669854280E-9	1.16368010911541986E-2
1.00278925852258327E-8	1.25924370456294721E-2
1.00504490576317762E-8	1.29485657634405893E-2
1.00916754596938940E-8	1.29792049238983109E-2
1.01179711028104213E-8	1.25803194396501916E-2
1.01667721789205068E-8	1.10642291388439662E-2
1.02001780214815829E-8	9.46749025510257525E-3
1.02545671465964494E-8	5.88093431260507860E-3
1.02908161062053116E-8	2.87640291619327737E-3
1.03507963150912552E-8	-2.60071393540173279E-3
1.04056014055815904E-8	-7.59672530337167373E-3
1.04681014055815891E-8	-1.25276283799622523E-2
1.05275852552333271E-8	-1.57674529168133581E-2
1.05900852552333258E-8	-1.70481679212365833E-2
1.06525852552333267E-8	-1.59671678451235799E-2
1.07150852552333276E-8	-1.26011667637518587E-2
1.07775852552333240E-8	-7.35872263820195993E-3
1.08400852552333249E-8	-1.04122437121298450E-3
1.09014197847553596E-8	5.32637255130140730E-3
1.09496537393427151E-8	9.90505952802554468E-3
1.09879891193323531E-8	1.29504069924529230E-2
1.10260162514069582E-8	1.52588139024756142E-2
1.10746179316903937E-8	1.70393134095053433E-2
1.11092170212097341E-8	1.74445932153560790E-2
1.11365401367954187E-8	1.72206129201362179E-2
1.11604653308603519E-8	1.66265897871292312E-2
1.11881659941801725E-8	1.54977114451036613E-2
1.12120489326079675E-8	1.41645891680646763E-2
1.12485431681055004E-8	1.15220482509157729E-2
1.12891075514745909E-8	7.82446389621914307E-3
1.13365854215712747E-8	2.79042123942478293E-3
1.13952369207360737E-8	-3.81476836875367376E-3
1.14577369207360746E-8	-1.04761748129470700E-2
1.15120551415575845E-8	-1.52373087471972668E-2
1.15745551415575854E-8	-1.87299949315382364E-2
1.16370551415575862E-8	-1.96365022671985656E-2
1.16995551415575849E-8	-1.78091484182099946E-2
1.17620551415575836E-8	-1.34492344992257795E-2
1.18245551415575822E-8	-7.19149425882445570E-3
1.18870551415575809E-8	3.52762033088105342E-5
1.19495551415575796E-8	7.20319915660707544E-3
1.20078600433401550E-8	1.29076383428951802E-2
1.20680277530559388E-8	1.69786446765161347E-2
1.21235213881238302E-8	1.86445444017599660E-2
1.21622101794495596E-8	1.84790142261299106E-2
1.22247101794495583E-8	1.58902316050403258E-2
1.22827561215298653E-8	1.12203138485707155E-2
1.23452561215298617E-8	4.44978306472643048E-3
1.24077561215298626E-8	-3.20000805040412928E-3
1.24702561215298613E-8	-1.06089151322714859E-2
1.25327561215298622E-8	-1.66929294475013990E-2
1.25952561215298631E-8	-2.05862409132497248E-2
1.26577561215298640E-8	-2.16959812235620886E-2
1.27202561215298604E-8	-1.98238677922165119E-2
1.27827561215298591E-8	-1.52430672862537708E-2
1.28452561215298644E-8	-8.61146835387019927E-3
1.29077561215298586E-8	-8.97869424826126306E-4
1.29702561215298573E-8	6.73061512469357748E-3
1.30327561215298582E-8	1.31333562986649977E-2
1.30952561215298591E-8	1.73506894027765624E-2
1.31548228473657280E-8	1.87218207221227351E-2
1.32118106041233974E-8	1.74071986196271888E-2
1.32743106041233982E-8	1.32183106747517987E-2
1.33368106041233969E-8	6.74745772790107967E-3
1.33993106041234000E-8	-1.05108058554203243E-3
1.34618106041233965E-8	-9.02198424060948057E-3
1.35243106041233996E-8	-1.60127809602479898E-2
1.35868106041233982E-8	-2.10034149898474309E-2
1.36493106041233969E-8	-2.32416143129311603E-2
1.37118106041233956E-8	-2.23835181242459225E-2
1.37743106041233987E-8	-1.85353657898126523E-2
1.38368106041233951E-8	-1.22462356841547004E-2
1.38993106041233960E-8	-4.45775982259018377E-3
1.39618106041233991E-8	3.65386316832434410E-3
1.40243106041233956E-8	1.08638926656310320E-2
1.40868106041233920E-8	1.60661186447707571E-2
1.41493106041233974E-8	1.84581124178726275E-2
1.42105327784565882E-8	1.77209080323510215E-2
1.42718776130656355E-8	1.40205218249012820E-2
1.43343776130656386E-8	7.76029805747474732E-3
1.43968776130656395E-8	-7.18915355783055077E-5
1.44593776130656382E-8	-8.31214139451236278E-3
1.45218776130656368E-8	-1.57496778577622232E-2
1.45843776130656377E-8	-2.12872803383653730E-2
1.46468776130656342E-8	-2.41009898183933569E-2
1.47093776130656329E-8	-2.37542389751180671E-2
1.47718776130656337E-8	-2.02686549353409307E-2
1.48343776130656391E-8	-1.41488071070095511E-2
1.48968776130656355E-8	-6.31116508942044696E-3
1.49593776130656386E-8	2.06045375971548328E-3
1.50218776130656373E-8	9.68714536651457436E-3
1.50843776130656382E-8	1.53971410225433014E-2
1.51468776130656368E-8	1.83167176643097740E-2
1.52038342782993618E-8	1.81566225269717485E-2
1.52663342782993650E-8	1.49124881956232103E-2
1.53288342782993681E-8	8.95964429250062899E-3
1.53913342782993690E-8	1.20775455882679661E-3
1.54538342782993698E-8	-7.17635080798478686E-3
1.55163342782993685E-8	-1.49446482647895862E-2
1.55788342782993761E-8	-2.09506834543685194E-2
1.56413342782993725E-8	-2.43001427784243340E-2
1.57038342782993778E-8	-2.44695386713658536E-2
1.57663342782993765E-8	-2.14028651939020431E-2
1.58288342782993752E-8	-1.55402229282733995E-2
1.58913342782993805E-8	-7.75484838753831518E-3
1.59538342782993814E-8	7.73517261592392291E-4
1.60163342782993801E-8	8.73846116655489880E-3
1.60788342782993832E-8	1.49184227407103021E-2
1.61413342782993841E-8	1.83670778383516509E-2
1.62038342782993849E-8	1.85588692821618384E-2
1.62663342782993880E-8	1.54756866750610533E-2
1.63288342782993867E-8	9.60499842566074591E-3
1.63913342782993920E-8	1.85341740487379947E-3
1.64538342782993885E-8	-6.59953825361090374E-3
1.65163342782993916E-8	-1.44888672777709537E-2
1.65788342782993925E-8	-2.06481860838103337E-2
1.66413342782993934E-8	-2.41561057434693982E-2
1.67038342782993987E-8	-2.44619599207120553E-2
1.67663342782993996E-8	-2.14868304180583625E-2
1.68288342782993983E-8	-1.56533860568228134E-2
1.68913342782994036E-8	-7.83003748336242289E-3
1.69538342782994067E-8	7.95458725320143323E-4
1.70163342782994054E-8	8.90151052190756076E-3
1.70788342782994040E-8	1.52444554674738142E-2
1.71413342782994049E-8	1.88529794311905863E-2
1.72038342782994080E-8	1.91810479212662943E-2
1.72663342782994111E-8	1.61950462818357810E-2
1.73288342782994120E-8	1.03734871293713682E-2
1.73913342782994174E-8	2.62400333568820132E-3
1.74538342782994116E-8	-5.86674488684419870E-3
1.75163342782994125E-8	-1.38243319830758105E-2
1.75788342782994156E-8	-2.00701526309999867E-2
1.76413342782994143E-8	-2.36685979894506682E-2
1.77038342782994151E-8	-2.40532644764743386E-2
1.77663342782994205E-8	-2.11296445299405278E-2
1.78288342782994214E-8	-1.53104864966357890E-2
1.78913342782994267E-8	-7.46207711403014073E-3
1.79538342782994187E-8	1.22384537192881959E-3
1.80163342782994285E-8	9.41566908981968886E-3
1.80788342782994271E-8	1.58555951678609808E-2
1.81413342782994258E-8	1.95583050677148873E-2
1.82038342782994267E-8	1.99654713338824097E-2
1.82663342782994276E-8	1.70341973445545669E-2
1.83288342782994329E-8	1.12392580051670010E-2
1.83913342782994338E-8	3.48959044448259181E-3
1.84538342782994347E-8	-5.02398134984871270E-3
1.85163342782994356E-8	-1.30211595164816174E-2
1.85788342782994320E-8	-1.93172217529770651E-2
1.86413342782994373E-8	-2.29695634277512317E-2
1.87038342782994427E-8	-2.34018607055088168E-2
1.87663342782994369E-8	-2.05097562506806375E-2
1.88288342782994422E-8	-1.47004421972793398E-2
1.88913342782994453E-8	-6.83860036435189933E-3
1.89538342782994440E-8	1.88166872467457891E-3
1.90163342782994471E-8	1.01219965198279049E-2
1.90788342782994502E-8	1.66162713645811921E-2
1.91413342782994511E-8	2.03710937700016004E-2
1.92038342782994542E-8	2.08205768850203832E-2
1.92663342782994507E-8	1.79169013299976543E-2
1.93288342782994538E-8	1.21333888973933002E-2
1.93913342782994547E-8	4.37988720018311817E-3
1.94538342782994556E-8	-4.14992686175044412E-3
1.95163342782994609E-8	-1.21723809630868551E-2
1.95788342782994595E-8	-1.85002607128990793E-2
1.96413342782994560E-8	-2.21873571535078495E-2
1.97038342782994591E-8	-2.26511965892890821E-2
1.97663342782994622E-8	-1.97814835519132703E-2
1.98288342782994675E-8	-1.39819564613665204E-2
1.98913342782994729E-8	-6.11614476642932559E-3
1.99538342782994671E-8	2.62021506974801088E-3
2.00163342782994702E-8	1.08845515656034508E-2
2.00788342782994711E-8	1.74059198353898292E-2
2.01413342782994720E-8	2.11860979191793941E-2
2.02038342782994729E-8	2.16547938587130107E-2
2.02663342782994693E-8	1.87616672232500359E-2
2.03288342782994791E-8	1.29794316218137218E-2
2.03913342782994800E-8	5.21864814939230115E-3
2.04538342782994809E-8	-3.32507837710946497E-3
2.05163342782994773E-8	-1.13663064292379690E-2
2.05788342782994826E-8	-1.77168733096302633E-2
2.06413342782994791E-8	-2.14286301349599517E-2
2.07038342782994844E-8	-2.19154930822634197E-2
2.07663342782994853E-8	-1.90636508581429265E-2
2.08288342782994862E-8	-1.32746918979594763E-2
2.08913342782994871E-8	-5.41152609246682204E-3
2.09538342782994924E-8	3.32899957172137295E-3
2.10163342782994933E-8	1.16018385835841054E-2
2.10788342782994942E-8	1.81331960934835212E-2
2.11413342782994906E-8	2.19220588013600093E-2
2.12038342782995004E-8	2.23957394964708323E-2
2.12663342782994969E-8	1.95025857420456217E-2
2.13288342782995022E-8	1.37150935073986324E-2
2.13913342782995031E-8	5.94439555014708532E-3
2.14538342782994951E-8	-2.61271644740844788E-3
2.15163342782995048E-8	-1.06698082260734761E-2
2.15788342782995102E-8	-1.70382082267959034E-2
2.16413342782995022E-8	-2.07686812610193572E-2
2.17038342782995031E-8	-2.12731589428437573E-2
2.17663342782995084E-8	-1.84359424557326457E-2
2.18288342782995137E-8	-1.26575241005059835E-2
2.18913342782995102E-8	-4.80064512314006997E-3
2.19538342782995111E-8	3.93707315014278691E-3
2.20163342782995164E-8	1.22091486921934500E-2
2.20788342782995128E-8	1.87401800134666496E-2
2.21413342782995182E-8	2.25276835704857348E-2
2.22038342782995146E-8	2.29978098549821741E-2
2.22663342782995199E-8	2.00982983500110235E-2
2.23288342782995208E-8	1.43016444500614970E-2
2.23913342782995262E-8	6.51940317392676150E-3
2.24538342782995226E-8	-2.05092500008093559E-3
2.25163342782995191E-8	-1.01221980320900862E-2
2.25788342782995288E-8	-1.65052138253195757E-2
2.26413342782995297E-8	-2.02500394853315324E-2
2.27038342782995262E-8	-2.07676934859111251E-2
2.27663342782995270E-8	-1.79418149933648596E-2
2.28288342782995324E-8	-1.21726710023323514E-2
2.28913342782995333E-8	-4.32321007299965476E-3
2.29538342782995342E-8	4.40831976344472576E-3
2.30163342782995350E-8	1.26746286650025497E-2
2.30788342782995404E-8	1.91995510112412893E-2
2.31413342782995413E-8	2.29799919058729518E-2
2.32038342782995421E-8	2.34417322362050351E-2
2.32663342782995430E-8	2.05323959629961772E-2
2.33288342782995439E-8	1.47245986187866729E-2
2.33913342782995493E-8	6.93020189648562823E-3
2.34538342782995457E-8	-1.65283527564182275E-3
2.35163342782995510E-8	-9.73674030451149441E-3
2.35788342782995564E-8	-1.61315982421087689E-2
2.36413342782995484E-8	-1.98869184296003354E-2
2.37038342782995493E-8	-2.04135734545148617E-2
2.37663342782995546E-8	-1.75954821721999410E-2
2.38288342782995599E-8	-1.18333687263230525E-2
2.38913342782995564E-8	-3.99072415339285058E-3
2.39538342782995572E-8	4.73362117682368222E-3
2.40163342782995626E-8	1.29919754784672348E-2
2.40788342782995635E-8	1.95079807738117483E-2
2.41413342782995599E-8	2.32785068643283921E-2
2.42038342782995652E-8	2.37295076506142388E-2
2.42663342782995661E-8	2.08088479318522657E-2
2.43288342782995670E-8	1.49893406837357679E-2
2.43913342782995723E-8	7.18308419326835779E-3
2.44538342782995732E-8	-1.41162611095574708E-3
2.45163342782995652E-8	-9.50639180286204599E-3
2.45788342782995706E-8	-1.59103860857735535E-2
2.46413342782995759E-8	-1.96726023529026905E-2
2.47038342782995812E-8	-2.02043324039788796E-2
2.47663342782995777E-8	-1.73904687475927999E-2
2.48288342782995741E-8	-1.16326944492549678E-2
2.48913342782995795E-8	-3.79532278121901179E-3
2.49538342782995848E-8	4.92225071558739202E-3
2.50163342782995857E-8	1.31722124905660865E-2
2.50788342782995821E-8	1.96783915719379854E-2
2.51413342782995741E-8	2.34380224680141014E-2
2.52038342782995928E-8	2.38776049113297262E-2
2.52663342782995848E-8	2.09454827228875828E-2
2.53288342782995812E-8	1.51147235769592303E-2
2.53913342782995954E-8	7.29761541089477461E-3
2.54538342782995919E-8	-1.30728195611632980E-3
2.55163342782995883E-8	-9.41092956927138680E-3
2.55788342782995937E-8	-1.58214416272075886E-2
2.56413342782995946E-8	-1.95873169074056319E-2
2.57038342782995954E-8	-2.01206605278547768E-2
2.57663342782996008E-8	-1.73078144526619848E-2
2.58288342782995972E-8	-1.15517540894933135E-2
2.58913342782995981E-8	-3.71780736095548381E-3
2.59538342782996034E-8	4.99409070454225379E-3
2.60163342782996088E-8	1.32362099226233809E-2
2.60788342782996052E-8	1.97328148911876333E-2
2.61413342782996061E-8	2.34817750784336265E-2
2.62038342782996114E-8	2.39103761365747935E-2
2.62663342782996123E-8	2.09675744425189725E-2
2.63288342782996043E-8	1.51267227352920552E-2
2.63913342782996097E-8	7.30025269195198057E-3
2.64538342782996150E-8	-1.31307533990608460E-3
2.65163342782996114E-8	-9.42357430611364144E-3
2.65788342782996256E-8	-1.58382213995473231E-2
2.66413342782996176E-8	-1.96050479035637992E-2
2.67038342782996185E-8	-2.01372156997667018E-2
2.67663342782996194E-8	-1.73228028650392751E-2
2.68288342782996247E-8	-1.15662590929588793E-2
2.68913342782996212E-8	-3.73401642363416553E-3
2.69538342782996221E-8	4.97349755397695326E-3
2.70163342782996319E-8	1.32087941069272663E-2
2.70788342782996327E-8	1.96967349316395390E-2
2.71413342782996292E-8	2.34359862189464918E-2
2.72038342782996345E-8	2.38547507346959220E-2
2.72663342782996310E-8	2.09026424874225203E-2
2.73288342782996230E-8	1.50532883627151914E-2
2.73913342782996416E-8	7.21920759199071593E-3
2.74538342782996381E-8	-1.40071050860073654E-3
2.75163342782996345E-8	-9.51614566222365355E-3
2.75788342782996487E-8	-1.59329182093854027E-2
2.76413342782996363E-8	-1.96986266201788496E-2
2.77038342782996416E-8	-2.02276087182014352E-2
2.77663342782996470E-8	-1.74098039309982111E-2
2.78288342782996434E-8	-1.16511906137023580E-2
2.78913342782996443E-8	-3.81929800010262444E-3
2.79538342782996452E-8	4.88502685109433976E-3
2.80163342782996549E-8	1.31146611994561191E-2
2.80788342782996558E-8	1.95951658612233959E-2
2.81413342782996523E-8	2.33260765234573020E-2
2.82038342782996576E-8	2.37365535834559216E-2
2.82663342782996496E-8	2.07768434010862668E-2
2.83288342782996505E-8	1.49207899199421701E-2
2.83913342782996647E-8	7.08092844562578350E-3
2.84538342782996612E-8	-1.54380358859817868E-3
2.85163342782996532E-8	-9.66249478238921888E-3
2.85788342782996585E-8	-1.60798293766811873E-2
2.86413342782996594E-8	-1.98430083608036423E-2
2.87038342782996647E-8	-2.03675699692114121E-2
2.87663342782996612E-8	-1.75453090568914138E-2
2.88288342782996665E-8	-1.17836869030798619E-2
2.88913342782996629E-8	-3.95124714185939085E-3
2.89538342782996683E-8	4.75084307340233014E-3
2.90163342782996825E-8	1.29759245051946448E-2
2.90788342782996656E-8	1.94503158263370013E-2
2.91413342782996665E-8	2.31744285103184389E-2
2.92038342782996807E-8	2.35783471575640569E-2
2.92663342782996727E-8	2.06128727983111704E-2
2.93288342782996736E-8	1.47519705141474522E-2
2.93913342782996745E-8	6.90810322487821082E-3
2.94538342782996798E-8	-1.71982927020196996E-3
2.95163342782996807E-8	-9.84038946569516071E-3
2.95788342782996816E-8	-1.62571734701282500E-2
2.96413342782996825E-8	-2.00170132650354038E-2
2.97038342782996878E-8	-2.05366045188018331E-2
2.97663342782996887E-8	-1.77094944720452707E-2
2.98288342782996896E-8	-1.19445080310605078E-2
2.98913342782996860E-8	-4.11106938139539935E-3
2.99538342782996736E-8	4.58945449651660642E-3
3.00163342782996789E-8	1.28109437837403495E-2
3.00788342782996843E-8	1.92805002638533507E-2
3.01413342782996763E-8	2.29993728523960073E-2
3.02038342782996727E-8	2.33984814817571074E-2
3.02663342782996736E-8	2.04290676537242399E-2
3.03288342782996789E-8	1.45650970013997516E-2
3.03913342782996709E-8	6.71885695306654362E-3
3.04538342782996629E-8	-1.91087636103022240E-3
3.05163342782996683E-8	-1.00322180180415366E-2
3.05788342782996647E-8	-1.64477426670920468E-2
3.06413342782996612E-8	-2.02039312212042699E-2
3.07038342782996576E-8	-2.07185485236357758E-2
3.07663342782996541E-8	-1.78867285307856427E-2
3.08288342782996549E-8	-1.21184910878185303E-2
3.08913342782996558E-8	-4.28397837494975153E-3
3.09538342782996478E-8	4.41537424462316075E-3
3.10163342782996487E-8	1.26340465644587896E-2
3.10788342782996452E-8	1.90999227048193987E-2
3.11413342782996372E-8	2.28150235328168316E-2
3.12038342782996425E-8	2.32109802940193832E-2
3.12663342782996390E-8	2.02393378525618495E-2
3.13288342782996310E-8	1.43739317188867322E-2
3.13913342782996452E-8	6.52676274792966815E-3
3.14538342782996327E-8	-2.10360023138954411E-3
3.15163342782996336E-8	-1.02249077154854673E-2
3.15788342782996345E-8	-1.66387918416517233E-2
3.16413342782996265E-8	-2.03913911935690617E-2
3.17038342782996363E-8	-2.09014234000059407E-2
3.17663342782996194E-8	-1.80654109918349137E-2
3.18288342782996292E-8	-1.22943726931500841E-2
3.18913342782996256E-8	-4.45899440517063006E-3
3.19538342782996221E-8	4.23935190297186715E-3
3.20163342782996141E-8	1.24557949705060156E-2
3.20788342782996105E-8	1.89189820569400968E-2
3.21413342782996025E-8	2.26316256400152094E-2
3.22038342782996034E-8	2.30259283963615102E-2
3.22663342782996132E-8	2.00535909085645070E-2
3.23288342782996052E-8	1.41881890223092411E-2
3.23913342782996105E-8	6.34132703113360119E-3
3.24538342782996114E-8	-2.28871316820229653E-3
3.25163342782996079E-8	-1.04093978809304621E-2
3.25788342782996043E-8	-1.68215018905045977E-2
3.26413342782996008E-8	-2.05708255423401543E-2
3.27038342782995972E-8	-2.10769084786295258E-2
3.27663342782995937E-8	-1.82374540044260347E-2
3.28288342782995901E-8	-1.24642758469083526E-2
3.28913342782995954E-8	-4.62842960771816081E-3
3.29538342782995874E-8	4.06889946495097110E-3
3.30163342782995883E-8	1.22835300080559895E-2
3.30788342782995803E-8	1.87448428364262343E-2
3.31413342782995768E-8	2.24561554051905299E-2
3.32038342782995821E-8	2.28501013241417361E-2
3.32663342782995697E-8	1.98783904076812323E-2
3.33288342782995795E-8	1.40142177398425827E-2
3.33913342782995892E-8	6.16869058009054694E-3
3.34538342782995635E-8	-2.46026969598423850E-3
3.35163342782995821E-8	-1.05799202195012443E-2
3.35788342782995741E-8	-1.69902643968296441E-2
3.36413342782995661E-8	-2.07367686401858453E-2
3.37038342782995670E-8	-2.12396611704571026E-2
3.37663342782995590E-8	-1.83976238954724036E-2
3.38288342782995599E-8	-1.26230696672425058E-2
3.38913342782995652E-8	-4.78725871938117820E-3
3.39538342782995528E-8	3.90892012624020913E-3
3.40163342782995581E-8	1.21220083259233591E-2
3.40788342782995546E-8	1.85820874378004053E-2
3.41413342782995510E-8	2.22929937041979676E-2
3.42038342782995430E-8	2.26876605470885684E-2
3.42663342782995484E-8	1.97176719391031985E-2
3.43288342782995537E-8	1.38557343040053049E-2
3.43913342782995501E-8	6.01237248229284660E-3
3.44538342782995377E-8	-2.61491734330109882E-3
3.45163342782995386E-8	-1.07332522745036574E-2
3.45788342782995484E-8	-1.71419475151978196E-2
3.46413342782995404E-8	-2.08861432465414332E-2
3.47038342782995279E-8	-2.13866300484284855E-2
3.47663342782995333E-8	-1.85428814383987484E-2
3.48288342782995297E-8	-1.27677324060915076E-2
3.48913342782995350E-8	-4.93249847774192496E-3
3.49538342782995226E-8	3.76232207831755261E-3
3.50163342782995279E-8	1.19740180673274033E-2
3.50788342782995244E-8	1.84333406453496007E-2
3.51413342782995208E-8	2.21445649511351839E-2
3.52038342782995262E-8	2.25408080262662480E-2
3.52663342782995137E-8	1.95734118134375423E-2
3.53288342782995191E-8	1.37145029845849686E-2
3.53913342782995155E-8	5.87395601424188119E-3
3.54538342782995075E-8	-2.75121103955457347E-3
3.55163342782995084E-8	-1.08680386299083320E-2
3.55788342782995093E-8	-1.72752327615756407E-2
3.56413342782995102E-8	-2.10176197125883935E-2
3.57038342782994977E-8	-2.15164407504648780E-2
3.57663342782994986E-8	-1.86717951551346495E-2
3.58288342782995040E-8	-1.28967878678772996E-2
3.58913342782995048E-8	-5.06266118564187906E-3
3.59538342782994924E-8	3.63055551552817812E-3
3.60163342782994889E-8	1.18409147559616090E-2
3.60788342782994986E-8	1.82998101177993400E-2
3.61413342782994906E-8	2.20118867662883444E-2
3.62038342782994915E-8	2.24103469455282411E-2
3.62663342782994835E-8	1.94461972040902253E-2
3.63288342782994933E-8	1.35909130730651695E-2
3.63913342782994809E-8	5.75366832834798103E-3
3.64538342782994818E-8	-2.86903667930063166E-3
3.65163342782994782E-8	-1.09842230009491781E-2
3.65788342782994880E-8	-1.73900625540270526E-2
3.66413342782994622E-8	-2.11310848106547589E-2
3.67038342782994764E-8	-2.16288887781292383E-2
3.67663342782994729E-8	-1.87840585457386000E-2
3.68288342782994693E-8	-1.30098436704779963E-2
3.68913342782994702E-8	-5.17730848683934042E-3
3.69538342782994622E-8	3.51404927911973086E-3
3.70163342782994675E-8	1.17230552336025484E-2
3.70788342782994640E-8	1.81817226843810387E-2
3.71413342782994604E-8	2.18950118463381305E-2
3.72038342782994569E-8	2.22961310548101954E-2
3.72663342782994578E-8	1.93356817246287127E-2
3.73288342782994498E-8	1.34844383072206497E-2
3.73913342782994462E-8	5.65084051117527597E-3
3.74538342782994471E-8	-2.96915531911039565E-3
3.75163342782994524E-8	-1.10826011202247798E-2
3.75788342782994444E-8	-1.74872066955313477E-2
3.76413342782994409E-8	-2.12272265725944198E-2
3.77038342782994373E-8	-2.17245444619154116E-2
3.77663342782994427E-8	-1.88801151074266760E-2
3.78288342782994436E-8	-1.31072339673827409E-2
3.78913342782994444E-8	-5.27670707714275089E-3
3.79538342782994320E-8	3.41254679844048292E-3
3.80163342782994373E-8	1.16201303065517147E-2
3.80788342782994338E-8	1.80786580700034438E-2
3.81413342782994214E-8	2.17933649897421589E-2
3.82038342782994267E-8	2.21974063768473906E-2
3.82663342782994231E-8	1.92409312333624305E-2
3.83288342782994285E-8	1.33939845152288406E-2
3.83913342782994249E-8	5.56425472920835240E-3
3.84538342782994125E-8	-3.05286010836586286E-3
3.85163342782994178E-8	-1.11644855052085146E-2
3.85788342782994143E-8	-1.75679382873402412E-2
3.86413342782994107E-8	-2.13072248254465313E-2
3.87038342782994027E-8	-2.18044595167437727E-2
3.87663342782994080E-8	-1.89608803816841953E-2
3.88288342782994134E-8	-1.31897554037541886E-2
3.88913342782994098E-8	-5.36157500864751757E-3
3.89538342782994018E-8	3.32535317382948836E-3
3.90163342782993983E-8	1.15314086155762707E-2
3.90788342782994036E-8	1.79897929842454674E-2
3.91413342782993912E-8	2.17059891103063407E-2
3.92038342782993876E-8	2.21130598387788480E-2
3.92663342782993841E-8	1.91606749767825857E-2
3.93288342782993983E-8	1.33181414927260211E-2
3.93913342782993903E-8	5.49239496177401865E-3
3.94538342782993823E-8	-3.12172897706304742E-3
3.95163342782993965E-8	-1.12314645320279438E-2
3.95788342782993974E-8	-1.76338014815364486E-2
3.96413342782993894E-8	-2.13725298008059950E-2
3.97038342782993769E-8	-2.18699576939020446E-2
3.97663342782993734E-8	-1.90275440017051678E-2
3.98288342782993743E-8	-1.32584793663960565E-2
3.98913342782993796E-8	-5.43290181831037167E-3
3.99538342782993716E-8	3.25151008951837373E-3
4.00000000000000000E-8	9.46703793795476933E-3


time	Tran1.TRAN.I_DC.i
0.00000000000000000E0	2.77382659065143633E-2
6.25000000000000444E-13	2.77382659065384019E-2
1.25000000000000089E-12	2.77382659065910930E-2
3.12500000000000222E-12	2.77382659086689820E-2
8.75000000000000178E-12	2.77382660627606858E-2
2.56250000000000044E-11	2.77382783976117553E-2
4.71201196761594243E-11	2.77383837587845461E-2
6.80884389494362807E-11	2.77387343679118903E-2
9.04822356354452140E-11	2.77396697818571347E-2
1.15000193449026034E-10	2.77418120634086574E-2
1.46138769962909043E-10	2.77468929841941758E-2
1.89537897305085901E-10	2.77577966621178707E-2
2.30972031800962041E-10	2.77670277994743309E-2
2.75668120027441965E-10	2.77582289055238718E-2
3.08590450471622813E-10	2.77220217747384767E-2
3.35790410320461863E-10	2.76573051467057862E-2
3.72300683934278842E-10	2.74900821787800398E-2
4.18143080599607231E-10	2.70826674574067816E-2
4.78110978983646007E-10	2.60436219676313518E-2
5.40610978983645829E-10	2.41039349891904653E-2
6.03110978983646007E-10	2.10616366747139416E-2
6.65610978983646007E-10	1.68831656393719598E-2
7.28110978983646184E-10	1.18835106796910761E-2
7.90610978983646184E-10	6.68253928130635444E-3
8.53110978983646184E-10	1.94924705336212090E-3
9.15610978983646362E-10	-1.78101423284039417E-3
9.78110978983646362E-10	-4.14055800595367085E-3
1.04061097898364641E-9	-4.98731989896143002E-3
1.09339474704735373E-9	-4.58077172347003714E-3
1.15296486631795703E-9	-3.07219991389735503E-3
1.21546486631795725E-9	-5.92504195105469655E-4
1.27796486631795725E-9	2.46889836599876755E-3
1.34046486631795680E-9	5.88111198254558065E-3
1.39692463097804365E-9	8.95932849443476442E-3
1.44983162525289844E-9	1.12978676927972455E-2
1.50226729926844671E-9	1.26741532796359291E-2
1.55514690890508600E-9	1.30635893953589033E-2
1.61285291133882502E-9	1.23532225485952862E-2
1.67535291133882547E-9	1.02768204236793137E-2
1.73215566305059521E-9	7.51342916792418958E-3
1.78009825865964610E-9	4.79068064561713225E-3
1.82086538311622026E-9	2.28682803116397482E-3
1.86905703754972086E-9	-6.77803787299076976E-4
1.93074269358676776E-9	-4.03320325753868580E-3
1.98247768314756878E-9	-6.27251006906298159E-3
2.04497768314756900E-9	-8.01928444268513907E-3
2.10747768314756900E-9	-8.42941386997028275E-3
2.14923948381595853E-9	-7.95082438954999215E-3
2.19312952143536322E-9	-6.89668619091493440E-3
2.23440249295884907E-9	-5.41987782224680892E-3
2.27288646282780160E-9	-3.69946420796787256E-3
2.33086627142043534E-9	-8.52375895633649172E-4
2.37699702416335956E-9	1.44958004703518584E-3
2.43949702416336045E-9	4.35219489792977932E-3
2.48894464883967093E-9	6.18950773552565181E-3
2.53770456985018189E-9	7.37254048471708412E-3
2.59167207373549369E-9	7.92472600575642439E-3
2.62944876436914754E-9	7.80436432668943958E-3
2.69194876436914754E-9	6.62414862438768104E-3
2.72593337225213350E-9	5.54355318556245003E-3
2.77022117542616630E-9	3.83691697500778028E-3
2.81147069565213403E-9	1.98984162767275485E-3
2.84931968902947030E-9	1.52526072263873580E-4
2.88709933463952462E-9	-1.65929033252172520E-3
2.91458745954303167E-9	-2.89199623477725076E-3
2.94229525404129433E-9	-4.04843184761178065E-3
2.96884586237618908E-9	-5.06883018430776566E-3
2.99758060065434151E-9	-6.02815718802443179E-3
3.03158263460415967E-9	-6.88929187617376648E-3
3.06005711542891135E-9	-7.36467432584510640E-3
3.11950909315404790E-9	-7.71126153178052753E-3
3.15272946345516436E-9	-7.52162150037715804E-3
3.17575885741083219E-9	-7.21016441755231607E-3
3.19649767810117869E-9	-6.80598695959394728E-3
3.21261015130245742E-9	-6.42542096531824924E-3
3.22117054642686540E-9	-6.20480826215194448E-3
3.23134220745111778E-9	-5.92960065669496394E-3
3.24568650579139728E-9	-5.51940171513009314E-3
3.27644899536961232E-9	-4.54597621864131973E-3
3.29943621708129253E-9	-3.73043088896806818E-3
3.32669131350404523E-9	-2.68484468577311386E-3
3.36564908247022609E-9	-1.15375258300793382E-3
3.39314602570867230E-9	-1.05809780740731663E-4
3.42470696464610924E-9	1.04119078507215201E-3
3.45571343775179995E-9	2.10589155489518465E-3
3.48340359084170048E-9	2.96662437844791471E-3
3.51094004954130146E-9	3.68371845968844980E-3
3.53319403782860819E-9	4.14523562590982841E-3
3.56908205657566491E-9	4.69137295331493220E-3
3.59723090296633430E-9	4.95955036397675642E-3
3.63740064693119791E-9	5.05336692126167364E-3
3.67666643701910800E-9	4.78412396785411431E-3
3.71771965707299579E-9	4.18327259139749152E-3
3.76506065482683994E-9	3.19022357477906748E-3
3.80741600211680620E-9	2.04579965625080629E-3
3.84673394886801745E-9	8.06792661768584729E-4
3.88606411766556281E-9	-4.86819326656946050E-4
3.92095380405791172E-9	-1.61378340323392289E-3
3.97037685506958038E-9	-3.15053654995591792E-3
4.01683544347575605E-9	-4.43648541695872733E-3
4.07933544347575605E-9	-5.66104868976289222E-3
4.13350335719811213E-9	-6.18871334394131090E-3
4.19600335719811124E-9	-6.14022154384291330E-3
4.25150226032249545E-9	-5.40778076007360120E-3
4.29529054934735566E-9	-4.39768202141658193E-3
4.35779054934735566E-9	-2.55379631504107163E-3
4.40723876978939799E-9	-8.99280142705386432E-4
4.46973876978939888E-9	1.16931902907625807E-3
4.53223876978939799E-9	2.90904792927653943E-3
4.59473876978939799E-9	4.12782957118412419E-3
4.65723876978939888E-9	4.68127637474365077E-3
4.71973876978939710E-9	4.43395336072150226E-3
4.78223876978939799E-9	3.44686015153393566E-3
4.84343155553080429E-9	1.91288096688852249E-3
4.89991239771378950E-9	1.30333998237747828E-4
4.96241239771378861E-9	-1.94731279445887973E-3
5.02491239771378861E-9	-3.81464262712694024E-3
5.08741239771378861E-9	-5.24618562240383568E-3
5.13627328100300318E-9	-5.90526976448276653E-3
5.19877328100300407E-9	-6.01104196114099132E-3
5.25285382474817286E-9	-5.48532864258613362E-3
5.30658050335743958E-9	-4.47029097388512131E-3
5.36908050335744047E-9	-2.79468442370049930E-3
5.42741586725700742E-9	-9.94297037250980331E-4
5.48991586725700742E-9	9.08865733517757945E-4
5.55145840106435084E-9	2.54870794923236899E-3
5.59678667757058435E-9	3.45740358803057291E-3
5.64364329049749713E-9	4.02369629608651991E-3
5.68595823133891098E-9	4.20645473577019224E-3
5.72113154369727983E-9	4.11594274262917370E-3
5.78363154369727983E-9	3.39037083636268877E-3
5.82299187964704146E-9	2.60988320085045178E-3
5.88549187964703968E-9	1.05389143174095690E-3
5.93570930831011445E-9	-3.86283349560296596E-4
5.98457961168127817E-9	-1.82035449953045170E-3
6.04017296251222913E-9	-3.27960255470480799E-3
6.08705156753143761E-9	-4.26809625271418547E-3
6.14955156753143584E-9	-5.13019794550206143E-3
6.19887325864858774E-9	-5.34493628021377631E-3
6.23511033484573840E-9	-5.21171248219467032E-3
6.28931479623943801E-9	-4.60656110279269360E-3
6.31819750379178657E-9	-4.09584666104947814E-3
6.34774895686107588E-9	-3.43955645963026901E-3
6.37191508424899133E-9	-2.81727646325676373E-3
6.42289531609039344E-9	-1.38222952848695546E-3
6.45805983322602373E-9	-3.52907189926433862E-4
6.52055983322602373E-9	1.40775249815921422E-3
6.57445159597397932E-9	2.70217358232384708E-3
6.63695159597398110E-9	3.71842368831120407E-3
6.69787692391733636E-9	4.13238481504973532E-3
6.76037692391733813E-9	3.91947208202405317E-3
6.82287692391733636E-9	3.05466225435023775E-3
6.88537692391733547E-9	1.68922452392004097E-3
6.94726148823551704E-9	3.63827291022853938E-5
7.00976148823551615E-9	-1.73883130102251182E-3
7.07226148823551526E-9	-3.32638001632242508E-3
7.13476148823551348E-9	-4.42161520460793245E-3
7.19726148823551259E-9	-4.69501982204749968E-3
7.25643539433951368E-9	-3.88596244817890790E-3
7.30040778172248395E-9	-2.60567342508587174E-3
7.31441281256544329E-9	-2.10549928001231157E-3
7.32973703026874190E-9	-1.52942010917226701E-3
7.34128110471698925E-9	-1.07946540066230456E-3
7.35751431171687109E-9	-4.25944924928464985E-4
7.37236816580331666E-9	1.92257726081049429E-4
7.38810957711638139E-9	8.64271605308662494E-4
7.40484473891014616E-9	1.58678614505692162E-3
7.42796191834871333E-9	2.56546541972237030E-3
7.44040837255848686E-9	3.07087935709045246E-3
7.44942010195681714E-9	3.42257364690518351E-3
7.45833378644220613E-9	3.75733668498055895E-3
7.48507483989836864E-9	4.68272999381712829E-3
7.50288902184378514E-9	5.23407239506313537E-3
7.52568755518912891E-9	5.85781582549298552E-3
7.55153717597509377E-9	6.42908507894119197E-3
7.58061532841387642E-9	6.86096155300300836E-3
7.60851082886317975E-9	7.05386840267397019E-3
7.66820404071088824E-9	6.82434350904232989E-3
7.69956053779466387E-9	6.37382181565486228E-3
7.75603873393365806E-9	5.01514430790159516E-3
7.78785121562290072E-9	3.98176336927122732E-3
7.85035121562289895E-9	1.67513502514116386E-3
7.88564901496240367E-9	2.77235123615286039E-4
7.93904775872684265E-9	-1.83151124356560091E-3
7.99421375439395021E-9	-3.76934392413957609E-3
8.04962882841731187E-9	-5.24027102582136006E-3
8.11212882841731009E-9	-6.15151716282690231E-3
8.16597423360833119E-9	-6.03820951510334769E-3
8.22847423360832941E-9	-4.47491744148709891E-3
8.27759352468849308E-9	-2.19125847523671391E-3
8.34009352468849130E-9	1.56931152949253683E-3
8.40259352468849308E-9	5.67287687500704862E-3
8.46509352468849130E-9	9.39038882239118422E-3
8.52759352468849308E-9	1.20193519334261745E-2
8.59009352468849130E-9	1.31064737877411130E-2
8.65259352468848952E-9	1.24800884126332878E-2
8.71509352468848775E-9	1.02310387598075758E-2
8.76606674625432447E-9	7.45112639598430793E-3
8.80727173187738188E-9	4.80313628714272234E-3
8.85456973066266251E-9	1.55141533710657198E-3
8.90169039424674402E-9	-1.66457787479494912E-3
8.95923624825694276E-9	-5.15498826067351335E-3
9.00393790131798255E-9	-7.33001451320168673E-3
9.05411893446408911E-9	-9.02896410908924452E-3
9.10321592633517263E-9	-9.78783526049962482E-3
9.16571592633516907E-9	-9.24991819238834445E-3
9.22821592633517085E-9	-6.75028998571289840E-3
9.29071592633516730E-9	-2.17897808243352431E-3
9.35321592633516730E-9	3.85478849215052488E-3
9.41571592633517263E-9	1.02695263457073427E-2
9.47821592633517085E-9	1.61044054724425201E-2
9.54071592633516907E-9	2.04213749006546408E-2
9.60321592633517263E-9	2.23825548005529562E-2
9.66416688569720606E-9	2.17138299940215873E-2
9.72666688569720606E-9	1.84394670344890699E-2
9.75633332436599510E-9	1.60283169691265459E-2
9.77663735249756272E-9	1.41167281832246516E-2
9.81223952615705564E-9	1.04228046081839487E-2
9.83394299706296060E-9	8.01561132560254030E-3
9.86946511428358875E-9	3.93881926605722787E-3
9.89829779057356518E-9	5.90086947259188754E-4
9.93460249697525910E-9	-3.46237626888803796E-3
9.96684658665255441E-9	-6.74025010320524487E-3
9.99376866669854280E-9	-9.16499173651593502E-3
1.00278925852258327E-8	-1.17672964973522176E-2
1.00504490576317762E-8	-1.31588845266829324E-2
1.00916754596938940E-8	-1.48829844897266717E-2
1.01179711028104213E-8	-1.53979838944733438E-2
1.01667721789205068E-8	-1.51520360292190182E-2
1.02001780214815829E-8	-1.40601877770498729E-2
1.02545671465964494E-8	-1.04948418350108863E-2
1.02908161062053116E-8	-6.90548421418166303E-3
1.03507963150912552E-8	5.22607968052805205E-4
1.04056014055815904E-8	8.20017191063976902E-3
1.04681014055815891E-8	1.68871043970271240E-2
1.05275852552333271E-8	2.39396425283897196E-2
1.05900852552333258E-8	2.89019173407296259E-2
1.06525852552333267E-8	3.06689824716757764E-2
1.07150852552333276E-8	2.88896788008603478E-2
1.07775852552333240E-8	2.37122371477480343E-2
1.08400852552333249E-8	1.59398602537245804E-2
1.09014197847553596E-8	6.86587576748030948E-3
1.09496537393427151E-8	-5.12780592725254181E-4
1.09879891193323531E-8	-6.02612421999777492E-3
1.10260162514069582E-8	-1.08435584273337238E-2
1.10746179316903937E-8	-1.57194428171790412E-2
1.11092170212097341E-8	-1.81354564995062928E-2
1.11365401367954187E-8	-1.93105301320279943E-2
1.11604653308603519E-8	-1.97670683586891660E-2
1.11881659941801725E-8	-1.96203966973482724E-2
1.12120489326079675E-8	-1.89119964601988721E-2
1.12485431681055004E-8	-1.67775574406767136E-2
1.12891075514745909E-8	-1.29659769183014029E-2
1.13365854215712747E-8	-6.89261038535147197E-3
1.13952369207360737E-8	2.20650766294121370E-3
1.14577369207360746E-8	1.26892860682734687E-2
1.15120551415575845E-8	2.13727739830061214E-2
1.15745551415575854E-8	2.94692784431644972E-2
1.16370551415575862E-8	3.44759224821736687E-2
1.16995551415575849E-8	3.56709667588842594E-2
1.17620551415575836E-8	3.28125224259617765E-2
1.18245551415575822E-8	2.63316439896599075E-2
1.18870551415575809E-8	1.72130455555907780E-2
1.19495551415575796E-8	6.76720436710813278E-3
1.20078600433401550E-8	-2.81345756720919837E-3
1.20680277530559388E-8	-1.11469180474097240E-2
1.21235213881238302E-8	-1.64857278088280701E-2
1.21622101794495596E-8	-1.84908890239144297E-2
1.22247101794495583E-8	-1.82973075411820219E-2
1.22827561215298653E-8	-1.43703365594616539E-2
1.23452561215298617E-8	-6.64765078991221792E-3
1.24077561215298626E-8	3.68611374472210818E-3
1.24702561215298613E-8	1.51678096004078333E-2
1.25327561215298622E-8	2.61679101991650231E-2
1.25952561215298631E-8	3.51636653485799577E-2
1.26577561215298640E-8	4.08607261377739750E-2
1.27202561215298604E-8	4.24245872552949077E-2
1.27827561215298591E-8	3.96706327597626851E-2
1.28452561215298644E-8	3.30291333586161739E-2
1.29077561215298586E-8	2.35130679038783574E-2
1.29702561215298573E-8	1.26149827216660460E-2
1.30327561215298582E-8	2.01690031974624517E-3
1.30952561215298591E-8	-6.64019604245892303E-3
1.31548228473657280E-8	-1.18014156746658916E-2
1.32118106041233974E-8	-1.31635103610592408E-2
1.32743106041233982E-8	-1.03734304696213120E-2
1.33368106041233969E-8	-3.42820757656527908E-3
1.33993106041234000E-8	6.72546015705945965E-3
1.34618106041233965E-8	1.86606204976322188E-2
1.35243106041233996E-8	3.07288363805485432E-2
1.35868106041233982E-8	4.12493530001969688E-2
1.36493106041233969E-8	4.87324195558821760E-2
1.37118106041233956E-8	5.21373744356650271E-2
1.37743106041233987E-8	5.10132842175560874E-2
1.38368106041233951E-8	4.55765121477161017E-2
1.38993106041233960E-8	3.67243554107876324E-2
1.39618106041233991E-8	2.58809446624097594E-2
1.40243106041233956E-8	1.47713931020027389E-2
1.40868106041233920E-8	5.18757097522485111E-3
1.41493106041233974E-8	-1.30582231138114957E-3
1.42105327784565882E-8	-3.62391383576838377E-3
1.42718776130656355E-8	-1.48099356078236322E-3
1.43343776130656386E-8	5.07396745618154554E-3
1.43968776130656395E-8	1.51538849593292002E-2
1.44593776130656382E-8	2.73670117436613136E-2
1.45218776130656368E-8	4.00256568071648644E-2
1.45843776130656377E-8	5.13709660188058592E-2
1.46468776130656342E-8	5.98282623923616264E-2
1.47093776130656329E-8	6.42270218263522619E-2
1.47718776130656337E-8	6.39801101447352583E-2
1.48343776130656391E-8	5.92099263523579822E-2
1.48968776130656355E-8	5.07392159824459377E-2
1.49593776130656386E-8	3.99604991231085105E-2
1.50218776130656373E-8	2.86369255708191517E-2
1.50843776130656382E-8	1.86254762707803101E-2
1.51468776130656368E-8	1.15770567696230042E-2
1.52038342782993618E-8	8.75558226290744024E-3
1.52663342782993650E-8	1.01782325882237767E-2
1.53288342782993681E-8	1.61961939002154676E-2
1.53913342782993690E-8	2.60109564211479460E-2
1.54538342782993698E-8	3.82707289216071267E-2
1.55163342782993685E-8	5.12770773226024978E-2
1.55788342782993761E-8	6.32358318509197570E-2
1.56413342782993725E-8	7.24965234263336722E-2
1.57038342782993778E-8	7.77747991878596068E-2
1.57663342782993765E-8	7.83663356886160756E-2
1.58288342782993752E-8	7.42803571664574491E-2
1.58913342782993805E-8	6.62447883632455614E-2
1.59538342782993814E-8	5.56061546797219997E-2
1.60163342782993801E-8	4.41269337639107828E-2
1.60788342782993832E-8	3.37012861364730743E-2
1.61413342782993841E-8	2.60603818817867872E-2
1.62038342782993849E-8	2.25060193575662826E-2
1.62663342782993880E-8	2.37016443867404059E-2
1.63288342782993867E-8	2.95758642967361274E-2
1.63913342782993920E-8	3.93499173787484580E-2
1.64538342782993885E-8	5.16693317678889930E-2
1.65163342782993916E-8	6.48243277645380722E-2
1.65788342782993925E-8	7.70018236474693918E-2
1.66413342782993934E-8	8.65180751179237362E-2
1.67038342782993987E-8	9.20500151830497337E-2
1.67663342782993996E-8	9.28555315059055708E-2
1.68288342782993983E-8	8.89095625086838659E-2
1.68913342782994036E-8	8.09207857169226941E-2
1.69538342782994067E-8	7.02343212022992880E-2
1.70163342782994054E-8	5.86232465297289540E-2
1.70788342782994040E-8	4.80054037363801012E-2
1.71413342782994049E-8	4.01441800462580023E-2
1.72038342782994080E-8	3.63718375188747656E-2
1.72663342782994111E-8	3.73790118009361105E-2
1.73288342782994120E-8	4.31149629620754293E-2
1.73913342782994174E-8	5.28087321285253353E-2
1.74538342782994116E-8	6.51045244816703228E-2
1.75163342782994125E-8	7.82865569874531531E-2
1.75788342782994156E-8	9.05298398317570729E-2
1.76413342782994143E-8	1.00133421900666431E-1
1.77038342782994151E-8	1.05752019987049151E-1
1.77663342782994205E-8	1.06618421512893247E-1
1.78288342782994214E-8	1.02687712827888289E-1
1.78913342782994267E-8	9.46581915914172356E-2
1.79538342782994187E-8	8.38730998948619444E-2
1.80163342782994285E-8	7.21132422211899105E-2
1.80788342782994271E-8	6.13121625122071912E-2
1.81413342782994258E-8	5.32514987219051328E-2
1.82038342782994267E-8	4.92819874752315457E-2
1.82663342782994276E-8	5.01107377577934265E-2
1.83288342782994329E-8	5.56971788582948157E-2
1.83913342782994338E-8	6.52738798295506406E-2
1.84538342782994347E-8	7.74841589407003717E-2
1.85163342782994356E-8	9.06080594483750446E-2
1.85788342782994320E-8	1.02814941797174741E-1
1.86413342782994373E-8	1.12395734776737166E-1
1.87038342782994427E-8	1.17991365068081366E-1
1.87663342782994369E-8	1.18818980706553079E-1
1.88288342782994422E-8	1.14822395543392486E-1
1.88913342782994453E-8	1.06693326276858391E-1
1.89538342782994440E-8	9.57739188145314735E-2
1.90163342782994471E-8	8.38507764208452500E-2
1.90788342782994502E-8	7.28668281736280221E-2
1.91413342782994511E-8	6.46143702596818237E-2
1.92038342782994542E-8	6.04556144726667188E-2
1.92663342782994507E-8	6.11067586989718503E-2
1.93288342782994538E-8	6.65322015590613436E-2
1.93913342782994547E-8	7.59663155381157118E-2
1.94538342782994556E-8	8.80512127375067166E-2
1.95163342782994609E-8	1.01064428351256441E-1
1.95788342782994595E-8	1.13173472510720052E-1
1.96413342782994560E-8	1.22665310401219285E-1
1.97038342782994591E-8	1.28172455408122987E-1
1.97663342782994622E-8	1.28902744736440567E-1
1.98288342782994675E-8	1.24793161892324833E-1
1.98913342782994729E-8	1.16531283155463794E-1
1.99538342782994671E-8	1.05458969316732554E-1
2.00163342782994702E-8	9.33666164677580390E-2
2.00788342782994711E-8	8.22026816252483350E-2
2.01413342782994720E-8	7.37659124586938386E-2
2.02038342782994729E-8	6.94253041983820651E-2
2.02663342782994693E-8	6.99019363250466430E-2
2.03288342782994791E-8	7.51627811982469307E-2
2.03913342782994800E-8	8.44429752030653624E-2
2.04538342782994809E-8	9.63834825042740206E-2
2.05163342782994773E-8	1.09260560173274701E-1
2.05788342782994826E-8	1.21241313135643658E-1
2.06413342782994791E-8	1.30610662582205306E-1
2.07038342782994844E-8	1.35996241535775364E-1
2.07663342782994853E-8	1.36600436252845259E-1
2.08288342782994862E-8	1.32356093549826959E-1
2.08913342782994871E-8	1.23948472689973577E-1
2.09538342782994924E-8	1.12719529437149335E-1
2.10163342782994933E-8	1.00461968891589470E-1
2.10788342782994942E-8	8.91275850175454920E-2
2.11413342782994906E-8	8.05189306142330352E-2
2.12038342782995004E-8	7.60087711074017136E-2
2.12663342782994969E-8	7.63208361109011868E-2
2.13288342782995022E-8	8.14234023658895723E-2
2.13913342782995031E-8	9.05518006826792110E-2
2.14538342782994951E-8	1.02346180648012441E-1
2.15163342782995048E-8	1.15082045438537173E-1
2.15788342782995102E-8	1.26926269624794630E-1
2.16413342782995022E-8	1.36162597580358424E-1
2.17038342782995031E-8	1.41415951282781105E-1
2.17663342782995084E-8	1.41885758447334442E-1
2.18288342782995137E-8	1.37502698084107955E-1
2.18913342782995102E-8	1.28951005544529762E-1
2.19538342782995111E-8	1.17572960509414859E-1
2.20163342782995164E-8	1.05162710643135227E-1
2.20788342782995128E-8	9.36740213160234347E-2
2.21413342782995182E-8	8.49115291705968644E-2
2.22038342782995146E-8	8.02499194040853503E-2
2.22663342782995199E-8	8.04142565605501325E-2
2.23288342782995208E-8	8.53733817479326262E-2
2.23913342782995262E-8	9.43625728103925177E-2
2.24538342782995226E-8	1.06021426289996468E-1
2.25163342782995191E-8	1.18624758425008126E-1
2.25788342782995288E-8	1.30338881378776583E-1
2.26413342782995297E-8	1.39446627843089965E-1
2.27038342782995262E-8	1.44571553645951267E-1
2.27663342782995270E-8	1.44911909316522558E-1
2.28288342782995324E-8	1.40397706883543893E-1
2.28913342782995333E-8	1.31713103880177673E-1
2.29538342782995342E-8	1.20200956883594778E-1
2.30163342782995350E-8	1.07656377395068015E-1
2.30788342782995404E-8	9.60341874057322542E-2
2.31413342782995413E-8	8.71400052054091034E-2
2.32038342782995421E-8	8.23492629106665852E-2
2.32663342782995430E-8	8.23874725263460306E-2
2.33288342782995439E-8	8.72236008265810270E-2
2.33913342782995493E-8	9.60927555611385031E-2
2.34538342782995457E-8	1.07634081528611913E-1
2.35163342782995510E-8	1.20121601025769476E-1
2.35788342782995564E-8	1.31720587470850226E-1
2.36413342782995484E-8	1.40712922236286486E-1
2.37038342782995493E-8	1.45721704821294318E-1
2.37663342782995546E-8	1.45945324879388250E-1
2.38288342782995599E-8	1.41314247274405380E-1
2.38913342782995564E-8	1.32513295969566647E-1
2.39538342782995572E-8	1.20886158351952155E-1
2.40163342782995626E-8	1.08228625560167235E-1
2.40788342782995635E-8	9.64959705503065024E-2
2.41413342782995599E-8	8.74940706808175328E-2
2.42038342782995652E-8	8.25983190635130704E-2
2.42663342782995661E-8	8.25340565146870198E-2
2.43288342782995670E-8	8.72700965493108249E-2
2.43913342782995723E-8	9.60412980668666982E-2
2.44538342782995732E-8	1.07486363785531913E-1
2.45163342782995652E-8	1.19878381400834377E-1
2.45788342782995706E-8	1.31381144262597660E-1
2.46413342782995759E-8	1.40275455125588921E-1
2.47038342782995812E-8	1.45184607238011232E-1
2.47663342782995777E-8	1.45308079218503750E-1
2.48288342782995741E-8	1.40577591939637703E-1
2.48913342782995795E-8	1.31679211763117099E-1
2.49538342782995848E-8	1.19957652402577719E-1
2.50163342782995857E-8	1.07209191546396676E-1
2.50788342782995821E-8	9.53891607842790457E-2
2.51413342782995741E-8	8.63032005222660814E-2
2.52038342782995928E-8	8.13261308009071193E-2
2.52663342782995848E-8	8.11827120140161540E-2
2.53288342782995812E-8	8.58414140838938700E-2
2.53913342782995954E-8	9.45367978616724614E-2
2.54538342782995919E-8	1.05907119960614393E-1
2.55163342782995883E-8	1.18224414724702886E-1
2.55788342782995937E-8	1.29650677689665628E-1
2.56413342782995946E-8	1.38465533439385213E-1
2.57038342782995954E-8	1.43292921586043276E-1
2.57663342782996008E-8	1.43334059352142607E-1
2.58288342782995972E-8	1.38522457071097715E-1
2.58913342782995981E-8	1.29545815604864023E-1
2.59538342782996034E-8	1.17749984961751064E-1
2.60163342782996088E-8	1.04931571443351346E-1
2.60788342782996052E-8	9.30457043111814031E-2
2.61413342782996061E-8	8.38974460759215113E-2
2.62038342782996114E-8	7.88606944008678035E-2
2.62663342782996123E-8	7.86593895559236778E-2
2.63288342782996043E-8	8.32615433644864389E-2
2.63913342782996097E-8	9.19014098212508834E-2
2.64538342782996150E-8	1.03216825406873314E-1
2.65163342782996114E-8	1.15478703816086647E-1
2.65788342782996256E-8	1.26847069693275549E-1
2.66413342782996176E-8	1.35600335306951258E-1
2.67038342782996185E-8	1.40363375871616514E-1
2.67663342782996194E-8	1.40339547587011593E-1
2.68288342782996247E-8	1.35464452838149718E-1
2.68913342782996212E-8	1.26427629700938127E-1
2.69538342782996221E-8	1.14576084698037284E-1
2.70163342782996319E-8	1.01706600875319531E-1
2.70788342782996327E-8	8.97739178461546850E-2
2.71413342782996292E-8	8.05823011889805763E-2
2.72038342782996345E-8	7.55045204509090429E-2
2.72663342782996310E-8	7.52635908975983625E-2
2.73288342782996230E-8	7.98270346063608294E-2
2.73913342782996416E-8	8.84288354730369086E-2
2.74538342782996381E-8	9.97064799339617380E-2
2.75163342782996345E-8	1.11929761440995401E-1
2.75788342782996487E-8	1.23256685767432272E-1
2.76413342782996363E-8	1.31964481162507541E-1
2.77038342782996416E-8	1.36679117904708125E-1
2.77663342782996470E-8	1.36606283000063633E-1
2.78288342782996434E-8	1.31683783185995584E-1
2.78913342782996443E-8	1.22603026859604824E-1
2.79538342782996452E-8	1.10712111794999002E-1
2.80163342782996549E-8	9.78078427429452901E-2
2.80788342782996558E-8	8.58444235214361662E-2
2.81413342782996523E-8	7.66251996365325105E-2
2.82038342782996576E-8	7.15217223950550629E-2
2.82663342782996496E-8	7.12560805979390199E-2
2.83288342782996505E-8	7.57953566236791776E-2
2.83913342782996647E-8	8.43733464999719907E-2
2.84538342782996612E-8	9.56272965935902519E-2
2.85163342782996532E-8	1.07825948925312209E-1
2.85788342782996585E-8	1.19125336193258646E-1
2.86413342782996594E-8	1.27801574202432322E-1
2.87038342782996647E-8	1.32481791085126721E-1
2.87663342782996612E-8	1.32374027809809158E-1
2.88288342782996665E-8	1.27418259149761592E-1
2.88913342782996629E-8	1.18307664218601238E-1
2.89538342782996683E-8	1.06391291900842822E-1
2.90163342782996825E-8	9.34658117112775599E-2
2.90788342782996656E-8	8.14847724815811247E-2
2.91413342782996665E-8	7.22505458173690940E-2
2.92038342782996807E-8	6.71334678150731712E-2
2.92663342782996727E-8	6.68547752152088570E-2
2.93288342782996736E-8	7.13812269611026728E-2
2.93913342782996745E-8	7.99465552310081229E-2
2.94538342782996798E-8	9.11879038117526619E-2
2.95163342782996807E-8	1.03373087338826064E-1
2.95788342782996816E-8	1.14656277533495765E-1
2.96413342782996825E-8	1.23312571066867638E-1
2.97038342782996878E-8	1.27970248143131760E-1
2.97663342782996887E-8	1.27839601530104408E-1
2.98288342782996896E-8	1.22862628083073488E-1
2.98913342782996860E-8	1.13734086980629057E-1
2.99538342782996736E-8	1.01803781205099075E-1
3.00163342782996789E-8	8.88680894148572520E-2
3.00788342782996843E-8	7.68798090488631036E-2
3.01413342782996763E-8	6.76403295410360261E-2
3.02038342782996727E-8	6.25188449002664015E-2
3.02663342782996736E-8	6.22358672583309946E-2
3.03288342782996789E-8	6.67579911808946935E-2
3.03913342782996709E-8	7.53190419834448122E-2
3.04538342782996629E-8	8.65562131775992505E-2
3.05163342782996683E-8	9.87365507920945262E-2
3.05788342782996647E-8	1.10012522665162416E-1
3.06413342782996612E-8	1.18658305425395616E-1
3.07038342782996576E-8	1.23303278276563155E-1
3.07663342782996541E-8	1.23159802012938990E-1
3.08288342782996549E-8	1.18171675229145490E-1
3.08913342782996558E-8	1.09034992811398967E-1
3.09538342782996478E-8	9.71000811499109950E-2
3.10163342782996487E-8	8.41628759854593689E-2
3.10788342782996452E-8	7.21753486019759016E-2
3.11413342782996372E-8	6.29379262496639313E-2
3.12038342782996425E-8	5.78187792614973972E-2
3.12663342782996390E-8	5.75378567477100678E-2
3.13288342782996310E-8	6.20617677252416655E-2
3.13913342782996452E-8	7.06246063331620189E-2
3.14538342782996327E-8	8.18637731629302046E-2
3.15163342782996336E-8	9.40457187250470383E-2
3.15788342782996345E-8	1.05321391246099338E-1
3.16413342782996265E-8	1.13964144452379990E-1
3.17038342782996363E-8	1.18604371924781304E-1
3.17663342782996194E-8	1.18456275297277891E-1
3.18288342782996292E-8	1.13465192279219118E-1
3.18913342782996256E-8	1.04328284451399989E-1
3.19538342782996221E-8	9.23961606398823676E-2
3.20163342782996141E-8	7.94641676430821153E-2
3.20788342782996105E-8	6.74833950447106279E-2
3.21413342782996025E-8	5.82533454070850976E-2
3.22038342782996034E-8	5.31413056843327958E-2
3.22663342782996132E-8	5.28668407020328335E-2
3.23288342782996052E-8	5.73967548118543114E-2
3.23913342782996105E-8	6.59655885828117228E-2
3.24538342782996114E-8	7.72111044917282552E-2
3.25163342782996079E-8	8.93993295973521640E-2
3.25788342782996043E-8	1.00679888055881706E-1
3.26413342782996008E-8	1.09325404345993160E-1
3.27038342782995972E-8	1.13967183084889667E-1
3.27663342782995937E-8	1.13821024977130003E-1
3.28288342782995901E-8	1.08833530436627446E-1
3.28913342782995954E-8	9.97026552546731537E-2
3.29538342782995874E-8	8.77790583319847784E-2
3.30163342782995883E-8	7.48573616348850912E-2
3.30788342782995803E-8	6.28877322200278677E-2
3.31413342782995768E-8	5.36687961857439522E-2
3.32038342782995821E-8	4.85671010225220812E-2
3.32663342782995697E-8	4.83020071581781441E-2
3.33288342782995795E-8	5.28406853701821522E-2
3.33913342782995892E-8	6.14182872473849528E-2
3.34538342782995635E-8	7.26730821830073381E-2
3.35163342782995821E-8	8.48708358540923058E-2
3.35788342782995741E-8	9.61600419250838989E-2
3.36413342782995661E-8	1.04812686553094436E-1
3.37038342782995670E-8	1.09460875091272980E-1
3.37663342782995590E-8	1.09321770241326277E-1
3.38288342782995599E-8	1.04342967969497313E-1
3.38913342782995652E-8	9.52229580094158834E-2
3.39538342782995528E-8	8.33122378266889463E-2
3.40163342782995581E-8	7.04045839764295245E-2
3.40788342782995546E-8	5.84492100153818228E-2
3.41413342782995510E-8	4.92439189326673432E-2
3.42038342782995430E-8	4.41546546054639588E-2
3.42663342782995484E-8	4.39007400862925312E-2
3.43288342782995537E-8	4.84498659542265653E-2
3.43913342782995501E-8	5.70379363127284655E-2
3.44538342782995377E-8	6.83038555027727146E-2
3.45163342782995386E-8	8.05132755701403902E-2
3.45788342782995484E-8	9.18137422479072640E-2
3.46413342782995404E-8	1.00476691785951067E-1
3.47038342782995279E-8	1.05134923679000925E-1
3.47663342782995333E-8	1.05006742344775605E-1
3.48288342782995297E-8	1.00040497353680990E-1
3.48913342782995350E-8	9.09349763646458165E-2
3.49538342782995226E-8	7.90403310453310226E-2
3.50163342782995279E-8	6.61493916395382708E-2
3.50788342782995244E-8	5.42103938210789149E-2
3.51413342782995208E-8	4.50203703482190676E-2
3.52038342782995262E-8	3.99447829859819459E-2
3.52663342782995137E-8	3.97030613777671260E-2
3.53288342782995191E-8	4.42635455970160940E-2
3.53913342782995155E-8	5.28630058285822013E-2
3.54538342782995075E-8	6.41410863860559743E-2
3.55163342782995084E-8	7.63634568502245514E-2
3.55788342782995093E-8	8.76768821212798954E-2
3.56413342782995102E-8	9.63523335341813869E-2
3.57038342782994977E-8	1.01023210137063235E-1
3.57663342782994986E-8	1.00908762288013421E-1
3.58288342782995040E-8	9.59578852163605234E-2
3.58913342782995048E-8	8.68694614989763636E-2
3.59538342782994924E-8	7.49931423812150655E-2
3.60163342782994889E-8	6.21207325854091685E-2
3.60788342782994986E-8	5.01994710378433240E-2
3.61413342782994906E-8	4.10256676075806848E-2
3.62038342782994915E-8	3.59644058874722905E-2
3.62663342782994835E-8	3.57353376493295016E-2
3.63288342782994933E-8	4.03075538615477136E-2
3.63913342782994809E-8	4.89187752507271689E-2
3.64538342782994818E-8	6.02094647880803535E-2
3.65163342782994782E-8	7.24454223366159944E-2
3.65788342782994880E-8	8.37727826373513373E-2
3.66413342782994622E-8	9.24621325593110654E-2
3.67038342782994764E-8	9.71473929565625482E-2
3.67663342782994729E-8	9.70485938760910827E-2
3.68288342782994693E-8	9.21150055151239755E-2
3.68913342782994702E-8	8.30454403894841597E-2
3.69538342782994622E-8	7.11889253664862842E-2
3.70163342782994675E-8	5.83361816140279732E-2
3.70788342782994640E-8	4.64334382215450603E-2
3.71413342782994604E-8	3.72763206448498696E-2
3.72038342782994569E-8	3.22296187735646988E-2
3.72663342782994578E-8	3.20132924836343324E-2
3.73288342782994498E-8	3.65972540610551000E-2
3.73913342782994462E-8	4.52202306292910094E-2
3.74538342782994471E-8	5.65235559266534704E-2
3.75163342782994524E-8	6.87732528888805650E-2
3.75788342782994444E-8	8.01149609680919816E-2
3.76413342782994409E-8	8.88189581218368396E-2
3.77038342782994373E-8	9.35196275057780113E-2
3.77663342782994427E-8	9.34376448180919539E-2
3.78288342782994436E-8	8.85225217104370543E-2
3.78913342782994444E-8	7.94728748006206054E-2
3.79538342782994320E-8	6.76370134337094520E-2
3.80163342782994373E-8	5.48045363586482903E-2
3.80788342782994338E-8	4.29206557916730080E-2
3.81413342782994214E-8	3.37803413712176148E-2
3.82038342782994267E-8	2.87481531704304594E-2
3.82663342782994231E-8	2.85444170668358943E-2
3.83288342782994285E-8	3.31399059982758493E-2
3.83913342782994249E-8	4.17743817931586037E-2
3.84538342782994125E-8	5.30900765425829668E-2
3.85163342782994178E-8	6.53533085289225113E-2
3.85788342782994143E-8	7.67093416918307547E-2
3.86413342782994107E-8	8.54282163036633868E-2
3.87038342782994027E-8	9.01447356106160669E-2
3.87663342782994080E-8	9.00801192971320219E-2
3.88288342782994134E-8	8.51840224320394057E-2
3.88913342782994098E-8	7.61547769588605483E-2
3.89538342782994018E-8	6.43399115788095699E-2
3.90163342782993983E-8	5.15278806948985313E-2
3.90788342782994036E-8	3.96628782397779744E-2
3.91413342782993912E-8	3.05392376089963724E-2
3.92038342782993876E-8	2.55213324075207915E-2
3.92663342782993841E-8	2.53298868556778434E-2
3.93288342782993983E-8	2.99365451589464282E-2
3.93913342782993903E-8	3.85821061641768948E-2
3.94538342782993823E-8	4.99097063873059543E-2
3.95163342782993965E-8	6.21860121226709328E-2
3.95788342782993974E-8	7.35560167927896558E-2
3.96413342782993894E-8	8.22895907470352128E-2
3.97038342782993769E-8	8.70219304412456474E-2
3.97663342782993734E-8	8.69747279695732800E-2
3.98288342782993743E-8	8.20977166483638854E-2
3.98913342782993796E-8	7.30888880715530753E-2
3.99538342782993716E-8	6.12949550922110209E-2
4.00000000000000000E-8	5.17783415957389437E-2


time	Tran1.TRAN.I_C.i
0.00000000000000000E0	2.77382659065143633E-2
6.25000000000000444E-13	2.77382659065384019E-2
1.25000000000000089E-12	2.77382659065910930E-2
3.12500000000000222E-12	2.77382659086689820E-2
8.75000000000000178E-12	2.77382660627606858E-2
2.56250000000000044E-11	2.77382783976117553E-2
4.71201196761594243E-11	2.77383837587845461E-2
6.80884389494362807E-11	2.77387343679118903E-2
9.04822356354452140E-11	2.77396697818571347E-2
1.15000193449026034E-10	2.77418120634086574E-2
1.46138769962909043E-10	2.77468929841941758E-2
1.89537897305085901E-10	2.77577966621178707E-2
2.30972031800962041E-10	2.77670277994743309E-2
2.75668120027441965E-10	2.77582289055238718E-2
3.08590450471622813E-10	2.77220217747384767E-2
3.35790410320461863E-10	2.76573051467057862E-2
3.72300683934278842E-10	2.74900821787800398E-2
4.18143080599607231E-10	2.70826674574067816E-2
4.78110978983646007E-10	2.60436219676313518E-2
5.40610978983645829E-10	2.41039349891904653E-2
6.03110978983646007E-10	2.10616366747139416E-2
6.65610978983646007E-10	1.68831656393719598E-2
7.28110978983646184E-10	1.18835106796910761E-2
7.90610978983646184E-10	6.68253928130635444E-3
8.53110978983646184E-10	1.94924705336212090E-3
9.15610978983646362E-10	-1.78101423284039417E-3
9.78110978983646362E-10	-4.14055800595367085E-3
1.04061097898364641E-9	-4.98731989896143002E-3
1.09339474704735373E-9	-4.58077172347003714E-3
1.15296486631795703E-9	-3.07219991389735503E-3
1.21546486631795725E-9	-5.92504195105469655E-4
1.27796486631795725E-9	2.46889836599876755E-3
1.34046486631795680E-9	5.88111198254558065E-3
1.39692463097804365E-9	8.95932849443476442E-3
1.44983162525289844E-9	1.12978676927972455E-2
1.50226729926844671E-9	1.26741532796359291E-2
1.55514690890508600E-9	1.30635893953589033E-2
1.61285291133882502E-9	1.23532225485952862E-2
1.67535291133882547E-9	1.02768204236793137E-2
1.73215566305059521E-9	7.51342916792418958E-3
1.78009825865964610E-9	4.79068064561713225E-3
1.82086538311622026E-9	2.28682803116397482E-3
1.86905703754972086E-9	-6.77803787299076976E-4
1.93074269358676776E-9	-4.03320325753868580E-3
1.98247768314756878E-9	-6.27251006906298159E-3
2.04497768314756900E-9	-8.01928444268513907E-3
2.10747768314756900E-9	-8.42941386997028275E-3
2.14923948381595853E-9	-7.95082438954999215E-3
2.19312952143536322E-9	-6.89668619091493440E-3
2.23440249295884907E-9	-5.41987782224680892E-3
2.27288646282780160E-9	-3.69946420796787256E-3
2.33086627142043534E-9	-8.52375895633649172E-4
2.37699702416335956E-9	1.44958004703518584E-3
2.43949702416336045E-9	4.35219489792977932E-3
2.48894464883967093E-9	6.18950773552565181E-3
2.53770456985018189E-9	7.37254048471708412E-3
2.59167207373549369E-9	7.92472600575642439E-3
2.62944876436914754E-9	7.80436432668943958E-3
2.69194876436914754E-9	6.62414862438768104E-3
2.72593337225213350E-9	5.54355318556245003E-3
2.77022117542616630E-9	3.83691697500778028E-3
2.81147069565213403E-9	1.98984162767275485E-3
2.84931968902947030E-9	1.52526072263873580E-4
2.88709933463952462E-9	-1.65929033252172520E-3
2.91458745954303167E-9	-2.89199623477725076E-3
2.94229525404129433E-9	-4.04843184761178065E-3
2.96884586237618908E-9	-5.06883018430776566E-3
2.99758060065434151E-9	-6.02815718802443179E-3
3.03158263460415967E-9	-6.88929187617376648E-3
3.06005711542891135E-9	-7.36467432584510640E-3
3.11950909315404790E-9	-7.71126153178052753E-3
3.15272946345516436E-9	-7.52162150037715804E-3
3.17575885741083219E-9	-7.21016441755231607E-3
3.19649767810117869E-9	-6.80598695959394728E-3
3.21261015130245742E-9	-6.42542096531824924E-3
3.22117054642686540E-9	-6.20480826215194448E-3
3.23134220745111778E-9	-5.92960065669496394E-3
3.24568650579139728E-9	-5.51940171513009314E-3
3.27644899536961232E-9	-4.54597621864131973E-3
3.29943621708129253E-9	-3.73043088896806818E-3
3.32669131350404523E-9	-2.68484468577311386E-3
3.36564908247022609E-9	-1.15375258300793382E-3
3.39314602570867230E-9	-1.05809780740731663E-4
3.42470696464610924E-9	1.04119078507215201E-3
3.45571343775179995E-9	2.10589155489518465E-3
3.48340359084170048E-9	2.96662437844791471E-3
3.51094004954130146E-9	3.68371845968844980E-3
3.53319403782860819E-9	4.14523562590982841E-3
3.56908205657566491E-9	4.69137295331493220E-3
3.59723090296633430E-9	4.95955036397675642E-3
3.63740064693119791E-9	5.05336692126167364E-3
3.67666643701910800E-9	4.78412396785411431E-3
3.71771965707299579E-9	4.18327259139749152E-3
3.76506065482683994E-9	3.19022357477906748E-3
3.80741600211680620E-9	2.04579965625080629E-3
3.84673394886801745E-9	8.06792661768584729E-4
3.88606411766556281E-9	-4.86819326656946050E-4
3.92095380405791172E-9	-1.61378340323392289E-3
3.97037685506958038E-9	-3.15053654995591792E-3
4.01683544347575605E-9	-4.43648541695872733E-3
4.07933544347575605E-9	-5.66104868976289222E-3
4.13350335719811213E-9	-6.18871334394131090E-3
4.19600335719811124E-9	-6.14022154384291330E-3
4.25150226032249545E-9	-5.40778076007360120E-3
4.29529054934735566E-9	-4.39768202141658193E-3
4.35779054934735566E-9	-2.55379631504107163E-3
4.40723876978939799E-9	-8.99280142705386432E-4
4.46973876978939888E-9	1.16931902907625807E-3
4.53223876978939799E-9	2.90904792927653943E-3
4.59473876978939799E-9	4.12782957118412419E-3
4.65723876978939888E-9	4.68127637474365077E-3
4.71973876978939710E-9	4.43395336072150226E-3
4.78223876978939799E-9	3.44686015153393566E-3
4.84343155553080429E-9	1.91288096688852249E-3
4.89991239771378950E-9	1.30333998237747828E-4
4.96241239771378861E-9	-1.94731279445887973E-3
5.02491239771378861E-9	-3.81464262712694024E-3
5.08741239771378861E-9	-5.24618562240383568E-3
5.13627328100300318E-9	-5.90526976448276653E-3
5.19877328100300407E-9	-6.01104196114099132E-3
5.25285382474817286E-9	-5.48532864258613362E-3
5.30658050335743958E-9	-4.47029097388512131E-3
5.36908050335744047E-9	-2.79468442370049930E-3
5.42741586725700742E-9	-9.94297037250980331E-4
5.48991586725700742E-9	9.08865733517757945E-4
5.55145840106435084E-9	2.54870794923236899E-3
5.59678667757058435E-9	3.45740358803057291E-3
5.64364329049749713E-9	4.02369629608651991E-3
5.68595823133891098E-9	4.20645473577019224E-3
5.72113154369727983E-9	4.11594274262917370E-3
5.78363154369727983E-9	3.39037083636268877E-3
5.82299187964704146E-9	2.60988320085045178E-3
5.88549187964703968E-9	1.05389143174095690E-3
5.93570930831011445E-9	-3.86283349560296596E-4
5.98457961168127817E-9	-1.82035449953045170E-3
6.04017296251222913E-9	-3.27960255470480799E-3
6.08705156753143761E-9	-4.26809625271418547E-3
6.14955156753143584E-9	-5.13019794550206143E-3
6.19887325864858774E-9	-5.34493628021377631E-3
6.23511033484573840E-9	-5.21171248219467032E-3
6.28931479623943801E-9	-4.60656110279269360E-3
6.31819750379178657E-9	-4.09584666104947814E-3
6.34774895686107588E-9	-3.43955645963026901E-3
6.37191508424899133E-9	-2.81727646325676373E-3
6.42289531609039344E-9	-1.38222952848695546E-3
6.45805983322602373E-9	-3.52907189926433862E-4
6.52055983322602373E-9	1.40775249815921422E-3
6.57445159597397932E-9	2.70217358232384708E-3
6.63695159597398110E-9	3.71842368831120407E-3
6.69787692391733636E-9	4.13238481504973532E-3
6.76037692391733813E-9	3.91947208202405317E-3
6.82287692391733636E-9	3.05466225435023775E-3
6.88537692391733547E-9	1.68922452392004097E-3
6.94726148823551704E-9	3.63827291022853938E-5
7.00976148823551615E-9	-1.73883130102251182E-3
7.07226148823551526E-9	-3.32638001632242508E-3
7.13476148823551348E-9	-4.42161520460793245E-3
7.19726148823551259E-9	-4.69501982204749968E-3
7.25643539433951368E-9	-3.88596244817890790E-3
7.30040778172248395E-9	-2.60567342508587174E-3
7.31441281256544329E-9	-2.10549928001231157E-3
7.32973703026874190E-9	-1.52942010917226701E-3
7.34128110471698925E-9	-1.07946540066230456E-3
7.35751431171687109E-9	-4.25944924928464985E-4
7.37236816580331666E-9	1.92257726081049429E-4
7.38810957711638139E-9	8.64271605308662494E-4
7.40484473891014616E-9	1.58678614505692162E-3
7.42796191834871333E-9	2.56546541972237030E-3
7.44040837255848686E-9	3.07087935709045246E-3
7.44942010195681714E-9	3.42257364690518351E-3
7.45833378644220613E-9	3.75733668498055895E-3
7.48507483989836864E-9	4.68272999381712829E-3
7.50288902184378514E-9	5.23407239506313537E-3
7.52568755518912891E-9	5.85781582549298552E-3
7.55153717597509377E-9	6.42908507894119197E-3
7.58061532841387642E-9	6.86096155300300836E-3
7.60851082886317975E-9	7.05386840267397019E-3
7.66820404071088824E-9	6.82434350904232989E-3
7.69956053779466387E-9	6.37382181565486228E-3
7.75603873393365806E-9	5.01514430790159516E-3
7.78785121562290072E-9	3.98176336927122732E-3
7.85035121562289895E-9	1.67513502514116386E-3
7.88564901496240367E-9	2.77235123615286039E-4
7.93904775872684265E-9	-1.83151124356560091E-3
7.99421375439395021E-9	-3.76934392413957609E-3
8.04962882841731187E-9	-5.24027102582136006E-3
8.11212882841731009E-9	-6.15151716282690231E-3
8.16597423360833119E-9	-6.03820951510334769E-3
8.22847423360832941E-9	-4.47491744148709891E-3
8.27759352468849308E-9	-2.19125847523671391E-3
8.34009352468849130E-9	1.56931152949253683E-3
8.40259352468849308E-9	5.67287687500704862E-3
8.46509352468849130E-9	9.39038882239118422E-3
8.52759352468849308E-9	1.20193519334261745E-2
8.59009352468849130E-9	1.31064737877411130E-2
8.65259352468848952E-9	1.24800884126332878E-2
8.71509352468848775E-9	1.02310387598075758E-2
8.76606674625432447E-9	7.45112639598430793E-3
8.80727173187738188E-9	4.80313628714272234E-3
8.85456973066266251E-9	1.55141533710657198E-3
8.90169039424674402E-9	-1.66457787479494912E-3
8.95923624825694276E-9	-5.15498826067351335E-3
9.00393790131798255E-9	-7.33001451320168673E-3
9.05411893446408911E-9	-9.02896410908924452E-3
9.10321592633517263E-9	-9.78783526049962482E-3
9.16571592633516907E-9	-9.24991819238834445E-3
9.22821592633517085E-9	-6.75028998571289840E-3
9.29071592633516730E-9	-2.17897808243352431E-3
9.35321592633516730E-9	3.85478849215052488E-3
9.41571592633517263E-9	1.02695263457073427E-2
9.47821592633517085E-9	1.61044054724425201E-2
9.54071592633516907E-9	2.04213749006546408E-2
9.60321592633517263E-9	2.23825548005529562E-2
9.66416688569720606E-9	2.17138299940215873E-2
9.72666688569720606E-9	1.84394670344890699E-2
9.75633332436599510E-9	1.60283169691265459E-2
9.77663735249756272E-9	1.41167281832246516E-2
9.81223952615705564E-9	1.04228046081839487E-2
9.83394299706296060E-9	8.01561132560254030E-3
9.86946511428358875E-9	3.93881926605722787E-3
9.89829779057356518E-9	5.90086947259188754E-4
9.93460249697525910E-9	-3.46237626888803796E-3
9.96684658665255441E-9	-6.74025010320524487E-3
9.99376866669854280E-9	-9.16499173651593502E-3
1.00278925852258327E-8	-1.17672964973522176E-2
1.00504490576317762E-8	-1.31588845266829324E-2
1.00916754596938940E-8	-1.48829844897266717E-2
1.01179711028104213E-8	-1.53979838944733438E-2
1.01667721789205068E-8	-1.51520360292190182E-2
1.02001780214815829E-8	-1.40601877770498729E-2
1.02545671465964494E-8	-1.04948418350108863E-2
1.02908161062053116E-8	-6.90548421418166303E-3
1.03507963150912552E-8	5.22607968052805205E-4
1.04056014055815904E-8	8.20017191063976902E-3
1.04681014055815891E-8	1.68871043970271240E-2
1.05275852552333271E-8	2.39396425283897196E-2
1.05900852552333258E-8	2.89019173407296259E-2
1.06525852552333267E-8	3.06689824716757764E-2
1.07150852552333276E-8	2.88896788008603478E-2
1.07775852552333240E-8	2.37122371477480343E-2
1.08400852552333249E-8	1.59398602537245804E-2
1.09014197847553596E-8	6.86587576748030948E-3
1.09496537393427151E-8	-5.12780592725254181E-4
1.09879891193323531E-8	-6.02612421999777492E-3
1.10260162514069582E-8	-1.08435584273337238E-2
1.10746179316903937E-8	-1.57194428171790412E-2
1.11092170212097341E-8	-1.81354564995062928E-2
1.11365401367954187E-8	-1.93105301320279943E-2
1.11604653308603519E-8	-1.97670683586891660E-2
1.11881659941801725E-8	-1.96203966973482724E-2
1.12120489326079675E-8	-1.89119964601988721E-2
1.12485431681055004E-8	-1.67775574406767136E-2
1.12891075514745909E-8	-1.29659769183014029E-2
1.13365854215712747E-8	-6.89261038535147197E-3
1.13952369207360737E-8	2.20650766294121370E-3
1.14577369207360746E-8	1.26892860682734687E-2
1.15120551415575845E-8	2.13727739830061214E-2
1.15745551415575854E-8	2.94692784431644972E-2
1.16370551415575862E-8	3.44759224821736687E-2
1.16995551415575849E-8	3.56709667588842594E-2
1.17620551415575836E-8	3.28125224259617765E-2
1.18245551415575822E-8	2.63316439896599075E-2
1.18870551415575809E-8	1.72130455555907780E-2
1.19495551415575796E-8	6.76720436710813278E-3
1.20078600433401550E-8	-2.81345756720919837E-3
1.20680277530559388E-8	-1.11469180474097240E-2
1.21235213881238302E-8	-1.64857278088280701E-2
1.21622101794495596E-8	-1.84908890239144297E-2
1.22247101794495583E-8	-1.82973075411820219E-2
1.22827561215298653E-8	-1.43703365594616539E-2
1.23452561215298617E-8	-6.64765078991221792E-3
1.24077561215298626E-8	3.68611374472210818E-3
1.24702561215298613E-8	1.51678096004078333E-2
1.25327561215298622E-8	2.61679101991650231E-2
1.25952561215298631E-8	3.51636653485799577E-2
1.26577561215298640E-8	4.08607261377739750E-2
1.27202561215298604E-8	4.24245872552949077E-2
1.27827561215298591E-8	3.96706327597626851E-2
1.28452561215298644E-8	3.30291333586161739E-2
1.29077561215298586E-8	2.35130679038783574E-2
1.29702561215298573E-8	1.26149827216660460E-2
1.30327561215298582E-8	2.01690031974624517E-3
1.30952561215298591E-8	-6.64019604245892303E-3
1.31548228473657280E-8	-1.18014156746658916E-2
1.32118106041233974E-8	-1.31635103610592408E-2
1.32743106041233982E-8	-1.03734304696213120E-2
1.33368106041233969E-8	-3.42820757656527908E-3
1.33993106041234000E-8	6.72546015705945965E-3
1.34618106041233965E-8	1.86606204976322188E-2
1.35243106041233996E-8	3.07288363805485432E-2
1.35868106041233982E-8	4.12493530001969688E-2
1.36493106041233969E-8	4.87324195558821760E-2
1.37118106041233956E-8	5.21373744356650271E-2
1.37743106041233987E-8	5.10132842175560874E-2
1.38368106041233951E-8	4.55765121477161017E-2
1.38993106041233960E-8	3.67243554107876324E-2
1.39618106041233991E-8	2.58809446624097594E-2
1.40243106041233956E-8	1.47713931020027389E-2
1.40868106041233920E-8	5.18757097522485111E-3
1.41493106041233974E-8	-1.30582231138114957E-3
1.42105327784565882E-8	-3.62391383576838377E-3
1.42718776130656355E-8	-1.48099356078236322E-3
1.43343776130656386E-8	5.07396745618154554E-3
1.43968776130656395E-8	1.51538849593292002E-2
1.44593776130656382E-8	2.73670117436613136E-2
1.45218776130656368E-8	4.00256568071648644E-2
1.45843776130656377E-8	5.13709660188058592E-2
1.46468776130656342E-8	5.98282623923616264E-2
1.47093776130656329E-8	6.42270218263522619E-2
1.47718776130656337E-8	6.39801101447352583E-2
1.48343776130656391E-8	5.92099263523579822E-2
1.48968776130656355E-8	5.07392159824459377E-2
1.49593776130656386E-8	3.99604991231085105E-2
1.50218776130656373E-8	2.86369255708191517E-2
1.50843776130656382E-8	1.86254762707803101E-2
1.51468776130656368E-8	1.15770567696230042E-2
1.52038342782993618E-8	8.75558226290744024E-3
1.52663342782993650E-8	1.01782325882237767E-2
1.53288342782993681E-8	1.61961939002154676E-2
1.53913342782993690E-8	2.60109564211479460E-2
1.54538342782993698E-8	3.82707289216071267E-2
1.55163342782993685E-8	5.12770773226024978E-2
1.55788342782993761E-8	6.32358318509197570E-2
1.56413342782993725E-8	7.24965234263336722E-2
1.57038342782993778E-8	7.77747991878596068E-2
1.57663342782993765E-8	7.83663356886160756E-2
1.58288342782993752E-8	7.42803571664574491E-2
1.58913342782993805E-8	6.62447883632455614E-2
1.59538342782993814E-8	5.56061546797219997E-2
1.60163342782993801E-8	4.41269337639107828E-2
1.60788342782993832E-8	3.37012861364730743E-2
1.61413342782993841E-8	2.60603818817867872E-2
1.62038342782993849E-8	2.25060193575662826E-2
1.62663342782993880E-8	2.37016443867404059E-2
1.63288342782993867E-8	2.95758642967361274E-2
1.63913342782993920E-8	3.93499173787484580E-2
1.64538342782993885E-8	5.16693317678889930E-2
1.65163342782993916E-8	6.48243277645380722E-2
1.65788342782993925E-8	7.70018236474693918E-2
1.66413342782993934E-8	8.65180751179237362E-2
1.67038342782993987E-8	9.20500151830497337E-2
1.67663342782993996E-8	9.28555315059055708E-2
1.68288342782993983E-8	8.89095625086838659E-2
1.68913342782994036E-8	8.09207857169226941E-2
1.69538342782994067E-8	7.02343212022992880E-2
1.70163342782994054E-8	5.86232465297289540E-2
1.70788342782994040E-8	4.80054037363801012E-2
1.71413342782994049E-8	4.01441800462580023E-2
1.72038342782994080E-8	3.63718375188747656E-2
1.72663342782994111E-8	3.73790118009361105E-2
1.73288342782994120E-8	4.31149629620754293E-2
1.73913342782994174E-8	5.28087321285253353E-2
1.74538342782994116E-8	6.51045244816703228E-2
1.75163342782994125E-8	7.82865569874531531E-2
1.75788342782994156E-8	9.05298398317570729E-2
1.76413342782994143E-8	1.00133421900666431E-1
1.77038342782994151E-8	1.05752019987049151E-1
1.77663342782994205E-8	1.06618421512893247E-1
1.78288342782994214E-8	1.02687712827888289E-1
1.78913342782994267E-8	9.46581915914172356E-2
1.79538342782994187E-8	8.38730998948619444E-2
1.80163342782994285E-8	7.21132422211899105E-2
1.80788342782994271E-8	6.13121625122071912E-2
1.81413342782994258E-8	5.32514987219051328E-2
1.82038342782994267E-8	4.92819874752315457E-2
1.82663342782994276E-8	5.01107377577934265E-2
1.83288342782994329E-8	5.56971788582948157E-2
1.83913342782994338E-8	6.52738798295506406E-2
1.84538342782994347E-8	7.74841589407003717E-2
1.85163342782994356E-8	9.06080594483750446E-2
1.85788342782994320E-8	1.02814941797174741E-1
1.86413342782994373E-8	1.12395734776737166E-1
1.87038342782994427E-8	1.17991365068081366E-1
1.87663342782994369E-8	1.18818980706553079E-1
1.88288342782994422E-8	1.14822395543392486E-1
1.88913342782994453E-8	1.06693326276858391E-1
1.89538342782994440E-8	9.57739188145314735E-2
1.90163342782994471E-8	8.38507764208452500E-2
1.90788342782994502E-8	7.28668281736280221E-2
1.91413342782994511E-8	6.46143702596818237E-2
1.92038342782994542E-8	6.04556144726667188E-2
1.92663342782994507E-8	6.11067586989718503E-2
1.93288342782994538E-8	6.65322015590613436E-2
1.93913342782994547E-8	7.59663155381157118E-2
1.94538342782994556E-8	8.80512127375067166E-2
1.95163342782994609E-8	1.01064428351256441E-1
1.95788342782994595E-8	1.13173472510720052E-1
1.96413342782994560E-8	1.22665310401219285E-1
1.97038342782994591E-8	1.28172455408122987E-1
1.97663342782994622E-8	1.28902744736440567E-1
1.98288342782994675E-8	1.24793161892324833E-1
1.98913342782994729E-8	1.16531283155463794E-1
1.99538342782994671E-8	1.05458969316732554E-1
2.00163342782994702E-8	9.33666164677580390E-2
2.00788342782994711E-8	8.22026816252483350E-2
2.01413342782994720E-8	7.37659124586938386E-2
2.02038342782994729E-8	6.94253041983820651E-2
2.02663342782994693E-8	6.99019363250466430E-2
2.03288342782994791E-8	7.51627811982469307E-2
2.03913342782994800E-8	8.44429752030653624E-2
2.04538342782994809E-8	9.63834825042740206E-2
2.05163342782994773E-8	1.09260560173274701E-1
2.05788342782994826E-8	1.21241313135643658E-1
2.06413342782994791E-8	1.30610662582205306E-1
2.07038342782994844E-8	1.35996241535775364E-1
2.07663342782994853E-8	1.36600436252845259E-1
2.08288342782994862E-8	1.32356093549826959E-1
2.08913342782994871E-8	1.23948472689973577E-1
2.09538342782994924E-8	1.12719529437149335E-1
2.10163342782994933E-8	1.00461968891589470E-1
2.10788342782994942E-8	8.91275850175454920E-2
2.11413342782994906E-8	8.05189306142330352E-2
2.12038342782995004E-8	7.60087711074017136E-2
2.12663342782994969E-8	7.63208361109011868E-2
2.13288342782995022E-8	8.14234023658895723E-2
2.13913342782995031E-8	9.05518006826792110E-2
2.14538342782994951E-8	1.02346180648012441E-1
2.15163342782995048E-8	1.15082045438537173E-1
2.15788342782995102E-8	1.26926269624794630E-1
2.16413342782995022E-8	1.36162597580358424E-1
2.17038342782995031E-8	1.41415951282781105E-1
2.17663342782995084E-8	1.41885758447334442E-1
2.18288342782995137E-8	1.37502698084107955E-1
2.18913342782995102E-8	1.28951005544529762E-1
2.19538342782995111E-8	1.17572960509414859E-1
2.20163342782995164E-8	1.05162710643135227E-1
2.20788342782995128E-8	9.36740213160234347E-2
2.21413342782995182E-8	8.49115291705968644E-2
2.22038342782995146E-8	8.02499194040853503E-2
2.22663342782995199E-8	8.04142565605501325E-2
2.23288342782995208E-8	8.53733817479326262E-2
2.23913342782995262E-8	9.43625728103925177E-2
2.24538342782995226E-8	1.06021426289996468E-1
2.25163342782995191E-8	1.18624758425008126E-1
2.25788342782995288E-8	1.30338881378776583E-1
2.26413342782995297E-8	1.39446627843089965E-1
2.27038342782995262E-8	1.44571553645951267E-1
2.27663342782995270E-8	1.44911909316522558E-1
2.28288342782995324E-8	1.40397706883543893E-1
2.28913342782995333E-8	1.31713103880177673E-1
2.29538342782995342E-8	1.20200956883594778E-1
2.30163342782995350E-8	1.07656377395068015E-1
2.30788342782995404E-8	9.60341874057322542E-2
2.31413342782995413E-8	8.71400052054091034E-2
2.32038342782995421E-8	8.23492629106665852E-2
2.32663342782995430E-8	8.23874725263460306E-2
2.33288342782995439E-8	8.72236008265810270E-2
2.33913342782995493E-8	9.60927555611385031E-2
2.34538342782995457E-8	1.07634081528611913E-1
2.35163342782995510E-8	1.20121601025769476E-1
2.35788342782995564E-8	1.31720587470850226E-1
2.36413342782995484E-8	1.40712922236286486E-1
2.37038342782995493E-8	1.45721704821294318E-1
2.37663342782995546E-8	1.45945324879388250E-1
2.38288342782995599E-8	1.41314247274405380E-1
2.38913342782995564E-8	1.32513295969566647E-1
2.39538342782995572E-8	1.20886158351952155E-1
2.40163342782995626E-8	1.08228625560167235E-1
2.40788342782995635E-8	9.64959705503065024E-2
2.41413342782995599E-8	8.74940706808175328E-2
2.42038342782995652E-8	8.25983190635130704E-2
2.42663342782995661E-8	8.25340565146870198E-2
2.43288342782995670E-8	8.72700965493108249E-2
2.43913342782995723E-8	9.60412980668666982E-2
2.44538342782995732E-8	1.07486363785531913E-1
2.45163342782995652E-8	1.19878381400834377E-1
2.45788342782995706E-8	1.31381144262597660E-1
2.46413342782995759E-8	1.40275455125588921E-1
2.47038342782995812E-8	1.45184607238011232E-1
2.47663342782995777E-8	1.45308079218503750E-1
2.48288342782995741E-8	1.40577591939637703E-1
2.48913342782995795E-8	1.31679211763117099E-1
2.49538342782995848E-8	1.19957652402577719E-1
2.50163342782995857E-8	1.07209191546396676E-1
2.50788342782995821E-8	9.53891607842790457E-2
2.51413342782995741E-8	8.63032005222660814E-2
2.52038342782995928E-8	8.13261308009071193E-2
2.52663342782995848E-8	8.11827120140161540E-2
2.53288342782995812E-8	8.58414140838938700E-2
2.53913342782995954E-8	9.45367978616724614E-2
2.54538342782995919E-8	1.05907119960614393E-1
2.55163342782995883E-8	1.18224414724702886E-1
2.55788342782995937E-8	1.29650677689665628E-1
2.56413342782995946E-8	1.38465533439385213E-1
2.57038342782995954E-8	1.43292921586043276E-1
2.57663342782996008E-8	1.43334059352142607E-1
2.58288342782995972E-8	1.38522457071097715E-1
2.58913342782995981E-8	1.29545815604864023E-1
2.59538342782996034E-8	1.17749984961751064E-1
2.60163342782996088E-8	1.04931571443351346E-1
2.60788342782996052E-8	9.30457043111814031E-2
2.61413342782996061E-8	8.38974460759215113E-2
2.62038342782996114E-8	7.88606944008678035E-2
2.62663342782996123E-8	7.86593895559236778E-2
2.63288342782996043E-8	8.32615433644864389E-2
2.63913342782996097E-8	9.19014098212508834E-2
2.64538342782996150E-8	1.03216825406873314E-1
2.65163342782996114E-8	1.15478703816086647E-1
2.65788342782996256E-8	1.26847069693275549E-1
2.66413342782996176E-8	1.35600335306951258E-1
2.67038342782996185E-8	1.40363375871616514E-1
2.67663342782996194E-8	1.40339547587011593E-1
2.68288342782996247E-8	1.35464452838149718E-1
2.68913342782996212E-8	1.26427629700938127E-1
2.69538342782996221E-8	1.14576084698037284E-1
2.70163342782996319E-8	1.01706600875319531E-1
2.70788342782996327E-8	8.97739178461546850E-2
2.71413342782996292E-8	8.05823011889805763E-2
2.72038342782996345E-8	7.55045204509090429E-2
2.72663342782996310E-8	7.52635908975983625E-2
2.73288342782996230E-8	7.98270346063608294E-2
2.73913342782996416E-8	8.84288354730369086E-2
2.74538342782996381E-8	9.97064799339617380E-2
2.75163342782996345E-8	1.11929761440995401E-1
2.75788342782996487E-8	1.23256685767432272E-1
2.76413342782996363E-8	1.31964481162507541E-1
2.77038342782996416E-8	1.36679117904708125E-1
2.77663342782996470E-8	1.36606283000063633E-1
2.78288342782996434E-8	1.31683783185995584E-1
2.78913342782996443E-8	1.22603026859604824E-1
2.79538342782996452E-8	1.10712111794999002E-1
2.80163342782996549E-8	9.78078427429452901E-2
2.80788342782996558E-8	8.58444235214361662E-2
2.81413342782996523E-8	7.66251996365325105E-2
2.82038342782996576E-8	7.15217223950550629E-2
2.82663342782996496E-8	7.12560805979390199E-2
2.83288342782996505E-8	7.57953566236791776E-2
2.83913342782996647E-8	8.43733464999719907E-2
2.84538342782996612E-8	9.56272965935902519E-2
2.85163342782996532E-8	1.07825948925312209E-1
2.85788342782996585E-8	1.19125336193258646E-1
2.86413342782996594E-8	1.27801574202432322E-1
2.87038342782996647E-8	1.32481791085126721E-1
2.87663342782996612E-8	1.32374027809809158E-1
2.88288342782996665E-8	1.27418259149761592E-1
2.88913342782996629E-8	1.18307664218601238E-1
2.89538342782996683E-8	1.06391291900842822E-1
2.90163342782996825E-8	9.34658117112775599E-2
2.90788342782996656E-8	8.14847724815811247E-2
2.91413342782996665E-8	7.22505458173690940E-2
2.92038342782996807E-8	6.71334678150731712E-2
2.92663342782996727E-8	6.68547752152088570E-2
2.93288342782996736E-8	7.13812269611026728E-2
2.93913342782996745E-8	7.99465552310081229E-2
2.94538342782996798E-8	9.11879038117526619E-2
2.95163342782996807E-8	1.03373087338826064E-1
2.95788342782996816E-8	1.14656277533495765E-1
2.96413342782996825E-8	1.23312571066867638E-1
2.97038342782996878E-8	1.27970248143131760E-1
2.97663342782996887E-8	1.27839601530104408E-1
2.98288342782996896E-8	1.22862628083073488E-1
2.98913342782996860E-8	1.13734086980629057E-1
2.99538342782996736E-8	1.01803781205099075E-1
3.00163342782996789E-8	8.88680894148572520E-2
3.00788342782996843E-8	7.68798090488631036E-2
3.01413342782996763E-8	6.76403295410360261E-2
3.02038342782996727E-8	6.25188449002664015E-2
3.02663342782996736E-8	6.22358672583309946E-2
3.03288342782996789E-8	6.67579911808946935E-2
3.03913342782996709E-8	7.53190419834448122E-2
3.04538342782996629E-8	8.65562131775992505E-2
3.05163342782996683E-8	9.87365507920945262E-2
3.05788342782996647E-8	1.10012522665162416E-1
3.06413342782996612E-8	1.18658305425395616E-1
3.07038342782996576E-8	1.23303278276563155E-1
3.07663342782996541E-8	1.23159802012938990E-1
3.08288342782996549E-8	1.18171675229145490E-1
3.08913342782996558E-8	1.09034992811398967E-1
3.09538342782996478E-8	9.71000811499109950E-2
3.10163342782996487E-8	8.41628759854593689E-2
3.10788342782996452E-8	7.21753486019759016E-2
3.11413342782996372E-8	6.29379262496639313E-2
3.12038342782996425E-8	5.78187792614973972E-2
3.12663342782996390E-8	5.75378567477100678E-2
3.13288342782996310E-8	6.20617677252416655E-2
3.13913342782996452E-8	7.06246063331620189E-2
3.14538342782996327E-8	8.18637731629302046E-2
3.15163342782996336E-8	9.40457187250470383E-2
3.15788342782996345E-8	1.05321391246099338E-1
3.16413342782996265E-8	1.13964144452379990E-1
3.17038342782996363E-8	1.18604371924781304E-1
3.17663342782996194E-8	1.18456275297277891E-1
3.18288342782996292E-8	1.13465192279219118E-1
3.18913342782996256E-8	1.04328284451399989E-1
3.19538342782996221E-8	9.23961606398823676E-2
3.20163342782996141E-8	7.94641676430821153E-2
3.20788342782996105E-8	6.74833950447106279E-2
3.21413342782996025E-8	5.82533454070850976E-2
3.22038342782996034E-8	5.31413056843327958E-2
3.22663342782996132E-8	5.28668407020328335E-2
3.23288342782996052E-8	5.73967548118543114E-2
3.23913342782996105E-8	6.59655885828117228E-2
3.24538342782996114E-8	7.72111044917282552E-2
3.25163342782996079E-8	8.93993295973521640E-2
3.25788342782996043E-8	1.00679888055881706E-1
3.26413342782996008E-8	1.09325404345993160E-1
3.27038342782995972E-8	1.13967183084889667E-1
3.27663342782995937E-8	1.13821024977130003E-1
3.28288342782995901E-8	1.08833530436627446E-1
3.28913342782995954E-8	9.97026552546731537E-2
3.29538342782995874E-8	8.77790583319847784E-2
3.30163342782995883E-8	7.48573616348850912E-2
3.30788342782995803E-8	6.28877322200278677E-2
3.31413342782995768E-8	5.36687961857439522E-2
3.32038342782995821E-8	4.85671010225220812E-2
3.32663342782995697E-8	4.83020071581781441E-2
3.33288342782995795E-8	5.28406853701821522E-2
3.33913342782995892E-8	6.14182872473849528E-2
3.34538342782995635E-8	7.26730821830073381E-2
3.35163342782995821E-8	8.48708358540923058E-2
3.35788342782995741E-8	9.61600419250838989E-2
3.36413342782995661E-8	1.04812686553094436E-1
3.37038342782995670E-8	1.09460875091272980E-1
3.37663342782995590E-8	1.09321770241326277E-1
3.38288342782995599E-8	1.04342967969497313E-1
3.38913342782995652E-8	9.52229580094158834E-2
3.39538342782995528E-8	8.33122378266889463E-2
3.40163342782995581E-8	7.04045839764295245E-2
3.40788342782995546E-8	5.84492100153818228E-2
3.41413342782995510E-8	4.92439189326673432E-2
3.42038342782995430E-8	4.41546546054639588E-2
3.42663342782995484E-8	4.39007400862925312E-2
3.43288342782995537E-8	4.84498659542265653E-2
3.43913342782995501E-8	5.70379363127284655E-2
3.44538342782995377E-8	6.83038555027727146E-2
3.45163342782995386E-8	8.05132755701403902E-2
3.45788342782995484E-8	9.18137422479072640E-2
3.46413342782995404E-8	1.00476691785951067E-1
3.47038342782995279E-8	1.05134923679000925E-1
3.47663342782995333E-8	1.05006742344775605E-1
3.48288342782995297E-8	1.00040497353680990E-1
3.48913342782995350E-8	9.09349763646458165E-2
3.49538342782995226E-8	7.90403310453310226E-2
3.50163342782995279E-8	6.61493916395382708E-2
3.50788342782995244E-8	5.42103938210789149E-2
3.51413342782995208E-8	4.50203703482190676E-2
3.52038342782995262E-8	3.99447829859819459E-2
3.52663342782995137E-8	3.97030613777671260E-2
3.53288342782995191E-8	4.42635455970160940E-2
3.53913342782995155E-8	5.28630058285822013E-2
3.54538342782995075E-8	6.41410863860559743E-2
3.55163342782995084E-8	7.63634568502245514E-2
3.55788342782995093E-8	8.76768821212798954E-2
3.56413342782995102E-8	9.63523335341813869E-2
3.57038342782994977E-8	1.01023210137063235E-1
3.57663342782994986E-8	1.00908762288013421E-1
3.58288342782995040E-8	9.59578852163605234E-2
3.58913342782995048E-8	8.68694614989763636E-2
3.59538342782994924E-8	7.49931423812150655E-2
3.60163342782994889E-8	6.21207325854091685E-2
3.60788342782994986E-8	5.01994710378433240E-2
3.61413342782994906E-8	4.10256676075806848E-2
3.62038342782994915E-8	3.59644058874722905E-2
3.62663342782994835E-8	3.57353376493295016E-2
3.63288342782994933E-8	4.03075538615477136E-2
3.63913342782994809E-8	4.89187752507271689E-2
3.64538342782994818E-8	6.02094647880803535E-2
3.65163342782994782E-8	7.24454223366159944E-2
3.65788342782994880E-8	8.37727826373513373E-2
3.66413342782994622E-8	9.24621325593110654E-2
3.67038342782994764E-8	9.71473929565625482E-2
3.67663342782994729E-8	9.70485938760910827E-2
3.68288342782994693E-8	9.21150055151239755E-2
3.68913342782994702E-8	8.30454403894841597E-2
3.69538342782994622E-8	7.11889253664862842E-2
3.70163342782994675E-8	5.83361816140279732E-2
3.70788342782994640E-8	4.64334382215450603E-2
3.71413342782994604E-8	3.72763206448498696E-2
3.72038342782994569E-8	3.22296187735646988E-2
3.72663342782994578E-8	3.20132924836343324E-2
3.73288342782994498E-8	3.65972540610551000E-2
3.73913342782994462E-8	4.52202306292910094E-2
3.74538342782994471E-8	5.65235559266534704E-2
3.75163342782994524E-8	6.87732528888805650E-2
3.75788342782994444E-8	8.01149609680919816E-2
3.76413342782994409E-8	8.88189581218368396E-2
3.77038342782994373E-8	9.35196275057780113E-2
3.77663342782994427E-8	9.34376448180919539E-2
3.78288342782994436E-8	8.85225217104370543E-2
3.78913342782994444E-8	7.94728748006206054E-2
3.79538342782994320E-8	6.76370134337094520E-2
3.80163342782994373E-8	5.48045363586482903E-2
3.80788342782994338E-8	4.29206557916730080E-2
3.81413342782994214E-8	3.37803413712176148E-2
3.82038342782994267E-8	2.87481531704304594E-2
3.82663342782994231E-8	2.85444170668358943E-2
3.83288342782994285E-8	3.31399059982758493E-2
3.83913342782994249E-8	4.17743817931586037E-2
3.84538342782994125E-8	5.30900765425829668E-2
3.85163342782994178E-8	6.53533085289225113E-2
3.85788342782994143E-8	7.67093416918307547E-2
3.86413342782994107E-8	8.54282163036633868E-2
3.87038342782994027E-8	9.01447356106160669E-2
3.87663342782994080E-8	9.00801192971320219E-2
3.88288342782994134E-8	8.51840224320394057E-2
3.88913342782994098E-8	7.61547769588605483E-2
3.89538342782994018E-8	6.43399115788095699E-2
3.90163342782993983E-8	5.15278806948985313E-2
3.90788342782994036E-8	3.96628782397779744E-2
3.91413342782993912E-8	3.05392376089963724E-2
3.92038342782993876E-8	2.55213324075207915E-2
3.92663342782993841E-8	2.53298868556778434E-2
3.93288342782993983E-8	2.99365451589464282E-2
3.93913342782993903E-8	3.85821061641768948E-2
3.94538342782993823E-8	4.99097063873059543E-2
3.95163342782993965E-8	6.21860121226709328E-2
3.95788342782993974E-8	7.35560167927896558E-2
3.96413342782993894E-8	8.22895907470352128E-2
3.97038342782993769E-8	8.70219304412456474E-2
3.97663342782993734E-8	8.69747279695732800E-2
3.98288342782993743E-8	8.20977166483638854E-2
3.98913342782993796E-8	7.30888880715530753E-2
3.99538342782993716E-8	6.12949550922110209E-2
4.00000000000000000E-8	5.17783415957389437E-2


time	Tran2.TRAN.I_C.i
1.00000000000000000E-6	2.03853877009093587E-2
1.00000999999999984E-6	1.84144024329671452E-2
1.00002000000000013E-6	1.64819576150350455E-2
1.00003000000000020E-6	1.45957552136091628E-2
1.00004000000000026E-6	1.27633089937894906E-2
1.00005000000000033E-6	1.09919141318765279E-2
1.00006000000000039E-6	9.28861773439036575E-3
1.00007000000000046E-6	7.66019037532305624E-3
1.00008000000000052E-6	6.11309875856442453E-3
1.00009000000000059E-6	4.65347961038281710E-3
1.00010000000000066E-6	3.28711490659560113E-3
1.00011000000000050E-6	2.01940853968925449E-3
1.00012000000000034E-6	8.55364531391334637E-4
1.00013000000000107E-6	-2.00433105165769421E-4
1.00014000000000092E-6	-1.14383875341745189E-3
1.00015000000000098E-6	-1.97116173794860683E-3
1.00016000000000105E-6	-2.67918094156039244E-3
1.00017000000000089E-6	-3.26515742203274506E-3
1.00018000000000118E-6	-3.72684496803409315E-3
1.00019000000000102E-6	-4.06249854572106273E-3
1.00020000000000131E-6	-4.27088059870009396E-3
1.00021000000000138E-6	-4.35126517381297706E-3
1.00022000000000144E-6	-4.30343985379650107E-3
1.00023000000000128E-6	-4.12770548583884356E-3
1.00024000000000157E-6	-3.82487370326938914E-3
1.00025000000000119E-6	-3.39626224695359280E-3
1.00026000000000170E-6	-2.84368810408071848E-3
1.00027000000000177E-6	-2.16945849519397926E-3
1.00028000000000183E-6	-1.37635975533138422E-3
1.00029000000000190E-6	-4.67644171445051082E-4
1.00030000000000197E-6	5.52985144947939933E-4
1.00031000000000181E-6	1.68139125446166848E-3
1.00032000000000210E-6	2.91302214492844813E-3
1.00033000000000216E-6	4.24293111964121294E-3
1.00034000000000223E-6	5.66579868051454305E-3
1.00035000000000229E-6	7.17595575604310909E-3
1.00036000000000214E-6	8.76740811300697942E-3
1.00037000000000242E-6	1.04338617809480239E-2
1.00038000000000227E-6	1.21687493099494470E-2
1.00039000000000233E-6	1.39652566760815766E-2
1.00040000000000240E-6	1.58163506463480097E-2
1.00041000000000269E-6	1.77148064176622988E-2
1.00042000000000275E-6	1.96532353539022631E-2
1.00043000000000282E-6	2.16241126627029612E-2
1.00044000000000266E-6	2.36198048799682248E-2
1.00045000000000295E-6	2.56325970647201418E-2
1.00046000000000301E-6	2.76547196482568758E-2
1.00047000000000308E-6	2.96783749267322605E-2
1.00048000000000314E-6	3.16957632310973825E-2
1.00049000000000299E-6	3.36991088479233136E-2
1.00050000000000305E-6	3.56806857938055622E-2
1.00051000000000312E-6	3.76328435602620237E-2
1.00052000000000318E-6	3.95480329421351540E-2
1.00053000000000347E-6	4.14188320395360865E-2
1.00054000000000354E-6	4.32379724829965362E-2
1.00055000000000360E-6	4.49983658780329954E-2
1.00056000000000367E-6	4.66931304052042950E-2
1.00057000000000351E-6	4.83156174525093096E-2
1.00058000000000380E-6	4.98594381060185921E-2
1.00059000000000387E-6	5.13184892878774512E-2
1.00060000000000393E-6	5.26869793116462937E-2
1.00061000000000400E-6	5.39594526236784144E-2
1.00062000000000406E-6	5.51308135132366672E-2
1.00063000000000413E-6	5.61963485984325750E-2
1.00064000000000397E-6	5.71517479238747406E-2
1.00065000000000404E-6	5.79931245334292989E-2
1.00066000000000410E-6	5.87170324034564395E-2
1.00067000000000417E-6	5.93204826362341464E-2
1.00068000000000401E-6	5.98009578203743963E-2
1.00069000000000452E-6	6.01564244672636406E-2
1.00070000000000459E-6	6.03853434335090000E-2
1.00071000000000443E-6	6.04866782427655370E-2
1.00072000000000427E-6	6.04599012290064586E-2
1.00073000000000456E-6	6.03049974385302257E-2
1.00074000000000485E-6	6.00224662491687599E-2
1.00075000000000491E-6	5.96133206900323209E-2
1.00076000000000476E-6	5.90790844704714235E-2
1.00077000000000504E-6	5.84217867494076515E-2
1.00078000000000511E-6	5.76439546931845292E-2
1.00079000000000495E-6	5.67486038804071224E-2
1.00080000000000502E-6	5.57392266163212557E-2
1.00081000000000508E-6	5.46197782190519288E-2
1.00082000000000493E-6	5.33946613383218782E-2
1.00083000000000544E-6	5.20687083670991946E-2
1.00084000000000528E-6	5.06471620103202014E-2
1.00085000000000535E-6	4.91356540835033240E-2
1.00086000000000541E-6	4.75401826273085160E-2
1.00087000000000526E-6	4.58670874401589757E-2
1.00088000000000577E-6	4.41230241473315399E-2
1.00089000000000561E-6	4.23149369387085894E-2
1.00090000000000590E-6	4.04500301165222709E-2
1.00091000000000596E-6	3.85357385978929656E-2
1.00092000000000581E-6	3.65796975150950709E-2
1.00093000000000609E-6	3.45897110508022188E-2
1.00094000000000594E-6	3.25737206383418298E-2
1.00095000000000600E-6	3.05397726506082590E-2
1.00096000000000607E-6	2.84959856976129355E-2
1.00097000000000635E-6	2.64505176525891939E-2
1.00098000000000642E-6	2.44115325298862418E-2
1.00099000000000626E-6	2.23871673433609342E-2
1.00100000000000611E-6	2.03854990798030400E-2
1.00101000000000662E-6	1.84145119262547352E-2
1.00102000000000668E-6	1.64820648915089429E-2
1.00103000000000675E-6	1.45958599600060279E-2
1.00104000000000659E-6	1.27634109111212979E-2
1.00105000000000688E-6	1.09920129295466928E-2
1.00106000000000672E-6	9.28871312464290888E-3
1.00107000000000679E-6	7.66028206978754689E-3
1.00108000000000685E-6	6.11318646796448295E-3
1.00109000000000692E-6	4.65356304753339245E-3
1.00110000000000721E-6	3.28719379192202110E-3
1.00111000000000705E-6	2.01948260789460088E-3
1.00112000000000689E-6	8.55433537710384506E-4
1.00113000000000718E-6	-2.00369380455697588E-4
1.00114000000000725E-6	-1.14378050301399825E-3
1.00115000000000731E-6	-1.97110912817382156E-3
1.00116000000000760E-6	-2.67913411511075772E-3
1.00117000000000744E-6	-3.26511650185695501E-3
1.00118000000000773E-6	-3.72681006119707847E-3
1.00119000000000757E-6	-4.06246974622414658E-3
1.00120000000000764E-6	-4.27085798856430365E-3
1.00121000000000770E-6	-4.35124882220210640E-3
1.00122000000000799E-6	-4.30342981444823991E-3
1.00123000000000784E-6	-4.12770179348090416E-3
1.00124000000000768E-6	-3.82487636993784852E-3
1.00125000000000797E-6	-3.39627125915314920E-3
1.00126000000000803E-6	-2.84370342152531741E-3
1.00127000000000810E-6	-2.16948005148521883E-3
1.00128000000000794E-6	-1.37638746045924831E-3
1.00129000000000823E-6	-4.67677915547475287E-4
1.00130000000000852E-6	5.52945487436205063E-4
1.00131000000000836E-6	1.68134582121789755E-3
1.00132000000000843E-6	2.91297108347725553E-3
1.00133000000000871E-6	4.24287458679567919E-3
1.00134000000000856E-6	5.66573684340995865E-3
1.00135000000000862E-6	7.17588879419592285E-3
1.00136000000000869E-6	8.76733622054817019E-3
1.00137000000000853E-6	1.04337851681490767E-2
1.00138000000000904E-6	1.21686682033844429E-2
1.00139000000000888E-6	1.39651713171766367E-2
1.00140000000000917E-6	1.58162612885310061E-2
1.00141000000000902E-6	1.77147133227020470E-2
1.00142000000000908E-6	1.96531387882104713E-2
1.00143000000000892E-6	2.16240128943234566E-2
1.00144000000000921E-6	2.36197021767288140E-2
1.00145000000000928E-6	2.56324916936644120E-2
1.00146000000000934E-6	2.76546118761205850E-2
1.00147000000000919E-6	2.96782650209818799E-2
1.00148000000000947E-6	3.16956514609635143E-2
1.00149000000000954E-6	3.36989954849385498E-2
1.00150000000000960E-6	3.56805711115496749E-2
1.00151000000000967E-6	3.76327278332550552E-2
1.00152000000000951E-6	3.95479164440323316E-2
1.00153000000000958E-6	4.14187150409194782E-2
1.00154000000000987E-6	4.32378552491095114E-2
1.00155000000000993E-6	4.49982486667750159E-2
1.00156000000001000E-6	4.66930134656177742E-2
1.00157000000001029E-6	4.83155010238754823E-2
1.00158000000001035E-6	4.98593224175570349E-2
1.00159000000001019E-6	5.13183745589296159E-2
1.00160000000001026E-6	5.26868657521310446E-2
1.00161000000001033E-6	5.39593404345519279E-2
1.00162000000001017E-6	5.51307028866836824E-2
1.00163000000001023E-6	5.61962397175730377E-2
1.00164000000001052E-6	5.71516409618862120E-2
1.00165000000001059E-6	5.79930196521414398E-2
1.00166000000001043E-6	5.87169297516304667E-2
1.00167000000001072E-6	5.93203823478518899E-2
1.00168000000001056E-6	5.98008600132877888E-2
1.00169000000001085E-6	6.01563292424795826E-2
1.00170000000001092E-6	6.03852508752222228E-2
1.00171000000001098E-6	6.04865884190501646E-2
1.00172000000001127E-6	6.04598141928974098E-2
1.00173000000001133E-6	6.03049132291284806E-2
1.00174000000001118E-6	6.00223848924218295E-2
1.00175000000001124E-6	5.96132421989675265E-2
1.00176000000001131E-6	5.90790088448529183E-2
1.00177000000001115E-6	5.84217139749835912E-2
1.00178000000001122E-6	5.76438847408249000E-2
1.00179000000001150E-6	5.67485367054644030E-2
1.00180000000001135E-6	5.57391621584712738E-2
1.00181000000001164E-6	5.46197164027230464E-2
1.00182000000001170E-6	5.33946020736509652E-2
1.00183000000001177E-6	5.20686515512188031E-2
1.00184000000001183E-6	5.06471075287230477E-2
1.00185000000001168E-6	4.91356018112542881E-2
1.00186000000001196E-6	4.75401324299637373E-2
1.00187000000001181E-6	4.58670391743664929E-2
1.00188000000001209E-6	4.41229776611883917E-2
1.00189000000001216E-6	4.23148920720076038E-2
1.00190000000001223E-6	4.04499867010302872E-2
1.00191000000001229E-6	3.85356964577705785E-2
1.00192000000001213E-6	3.65796564675175340E-2
1.00193000000001220E-6	3.45896709067920494E-2
1.00194000000001227E-6	3.25736812037879231E-2
1.00195000000001255E-6	3.05397337274255865E-2
1.00196000000001262E-6	2.84959470849850627E-2
1.00197000000001291E-6	2.64504791482274948E-2
1.00198000000001253E-6	2.44114939312330570E-2
1.00199000000001304E-6	2.23871284486639022E-2
1.00200000000001266E-6	2.03854596890032091E-2
1.00201000000001295E-6	1.84144718416657804E-2
1.00202000000001301E-6	1.64820239183161421E-2
1.00203000000001330E-6	1.45958179066670835E-2
1.00204000000001314E-6	1.27633675897876686E-2
1.00205000000001321E-6	1.09919681566253291E-2
1.00206000000001305E-6	9.28866672157819195E-3
1.00207000000001312E-6	7.66023386406947804E-3
1.00208000000001318E-6	6.11313629428557359E-3
1.00209000000001303E-6	4.65351074895235062E-3
1.00210000000001354E-6	3.28713922087230159E-3
1.00211000000001360E-6	2.01942562690975480E-3
1.00212000000001344E-6	8.55374019815927156E-4
1.00213000000001351E-6	-2.00431551639194883E-4
1.00214000000001380E-6	-1.14384543333346800E-3
1.00215000000001386E-6	-1.97117691301457665E-3
1.00216000000001393E-6	-2.67920483933969322E-3
1.00217000000001377E-6	-3.26519023956950472E-3
1.00218000000001384E-6	-3.72688687528683937E-3
1.00219000000001413E-6	-4.06254968786935855E-3
1.00220000000001397E-6	-4.27094109676239064E-3
1.00221000000001426E-6	-4.35133512347205809E-3
1.00222000000001410E-6	-4.30351932276925098E-3
1.00223000000001439E-6	-4.12779451046685431E-3
1.00224000000001423E-6	-3.82497228518783094E-3
1.00225000000001430E-6	-3.39637035068827942E-3
1.00226000000001458E-6	-2.84380565622808712E-3
1.00227000000001443E-6	-2.16958538549125191E-3
1.00228000000001449E-6	-1.37649583949448462E-3
1.00229000000001478E-6	-4.67789275237795366E-4
1.00230000000001485E-6	5.52831221242880844E-4
1.00231000000001491E-6	1.68122873208535362E-3
1.00232000000001475E-6	2.91285126395932892E-3
1.00233000000001482E-6	4.24275213796698836E-3
1.00234000000001511E-6	5.66561187436398850E-3
1.00235000000001495E-6	7.17576142151844110E-3
1.00236000000001502E-6	8.76720656775897744E-3
1.00237000000001508E-6	1.04336533650932317E-2
1.00238000000001537E-6	1.21685343855553230E-2
1.00239000000001544E-6	1.39650356249700192E-2
1.00240000000001528E-6	1.58161238664561998E-2
1.00241000000001534E-6	1.77145743186003068E-2
1.00242000000001563E-6	1.96529983525396146E-2
1.00243000000001548E-6	2.16238711795535954E-2
1.00244000000001554E-6	2.36195593368605516E-2
1.00245000000001583E-6	2.56323478838391905E-2
1.00246000000001589E-6	2.76544672522604840E-2
1.00247000000001574E-6	2.96781197393865881E-2
1.00248000000001580E-6	3.16955056778105915E-2
1.00249000000001565E-6	3.36988493556732482E-2
1.00250000000001616E-6	3.56804247901967742E-2
1.00251000000001622E-6	3.76325814717191731E-2
1.00252000000001606E-6	3.95477701914616553E-2
1.00253000000001613E-6	4.14185690431871123E-2
1.00254000000001642E-6	4.32377096484261791E-2
1.00255000000001626E-6	4.49981036014017821E-2
1.00256000000001655E-6	4.66928690696168580E-2
1.00257000000001639E-6	4.83153574268314934E-2
1.00258000000001668E-6	4.98591797442212226E-2
1.00259000000001652E-6	5.13182329287772809E-2
1.00260000000001659E-6	5.26867252788599583E-2
1.00261000000001688E-6	5.39592012255741160E-2
1.00262000000001672E-6	5.51305650426648519E-2
1.00263000000001679E-6	5.61961033320551984E-2
1.00264000000001685E-6	5.71515061210002617E-2
1.00265000000001714E-6	5.79928864343895256E-2
1.00266000000001720E-6	5.87167982277054534E-2
1.00267000000001705E-6	5.93202525804655245E-2
1.00268000000001711E-6	5.98007320569965284E-2
1.00269000000001740E-6	6.01562031435179723E-2
1.00270000000001747E-6	6.03851266713668622E-2
1.00271000000001753E-6	6.04864661395365033E-2
1.00272000000001738E-6	6.04596938583995858E-2
1.00273000000001744E-6	6.03047948517937549E-2
1.00274000000001751E-6	6.00222684759368352E-2
1.00275000000001757E-6	5.96131277386323344E-2
1.00276000000001764E-6	5.90788963276491241E-2
1.00277000000001770E-6	5.84216033796430345E-2
1.00278000000001821E-6	5.76437760379231978E-2
1.00279000000001761E-6	5.67484298575714696E-2
1.00280000000001812E-6	5.57390571203839791E-2
1.00281000000001796E-6	5.46196131217845782E-2
1.00282000000001803E-6	5.33945004901372844E-2
1.00283000000001810E-6	5.20685515987541692E-2
1.00284000000001838E-6	5.06470091346830920E-2
1.00285000000001845E-6	4.91355048971284880E-2
1.00286000000001851E-6	4.75400369116738908E-2
1.00287000000001836E-6	4.58669449625640802E-2
1.00288000000001842E-6	4.41228846615703318E-2
1.00289000000001849E-6	4.23148001856897960E-2
1.00290000000001855E-6	4.04498958250014784E-2
1.00291000000001862E-6	3.85356064854233082E-2
1.00292000000001846E-6	3.65795672892276702E-2
1.00293000000001920E-6	3.45895824105054261E-2
1.00294000000001882E-6	3.25735932755756075E-2
1.00295000000001888E-6	3.05396462519868095E-2
1.00296000000001895E-6	2.84958599461014650E-2
1.00297000000001901E-6	2.64503922291926763E-2
1.00298000000001930E-6	2.44114071152897871E-2
1.00299000000001914E-6	2.23870416194752142E-2
1.00300000000001921E-6	2.03853727311659805E-2
1.00301000000001950E-6	1.84143846412548906E-2
1.00302000000001934E-6	1.64819363634326743E-2
1.00303000000001941E-6	1.45957298879612640E-2
1.00304000000001947E-6	1.27632790009363317E-2
1.00305000000001932E-6	1.09918788947601320E-2
1.00306000000001960E-6	9.28857668767622613E-3
1.00307000000001967E-6	7.66014296332570677E-3
1.00308000000001973E-6	6.11304443648339024E-3
1.00309000000001980E-6	4.65341784883674325E-3
1.00310000000001986E-6	3.28704519851556531E-3
1.00311000000001993E-6	2.01933040804973229E-3
1.00312000000002000E-6	8.55277536146132356E-4
1.00313000000002006E-6	-2.00529362239229059E-4
1.00314000000002035E-6	-1.14394462662478347E-3
1.00315000000002041E-6	-1.97127753826649954E-3
1.00316000000002026E-6	-2.67930693921737273E-3
1.00317000000002032E-6	-3.26529385002482631E-3
1.00318000000002039E-6	-3.72699202544926544E-3
1.00319000000002045E-6	-4.06265639994841976E-3
1.00320000000002052E-6	-4.27104938598401063E-3
1.00321000000002036E-6	-4.35144499807147955E-3
1.00322000000002065E-6	-4.30363078405362209E-3
1.00323000000002072E-6	-4.12790755294445066E-3
1.00324000000002056E-6	-3.82508689674544300E-3
1.00325000000002107E-6	-3.39648651279023017E-3
1.00326000000002113E-6	-2.84392334411308623E-3
1.00327000000002098E-6	-2.16970456835570502E-3
1.00328000000002104E-6	-1.37661648066755848E-3
1.00329000000002111E-6	-4.67911332367136801E-4
1.00330000000002117E-6	5.52707795971061522E-4
1.00331000000002124E-6	1.68110399167410685E-3
1.00332000000002131E-6	2.91272526627297745E-3
1.00333000000002137E-6	4.24262494535952328E-3
1.00334000000002121E-6	5.66548355328700737E-3
1.00335000000002150E-6	7.17563204213344363E-3
1.00336000000002157E-6	8.76707620357076323E-3
1.00337000000002163E-6	1.04335220926074079E-2
1.00338000000002170E-6	1.21684022839496153E-2
1.00339000000002176E-6	1.39649027757621802E-2
1.00340000000002161E-6	1.58159903531532242E-2
1.00341000000002190E-6	1.77144402263234513E-2
1.00342000000002196E-6	1.96528637676323736E-2
1.00343000000002203E-6	2.16237361891895885E-2
1.00344000000002209E-6	2.36194240286707746E-2
1.00345000000002216E-6	2.56322123455724959E-2
1.00346000000002222E-6	2.76543315714798466E-2
1.00347000000002229E-6	2.96779840031923481E-2
1.00348000000002213E-6	3.16953699725749649E-2
1.00349000000002242E-6	3.36987137667711689E-2
1.00350000000002249E-6	3.56802894017255623E-2
1.00351000000002255E-6	3.76324463662102593E-2
1.00352000000002239E-6	3.95476354495960791E-2
1.00353000000002268E-6	4.14184347435291400E-2
1.00354000000002297E-6	4.32375758671847343E-2
1.00355000000002281E-6	4.49979704122200097E-2
1.00356000000002288E-6	4.66927365433802510E-2
1.00357000000002294E-6	4.83152256314789152E-2
1.00358000000002301E-6	4.98590487445450847E-2
1.00359000000002307E-6	5.13181027862066230E-2
1.00360000000002270E-6	5.26865960512317422E-2
1.00361000000002321E-6	5.39590729669073088E-2
1.00362000000002305E-6	5.51304378029556652E-2
1.00363000000002334E-6	5.61959771571083255E-2
1.00364000000002340E-6	5.71513810523010157E-2
1.00365000000002347E-6	5.79927625090112997E-2
1.00366000000002353E-6	5.87166754782381339E-2
1.00367000000002338E-6	5.93201310349499522E-2
1.00368000000002344E-6	5.98006117388549452E-2
1.00369000000002373E-6	6.01560840714806133E-2
1.00370000000002380E-6	6.03850088594042322E-2
1.00371000000002386E-6	6.04863495968127829E-2
1.00372000000002393E-6	6.04595785892605964E-2
1.00373000000002377E-6	6.03046808557962333E-2
1.00374000000002406E-6	6.00221557479162016E-2
1.00375000000002390E-6	5.96130162687969900E-2
1.00376000000002419E-6	5.90787861016874949E-2
1.00377000000002403E-6	5.84214943788320262E-2
1.00378000000002432E-6	5.76436682392344579E-2
1.00379000000002438E-6	5.67483232337806776E-2
1.00380000000002423E-6	5.57389516401937790E-2
1.00381000000002452E-6	5.46195087499720344E-2
1.00382000000002458E-6	5.33943971877315260E-2
1.00383000000002465E-6	5.20684493232422607E-2
1.00384000000002449E-6	5.06469078402349471E-2
1.00385000000002478E-6	4.91354045348287283E-2
1.00386000000002484E-6	4.75399374297508714E-2
1.00387000000002469E-6	4.58668463066124232E-2
1.00388000000002497E-6	4.41227867747711411E-2
1.00389000000002504E-6	4.23147030090375864E-2
1.00390000000002488E-6	4.04497992975475373E-2
1.00391000000002517E-6	3.85355105445407853E-2
1.00392000000002501E-6	3.65794718708968070E-2
1.00393000000002530E-6	3.45894874496104965E-2
1.00394000000002537E-6	3.25734987062019954E-2
1.00395000000002543E-6	3.05395520077085214E-2
1.00396000000002572E-6	2.84957659602546665E-2
1.00397000000002556E-6	2.64502984351382153E-2
1.00398000000002563E-6	2.44113134466729953E-2
1.00399000000002547E-6	2.23869480104922181E-2
1.00400000000000000E-6	2.03852791219190754E-2


time	Tran2.TRAN.I_DC.i
1.00000000000000000E-6	2.03853877009093587E-2
1.00000999999999984E-6	1.84144024329671452E-2
1.00002000000000013E-6	1.64819576150350455E-2
1.00003000000000020E-6	1.45957552136091628E-2
1.00004000000000026E-6	1.27633089937894906E-2
1.00005000000000033E-6	1.09919141318765279E-2
1.00006000000000039E-6	9.28861773439036575E-3
1.00007000000000046E-6	7.66019037532305624E-3
1.00008000000000052E-6	6.11309875856442453E-3
1.00009000000000059E-6	4.65347961038281710E-3
1.00010000000000066E-6	3.28711490659560113E-3
1.00011000000000050E-6	2.01940853968925449E-3
1.00012000000000034E-6	8.55364531391334637E-4
1.00013000000000107E-6	-2.00433105165769421E-4
1.00014000000000092E-6	-1.14383875341745189E-3
1.00015000000000098E-6	-1.97116173794860683E-3
1.00016000000000105E-6	-2.67918094156039244E-3
1.00017000000000089E-6	-3.26515742203274506E-3
1.00018000000000118E-6	-3.72684496803409315E-3
1.00019000000000102E-6	-4.06249854572106273E-3
1.00020000000000131E-6	-4.27088059870009396E-3
1.00021000000000138E-6	-4.35126517381297706E-3
1.00022000000000144E-6	-4.30343985379650107E-3
1.00023000000000128E-6	-4.12770548583884356E-3
1.00024000000000157E-6	-3.82487370326938914E-3
1.00025000000000119E-6	-3.39626224695359280E-3
1.00026000000000170E-6	-2.84368810408071848E-3
1.00027000000000177E-6	-2.16945849519397926E-3
1.00028000000000183E-6	-1.37635975533138422E-3
1.00029000000000190E-6	-4.67644171445051082E-4
1.00030000000000197E-6	5.52985144947939933E-4
1.00031000000000181E-6	1.68139125446166848E-3
1.00032000000000210E-6	2.91302214492844813E-3
1.00033000000000216E-6	4.24293111964121294E-3
1.00034000000000223E-6	5.66579868051454305E-3
1.00035000000000229E-6	7.17595575604310909E-3
1.00036000000000214E-6	8.76740811300697942E-3
1.00037000000000242E-6	1.04338617809480239E-2
1.00038000000000227E-6	1.21687493099494470E-2
1.00039000000000233E-6	1.39652566760815766E-2
1.00040000000000240E-6	1.58163506463480097E-2
1.00041000000000269E-6	1.77148064176622988E-2
1.00042000000000275E-6	1.96532353539022631E-2
1.00043000000000282E-6	2.16241126627029612E-2
1.00044000000000266E-6	2.36198048799682248E-2
1.00045000000000295E-6	2.56325970647201418E-2
1.00046000000000301E-6	2.76547196482568758E-2
1.00047000000000308E-6	2.96783749267322605E-2
1.00048000000000314E-6	3.16957632310973825E-2
1.00049000000000299E-6	3.36991088479233136E-2
1.00050000000000305E-6	3.56806857938055622E-2
1.00051000000000312E-6	3.76328435602620237E-2
1.00052000000000318E-6	3.95480329421351540E-2
1.00053000000000347E-6	4.14188320395360865E-2
1.00054000000000354E-6	4.32379724829965362E-2
1.00055000000000360E-6	4.49983658780329954E-2
1.00056000000000367E-6	4.66931304052042950E-2
1.00057000000000351E-6	4.83156174525093096E-2
1.00058000000000380E-6	4.98594381060185921E-2
1.00059000000000387E-6	5.13184892878774512E-2
1.00060000000000393E-6	5.26869793116462937E-2
1.00061000000000400E-6	5.39594526236784144E-2
1.00062000000000406E-6	5.51308135132366672E-2
1.00063000000000413E-6	5.61963485984325750E-2
1.00064000000000397E-6	5.71517479238747406E-2
1.00065000000000404E-6	5.79931245334292989E-2
1.00066000000000410E-6	5.87170324034564395E-2
1.00067000000000417E-6	5.93204826362341464E-2
1.00068000000000401E-6	5.98009578203743963E-2
1.00069000000000452E-6	6.01564244672636406E-2
1.00070000000000459E-6	6.03853434335090000E-2
1.00071000000000443E-6	6.04866782427655370E-2
1.00072000000000427E-6	6.04599012290064586E-2
1.00073000000000456E-6	6.03049974385302257E-2
1.00074000000000485E-6	6.00224662491687599E-2
1.00075000000000491E-6	5.96133206900323209E-2
1.00076000000000476E-6	5.90790844704714235E-2
1.00077000000000504E-6	5.84217867494076515E-2
1.00078000000000511E-6	5.76439546931845292E-2
1.00079000000000495E-6	5.67486038804071224E-2
1.00080000000000502E-6	5.57392266163212557E-2
1.00081000000000508E-6	5.46197782190519288E-2
1.00082000000000493E-6	5.33946613383218782E-2
1.00083000000000544E-6	5.20687083670991946E-2
1.00084000000000528E-6	5.06471620103202014E-2
1.00085000000000535E-6	4.91356540835033240E-2
1.00086000000000541E-6	4.75401826273085160E-2
1.00087000000000526E-6	4.58670874401589757E-2
1.00088000000000577E-6	4.41230241473315399E-2
1.00089000000000561E-6	4.23149369387085894E-2
1.00090000000000590E-6	4.04500301165222709E-2
1.00091000000000596E-6	3.85357385978929656E-2
1.00092000000000581E-6	3.65796975150950709E-2
1.00093000000000609E-6	3.45897110508022188E-2
1.00094000000000594E-6	3.25737206383418298E-2
1.00095000000000600E-6	3.05397726506082590E-2
1.00096000000000607E-6	2.84959856976129355E-2
1.00097000000000635E-6	2.64505176525891939E-2
1.00098000000000642E-6	2.44115325298862418E-2
1.00099000000000626E-6	2.23871673433609342E-2
1.00100000000000611E-6	2.03854990798030400E-2
1.00101000000000662E-6	1.84145119262547352E-2
1.00102000000000668E-6	1.64820648915089429E-2
1.00103000000000675E-6	1.45958599600060279E-2
1.00104000000000659E-6	1.27634109111212979E-2
1.00105000000000688E-6	1.09920129295466928E-2
1.00106000000000672E-6	9.28871312464290888E-3
1.00107000000000679E-6	7.66028206978754689E-3
1.00108000000000685E-6	6.11318646796448295E-3
1.00109000000000692E-6	4.65356304753339245E-3
1.00110000000000721E-6	3.28719379192202110E-3
1.00111000000000705E-6	2.01948260789460088E-3
1.00112000000000689E-6	8.55433537710384506E-4
1.00113000000000718E-6	-2.00369380455697588E-4
1.00114000000000725E-6	-1.14378050301399825E-3
1.00115000000000731E-6	-1.97110912817382156E-3
1.00116000000000760E-6	-2.67913411511075772E-3
1.00117000000000744E-6	-3.26511650185695501E-3
1.00118000000000773E-6	-3.72681006119707847E-3
1.00119000000000757E-6	-4.06246974622414658E-3
1.00120000000000764E-6	-4.27085798856430365E-3
1.00121000000000770E-6	-4.35124882220210640E-3
1.00122000000000799E-6	-4.30342981444823991E-3
1.00123000000000784E-6	-4.12770179348090416E-3
1.00124000000000768E-6	-3.82487636993784852E-3
1.00125000000000797E-6	-3.39627125915314920E-3
1.00126000000000803E-6	-2.84370342152531741E-3
1.00127000000000810E-6	-2.16948005148521883E-3
1.00128000000000794E-6	-1.37638746045924831E-3
1.00129000000000823E-6	-4.67677915547475287E-4
1.00130000000000852E-6	5.52945487436205063E-4
1.00131000000000836E-6	1.68134582121789755E-3
1.00132000000000843E-6	2.91297108347725553E-3
1.00133000000000871E-6	4.24287458679567919E-3
1.00134000000000856E-6	5.66573684340995865E-3
1.00135000000000862E-6	7.17588879419592285E-3
1.00136000000000869E-6	8.76733622054817019E-3
1.00137000000000853E-6	1.04337851681490767E-2
1.00138000000000904E-6	1.21686682033844429E-2
1.00139000000000888E-6	1.39651713171766367E-2
1.00140000000000917E-6	1.58162612885310061E-2
1.00141000000000902E-6	1.77147133227020470E-2
1.00142000000000908E-6	1.96531387882104713E-2
1.00143000000000892E-6	2.16240128943234566E-2
1.00144000000000921E-6	2.36197021767288140E-2
1.00145000000000928E-6	2.56324916936644120E-2
1.00146000000000934E-6	2.76546118761205850E-2
1.00147000000000919E-6	2.96782650209818799E-2
1.00148000000000947E-6	3.16956514609635143E-2
1.00149000000000954E-6	3.36989954849385498E-2
1.00150000000000960E-6	3.56805711115496749E-2
1.00151000000000967E-6	3.76327278332550552E-2
1.00152000000000951E-6	3.95479164440323316E-2
1.00153000000000958E-6	4.14187150409194782E-2
1.00154000000000987E-6	4.32378552491095114E-2
1.00155000000000993E-6	4.49982486667750159E-2
1.00156000000001000E-6	4.66930134656177742E-2
1.00157000000001029E-6	4.83155010238754823E-2
1.00158000000001035E-6	4.98593224175570349E-2
1.00159000000001019E-6	5.13183745589296159E-2
1.00160000000001026E-6	5.26868657521310446E-2
1.00161000000001033E-6	5.39593404345519279E-2
1.00162000000001017E-6	5.51307028866836824E-2
1.00163000000001023E-6	5.61962397175730377E-2
1.00164000000001052E-6	5.71516409618862120E-2
1.00165000000001059E-6	5.79930196521414398E-2
1.00166000000001043E-6	5.87169297516304667E-2
1.00167000000001072E-6	5.93203823478518899E-2
1.00168000000001056E-6	5.98008600132877888E-2
1.00169000000001085E-6	6.01563292424795826E-2
1.00170000000001092E-6	6.03852508752222228E-2
1.00171000000001098E-6	6.04865884190501646E-2
1.00172000000001127E-6	6.04598141928974098E-2
1.00173000000001133E-6	6.03049132291284806E-2
1.00174000000001118E-6	6.00223848924218295E-2
1.00175000000001124E-6	5.96132421989675265E-2
1.00176000000001131E-6	5.90790088448529183E-2
1.00177000000001115E-6	5.84217139749835912E-2
1.00178000000001122E-6	5.76438847408249000E-2
1.00179000000001150E-6	5.67485367054644030E-2
1.00180000000001135E-6	5.57391621584712738E-2
1.00181000000001164E-6	5.46197164027230464E-2
1.00182000000001170E-6	5.33946020736509652E-2
1.00183000000001177E-6	5.20686515512188031E-2
1.00184000000001183E-6	5.06471075287230477E-2
1.00185000000001168E-6	4.91356018112542881E-2
1.00186000000001196E-6	4.75401324299637373E-2
1.00187000000001181E-6	4.58670391743664929E-2
1.00188000000001209E-6	4.41229776611883917E-2
1.00189000000001216E-6	4.23148920720076038E-2
1.00190000000001223E-6	4.04499867010302872E-2
1.00191000000001229E-6	3.85356964577705785E-2
1.00192000000001213E-6	3.65796564675175340E-2
1.00193000000001220E-6	3.45896709067920494E-2
1.00194000000001227E-6	3.25736812037879231E-2
1.00195000000001255E-6	3.05397337274255865E-2
1.00196000000001262E-6	2.84959470849850627E-2
1.00197000000001291E-6	2.64504791482274948E-2
1.00198000000001253E-6	2.44114939312330570E-2
1.00199000000001304E-6	2.23871284486639022E-2
1.00200000000001266E-6	2.03854596890032091E-2
1.00201000000001295E-6	1.84144718416657804E-2
1.00202000000001301E-6	1.64820239183161421E-2
1.00203000000001330E-6	1.45958179066670835E-2
1.00204000000001314E-6	1.27633675897876686E-2
1.00205000000001321E-6	1.09919681566253291E-2
1.00206000000001305E-6	9.28866672157819195E-3
1.00207000000001312E-6	7.66023386406947804E-3
1.00208000000001318E-6	6.11313629428557359E-3
1.00209000000001303E-6	4.65351074895235062E-3
1.00210000000001354E-6	3.28713922087230159E-3
1.00211000000001360E-6	2.01942562690975480E-3
1.00212000000001344E-6	8.55374019815927156E-4
1.00213000000001351E-6	-2.00431551639194883E-4
1.00214000000001380E-6	-1.14384543333346800E-3
1.00215000000001386E-6	-1.97117691301457665E-3
1.00216000000001393E-6	-2.67920483933969322E-3
1.00217000000001377E-6	-3.26519023956950472E-3
1.00218000000001384E-6	-3.72688687528683937E-3
1.00219000000001413E-6	-4.06254968786935855E-3
1.00220000000001397E-6	-4.27094109676239064E-3
1.00221000000001426E-6	-4.35133512347205809E-3
1.00222000000001410E-6	-4.30351932276925098E-3
1.00223000000001439E-6	-4.12779451046685431E-3
1.00224000000001423E-6	-3.82497228518783094E-3
1.00225000000001430E-6	-3.39637035068827942E-3
1.00226000000001458E-6	-2.84380565622808712E-3
1.00227000000001443E-6	-2.16958538549125191E-3
1.00228000000001449E-6	-1.37649583949448462E-3
1.00229000000001478E-6	-4.67789275237795366E-4
1.00230000000001485E-6	5.52831221242880844E-4
1.00231000000001491E-6	1.68122873208535362E-3
1.00232000000001475E-6	2.91285126395932892E-3
1.00233000000001482E-6	4.24275213796698836E-3
1.00234000000001511E-6	5.66561187436398850E-3
1.00235000000001495E-6	7.17576142151844110E-3
1.00236000000001502E-6	8.76720656775897744E-3
1.00237000000001508E-6	1.04336533650932317E-2
1.00238000000001537E-6	1.21685343855553230E-2
1.00239000000001544E-6	1.39650356249700192E-2
1.00240000000001528E-6	1.58161238664561998E-2
1.00241000000001534E-6	1.77145743186003068E-2
1.00242000000001563E-6	1.96529983525396146E-2
1.00243000000001548E-6	2.16238711795535954E-2
1.00244000000001554E-6	2.36195593368605516E-2
1.00245000000001583E-6	2.56323478838391905E-2
1.00246000000001589E-6	2.76544672522604840E-2
1.00247000000001574E-6	2.96781197393865881E-2
1.00248000000001580E-6	3.16955056778105915E-2
1.00249000000001565E-6	3.36988493556732482E-2
1.00250000000001616E-6	3.56804247901967742E-2
1.00251000000001622E-6	3.76325814717191731E-2
1.00252000000001606E-6	3.95477701914616553E-2
1.00253000000001613E-6	4.14185690431871123E-2
1.00254000000001642E-6	4.32377096484261791E-2
1.00255000000001626E-6	4.49981036014017821E-2
1.00256000000001655E-6	4.66928690696168580E-2
1.00257000000001639E-6	4.83153574268314934E-2
1.00258000000001668E-6	4.98591797442212226E-2
1.00259000000001652E-6	5.13182329287772809E-2
1.00260000000001659E-6	5.26867252788599583E-2
1.00261000000001688E-6	5.39592012255741160E-2
1.00262000000001672E-6	5.51305650426648519E-2
1.00263000000001679E-6	5.61961033320551984E-2
1.00264000000001685E-6	5.71515061210002617E-2
1.00265000000001714E-6	5.79928864343895256E-2
1.00266000000001720E-6	5.87167982277054534E-2
1.00267000000001705E-6	5.93202525804655245E-2
1.00268000000001711E-6	5.98007320569965284E-2
1.00269000000001740E-6	6.01562031435179723E-2
1.00270000000001747E-6	6.03851266713668622E-2
1.00271000000001753E-6	6.04864661395365033E-2
1.00272000000001738E-6	6.04596938583995858E-2
1.00273000000001744E-6	6.03047948517937549E-2
1.00274000000001751E-6	6.00222684759368352E-2
1.00275000000001757E-6	5.96131277386323344E-2
1.00276000000001764E-6	5.90788963276491241E-2
1.00277000000001770E-6	5.84216033796430345E-2
1.00278000000001821E-6	5.76437760379231978E-2
1.00279000000001761E-6	5.67484298575714696E-2
1.00280000000001812E-6	5.57390571203839791E-2
1.00281000000001796E-6	5.46196131217845782E-2
1.00282000000001803E-6	5.33945004901372844E-2
1.00283000000001810E-6	5.20685515987541692E-2
1.00284000000001838E-6	5.06470091346830920E-2
1.00285000000001845E-6	4.91355048971284880E-2
1.00286000000001851E-6	4.75400369116738908E-2
1.00287000000001836E-6	4.58669449625640802E-2
1.00288000000001842E-6	4.41228846615703318E-2
1.00289000000001849E-6	4.23148001856897960E-2
1.00290000000001855E-6	4.04498958250014784E-2
1.00291000000001862E-6	3.85356064854233082E-2
1.00292000000001846E-6	3.65795672892276702E-2
1.00293000000001920E-6	3.45895824105054261E-2
1.00294000000001882E-6	3.25735932755756075E-2
1.00295000000001888E-6	3.05396462519868095E-2
1.00296000000001895E-6	2.84958599461014650E-2
1.00297000000001901E-6	2.64503922291926763E-2
1.00298000000001930E-6	2.44114071152897871E-2
1.00299000000001914E-6	2.23870416194752142E-2
1.00300000000001921E-6	2.03853727311659805E-2
1.00301000000001950E-6	1.84143846412548906E-2
1.00302000000001934E-6	1.64819363634326743E-2
1.00303000000001941E-6	1.45957298879612640E-2
1.00304000000001947E-6	1.27632790009363317E-2
1.00305000000001932E-6	1.09918788947601320E-2
1.00306000000001960E-6	9.28857668767622613E-3
1.00307000000001967E-6	7.66014296332570677E-3
1.00308000000001973E-6	6.11304443648339024E-3
1.00309000000001980E-6	4.65341784883674325E-3
1.00310000000001986E-6	3.28704519851556531E-3
1.00311000000001993E-6	2.01933040804973229E-3
1.00312000000002000E-6	8.55277536146132356E-4
1.00313000000002006E-6	-2.00529362239229059E-4
1.00314000000002035E-6	-1.14394462662478347E-3
1.00315000000002041E-6	-1.97127753826649954E-3
1.00316000000002026E-6	-2.67930693921737273E-3
1.00317000000002032E-6	-3.26529385002482631E-3
1.00318000000002039E-6	-3.72699202544926544E-3
1.00319000000002045E-6	-4.06265639994841976E-3
1.00320000000002052E-6	-4.27104938598401063E-3
1.00321000000002036E-6	-4.35144499807147955E-3
1.00322000000002065E-6	-4.30363078405362209E-3
1.00323000000002072E-6	-4.12790755294445066E-3
1.00324000000002056E-6	-3.82508689674544300E-3
1.00325000000002107E-6	-3.39648651279023017E-3
1.00326000000002113E-6	-2.84392334411308623E-3
1.00327000000002098E-6	-2.16970456835570502E-3
1.00328000000002104E-6	-1.37661648066755848E-3
1.00329000000002111E-6	-4.67911332367136801E-4
1.00330000000002117E-6	5.52707795971061522E-4
1.00331000000002124E-6	1.68110399167410685E-3
1.00332000000002131E-6	2.91272526627297745E-3
1.00333000000002137E-6	4.24262494535952328E-3
1.00334000000002121E-6	5.66548355328700737E-3
1.00335000000002150E-6	7.17563204213344363E-3
1.00336000000002157E-6	8.76707620357076323E-3
1.00337000000002163E-6	1.04335220926074079E-2
1.00338000000002170E-6	1.21684022839496153E-2
1.00339000000002176E-6	1.39649027757621802E-2
1.00340000000002161E-6	1.58159903531532242E-2
1.00341000000002190E-6	1.77144402263234513E-2
1.00342000000002196E-6	1.96528637676323736E-2
1.00343000000002203E-6	2.16237361891895885E-2
1.00344000000002209E-6	2.36194240286707746E-2
1.00345000000002216E-6	2.56322123455724959E-2
1.00346000000002222E-6	2.76543315714798466E-2
1.00347000000002229E-6	2.96779840031923481E-2
1.00348000000002213E-6	3.16953699725749649E-2
1.00349000000002242E-6	3.36987137667711689E-2
1.00350000000002249E-6	3.56802894017255623E-2
1.00351000000002255E-6	3.76324463662102593E-2
1.00352000000002239E-6	3.95476354495960791E-2
1.00353000000002268E-6	4.14184347435291400E-2
1.00354000000002297E-6	4.32375758671847343E-2
1.00355000000002281E-6	4.49979704122200097E-2
1.00356000000002288E-6	4.66927365433802510E-2
1.00357000000002294E-6	4.83152256314789152E-2
1.00358000000002301E-6	4.98590487445450847E-2
1.00359000000002307E-6	5.13181027862066230E-2
1.00360000000002270E-6	5.26865960512317422E-2
1.00361000000002321E-6	5.39590729669073088E-2
1.00362000000002305E-6	5.51304378029556652E-2
1.00363000000002334E-6	5.61959771571083255E-2
1.00364000000002340E-6	5.71513810523010157E-2
1.00365000000002347E-6	5.79927625090112997E-2
1.00366000000002353E-6	5.87166754782381339E-2
1.00367000000002338E-6	5.93201310349499522E-2
1.00368000000002344E-6	5.98006117388549452E-2
1.00369000000002373E-6	6.01560840714806133E-2
1.00370000000002380E-6	6.03850088594042322E-2
1.00371000000002386E-6	6.04863495968127829E-2
1.00372000000002393E-6	6.04595785892605964E-2
1.00373000000002377E-6	6.03046808557962333E-2
1.00374000000002406E-6	6.00221557479162016E-2
1.00375000000002390E-6	5.96130162687969900E-2
1.00376000000002419E-6	5.90787861016874949E-2
1.00377000000002403E-6	5.84214943788320262E-2
1.00378000000002432E-6	5.76436682392344579E-2
1.00379000000002438E-6	5.67483232337806776E-2
1.00380000000002423E-6	5.57389516401937790E-2
1.00381000000002452E-6	5.46195087499720344E-2
1.00382000000002458E-6	5.33943971877315260E-2
1.00383000000002465E-6	5.20684493232422607E-2
1.00384000000002449E-6	5.06469078402349471E-2
1.00385000000002478E-6	4.91354045348287283E-2
1.00386000000002484E-6	4.75399374297508714E-2
1.00387000000002469E-6	4.58668463066124232E-2
1.00388000000002497E-6	4.41227867747711411E-2
1.00389000000002504E-6	4.23147030090375864E-2
1.00390000000002488E-6	4.04497992975475373E-2
1.00391000000002517E-6	3.85355105445407853E-2
1.00392000000002501E-6	3.65794718708968070E-2
1.00393000000002530E-6	3.45894874496104965E-2
1.00394000000002537E-6	3.25734987062019954E-2
1.00395000000002543E-6	3.05395520077085214E-2
1.00396000000002572E-6	2.84957659602546665E-2
1.00397000000002556E-6	2.64502984351382153E-2
1.00398000000002563E-6	2.44113134466729953E-2
1.00399000000002547E-6	2.23869480104922181E-2
1.00400000000000000E-6	2.03852791219190754E-2


time	Tran2.TRAN.I_RL.i
1.00000000000000000E-6	1.24459831215828975E-2
1.00000999999999984E-6	1.35937215321717053E-2
1.00002000000000013E-6	1.46874162225468030E-2
1.00003000000000020E-6	1.57227053709110987E-2
1.00004000000000026E-6	1.66954627972059999E-2
1.00005000000000033E-6	1.76018146608213111E-2
1.00006000000000039E-6	1.84381551214646011E-2
1.00007000000000046E-6	1.92011609055547505E-2
1.00008000000000052E-6	1.98878047253443002E-2
1.00009000000000059E-6	2.04953675006855507E-2
1.00010000000000066E-6	2.10214493347039877E-2
1.00011000000000050E-6	2.14639791953355452E-2
1.00012000000000034E-6	2.18212232556383556E-2
1.00013000000000107E-6	2.20917918478784703E-2
1.00014000000000092E-6	2.22746449902334875E-2
1.00015000000000098E-6	2.23690964507866852E-2
1.00016000000000105E-6	2.23748163210943041E-2
1.00017000000000089E-6	2.22918320804374570E-2
1.00018000000000118E-6	2.21205281411525512E-2
1.00019000000000102E-6	2.18616438744002917E-2
1.00020000000000131E-6	2.15162701238060450E-2
1.00021000000000138E-6	2.10858442213320707E-2
1.00022000000000144E-6	2.05721435256491558E-2
1.00023000000000128E-6	1.99772775086058174E-2
1.00024000000000157E-6	1.93036784207765177E-2
1.00025000000000119E-6	1.85540905731375716E-2
1.00026000000000170E-6	1.77315582791293824E-2
1.00027000000000177E-6	1.68394125098808090E-2
1.00028000000000183E-6	1.58812563250300620E-2
1.00029000000000190E-6	1.48609491519369419E-2
1.00030000000000197E-6	1.37825899965544307E-2
1.00031000000000181E-6	1.26504996792349678E-2
1.00032000000000210E-6	1.14692021978533409E-2
1.00033000000000216E-6	1.02434053286239091E-2
1.00034000000000223E-6	8.97798058188218917E-3
1.00035000000000229E-6	7.67794263603090954E-3
1.00036000000000214E-6	6.34842837795594761E-3
1.00037000000000242E-6	4.99467568248100058E-3
1.00038000000000227E-6	3.62200206656243529E-3
1.00039000000000233E-6	2.23578335531182670E-3
1.00040000000000240E-6	8.41432495666528091E-4
1.00041000000000269E-6	-5.55621351472525671E-4
1.00042000000000275E-6	-1.94995331961443252E-3
1.00043000000000282E-6	-3.33616283994645801E-3
1.00044000000000266E-6	-4.70889305520079127E-3
1.00045000000000295E-6	-6.06284958665156637E-3
1.00046000000000301E-6	-7.39281862782575239E-3
1.00047000000000308E-6	-8.69368437159236862E-3
1.00048000000000314E-6	-9.96044580940342072E-3
1.00049000000000299E-6	-1.11882329690707549E-2
1.00050000000000305E-6	-1.23723226769738481E-2
1.00051000000000312E-6	-1.35081539388968652E-2
1.00052000000000318E-6	-1.45913430287826196E-2
1.00053000000000347E-6	-1.56176983561728244E-2
1.00054000000000354E-6	-1.65832351524888555E-2
1.00055000000000360E-6	-1.74841899769676012E-2
1.00056000000000367E-6	-1.83170349998214155E-2
1.00057000000000351E-6	-1.90784919785601748E-2
1.00058000000000380E-6	-1.97655458086773561E-2
1.00059000000000387E-6	-2.03754575061604459E-2
1.00060000000000393E-6	-2.09057764687285852E-2
1.00061000000000400E-6	-2.13543518652626751E-2
1.00062000000000406E-6	-2.17193430163804857E-2
1.00063000000000413E-6	-2.19992286497634915E-2
1.00064000000000397E-6	-2.21928149372149441E-2
1.00065000000000404E-6	-2.22992422423526637E-2
1.00066000000000410E-6	-2.23179905252790611E-2
1.00067000000000417E-6	-2.22488833621448601E-2
1.00068000000000401E-6	-2.20920905436213388E-2
1.00069000000000452E-6	-2.18481292187592446E-2
1.00070000000000459E-6	-2.15178635522026029E-2
1.00071000000000443E-6	-2.11025028659414371E-2
1.00072000000000427E-6	-2.06035982437375020E-2
1.00073000000000456E-6	-2.00230375878585409E-2
1.00074000000000485E-6	-1.93630391332692442E-2
1.00075000000000491E-6	-1.86261434422521255E-2
1.00076000000000476E-6	-1.78152039201947954E-2
1.00077000000000504E-6	-1.69333759085763269E-2
1.00078000000000511E-6	-1.59841044221996009E-2
1.00079000000000495E-6	-1.49711106036766073E-2
1.00080000000000502E-6	-1.38983769695124115E-2
1.00081000000000508E-6	-1.27701315203379551E-2
1.00082000000000493E-6	-1.15908307850292669E-2
1.00083000000000544E-6	-1.03651418667955308E-2
1.00084000000000528E-6	-9.09792356048190420E-3
1.00085000000000535E-6	-7.79420661504164158E-3
1.00086000000000541E-6	-6.45917322301887697E-3
1.00087000000000526E-6	-5.09813582861956682E-3
1.00088000000000577E-6	-3.71651535562510027E-3
1.00089000000000561E-6	-2.31981896405891908E-3
1.00090000000000590E-6	-9.13617448653413078E-4
1.00091000000000596E-6	4.96477607871070870E-4
1.00092000000000581E-6	1.90483681758185330E-3
1.00093000000000609E-6	3.30583600356736707E-3
1.00094000000000594E-6	4.69387915453297744E-3
1.00095000000000600E-6	6.06342122939462946E-3
1.00096000000000607E-6	7.40899072813999826E-3
1.00097000000000635E-6	8.72521194716347814E-3
1.00098000000000642E-6	1.00068268367489877E-2
1.00099000000000626E-6	1.12487163763058406E-2
1.00100000000000611E-6	1.24459213806897862E-2
1.00101000000000662E-6	1.35936626498030977E-2
1.00102000000000668E-6	1.46873603746436676E-2
1.00103000000000675E-6	1.57226527164399132E-2
1.00104000000000659E-6	1.66954134811732580E-2
1.00105000000000688E-6	1.76017688188134613E-2
1.00106000000000672E-6	1.84381128838466357E-2
1.00107000000000679E-6	1.92011224000674785E-2
1.00108000000000685E-6	1.98877700773683941E-2
1.00109000000000692E-6	2.04953368311348605E-2
1.00110000000000721E-6	2.10214227561530542E-2
1.00111000000000705E-6	2.14639568074087972E-2
1.00112000000000689E-6	2.18212051408009433E-2
1.00113000000000718E-6	2.20917780685757448E-2
1.00114000000000725E-6	2.22746355879137692E-2
1.00115000000000731E-6	2.23690914468393665E-2
1.00116000000000760E-6	2.23748157192780450E-2
1.00117000000000744E-6	2.22918358700653219E-2
1.00118000000000773E-6	2.21205363001961208E-2
1.00119000000000757E-6	2.18616563717736900E-2
1.00120000000000764E-6	2.15162869203499607E-2
1.00121000000000770E-6	2.10858652693663373E-2
1.00122000000000799E-6	2.05721687673191145E-2
1.00123000000000784E-6	1.99773068735363335E-2
1.00124000000000768E-6	1.93037118237089667E-2
1.00125000000000797E-6	1.85541279122259617E-2
1.00126000000000803E-6	1.77315994354118445E-2
1.00127000000000810E-6	1.68394573481569743E-2
1.00128000000000794E-6	1.58813046960297699E-2
1.00129000000000823E-6	1.48610008953457795E-2
1.00130000000000852E-6	1.37826449442516008E-2
1.00131000000000836E-6	1.26505576580574597E-2
1.00132000000000843E-6	1.14692630313442834E-2
1.00133000000000871E-6	1.02434688375150484E-2
1.00134000000000856E-6	8.97804658342038664E-3
1.00135000000000862E-6	7.67801094258274563E-3
1.00136000000000869E-6	6.34849879551842200E-3
1.00137000000000853E-6	4.99474800973471922E-3
1.00138000000000904E-6	3.62207609492706739E-3
1.00139000000000888E-6	2.23585887016023266E-3
1.00140000000000917E-6	8.41509278518277171E-4
1.00141000000000902E-6	-5.55543520224005416E-4
1.00142000000000908E-6	-1.94987465800929161E-3
1.00143000000000892E-6	-3.33608356232069303E-3
1.00144000000000921E-6	-4.70881337093281882E-3
1.00145000000000928E-6	-6.06276969985757397E-3
1.00146000000000934E-6	-7.39273873781319857E-3
1.00147000000000919E-6	-8.69360467370777279E-3
1.00148000000000947E-6	-9.96036649585745160E-3
1.00149000000000954E-6	-1.11881542293885716E-2
1.00150000000000960E-6	-1.23722446978653799E-2
1.00151000000000967E-6	-1.35080769035174120E-2
1.00152000000000951E-6	-1.45912671155082041E-2
1.00153000000000958E-6	-1.56176237371132132E-2
1.00154000000000987E-6	-1.65831619919932538E-2
1.00155000000000993E-6	-1.74841184303513986E-2
1.00156000000001000E-6	-1.83169652124757265E-2
1.00157000000001029E-6	-1.90784240855198339E-2
1.00158000000001035E-6	-1.97654799346329790E-2
1.00159000000001019E-6	-2.03753937658186413E-2
1.00160000000001026E-6	-2.09057149673601161E-2
1.00161000000001033E-6	-2.13542926992416859E-2
1.00162000000001017E-6	-2.17192862735187298E-2
1.00163000000001023E-6	-2.19991744092889352E-2
1.00164000000001052E-6	-2.21927632693310573E-2
1.00165000000001059E-6	-2.22991932074282495E-2
1.00166000000001043E-6	-2.23179441728301997E-2
1.00167000000001072E-6	-2.22488397298471208E-2
1.00168000000001056E-6	-2.20920496566037716E-2
1.00169000000001085E-6	-2.18480910893715752E-2
1.00170000000001092E-6	-2.15178281803261440E-2
1.00171000000001098E-6	-2.11024702397669239E-2
1.00172000000001127E-6	-2.06035683408063086E-2
1.00173000000001133E-6	-2.00230103760980072E-2
1.00174000000001118E-6	-1.93630145717714353E-2
1.00175000000001124E-6	-1.86261214816419596E-2
1.00176000000001131E-6	-1.78151845025757960E-2
1.00177000000001115E-6	-1.69333589671832097E-2
1.00178000000001122E-6	-1.59840898809804033E-2
1.00179000000001150E-6	-1.49710983770446870E-2
1.00180000000001135E-6	-1.38983669624497685E-2
1.00181000000001164E-6	-1.27701236289196385E-2
1.00182000000001170E-6	-1.15908248973150130E-2
1.00183000000001177E-6	-1.03651378639399216E-2
1.00184000000001183E-6	-9.09792131787525626E-3
1.00185000000001168E-6	-7.79420600331581781E-3
1.00186000000001196E-6	-6.45917410882008181E-3
1.00187000000001181E-6	-5.09813807513481798E-3
1.00188000000001209E-6	-3.71651882292184377E-3
1.00189000000001216E-6	-2.31982350933785231E-3
1.00190000000001223E-6	-9.13622926518305079E-4
1.00191000000001229E-6	4.96471345047792845E-4
1.00192000000001213E-6	1.90482991915701616E-3
1.00193000000001220E-6	3.30582861998396416E-3
1.00194000000001227E-6	4.69387143655737304E-3
1.00195000000001255E-6	6.06341332726987847E-3
1.00196000000001262E-6	7.40898279069865939E-3
1.00197000000001291E-6	8.72520412094841902E-3
1.00198000000001253E-6	1.00068192651944354E-2
1.00199000000001304E-6	1.12487091990295363E-2
1.00200000000001266E-6	1.24459147329351882E-2
1.00201000000001295E-6	1.35936566620444710E-2
1.00202000000001301E-6	1.46873551723298545E-2
1.00203000000001330E-6	1.57226484198146221E-2
1.00204000000001314E-6	1.66954102050848885E-2
1.00205000000001321E-6	1.76017666724283850E-2
1.00206000000001305E-6	1.84381119702108331E-2
1.00207000000001312E-6	1.92011228155155567E-2
1.00208000000001318E-6	1.98877719108392337E-2
1.00209000000001303E-6	2.04953401634980326E-2
1.00210000000001354E-6	2.10214276596622662E-2
1.00211000000001360E-6	2.14639633453716083E-2
1.00212000000001344E-6	2.18212133674959663E-2
1.00213000000001351E-6	2.20917880293798197E-2
1.00214000000001380E-6	2.22746473195456085E-2
1.00215000000001386E-6	2.23691049776040796E-2
1.00216000000001393E-6	2.23748310692146202E-2
1.00217000000001377E-6	2.22918530509500012E-2
1.00218000000001384E-6	2.21205553154184598E-2
1.00219000000001413E-6	2.18616772161559370E-2
1.00220000000001397E-6	2.15163095800053883E-2
1.00221000000001426E-6	2.10858897216817542E-2
1.00222000000001410E-6	2.05721949811079652E-2
1.00223000000001439E-6	1.99773348093583025E-2
1.00224000000001423E-6	1.93037414343092273E-2
1.00225000000001430E-6	1.85541591430268937E-2
1.00226000000001458E-6	1.77316322249957747E-2
1.00227000000001443E-6	1.68394916287041041E-2
1.00228000000001449E-6	1.58813403937071973E-2
1.00229000000001478E-6	1.48610379306681928E-2
1.00230000000001485E-6	1.37826832324430026E-2
1.00231000000001491E-6	1.26505971094367364E-2
1.00232000000001475E-6	1.14693035517420827E-2
1.00233000000001482E-6	1.02435103287156792E-2
1.00234000000001511E-6	8.97808894361741139E-3
1.00235000000001495E-6	7.67805406684215086E-3
1.00236000000001502E-6	6.34854257625430307E-3
1.00237000000001508E-6	4.99479233721062865E-3
1.00238000000001537E-6	3.62212085779522353E-3
1.00239000000001544E-6	2.23590395603822412E-3
1.00240000000001528E-6	8.41554574583712522E-4
1.00241000000001534E-6	-5.55498126657450353E-4
1.00242000000001563E-6	-1.94982927897638492E-3
1.00243000000001548E-6	-3.33603830878072616E-3
1.00244000000001554E-6	-4.70876835244328884E-3
1.00245000000001583E-6	-6.06272502432154337E-3
1.00246000000001589E-6	-7.39269451125358490E-3
1.00247000000001574E-6	-8.69356100001597909E-3
1.00248000000001580E-6	-9.96032347647820870E-3
1.00249000000001565E-6	-1.11881119629325276E-2
1.00250000000001616E-6	-1.23722032796744452E-2
1.00251000000001622E-6	-1.35080364252317331E-2
1.00252000000001606E-6	-1.45912276646885775E-2
1.00253000000001613E-6	-1.56175853969567879E-2
1.00254000000001642E-6	-1.65831248411501964E-2
1.00255000000001626E-6	-1.74840825428177871E-2
1.00256000000001655E-6	-1.83169306575164637E-2
1.00257000000001639E-6	-1.90783909275720887E-2
1.00258000000001668E-6	-1.97654482331567460E-2
1.00259000000001652E-6	-2.03753635750882856E-2
1.00260000000001659E-6	-2.09056863362185030E-2
1.00261000000001688E-6	-2.13542656708551792E-2
1.00262000000001672E-6	-2.17192608851721669E-2
1.00263000000001679E-6	-2.19991506922453439E-2
1.00264000000001685E-6	-2.21927412487593312E-2
1.00265000000001714E-6	-2.22991729023829199E-2
1.00266000000001720E-6	-2.23179255962585898E-2
1.00267000000001705E-6	-2.22488228886026995E-2
1.00268000000001711E-6	-2.20920345514578731E-2
1.00269000000001740E-6	-2.18480777150304961E-2
1.00270000000001747E-6	-2.15178165254698861E-2
1.00271000000001753E-6	-2.11024602871255951E-2
1.00272000000001738E-6	-2.06035600672801200E-2
1.00273000000001744E-6	-2.00230037529140459E-2
1.00274000000001751E-6	-1.93630095646601541E-2
1.00275000000001757E-6	-1.86261180510153035E-2
1.00276000000001764E-6	-1.78151826036974104E-2
1.00277000000001770E-6	-1.69333585503353401E-2
1.00278000000001821E-6	-1.59840908916450442E-2
1.00279000000001761E-6	-1.49711007561219489E-2
1.00280000000001812E-6	-1.38983706465304024E-2
1.00281000000001796E-6	-1.27701285506140350E-2
1.00282000000001803E-6	-1.15908309856231329E-2
1.00283000000001810E-6	-1.03651450446339699E-2
1.00284000000001838E-6	-9.09792951386488902E-3
1.00285000000001845E-6	-7.79421513497602092E-3
1.00286000000001851E-6	-6.45918409428014151E-3
1.00287000000001836E-6	-5.09814883054571943E-3
1.00288000000001842E-6	-3.71653026273090825E-3
1.00289000000001849E-6	-2.31983554659879676E-3
1.00290000000001855E-6	-9.13635473252185548E-4
1.00291000000001862E-6	4.96458377444361254E-4
1.00292000000001846E-6	1.90481661947779934E-3
1.00293000000001920E-6	3.30581507678373843E-3
1.00294000000001882E-6	4.69385773775482651E-3
1.00295000000001888E-6	6.06339955979702872E-3
1.00296000000001895E-6	7.40896904019322733E-3
1.00297000000001901E-6	8.72519047147100046E-3
1.00298000000001930E-6	1.00068057989464920E-2
1.00299000000001914E-6	1.12486959960534993E-2
1.00300000000001921E-6	1.24459018707908253E-2
1.00301000000001950E-6	1.35936442154706327E-2
1.00302000000001934E-6	1.46873432129110260E-2
1.00303000000001941E-6	1.57226370156732864E-2
1.00304000000001947E-6	1.66953994206136103E-2
1.00305000000001932E-6	1.76017565680634958E-2
1.00306000000001960E-6	1.84381026022383709E-2
1.00307000000001967E-6	1.92011142358948361E-2
1.00308000000001973E-6	1.98877641670318517E-2
1.00309000000001980E-6	2.04953332982990499E-2
1.00310000000001986E-6	2.10214217110406754E-2
1.00311000000001993E-6	2.14639583463343531E-2
1.00312000000002000E-6	2.18212093459898249E-2
1.00313000000002006E-6	2.20917850082385936E-2
1.00314000000002035E-6	2.22746453164797442E-2
1.00315000000002041E-6	2.23691040052201195E-2
1.00316000000002026E-6	2.23748311350488116E-2
1.00317000000002032E-6	2.22918541575037032E-2
1.00318000000002039E-6	2.21205574601928534E-2
1.00319000000002045E-6	2.18616803916945557E-2
1.00320000000002052E-6	2.15163137739601851E-2
1.00321000000002036E-6	2.10858949169185772E-2
1.00322000000002065E-6	2.05722011558599105E-2
1.00323000000002072E-6	1.99773419374236760E-2
1.00324000000002056E-6	1.93037494852799085E-2
1.00325000000002107E-6	1.85541680825272293E-2
1.00326000000002113E-6	1.77316420149146725E-2
1.00327000000002098E-6	1.68395022274123329E-2
1.00328000000002104E-6	1.58813517562639772E-2
1.00329000000002111E-6	1.48610500090309072E-2
1.00330000000002117E-6	1.37826959756970435E-2
1.00331000000002124E-6	1.26506104640577210E-2
1.00332000000002131E-6	1.14693174618923854E-2
1.00333000000002137E-6	1.02435247365657633E-2
1.00334000000002121E-6	8.97810378967469624E-3
1.00335000000002150E-6	7.67806929026941809E-3
1.00336000000002157E-6	6.34855811516578683E-3
1.00337000000002163E-6	4.99480812894417170E-3
1.00338000000002170E-6	3.62213683916837592E-3
1.00339000000002176E-6	2.23592006360107964E-3
1.00340000000002161E-6	8.41570744879483712E-4
1.00341000000002190E-6	-5.55481956820316469E-4
1.00342000000002196E-6	-1.94981317224597372E-3
1.00343000000002203E-6	-3.33602232698963785E-3
1.00344000000002209E-6	-4.70875255635670431E-3
1.00345000000002216E-6	-6.06270947341487165E-3
1.00346000000002222E-6	-7.39267926352091997E-3
1.00347000000002229E-6	-8.69354611180232162E-3
1.00348000000002213E-6	-9.96030900232360850E-3
1.00349000000002242E-6	-1.11880979554171689E-2
1.00350000000002249E-6	-1.23721897892592603E-2
1.00351000000002255E-6	-1.35080235000969862E-2
1.00352000000002239E-6	-1.45912153505788433E-2
1.00353000000002268E-6	-1.56175737370425383E-2
1.00354000000002297E-6	-1.65831138759126251E-2
1.00355000000002281E-6	-1.74840723099565709E-2
1.00356000000002288E-6	-1.83169211918729635E-2
1.00357000000002294E-6	-1.90783822610565834E-2
1.00358000000002301E-6	-1.97654403946695112E-2
1.00359000000002307E-6	-2.03753565904303535E-2
1.00360000000002270E-6	-2.09056802279959708E-2
1.00361000000002321E-6	-2.13542604583878592E-2
1.00362000000002305E-6	-2.17192565844196395E-2
1.00363000000002334E-6	-2.19991473157606166E-2
1.00364000000002340E-6	-2.21927388056731534E-2
1.00365000000002347E-6	-2.22991713984138906E-2
1.00366000000002353E-6	-2.23179250337383062E-2
1.00367000000002338E-6	-2.22488232665047692E-2
1.00368000000002344E-6	-2.20920358654235427E-2
1.00369000000002373E-6	-2.18480799573909978E-2
1.00370000000002380E-6	-2.15178196852726034E-2
1.00371000000002386E-6	-2.11024643501747455E-2
1.00372000000002393E-6	-2.06035650162016992E-2
1.00373000000002377E-6	-2.00230095672490815E-2
1.00374000000002406E-6	-1.93630162209835177E-2
1.00375000000002390E-6	-1.86261255230712308E-2
1.00376000000002419E-6	-1.78151908625411348E-2
1.00377000000002403E-6	-1.69333675644726256E-2
1.00378000000002432E-6	-1.59841006271671526E-2
1.00379000000002438E-6	-1.49711111768398153E-2
1.00380000000002423E-6	-1.38983817141157084E-2
1.00381000000002452E-6	-1.27701402247547513E-2
1.00382000000002458E-6	-1.15908432241973935E-2
1.00383000000002465E-6	-1.03651578039004044E-2
1.00384000000002449E-6	-9.09794274866238517E-3
1.00385000000002478E-6	-7.79422879892408460E-3
1.00386000000002484E-6	-6.45919813997268388E-3
1.00387000000002469E-6	-5.09816320973593307E-3
1.00388000000002497E-6	-3.71654492651029900E-3
1.00389000000002504E-6	-2.31985044557703324E-3
1.00390000000002488E-6	-9.13650557744742642E-4
1.00391000000002517E-6	4.96443157217123954E-4
1.00392000000002501E-6	1.90480131318159196E-3
1.00393000000002530E-6	3.30579973375757241E-3
1.00394000000002537E-6	4.69384240680289899E-3
1.00395000000002543E-6	6.06338428899227821E-3
1.00396000000002572E-6	7.40895387669533356E-3
1.00397000000002556E-6	8.72517546135640565E-3
1.00398000000002563E-6	1.00067909870443250E-2
1.00399000000002547E-6	1.12486814257805023E-2
1.00400000000000000E-6	1.24458875809845249E-2


