freq	stab_fact(S)
1.00000000000000000E6	1.50972825131156707E0
2.00000000000000000E6	9.55296831442016448E-1
3.00000000000000000E6	6.85740250539681462E-1
4.00000000000000000E6	5.41474375956772480E-1
5.00000000000000000E6	4.58079902609051004E-1
6.00000000000000000E6	4.08163680204142931E-1
7.00000000000000000E6	3.78387623811517138E-1
8.00000000000000000E6	3.61489784659774038E-1
9.00000000000000000E6	3.53186247606896409E-1
1.00000000000000000E7	3.50800654942137369E-1
1.10000000000000009E7	3.52587659789533792E-1
1.19999999999999996E7	3.57369660018681357E-1
1.30000000000000004E7	3.64329196158979762E-1
1.39999999999999991E7	3.72884648410978192E-1
1.50000000000000000E7	3.82613063724151825E-1
1.60000000000000009E7	3.93200812499516994E-1
1.69999999999999996E7	4.04411237510007382E-1
1.80000000000000004E7	4.16062969780896896E-1
1.89999999999999991E7	4.28015100354843447E-1
2.00000000000000000E7	4.40156851083050160E-1
2.10000000000000009E7	4.52400254191966944E-1
2.20000000000000018E7	4.64674878805271785E-1
2.29999999999999982E7	4.76923972491453441E-1
2.39999999999999991E7	4.89101595838724990E-1
2.50000000000000000E7	5.01170463789378484E-1
2.60000000000000009E7	5.13100296738439177E-1
2.70000000000000018E7	5.24866544126840928E-1
2.79999999999999982E7	5.36449383585199513E-1
2.89999999999999991E7	5.47832926376352702E-1
3.00000000000000000E7	5.59004579120905554E-1
3.10000000000000009E7	5.69954525326187511E-1
3.20000000000000018E7	5.80675299735015038E-1
3.29999999999999982E7	5.91161435456087592E-1
3.39999999999999991E7	6.01409168799817095E-1
3.50000000000000000E7	6.11416190325491460E-1
3.60000000000000009E7	6.21181433346172707E-1
3.70000000000000018E7	6.30704893065097849E-1
3.79999999999999982E7	6.39987471042031153E-1
3.89999999999999991E7	6.49030840795479325E-1
4.00000000000000000E7	6.57837331175194517E-1
4.09999999999999964E7	6.66409824867364264E-1
4.20000000000000018E7	6.74751669772954887E-1
4.29999999999999982E7	6.82866601531075368E-1
4.40000000000000036E7	6.90758675656439447E-1
4.50000000000000000E7	6.98432208069218152E-1
4.59999999999999964E7	7.05891722949476996E-1
4.70000000000000018E7	7.13141907058173175E-1
4.79999999999999982E7	7.20187569697249508E-1
4.90000000000000036E7	7.27033607709958574E-1
5.00000000000000000E7	7.33684974916670640E-1
5.09999999999999964E7	7.40146655466810621E-1
5.20000000000000018E7	7.46423640709366332E-1
5.29999999999999982E7	7.52520909149781403E-1
5.40000000000000036E7	7.58443409161172344E-1
5.50000000000000000E7	7.64196044166917243E-1
5.59999999999999964E7	7.69783659975009371E-1
5.70000000000000018E7	7.75211034064231974E-1
5.79999999999999982E7	7.80482866582137280E-1
5.90000000000000036E7	7.85603772856857230E-1
6.00000000000000000E7	7.90578277268760488E-1
6.09999999999999964E7	7.95410808293424232E-1
6.20000000000000018E7	8.00105694619808006E-1
6.29999999999999982E7	8.04667162169038797E-1
6.40000000000000036E7	8.09099331943985334E-1
6.50000000000000000E7	8.13406218573520512E-1
6.59999999999999964E7	8.17591729495654818E-1
6.70000000000000018E7	8.21659664669512857E-1
6.79999999999999982E7	8.25613716759165861E-1
6.90000000000000036E7	8.29457471726532702E-1
7.00000000000000000E7	8.33194409764348798E-1
7.09999999999999964E7	8.36827906535274124E-1
7.20000000000000018E7	8.40361234648154820E-1
7.29999999999999982E7	8.43797565357250612E-1
7.40000000000000036E7	8.47139970433011946E-1
7.50000000000000000E7	8.50391424172471133E-1
7.59999999999999964E7	8.53554805525299543E-1
7.70000000000000018E7	8.56632900316505541E-1
7.79999999999999982E7	8.59628403532185459E-1
7.90000000000000036E7	8.62543921656230417E-1
8.00000000000000000E7	8.65381975040118512E-1
8.09999999999999964E7	8.68145000293436198E-1
8.19999999999999929E7	8.70835352680898289E-1
8.30000000000000071E7	8.73455308509414685E-1
8.40000000000000036E7	8.76007067509153359E-1
8.50000000000000000E7	8.78492755187781782E-1
8.59999999999999964E7	8.80914425149961033E-1
8.69999999999999929E7	8.83274061398284793E-1
8.80000000000000071E7	8.85573580584595810E-1
8.90000000000000036E7	8.87814834208693249E-1
9.00000000000000000E7	8.89999610789973339E-1
9.09999999999999964E7	8.92129637979215673E-1
9.19999999999999929E7	8.94206584618957656E-1
9.30000000000000071E7	8.96232062749159653E-1
9.40000000000000036E7	8.98207629570759103E-1
9.50000000000000000E7	9.00134789339617214E-1
9.59999999999999964E7	9.02014995218137727E-1
9.69999999999999929E7	9.03849651058521530E-1
9.80000000000000071E7	9.05640113150584902E-1
9.90000000000000036E7	9.07387691896410864E-1
1.00000000000000000E8	9.09093653438355709E-1
1.01000000000000001E8	9.10759221241580441E-1
1.02000000000000002E8	9.12385577610536913E-1
1.03000000000000003E8	9.13973865164940236E-1
1.04000000000000004E8	9.15525188260950884E-1
1.05000000000000004E8	9.17040614366496598E-1
1.06000000000000005E8	9.18521175381006572E-1
1.06999999999999984E8	9.19967868920917553E-1
1.08000000000000007E8	9.21381659547143883E-1
1.09000000000000008E8	9.22763479958426380E-1
1.10000000000000009E8	9.24114232135767466E-1
1.10999999999999988E8	9.25434788445126344E-1
1.11999999999999988E8	9.26725992705984147E-1
1.13000000000000012E8	9.27988661214199873E-1
1.14000000000000012E8	9.29223583729141644E-1
1.14999999999999991E8	9.30431524426041356E-1
1.15999999999999992E8	9.31613222810280739E-1
1.16999999999999993E8	9.32769394603053392E-1
1.18000000000000016E8	9.33900732584006121E-1
1.18999999999999995E8	9.35007907414297179E-1
1.19999999999999996E8	9.36091568418991749E-1
1.20999999999999996E8	9.37152344346120536E-1
1.21999999999999997E8	9.38190844096007126E-1
1.22999999999999998E8	9.39207657419247255E-1
1.23999999999999999E8	9.40203355596178803E-1
1.25000000000000000E8	9.41178492083811413E-1
1.26000000000000001E8	9.42133603139513731E-1
1.27000000000000002E8	9.43069208425735361E-1
1.28000000000000003E8	9.43985811585926982E-1
1.29000000000000004E8	9.44883900805840149E-1
1.30000000000000004E8	9.45763949345739441E-1
1.31000000000000005E8	9.46626416057691955E-1
1.31999999999999984E8	9.47471745884942607E-1
1.33000000000000007E8	9.48300370334534470E-1
1.34000000000000008E8	9.49112707946112444E-1
1.35000000000000009E8	9.49909164725789523E-1
1.35999999999999988E8	9.50690134580306889E-1
1.36999999999999988E8	9.51455999722005785E-1
1.38000000000000012E8	9.52207131068956336E-1
1.39000000000000012E8	9.52943888624458424E-1
1.39999999999999991E8	9.53666621840967821E-1
1.40999999999999992E8	9.54375669977989638E-1
1.41999999999999993E8	9.55071362437040783E-1
1.43000000000000016E8	9.55754019095718554E-1
1.43999999999999995E8	9.56423950617118734E-1
1.44999999999999996E8	9.57081458758255010E-1
1.45999999999999996E8	9.57726836660533820E-1
1.46999999999999997E8	9.58360369133529311E-1
1.47999999999999998E8	9.58982332927927672E-1
1.48999999999999999E8	9.59592996992957836E-1
1.50000000000000000E8	9.60192622737915258E-1
1.51000000000000001E8	9.60781464266101537E-1
1.52000000000000002E8	9.61359768616527965E-1
1.53000000000000003E8	9.61927775988496947E-1
1.54000000000000004E8	9.62485719959358121E-1
1.55000000000000004E8	9.63033827695806544E-1
1.56000000000000005E8	9.63572320154756667E-1
1.56999999999999984E8	9.64101412286465020E-1
1.58000000000000007E8	9.64621313213013210E-1
1.59000000000000008E8	9.65132226417944494E-1
1.60000000000000009E8	9.65634349924841473E-1
1.61000000000000010E8	9.66127876456675061E-1
1.61999999999999988E8	9.66612993610133842E-1
1.63000000000000012E8	9.67089884009167200E-1
1.63999999999999990E8	9.67558725457126201E-1
1.64999999999999991E8	9.68019691087055278E-1
1.66000000000000014E8	9.68472949502876368E-1
1.66999999999999993E8	9.68918664916100170E-1
1.68000000000000016E8	9.69356997279354538E-1
1.68999999999999995E8	9.69788102415348341E-1
1.69999999999999996E8	9.70212132140101957E-1
1.71000000000000019E8	9.70629234382431960E-1
1.71999999999999997E8	9.71039553300502334E-1
1.72999999999999998E8	9.71443229395004870E-1
1.73999999999999977E8	9.71840399613099848E-1
1.75000000000000000E8	9.72231197457078089E-1
1.76000000000000023E8	9.72615753084416923E-1
1.77000000000000002E8	9.72994193404069918E-1
1.78000000000000003E8	9.73366642171891705E-1
1.78999999999999981E8	9.73733220082113782E-1
1.80000000000000004E8	9.74094044855775110E-1
1.81000000000000005E8	9.74449231326572196E-1
1.81999999999999984E8	9.74798891521018795E-1
1.83000000000000007E8	9.75143134743561291E-1
1.83999999999999986E8	9.75482067649547346E-1
1.85000000000000009E8	9.75815794319988328E-1
1.86000000000000010E8	9.76144416337917420E-1
1.86999999999999988E8	9.76468032855957269E-1
1.88000000000000012E8	9.76786740664146969E-1
1.88999999999999990E8	9.77100634256136047E-1
1.89999999999999991E8	9.77409805894640726E-1
1.91000000000000014E8	9.77714345670112017E-1
1.91999999999999993E8	9.78014341564896839E-1
1.93000000000000016E8	9.78309879504457847E-1
1.93999999999999995E8	9.78601043419453376E-1
1.94999999999999996E8	9.78887915299350198E-1
1.96000000000000019E8	9.79170575241484364E-1
1.96999999999999997E8	9.79449101506093278E-1
1.97999999999999998E8	9.79723570564956248E-1
1.98999999999999977E8	9.79994057145940012E-1
2.00000000000000000E8	9.80260634285032140E-1
2.01000000000000023E8	9.80523373366570716E-1
2.02000000000000002E8	9.80782344171155351E-1
2.03000000000000025E8	9.81037614913395828E-1
2.04000000000000004E8	9.81289252288275193E-1
2.04999999999999982E8	9.81537321506086968E-1
2.06000000000000005E8	9.81781886335473786E-1
2.06999999999999984E8	9.82023009137284042E-1
2.08000000000000007E8	9.82260750903764901E-1
2.08999999999999986E8	9.82495171292426761E-1
2.10000000000000009E8	9.82726328660796433E-1
2.11000000000000032E8	9.82954280100106637E-1
2.12000000000000011E8	9.83179081465973859E-1
2.12999999999999989E8	9.83400787412760380E-1
2.13999999999999968E8	9.83619451421313329E-1
2.14999999999999991E8	9.83835125830662527E-1
2.16000000000000014E8	9.84047861864010898E-1
2.16999999999999993E8	9.84257709660687574E-1
2.18000000000000016E8	9.84464718298227837E-1
2.18999999999999995E8	9.84668935822799618E-1
2.20000000000000018E8	9.84870409275528225E-1
2.20999999999999996E8	9.85069184712149593E-1
2.21999999999999975E8	9.85265307230286069E-1
2.22999999999999998E8	9.85458820996156604E-1
2.23999999999999977E8	9.85649769260685993E-1
2.25000000000000000E8	9.85838194387943290E-1
2.26000000000000023E8	9.86024137871997475E-1
2.27000000000000002E8	9.86207640361363858E-1
2.28000000000000025E8	9.86388741677344427E-1
2.29000000000000004E8	9.86567480833875621E-1
2.29999999999999982E8	9.86743896058437642E-1
2.31000000000000005E8	9.86918024809632399E-1
2.31999999999999984E8	9.87089903794172585E-1
2.33000000000000007E8	9.87259568988039860E-1
2.33999999999999986E8	9.87427055650046270E-1
2.35000000000000009E8	9.87592398340829014E-1
2.36000000000000032E8	9.87755630939976648E-1
2.37000000000000011E8	9.87916786659212498E-1
2.37999999999999989E8	9.88075898058846747E-1
2.38999999999999968E8	9.88232997065166785E-1
2.39999999999999991E8	9.88388114981429489E-1
2.41000000000000014E8	9.88541282505912555E-1
2.41999999999999993E8	9.88692529742040271E-1
2.43000000000000016E8	9.88841886213577759E-1
2.43999999999999995E8	9.88989380881788804E-1
2.45000000000000018E8	9.89135042148975074E-1
2.45999999999999996E8	9.89278897880459240E-1
2.46999999999999975E8	9.89420975410869552E-1
2.47999999999999998E8	9.89561301560135220E-1
2.48999999999999977E8	9.89699902640030871E-1
2.50000000000000000E8	9.89836804469713627E-1
2.51000000000000023E8	9.89972032385847989E-1
2.52000000000000002E8	9.90105611251650508E-1
2.53000000000000025E8	9.90237565470054548E-1
2.54000000000000004E8	9.90367918989555562E-1
2.54999999999999982E8	9.90496695318612552E-1
2.56000000000000005E8	9.90623917533275211E-1
2.56999999999999984E8	9.90749608286636096E-1
2.58000000000000007E8	9.90873789816767037E-1
2.58999999999999986E8	9.90996483959884067E-1
2.60000000000000009E8	9.91117712154001396E-1
2.61000000000000032E8	9.91237495449568407E-1
2.62000000000000011E8	9.91355854520108082E-1
2.62999999999999989E8	9.91472809665251020E-1
2.63999999999999968E8	9.91588380823087689E-1
2.64999999999999991E8	9.91702587575961658E-1
2.66000000000000014E8	9.91815449157989981E-1
2.66999999999999993E8	9.91926984462548056E-1
2.68000000000000016E8	9.92037212049999440E-1
2.68999999999999995E8	9.92146150154532513E-1
2.70000000000000018E8	9.92253816689146539E-1
2.70999999999999996E8	9.92360229254147619E-1
2.71999999999999975E8	9.92465405144539936E-1
2.72999999999999998E8	9.92569361355186253E-1
2.73999999999999977E8	9.92672114584570942E-1
2.75000000000000000E8	9.92773681245360073E-1
2.76000000000000023E8	9.92874077467223515E-1
2.77000000000000002E8	9.92973319103573004E-1
2.78000000000000025E8	9.93071421737941762E-1
2.79000000000000004E8	9.93168400686487374E-1
2.79999999999999982E8	9.93264271007697985E-1
2.81000000000000005E8	9.93359047503935244E-1
2.81999999999999984E8	9.93452744728381809E-1
2.83000000000000007E8	9.93545376990448226E-1
2.83999999999999986E8	9.93636958358976941E-1
2.85000000000000009E8	9.93727502668726892E-1
2.86000000000000032E8	9.93817023522403353E-1
2.87000000000000011E8	9.93905534300036564E-1
2.87999999999999989E8	9.93993048157037506E-1
2.88999999999999968E8	9.94079578034516587E-1
2.89999999999999991E8	9.94165136659540494E-1
2.91000000000000014E8	9.94249736551411978E-1
2.91999999999999993E8	9.94333390023921204E-1
2.93000000000000016E8	9.94416109191618780E-1
2.93999999999999995E8	9.94497905971575946E-1
2.95000000000000018E8	9.94578792089307662E-1
2.95999999999999996E8	9.94658779080150168E-1
2.96999999999999975E8	9.94737878293508260E-1
2.97999999999999998E8	9.94816100898763089E-1
2.98999999999999977E8	9.94893457883961041E-1
3.00000000000000000E8	9.94969960065654035E-1
3.01000000000000023E8	9.95045618085252492E-1
3.02000000000000002E8	9.95120442417784901E-1
3.03000000000000025E8	9.95194443372247228E-1
3.04000000000000004E8	9.95267631096269945E-1
3.04999999999999982E8	9.95340015576135428E-1
3.06000000000000005E8	9.95411606644496594E-1
3.06999999999999984E8	9.95482413978591474E-1
3.08000000000000007E8	9.95552447107423788E-1
3.08999999999999986E8	9.95621715409779284E-1
3.10000000000000009E8	9.95690228121272547E-1
3.11000000000000032E8	9.95757994334090490E-1
3.12000000000000011E8	9.95825023002688070E-1
3.12999999999999989E8	9.95891322942196844E-1
3.13999999999999968E8	9.95956902833724200E-1
3.14999999999999991E8	9.96021771227232655E-1
3.16000000000000014E8	9.96085936541216732E-1
3.16999999999999993E8	9.96149407068767268E-1
3.18000000000000016E8	9.96212190975978018E-1
3.18999999999999995E8	9.96274296307741736E-1
3.20000000000000018E8	9.96335730986239909E-1
3.20999999999999996E8	9.96396502816936014E-1
3.22000000000000020E8	9.96456619487856088E-1
3.22999999999999954E8	9.96516088573507730E-1
3.23999999999999977E8	9.96574917536140426E-1
3.25000000000000000E8	9.96633113725284936E-1
3.26000000000000023E8	9.96690684386583747E-1
3.27000000000000046E8	9.96747636655024571E-1
3.27999999999999980E8	9.96803977561701160E-1
3.29000000000000004E8	9.96859714037853273E-1
3.29999999999999982E8	9.96914852910174965E-1
3.31000000000000005E8	9.96969400908725945E-1
3.32000000000000028E8	9.97023364663522749E-1
3.32999999999999963E8	9.97076750711854665E-1
3.33999999999999986E8	9.97129565493953862E-1
3.35000000000000009E8	9.97181815359182622E-1
3.36000000000000032E8	9.97233506565741656E-1
3.37000000000000011E8	9.97284645281590798E-1
3.37999999999999989E8	9.97335237588153589E-1
3.38999999999999968E8	9.97385289478275183E-1
3.39999999999999991E8	9.97434806862480094E-1
3.41000000000000014E8	9.97483795566304998E-1
3.42000000000000037E8	9.97532261333730652E-1
3.42999999999999972E8	9.97580209826599074E-1
3.43999999999999995E8	9.97627646630214038E-1
3.45000000000000018E8	9.97674577249137151E-1
3.45999999999999996E8	9.97721007112247626E-1
3.47000000000000020E8	9.97766941574286470E-1
3.47999999999999954E8	9.97812385913749011E-1
3.48999999999999977E8	9.97857345335663481E-1
3.50000000000000000E8	9.97901824977336993E-1
3.51000000000000023E8	9.97945829900823433E-1
3.52000000000000046E8	9.97989365101122239E-1
3.52999999999999980E8	9.98032435505111160E-1
3.54000000000000004E8	9.98075045971769725E-1
3.54999999999999982E8	9.98117201294124357E-1
3.56000000000000005E8	9.98158906200467300E-1
3.57000000000000028E8	9.98200165354208835E-1
3.57999999999999963E8	9.98240983357943001E-1
3.58999999999999986E8	9.98281364750269695E-1
3.60000000000000009E8	9.98321314010043892E-1
3.61000000000000032E8	9.98360835555072512E-1
3.62000000000000011E8	9.98399933745660562E-1
3.62999999999999989E8	9.98438612883665044E-1
3.63999999999999968E8	9.98476877213499137E-1
3.64999999999999991E8	9.98514730922813243E-1
3.66000000000000014E8	9.98552178146302793E-1
3.67000000000000037E8	9.98589222960315759E-1
3.67999999999999972E8	9.98625869392254906E-1
3.68999999999999995E8	9.98662121412027304E-1
3.70000000000000018E8	9.98697982942517548E-1
3.70999999999999996E8	9.98733457851656325E-1
3.72000000000000020E8	9.98768549959192242E-1
3.72999999999999954E8	9.98803263034484345E-1
3.73999999999999977E8	9.98837600798555592E-1
3.75000000000000000E8	9.98871566924128551E-1
3.76000000000000023E8	9.98905165036941511E-1
3.77000000000000046E8	9.98938398715648113E-1
3.77999999999999980E8	9.98971271494695401E-1
3.79000000000000004E8	9.99003786861735321E-1
3.79999999999999982E8	9.99035948260575424E-1
3.81000000000000005E8	9.99067759092487151E-1
3.82000000000000028E8	9.99099222712458257E-1
3.82999999999999963E8	9.99130342436587604E-1
3.83999999999999986E8	9.99161121537893138E-1
3.85000000000000009E8	9.99191563247662273E-1
3.86000000000000032E8	9.99221670757477298E-1
3.87000000000000011E8	9.99251447219470990E-1
3.87999999999999989E8	9.99280895744112740E-1
3.88999999999999968E8	9.99310019406401828E-1
3.89999999999999991E8	9.99338821240636577E-1
3.91000000000000014E8	9.99367304244898413E-1
3.92000000000000037E8	9.99395471380240252E-1
3.92999999999999972E8	9.99423325569308751E-1
3.93999999999999995E8	9.99450869702861944E-1
3.95000000000000018E8	9.99478106631714169E-1
3.95999999999999996E8	9.99505039175457988E-1
3.97000000000000020E8	9.99531670117037763E-1
3.97999999999999954E8	9.99558002206619456E-1
3.98999999999999977E8	9.99584038160190858E-1
4.00000000000000000E8	9.99609780661060832E-1
4.00999999999999979E8	9.99635232362109605E-1
4.02000000000000046E8	9.99660395881777397E-1
4.02999999999999936E8	9.99685273807441632E-1
4.04000000000000004E8	9.99709868697095594E-1
4.04999999999999982E8	9.99734183075148586E-1
4.06000000000000050E8	9.99758219440427709E-1
4.07000000000000028E8	9.99781980257310465E-1
4.08000000000000007E8	9.99805467963306782E-1
4.08999999999999986E8	9.99828684967709158E-1
4.09999999999999964E8	9.99851633649936744E-1
4.11000000000000032E8	9.99874316362162574E-1
4.12000000000000011E8	9.99896735427786254E-1
4.12999999999999989E8	9.99918893144849363E-1
4.13999999999999968E8	9.99940791783622096E-1
4.15000000000000036E8	9.99962433587472965E-1
4.16000000000000014E8	9.99983820774255605E-1
4.16999999999999993E8	1.00000495553545021E0
4.17999999999999972E8	1.00002584003749551E0
4.18999999999999950E8	1.00004647642237909E0
4.20000000000000018E8	1.00006686680691947E0
4.20999999999999996E8	1.00008701328328975E0
4.22000000000000064E8	1.00010691792041362E0
4.22999999999999954E8	1.00012658276274879E0
4.24000000000000021E8	1.00014600983164104E0
4.25000000000000000E8	1.00016520112619145E0
4.25999999999999979E8	1.00018415862171173E0
4.27000000000000046E8	1.00020288427087412E0
4.27999999999999936E8	1.00022138000640748E0
4.29000000000000004E8	1.00023964773767826E0
4.29999999999999982E8	1.00025768935151071E0
4.31000000000000050E8	1.00027550671615240E0
4.32000000000000028E8	1.00029310167637919E0
4.33000000000000007E8	1.00031047605887791E0
4.33999999999999986E8	1.00032763166708416E0
4.34999999999999964E8	1.00034457028701307E0
4.36000000000000032E8	1.00036129368350135E0
4.37000000000000011E8	1.00037780360247242E0
4.37999999999999989E8	1.00039410176955856E0
4.38999999999999968E8	1.00041018989230190E0
4.40000000000000036E8	1.00042606965970227E0
4.41000000000000014E8	1.00044174274213260E0
4.41999999999999993E8	1.00045721079081273E0
4.42999999999999972E8	1.00047247543882101E0
4.43999999999999950E8	1.00048753830275960E0
4.45000000000000018E8	1.00050240098186305E0
4.45999999999999996E8	1.00051706505576443E0
4.47000000000000064E8	1.00053153209011647E0
4.47999999999999954E8	1.00054580363065182E0
4.49000000000000021E8	1.00055988120900086E0
4.50000000000000000E8	1.00057376633782713E0
4.50999999999999979E8	1.00058746051653613E0
4.52000000000000046E8	1.00060096522682818E0
4.52999999999999936E8	1.00061428193348001E0
4.54000000000000004E8	1.00062741208822570E0
4.54999999999999982E8	1.00064035712601562E0
4.56000000000000050E8	1.00065311846658611E0
4.57000000000000028E8	1.00066569751394829E0
4.58000000000000007E8	1.00067809565949717E0
4.58999999999999986E8	1.00069031427873689E0
4.59999999999999964E8	1.00070235473100611E0
4.61000000000000032E8	1.00071421836512542E0
4.62000000000000011E8	1.00072590651179882E0
4.62999999999999989E8	1.00073742049275594E0
4.63999999999999968E8	1.00074876161122028E0
4.65000000000000036E8	1.00075993115945683E0
4.66000000000000014E8	1.00077093041472942E0
4.66999999999999993E8	1.00078176064279978E0
4.67999999999999972E8	1.00079242309620087E0
4.68999999999999950E8	1.00080291901304230E0
4.70000000000000018E8	1.00081324962039253E0
4.70999999999999996E8	1.00082341613235259E0
4.72000000000000064E8	1.00083341975000972E0
4.72999999999999954E8	1.00084326166364468E0
4.74000000000000021E8	1.00085294304930383E0
4.75000000000000000E8	1.00086246507220067E0
4.75999999999999979E8	1.00087182888692405E0
4.77000000000000046E8	1.00088103563496111E0
4.77999999999999936E8	1.00089008644580457E0
4.79000000000000004E8	1.00089898243974051E0
4.79999999999999982E8	1.00090772472324896E0
4.81000000000000050E8	1.00091631439429918E0
4.82000000000000028E8	1.00092475253778335E0
4.83000000000000007E8	1.00093304022902951E0
4.83999999999999986E8	1.00094117853243780E0
4.84999999999999964E8	1.00094916850135984E0
4.86000000000000032E8	1.00095701117941838E0
4.87000000000000011E8	1.00096470759911260E0
4.87999999999999989E8	1.00097225878480378E0
4.88999999999999968E8	1.00097966574809427E0
4.90000000000000036E8	1.00098692949096080E0
4.91000000000000014E8	1.00099405100810790E0
4.91999999999999993E8	1.00100103128238072E0
4.92999999999999972E8	1.00100787128783386E0
4.93999999999999950E8	1.00101457198828259E0
4.95000000000000018E8	1.00102113433890327E0
4.95999999999999996E8	1.00102755928517673E0
4.97000000000000064E8	1.00103384776497939E0
4.97999999999999954E8	1.00104000070511234E0
4.99000000000000021E8	1.00104601902405754E0
5.00000000000000000E8	1.00105190363150576E0
5.00999999999999979E8	1.00105765542931757E0
5.02000000000000046E8	1.00106327531077310E0
5.02999999999999936E8	1.00106876415840595E0
5.04000000000000004E8	1.00107412284886532E0
5.04999999999999982E8	1.00107935224916900E0
5.06000000000000050E8	1.00108445321973227E0
5.07000000000000028E8	1.00108942661002320E0
5.08000000000000007E8	1.00109427326357214E0
5.08999999999999986E8	1.00109899401659286E0
5.09999999999999964E8	1.00110358969515234E0
5.11000000000000032E8	1.00110806111971651E0
5.12000000000000011E8	1.00111240910185240E0
5.12999999999999989E8	1.00111663444598631E0
5.13999999999999968E8	1.00112073794925283E0
5.15000000000000036E8	1.00112472040149902E0
5.16000000000000014E8	1.00112858258412607E0
5.16999999999999993E8	1.00113232527208318E0
5.17999999999999972E8	1.00113594923488014E0
5.18999999999999950E8	1.00113945523106285E0
5.20000000000000018E8	1.00114284401660414E0
5.20999999999999996E8	1.00114611633708206E0
5.22000000000000064E8	1.00114927293284794E0
5.22999999999999954E8	1.00115231453793019E0
5.24000000000000021E8	1.00115524187882321E0
5.25000000000000000E8	1.00115805567487426E0
5.25999999999999979E8	1.00116075664102100E0
5.27000000000000046E8	1.00116334548395569E0
5.27999999999999936E8	1.00116582290404055E0
5.29000000000000004E8	1.00116818959542520E0
5.29999999999999982E8	1.00117044624843254E0
5.31000000000000050E8	1.00117259354287680E0
5.32000000000000028E8	1.00117463215650004E0
5.33000000000000007E8	1.00117656275825273E0
5.33999999999999986E8	1.00117838601237774E0
5.34999999999999964E8	1.00118010257710099E0
5.36000000000000032E8	1.00118171310527604E0
5.37000000000000011E8	1.00118321824291501E0
5.37999999999999989E8	1.00118461863150587E0
5.38999999999999968E8	1.00118591490540854E0
5.40000000000000036E8	1.00118710769563268E0
5.41000000000000014E8	1.00118819762495814E0
5.41999999999999993E8	1.00118918531322798E0
5.42999999999999972E8	1.00119007137246330E0
5.43999999999999950E8	1.00119085641179861E0
5.45000000000000018E8	1.00119154103332964E0
5.45999999999999996E8	1.00119212583538220E0
5.47000000000000064E8	1.00119261140935745E0
5.47999999999999954E8	1.00119299834350639E0
5.49000000000000021E8	1.00119328721863576E0
5.50000000000000000E8	1.00119347861336139E0
5.50999999999999979E8	1.00119357309901491E0
5.52000000000000046E8	1.00119357124326469E0
5.52999999999999936E8	1.00119347360845534E0
5.54000000000000004E8	1.00119328075312986E0
5.54999999999999982E8	1.00119299322890032E0
5.56000000000000050E8	1.00119261158508221E0
5.57000000000000028E8	1.00119213636473581E0
5.58000000000000007E8	1.00119156810852195E0
5.58999999999999986E8	1.00119090734846239E0
5.59999999999999964E8	1.00119015461683625E0
5.61000000000000032E8	1.00118931043833781E0
5.62000000000000011E8	1.00118837533393590E0
5.62999999999999989E8	1.00118734982147206E0
5.63999999999999968E8	1.00118623441239696E0
5.65000000000000036E8	1.00118502961675637E0
5.66000000000000014E8	1.00118373593636267E0
5.66999999999999993E8	1.00118235387334420E0
5.67999999999999972E8	1.00118088392285487E0
5.68999999999999950E8	1.00117932657594944E0
5.70000000000000018E8	1.00117768232038373E0
5.70999999999999996E8	1.00117595164092776E0
5.72000000000000064E8	1.00117413501643959E0
5.72999999999999954E8	1.00117223292374469E0
5.74000000000000021E8	1.00117024583437098E0
5.75000000000000000E8	1.00116817421555271E0
5.75999999999999979E8	1.00116601853326714E0
5.77000000000000046E8	1.00116377924659217E0
5.77999999999999936E8	1.00116145681321167E0
5.79000000000000004E8	1.00115905168650277E0
5.79999999999999982E8	1.00115656431586086E0
5.81000000000000050E8	1.00115399514687287E0
5.82000000000000028E8	1.00115134462279309E0
5.83000000000000007E8	1.00114861318180037E0
5.83999999999999986E8	1.00114580125975627E0
5.84999999999999964E8	1.00114290928748595E0
5.86000000000000032E8	1.00113993769515242E0
5.87000000000000011E8	1.00113688690661973E0
5.87999999999999989E8	1.00113375734431242E0
5.88999999999999968E8	1.00113054942636004E0
5.90000000000000036E8	1.00112726356820558E0
5.91000000000000014E8	1.00112390018071240E0
5.91999999999999993E8	1.00112045967438679E0
5.92999999999999972E8	1.00111694245277616E0
5.93999999999999950E8	1.00111334892009074E0
5.95000000000000018E8	1.00110967947415164E0
5.95999999999999996E8	1.00110593451221441E0
5.97000000000000064E8	1.00110211442631969E0
5.97999999999999954E8	1.00109821960672996E0
5.99000000000000021E8	1.00109425044083000E0
6.00000000000000000E8	1.00109020731171205E0
6.00999999999999979E8	1.00108609060176557E0
6.02000000000000046E8	1.00108190068867842E0
6.02999999999999936E8	1.00107763794789784E0
6.04000000000000004E8	1.00107330275090645E0
6.04999999999999982E8	1.00106889546862843E0
6.06000000000000050E8	1.00106441646714961E0
6.07000000000000028E8	1.00105986611095443E0
6.08000000000000007E8	1.00105524476138341E0
6.08999999999999986E8	1.00105055277617039E0
6.09999999999999964E8	1.00104579051160614E0
6.11000000000000032E8	1.00104095832143969E0
6.12000000000000011E8	1.00103605655579786E0
6.12999999999999989E8	1.00103108556238518E0
6.13999999999999968E8	1.00102604568713027E0
6.15000000000000036E8	1.00102093727283470E0
6.16000000000000014E8	1.00101576065997566E0
6.16999999999999993E8	1.00101051618536041E0
6.17999999999999972E8	1.00100520418438399E0
6.18999999999999950E8	1.00099982499062312E0
6.20000000000000018E8	1.00099437893458232E0
6.20999999999999996E8	1.00098886634279860E0
6.22000000000000064E8	1.00098328754237542E0
6.22999999999999954E8	1.00097764285526036E0
6.24000000000000021E8	1.00097193260278483E0
6.25000000000000000E8	1.00096615710363745E0
6.25999999999999979E8	1.00096031667295371E0
6.27000000000000046E8	1.00095441162652787E0
6.27999999999999936E8	1.00094844227414037E0
6.29000000000000004E8	1.00094240892682107E0
6.29999999999999982E8	1.00093631189015952E0
6.31000000000000050E8	1.00093015146982967E0
6.32000000000000028E8	1.00092392796889684E0
6.33000000000000007E8	1.00091764168772257E0
6.33999999999999986E8	1.00091129292448722E0
6.34999999999999964E8	1.00090488197541116E0
6.36000000000000032E8	1.00089840913656358E0
6.37000000000000011E8	1.00089187469719665E0
6.37999999999999989E8	1.00088527895004176E0
6.38999999999999968E8	1.00087862218222434E0
6.40000000000000036E8	1.00087190467902887E0
6.40999999999999925E8	1.00086512672646810E0
6.41999999999999993E8	1.00085828860401471E0
6.42999999999999972E8	1.00085139059422956E0
6.44000000000000039E8	1.00084443297386394E0
6.45000000000000018E8	1.00083741601918264E0
6.45999999999999908E8	1.00083034000586868E0
6.47000000000000064E8	1.00082320520553703E0
6.47999999999999954E8	1.00081601188787506E0
6.49000000000000021E8	1.00080876032293964E0
6.50000000000000000E8	1.00080145077671356E0
6.50999999999999979E8	1.00079408351469046E0
6.52000000000000046E8	1.00078665879998452E0
6.52999999999999936E8	1.00077917689436147E0
6.54000000000000092E8	1.00077163805699421E0
6.54999999999999982E8	1.00076404254596585E0
6.55999999999999961E8	1.00075639061765642E0
6.57000000000000028E8	1.00074868252585203E0
6.58000000000000007E8	1.00074091852449354E0
6.59000000000000075E8	1.00073309886342776E0
6.59999999999999964E8	1.00072522379275286E0
6.60999999999999943E8	1.00071729355968286E0
6.62000000000000011E8	1.00070930841032935E0
6.62999999999999989E8	1.00070126858929775E0
6.64000000000000057E8	1.00069317433955329E0
6.65000000000000036E8	1.00068502590198882E0
6.65999999999999925E8	1.00067682351627396E0
6.66999999999999993E8	1.00066856742057797E0
6.67999999999999972E8	1.00066025785065249E0
6.69000000000000039E8	1.00065189504194985E0
6.70000000000000018E8	1.00064347922791352E0
6.70999999999999908E8	1.00063501064002569E0
6.72000000000000064E8	1.00062648950894739E0
6.72999999999999954E8	1.00061791606378936E0
6.74000000000000021E8	1.00060929053115766E0
6.75000000000000000E8	1.00060061313699600E0
6.75999999999999979E8	1.00059188410689992E0
6.77000000000000046E8	1.00058310366236181E0
6.77999999999999936E8	1.00057427202540561E0
6.79000000000000092E8	1.00056538941658357E0
6.79999999999999982E8	1.00055645605418331E0
6.80999999999999961E8	1.00054747215589002E0
6.82000000000000028E8	1.00053843793767894E0
6.83000000000000007E8	1.00052935361355666E0
6.84000000000000075E8	1.00052021939685321E0
6.84999999999999964E8	1.00051103550010367E0
6.85999999999999943E8	1.00050180213413409E0
6.87000000000000011E8	1.00049251950617291E0
6.87999999999999989E8	1.00048318782657231E0
6.89000000000000057E8	1.00047380730056701E0
6.90000000000000036E8	1.00046437813404676E0
6.90999999999999925E8	1.00045490053052832E0
6.91999999999999993E8	1.00044537469281591E0
6.92999999999999972E8	1.00043580082380834E0
6.94000000000000039E8	1.00042617912175680E0
6.95000000000000018E8	1.00041650978729435E0
6.95999999999999908E8	1.00040679301709523E0
6.97000000000000064E8	1.00039702900885019E0
6.97999999999999954E8	1.00038721795745333E0
6.99000000000000021E8	1.00037736005726630E0
7.00000000000000000E8	1.00036745550103823E0
7.00999999999999979E8	1.00035750448102823E0
7.02000000000000046E8	1.00034750718792220E0
7.02999999999999936E8	1.00033746381086330E0
7.04000000000000092E8	1.00032737453873688E0
7.04999999999999982E8	1.00031723955844631E0
7.05999999999999961E8	1.00030705905668427E0
7.07000000000000028E8	1.00029683321821228E0
7.08000000000000007E8	1.00028656222729295E0
7.09000000000000075E8	1.00027624626613920E0
7.09999999999999964E8	1.00026588551667217E0
7.10999999999999943E8	1.00025548015990506E0
7.12000000000000011E8	1.00024503037611212E0
7.12999999999999989E8	1.00023453634248560E0
7.14000000000000057E8	1.00022399823771790E0
7.15000000000000036E8	1.00021341623778093E0
7.15999999999999925E8	1.00020279051732164E0
7.16999999999999993E8	1.00019212125256374E0
7.17999999999999972E8	1.00018140861559290E0
7.19000000000000039E8	1.00017065277914141E0
7.20000000000000018E8	1.00015985391483886E0
7.20999999999999908E8	1.00014901219245389E0
7.22000000000000064E8	1.00013812778257116E0
7.22999999999999954E8	1.00012720085282059E0
7.24000000000000021E8	1.00011623157089313E0
7.25000000000000000E8	1.00010522010358005E0
7.25999999999999979E8	1.00009416661602435E0
7.27000000000000046E8	1.00008307127264118E0
7.27999999999999936E8	1.00007193423888752E0
7.29000000000000092E8	1.00006075567493902E0
7.29999999999999982E8	1.00004953574516398E0
7.30999999999999961E8	1.00003827460820038E0
7.32000000000000028E8	1.00002697242641614E0
7.33000000000000007E8	1.00001562935722887E0
7.34000000000000075E8	1.00000424556006551E0
7.34999999999999964E8	9.99992821191620784E-1
7.35999999999999943E8	9.99981356409008981E-1
7.37000000000000011E8	9.99969851366784823E-1
7.37999999999999989E8	9.99958306220871052E-1
7.39000000000000057E8	9.99946721125248139E-1
7.40000000000000036E8	9.99935096231639164E-1
7.40999999999999925E8	9.99923431694240605E-1
7.41999999999999993E8	9.99911727662616379E-1
7.42999999999999972E8	9.99899984288644816E-1
7.44000000000000039E8	9.99888201721611480E-1
7.45000000000000018E8	9.99876380110102936E-1
7.45999999999999908E8	9.99864519603265123E-1
7.47000000000000064E8	9.99852620347324184E-1
7.47999999999999954E8	9.99840682489993959E-1
7.49000000000000021E8	9.99828706176373494E-1
7.50000000000000000E8	9.99816691551924919E-1
7.50999999999999979E8	9.99804638759488817E-1
7.52000000000000046E8	9.99792547944126930E-1
7.52999999999999936E8	9.99780419247788288E-1
7.54000000000000092E8	9.99768252812741132E-1
7.54999999999999982E8	9.99756048779061146E-1
7.55999999999999961E8	9.99743807289002007E-1
7.57000000000000028E8	9.99731528481179232E-1
7.58000000000000007E8	9.99719212494485099E-1
7.59000000000000075E8	9.99706859467753794E-1
7.59999999999999964E8	9.99694469537707775E-1
7.60999999999999943E8	9.99682042841141438E-1
7.62000000000000011E8	9.99669579515377293E-1
7.62999999999999989E8	9.99657079694789807E-1
7.64000000000000057E8	9.99644543513928241E-1
7.65000000000000036E8	9.99631971106716755E-1
7.65999999999999925E8	9.99619362607064943E-1
7.66999999999999993E8	9.99606718147747131E-1
7.67999999999999972E8	9.99594037859587736E-1
7.69000000000000039E8	9.99581321874602224E-1
7.70000000000000018E8	9.99568570323905981E-1
7.70999999999999908E8	9.99555783336147741E-1
7.72000000000000064E8	9.99542961041867173E-1
7.72999999999999954E8	9.99530103568774386E-1
7.74000000000000021E8	9.99517211045317566E-1
7.75000000000000000E8	9.99504283598321486E-1
7.75999999999999979E8	9.99491321354995321E-1
7.77000000000000046E8	9.99478324441177080E-1
7.77999999999999936E8	9.99465292982880449E-1
7.79000000000000092E8	9.99452227103292046E-1
7.79999999999999982E8	9.99439126928690413E-1
7.80999999999999961E8	9.99425992581369371E-1
7.82000000000000028E8	9.99412824184472370E-1
7.83000000000000007E8	9.99399621860067811E-1
7.84000000000000075E8	9.99386385731329696E-1
7.84999999999999964E8	9.99373115918111310E-1
7.85999999999999943E8	9.99359812541297288E-1
7.87000000000000011E8	9.99346475721360328E-1
7.87999999999999989E8	9.99333105576626402E-1
7.89000000000000057E8	9.99319702226334172E-1
7.90000000000000036E8	9.99306265789391013E-1
7.90999999999999925E8	9.99292796383053883E-1
7.91999999999999993E8	9.99279294124318795E-1
7.92999999999999972E8	9.99265759130503994E-1
7.94000000000000039E8	9.99252191516563926E-1
7.95000000000000018E8	9.99238591398325227E-1
7.95999999999999908E8	9.99224958891041304E-1
7.97000000000000064E8	9.99211294108898507E-1
7.97999999999999954E8	9.99197597165592910E-1
7.99000000000000021E8	9.99183868174756284E-1
8.00000000000000000E8	9.99170107248361994E-1
8.00999999999999979E8	9.99156314499647458E-1
8.01999999999999957E8	9.99142490039643683E-1
8.02999999999999936E8	9.99128633979621306E-1
8.04000000000000092E8	9.99114746430898748E-1
8.05000000000000071E8	9.99100827502771160E-1
8.05999999999999872E8	9.99086877304807430E-1
8.07000000000000028E8	9.99072895947737827E-1
8.08000000000000007E8	9.99058883538268461E-1
8.08999999999999986E8	9.99044840185739602E-1
8.09999999999999964E8	9.99030765997398973E-1
8.10999999999999943E8	9.99016661080075075E-1
8.12000000000000099E8	9.99002525541532549E-1
8.12999999999999901E8	9.98988359486683386E-1
8.14000000000000057E8	9.98974163022058725E-1
8.15000000000000036E8	9.98959936252645164E-1
8.16000000000000014E8	9.98945679282926058E-1
8.16999999999999993E8	9.98931392218228531E-1
8.17999999999999972E8	9.98917075160946943E-1
8.19000000000000128E8	9.98902728215621494E-1
8.19999999999999929E8	9.98888351484221104E-1
8.20999999999999908E8	9.98873945070759284E-1
8.22000000000000064E8	9.98859509075173335E-1
8.23000000000000043E8	9.98845043600743665E-1
8.24000000000000021E8	9.98830548747657154E-1
8.25000000000000000E8	9.98816024616379750E-1
8.25999999999999979E8	9.98801471307753275E-1
8.26999999999999957E8	9.98786888921700822E-1
8.27999999999999936E8	9.98772277556859045E-1
8.29000000000000092E8	9.98757637312543345E-1
8.30000000000000071E8	9.98742968287604604E-1
8.30999999999999872E8	9.98728270579285748E-1
8.32000000000000028E8	9.98713544286109745E-1
8.33000000000000007E8	9.98698789505189488E-1
8.33999999999999986E8	9.98684006332165630E-1
8.34999999999999964E8	9.98669194864878129E-1
8.35999999999999943E8	9.98654355198952715E-1
8.37000000000000099E8	9.98639487430074801E-1
8.37999999999999901E8	9.98624591652690263E-1
8.39000000000000057E8	9.98609667961954273E-1
8.40000000000000036E8	9.98594716452281084E-1
8.41000000000000014E8	9.98579737218209651E-1
8.41999999999999993E8	9.98564730353258234E-1
8.42999999999999972E8	9.98549695949389360E-1
8.44000000000000128E8	9.98534634101145002E-1
8.44999999999999929E8	9.98519544899372136E-1
8.45999999999999908E8	9.98504428437673397E-1
8.47000000000000064E8	9.98489284805988220E-1
8.48000000000000043E8	9.98474114097342813E-1
8.49000000000000021E8	9.98458916401435559E-1
8.50000000000000000E8	9.98443691809221079E-1
8.50999999999999979E8	9.98428440411594842E-1
8.51999999999999957E8	9.98413162296861323E-1
8.52999999999999936E8	9.98397857556233070E-1
8.54000000000000092E8	9.98382526277880444E-1
8.55000000000000071E8	9.98367168549805939E-1
8.55999999999999872E8	9.98351784461636171E-1
8.57000000000000028E8	9.98336374100830071E-1
8.58000000000000007E8	9.98320937554941423E-1
8.58999999999999986E8	9.98305474912156576E-1
8.59999999999999964E8	9.98289986258604678E-1
8.60999999999999943E8	9.98274471680136877E-1
8.62000000000000099E8	9.98258931265192828E-1
8.62999999999999901E8	9.98243365097928148E-1
8.64000000000000057E8	9.98227773264945206E-1
8.65000000000000036E8	9.98212155851199334E-1
8.66000000000000014E8	9.98196512941008507E-1
8.66999999999999993E8	9.98180844620144292E-1
8.67999999999999972E8	9.98165150972203463E-1
8.69000000000000128E8	9.98149432081314991E-1
8.69999999999999929E8	9.98133688031292010E-1
8.70999999999999908E8	9.98117918905097312E-1
8.72000000000000064E8	9.98102124785378031E-1
8.73000000000000043E8	9.98086305756096870E-1
8.74000000000000021E8	9.98070461898897143E-1
8.75000000000000000E8	9.98054593295348447E-1
8.75999999999999979E8	9.98038700027482761E-1
8.76999999999999957E8	9.98022782177407564E-1
8.77999999999999936E8	9.98006839824921066E-1
8.79000000000000092E8	9.97990873051892891E-1
8.80000000000000071E8	9.97974881939117076E-1
8.80999999999999872E8	9.97958866565759095E-1
8.82000000000000028E8	9.97942827012672851E-1
8.83000000000000007E8	9.97926763358160329E-1
8.83999999999999986E8	9.97910675682509840E-1
8.84999999999999964E8	9.97894564065606637E-1
8.85999999999999943E8	9.97878428584697375E-1
8.87000000000000099E8	9.97862269318928696E-1
8.87999999999999901E8	9.97846086346180172E-1
8.89000000000000057E8	9.97829879744222126E-1
8.90000000000000036E8	9.97813649590936969E-1
8.91000000000000014E8	9.97797395963464773E-1
8.91999999999999993E8	9.97781118938890188E-1
8.92999999999999972E8	9.97764818594935221E-1
8.94000000000000128E8	9.97748495006173819E-1
8.94999999999999929E8	9.97732148250104167E-1
8.95999999999999908E8	9.97715778402141851E-1
8.97000000000000064E8	9.97699385537844030E-1
8.98000000000000043E8	9.97682969733280700E-1
8.99000000000000021E8	9.97666531063570261E-1
9.00000000000000000E8	9.97650069602175904E-1
9.00999999999999979E8	9.97633585425426084E-1
9.01999999999999957E8	9.97617078606289809E-1
9.02999999999999936E8	9.97600549219354882E-1
9.04000000000000092E8	9.97583997339200224E-1
9.05000000000000071E8	9.97567423038471190E-1
9.05999999999999872E8	9.97550826390093270E-1
9.07000000000000028E8	9.97534207467490397E-1
9.08000000000000007E8	9.97517566344186157E-1
9.08999999999999986E8	9.97500903091875735E-1
9.09999999999999964E8	9.97484217783714833E-1
9.10999999999999943E8	9.97467510490082709E-1
9.12000000000000099E8	9.97450781284626942E-1
9.12999999999999901E8	9.97434030237277902E-1
9.14000000000000057E8	9.97417257420440428E-1
9.15000000000000036E8	9.97400462904916196E-1
9.16000000000000014E8	9.97383646761496223E-1
9.16999999999999993E8	9.97366809060570603E-1
9.17999999999999972E8	9.97349949872336161E-1
9.19000000000000128E8	9.97333069267010508E-1
9.19999999999999929E8	9.97316167315202939E-1
9.20999999999999908E8	9.97299244085672321E-1
9.22000000000000064E8	9.97282299648147941E-1
9.23000000000000043E8	9.97265334071241050E-1
9.24000000000000021E8	9.97248347424346093E-1
9.25000000000000000E8	9.97231339777231440E-1
9.25999999999999979E8	9.97214311196896119E-1
9.26999999999999957E8	9.97197261751444941E-1
9.27999999999999936E8	9.97180191509993286E-1
9.29000000000000092E8	9.97163100539976988E-1
9.30000000000000071E8	9.97145988909036518E-1
9.30999999999999872E8	9.97128856684316922E-1
9.32000000000000028E8	9.97111703933590654E-1
9.33000000000000007E8	9.97094530722414163E-1
9.33999999999999986E8	9.97077337119215379E-1
9.34999999999999964E8	9.97060123189250191E-1
9.35999999999999943E8	9.97042888999540722E-1
9.37000000000000099E8	9.97025634615417822E-1
9.37999999999999901E8	9.97008360103780156E-1
9.39000000000000057E8	9.96991065529948806E-1
9.40000000000000036E8	9.96973750959086580E-1
9.41000000000000014E8	9.96956416456566252E-1
9.41999999999999993E8	9.96939062087099437E-1
9.42999999999999972E8	9.96921687916168331E-1
9.44000000000000128E8	9.96904294007788394E-1
9.44999999999999929E8	9.96886880427459765E-1
9.45999999999999908E8	9.96869447238409201E-1
9.47000000000000064E8	9.96851994504681294E-1
9.48000000000000043E8	9.96834522290752467E-1
9.49000000000000021E8	9.96817030660186987E-1
9.50000000000000000E8	9.96799519675853851E-1
9.50999999999999979E8	9.96781989401810442E-1
9.51999999999999957E8	9.96764439900142030E-1
9.52999999999999936E8	9.96746871234369358E-1
9.54000000000000092E8	9.96729283467367289E-1
9.55000000000000071E8	9.96711676660494206E-1
9.55999999999999872E8	9.96694050878214810E-1
9.57000000000000028E8	9.96676406180087504E-1
9.58000000000000007E8	9.96658742630384609E-1
9.58999999999999986E8	9.96641060288720482E-1
9.59999999999999964E8	9.96623359218461680E-1
9.60999999999999943E8	9.96605639479478356E-1
9.62000000000000099E8	9.96587901134719090E-1
9.62999999999999901E8	9.96570144243131928E-1
9.64000000000000057E8	9.96552368866689697E-1
9.65000000000000036E8	9.96534575065574479E-1
9.66000000000000014E8	9.96516762901265807E-1
9.66999999999999993E8	9.96498932433856055E-1
9.67999999999999972E8	9.96481083721784699E-1
9.69000000000000128E8	9.96463216826908926E-1
9.69999999999999929E8	9.96445331808308055E-1
9.70999999999999908E8	9.96427428725667497E-1
9.72000000000000064E8	9.96409507638296255E-1
9.73000000000000043E8	9.96391568605266720E-1
9.74000000000000021E8	9.96373611685510596E-1
9.75000000000000000E8	9.96355636939200906E-1
9.75999999999999979E8	9.96337644423098823E-1
9.76999999999999957E8	9.96319634197875637E-1
9.77999999999999936E8	9.96301606319532596E-1
9.79000000000000092E8	9.96283560848953975E-1
9.80000000000000071E8	9.96265497842904146E-1
9.80999999999999872E8	9.96247417358432230E-1
9.82000000000000028E8	9.96229319455345497E-1
9.83000000000000007E8	9.96211204188991850E-1
9.83999999999999986E8	9.96193071618617765E-1
9.84999999999999964E8	9.96174921800604807E-1
9.85999999999999943E8	9.96156754792442989E-1
9.87000000000000099E8	9.96138570650507837E-1
9.87999999999999901E8	9.96120369432208896E-1
9.89000000000000057E8	9.96102151194082808E-1
9.90000000000000036E8	9.96083915992408109E-1
9.91000000000000014E8	9.96065663883138619E-1
9.91999999999999993E8	9.96047394922648088E-1
9.92999999999999972E8	9.96029109168126681E-1
9.94000000000000128E8	9.96010806674086524E-1
9.94999999999999929E8	9.95992487496392442E-1
9.95999999999999908E8	9.95974151691788734E-1
9.97000000000000064E8	9.95955799313908052E-1
9.98000000000000043E8	9.95937430418713454E-1
9.99000000000000021E8	9.95919045061685715E-1
1.00000000000000000E9	9.95900643297404997E-1
1.00099999999999989E9	9.95882225181099123E-1
1.00200000000000000E9	9.95863790767165824E-1
1.00299999999999989E9	9.95845340110129307E-1
1.00400000000000000E9	9.95826873264513779E-1
1.00500000000000012E9	9.95808390284280165E-1
1.00599999999999978E9	9.95789891224381840E-1
1.00700000000000012E9	9.95771376137319564E-1
1.00800000000000001E9	9.95752845078162352E-1
1.00899999999999990E9	9.95734298099153214E-1
1.01000000000000001E9	9.95715735255773460E-1
1.01099999999999990E9	9.95697156599710809E-1
1.01200000000000001E9	9.95678562185790916E-1
1.01299999999999990E9	9.95659952065280862E-1
1.01400000000000001E9	9.95641326292653339E-1
1.01500000000000012E9	9.95622684920406265E-1
1.01600000000000001E9	9.95604028001450914E-1
1.01699999999999990E9	9.95585355586476162E-1
1.01800000000000002E9	9.95566667730290078E-1
1.01900000000000013E9	9.95547964484781289E-1
1.02000000000000002E9	9.95529245901065885E-1
1.02099999999999991E9	9.95510512031925643E-1
1.02200000000000002E9	9.95491762929126800E-1
1.02300000000000013E9	9.95472998644964768E-1
1.02400000000000002E9	9.95454219229299042E-1
1.02499999999999991E9	9.95435424735583396E-1
1.02600000000000002E9	9.95416615215190248E-1
1.02699999999999991E9	9.95397790717921538E-1
1.02800000000000002E9	9.95378951295746539E-1
1.02900000000000014E9	9.95360096999735333E-1
1.03000000000000003E9	9.95341227880490820E-1
1.03099999999999992E9	9.95322343988978631E-1
1.03200000000000003E9	9.95303445375772888E-1
1.03299999999999992E9	9.95284532091407392E-1
1.03400000000000003E9	9.95265604186097974E-1
1.03499999999999992E9	9.95246661710829628E-1
1.03600000000000003E9	9.95227704714689310E-1
1.03700000000000014E9	9.95208733248038158E-1
1.03799999999999981E9	9.95189747360747390E-1
1.03900000000000015E9	9.95170747102686803E-1
1.04000000000000004E9	9.95151732523449084E-1
1.04099999999999993E9	9.95132703673269248E-1
1.04200000000000004E9	9.95113660600071803E-1
1.04299999999999993E9	9.95094603354302620E-1
1.04400000000000004E9	9.95075531984734774E-1
1.04499999999999993E9	9.95056446540024986E-1
1.04599999999999982E9	9.95037347070085154E-1
1.04700000000000015E9	9.95018233623400228E-1
1.04800000000000004E9	9.94999106247975362E-1
1.04899999999999993E9	9.94979964992998944E-1
1.05000000000000004E9	9.94960809906942600E-1
1.05099999999999993E9	9.94941641038460567E-1
1.05200000000000005E9	9.94922458434941959E-1
1.05299999999999994E9	9.94903262144937273E-1
1.05400000000000005E9	9.94884052216827541E-1
1.05500000000000016E9	9.94864828698098691E-1
1.05599999999999983E9	9.94845591636433468E-1
1.05699999999999994E9	9.94826341080342758E-1
1.05800000000000005E9	9.94807077076023205E-1
1.05899999999999994E9	9.94787799672642947E-1
1.06000000000000005E9	9.94768508916230410E-1
1.06099999999999994E9	9.94749204854186431E-1
1.06200000000000006E9	9.94729887534127144E-1
1.06299999999999994E9	9.94710557002545137E-1
1.06400000000000006E9	9.94691213307231159E-1
1.06499999999999995E9	9.94671856494337270E-1
1.06600000000000006E9	9.94652486610759468E-1
1.06699999999999995E9	9.94633103702853028E-1
1.06800000000000006E9	9.94613707817310555E-1
1.06900000000000017E9	9.94594299000939763E-1
1.06999999999999984E9	9.94574877299615956E-1
1.07099999999999995E9	9.94555442758741570E-1
1.07200000000000006E9	9.94535995426304176E-1
1.07299999999999995E9	9.94516535347179698E-1
1.07400000000000007E9	9.94497062565883461E-1
1.07499999999999996E9	9.94477577130730239E-1
1.07600000000000007E9	9.94458079085707425E-1
1.07699999999999996E9	9.94438568477315776E-1
1.07799999999999985E9	9.94419045350595709E-1
1.07900000000000018E9	9.94399509750774158E-1
1.08000000000000007E9	9.94379961723596040E-1
1.08099999999999996E9	9.94360401313555542E-1
1.08200000000000007E9	9.94340828566323154E-1
1.08299999999999996E9	9.94321243526793275E-1
1.08400000000000007E9	9.94301646239595982E-1
1.08499999999999996E9	9.94282036749689624E-1
1.08599999999999985E9	9.94262415101955277E-1
1.08700000000000019E9	9.94242781340168591E-1
1.08799999999999986E9	9.94223135509705891E-1
1.08899999999999997E9	9.94203477654865964E-1
1.09000000000000008E9	9.94183807819695353E-1
1.09099999999999997E9	9.94164126048094587E-1
1.09200000000000008E9	9.94144432385065180E-1
1.09299999999999997E9	9.94124726873312170E-1
1.09400000000000008E9	9.94105009558006536E-1
1.09499999999999997E9	9.94085280483115596E-1
1.09599999999999986E9	9.94065539690954836E-1
1.09699999999999998E9	9.94045787225952893E-1
1.09800000000000009E9	9.94026023131815428E-1
1.09899999999999998E9	9.94006247452478853E-1
1.10000000000000009E9	9.93986460230588165E-1
1.10099999999999998E9	9.93966661508801685E-1
1.10199999999999987E9	9.93946851331781467E-1
1.10299999999999998E9	9.93927029741247559E-1
1.10400000000000009E9	9.93907196781446167E-1
1.10499999999999998E9	9.93887352494459542E-1
1.10599999999999987E9	9.93867496923598814E-1
1.10699999999999998E9	9.93847630110923319E-1
1.10800000000000010E9	9.93827752099669581E-1
1.10899999999999999E9	9.93807862932554364E-1
1.10999999999999988E9	9.93787962651580692E-1
1.11099999999999999E9	9.93768051299504052E-1
1.11200000000000010E9	9.93748128918373297E-1
1.11299999999999999E9	9.93728195550599480E-1
1.11400000000000010E9	9.93708251238211915E-1
1.11499999999999999E9	9.93688296022321715E-1
1.11600000000000010E9	9.93668329946655682E-1
1.11699999999999999E9	9.93648353051831812E-1
1.11799999999999988E9	9.93628365380541823E-1
1.11900000000000022E9	9.93608366973445101E-1
1.11999999999999988E9	9.93588357873014516E-1
1.12100000000000000E9	9.93568338120159389E-1
1.12200000000000011E9	9.93548307756760174E-1
1.12300000000000000E9	9.93528266824243644E-1
1.12400000000000011E9	9.93508215363536351E-1
1.12500000000000000E9	9.93488153416438280E-1
1.12599999999999989E9	9.93468081023173610E-1
1.12700000000000000E9	9.93447998225595441E-1
1.12799999999999989E9	9.93427905063705907E-1
1.12900000000000000E9	9.93407801579632554E-1
1.13000000000000012E9	9.93387687813374143E-1
1.13099999999999978E9	9.93367563805922238E-1
1.13200000000000012E9	9.93347429597516474E-1
1.13300000000000001E9	9.93327285228970425E-1
1.13399999999999990E9	9.93307130740971367E-1
1.13500000000000001E9	9.93286966173625707E-1
1.13599999999999990E9	9.93266791567858931E-1
1.13700000000000001E9	9.93246606962128453E-1
1.13799999999999990E9	9.93226412399103609E-1
1.13900000000000001E9	9.93206207917141448E-1
1.14000000000000012E9	9.93185993556625846E-1
1.14100000000000001E9	9.93165769357635142E-1
1.14199999999999990E9	9.93145535360396181E-1
1.14300000000000002E9	9.93125291603690030E-1
1.14400000000000013E9	9.93105038127659512E-1
1.14500000000000002E9	9.93084774973072726E-1
1.14599999999999991E9	9.93064502177413466E-1
1.14700000000000002E9	9.93044219781473103E-1
1.14800000000000013E9	9.93023927824516051E-1
1.14900000000000002E9	9.93003626345524815E-1
1.14999999999999991E9	9.92983315383863818E-1
1.15100000000000002E9	9.92962994978657321E-1
1.15199999999999991E9	9.92942665169005068E-1
1.15300000000000002E9	9.92922325994383392E-1
1.15400000000000014E9	9.92901977493242249E-1
1.15500000000000003E9	9.92881619704448681E-1
1.15599999999999992E9	9.92861252666628857E-1
1.15700000000000003E9	9.92840876419247387E-1
1.15799999999999992E9	9.92820491000422400E-1
1.15900000000000003E9	9.92800096448551095E-1
1.15999999999999992E9	9.92779692801888913E-1
1.16100000000000003E9	9.92759280100428754E-1
1.16200000000000014E9	9.92738858380889155E-1
1.16299999999999981E9	9.92718427682172688E-1
1.16400000000000015E9	9.92697988042232993E-1
1.16500000000000004E9	9.92677539500164841E-1
1.16599999999999993E9	9.92657082093167631E-1
1.16700000000000004E9	9.92636615858619109E-1
1.16799999999999993E9	9.92616140836051031E-1
1.16900000000000004E9	9.92595657062171810E-1
1.16999999999999993E9	9.92575164574718016E-1
1.17099999999999982E9	9.92554663412653682E-1
1.17200000000000015E9	9.92534153612167458E-1
1.17300000000000004E9	9.92513635211969003E-1
1.17399999999999993E9	9.92493108248789113E-1
1.17500000000000004E9	9.92472572760759064E-1
1.17599999999999993E9	9.92452028784747498E-1
1.17700000000000005E9	9.92431476357924858E-1
1.17799999999999994E9	9.92410915517807624E-1
1.17900000000000005E9	9.92390346301930215E-1
1.18000000000000016E9	9.92369768746789660E-1
1.18099999999999983E9	9.92349182889621595E-1
1.18199999999999994E9	9.92328588767534292E-1
1.18300000000000005E9	9.92307986417523580E-1
1.18399999999999994E9	9.92287375875796585E-1
1.18500000000000005E9	9.92266757180031611E-1
1.18599999999999994E9	9.92246130367101031E-1
1.18700000000000006E9	9.92225495472123420E-1
1.18799999999999994E9	9.92204852533033232E-1
1.18900000000000006E9	9.92184201585880032E-1
1.18999999999999995E9	9.92163542667114662E-1
1.19100000000000006E9	9.92142875813019565E-1
1.19199999999999995E9	9.92122201059903475E-1
1.19300000000000006E9	9.92101518444959929E-1
1.19400000000000017E9	9.92080828003528126E-1
1.19499999999999984E9	9.92060129770845478E-1
1.19599999999999995E9	9.92039423785385210E-1
1.19700000000000006E9	9.92018710080188626E-1
1.19799999999999995E9	9.91997988693438160E-1
1.19900000000000007E9	9.91977259660524702E-1
1.19999999999999996E9	9.91956523016509983E-1
1.20100000000000007E9	9.91935778797849999E-1
1.20199999999999996E9	9.91915027039859432E-1
1.20299999999999985E9	9.91894267777810512E-1
1.20400000000000018E9	9.91873501048905659E-1
1.20500000000000007E9	9.91852726886107128E-1
1.20599999999999996E9	9.91831945326813091E-1
1.20700000000000007E9	9.91811156406402894E-1
1.20799999999999996E9	9.91790360158568163E-1
1.20900000000000007E9	9.91769556619958159E-1
1.20999999999999996E9	9.91748745825301192E-1
1.21099999999999985E9	9.91727927809952625E-1
1.21200000000000019E9	9.91707102608349800E-1
1.21299999999999986E9	9.91686270255956970E-1
1.21399999999999997E9	9.91665430788445867E-1
1.21500000000000008E9	9.91644584238900251E-1
1.21599999999999997E9	9.91623730643844681E-1
1.21700000000000008E9	9.91602870036824768E-1
1.21799999999999997E9	9.91582002453513667E-1
1.21900000000000008E9	9.91561127928191155E-1
1.21999999999999997E9	9.91540246495321220E-1
1.22099999999999986E9	9.91519358189002276E-1
1.22199999999999998E9	9.91498463044802847E-1
1.22300000000000009E9	9.91477561096215254E-1
1.22399999999999998E9	9.91456652377987879E-1
1.22500000000000009E9	9.91435736924166378E-1
1.22599999999999998E9	9.91414814768544517E-1
1.22699999999999987E9	9.91393885946294695E-1
1.22799999999999998E9	9.91372950491396665E-1
1.22900000000000009E9	9.91352008437246468E-1
1.22999999999999998E9	9.91331059818285887E-1
1.23099999999999987E9	9.91310104668179726E-1
1.23199999999999998E9	9.91289143021092123E-1
1.23300000000000010E9	9.91268174910315736E-1
1.23399999999999999E9	9.91247200370332138E-1
1.23499999999999988E9	9.91226219434698841E-1
1.23599999999999999E9	9.91205232136282710E-1
1.23700000000000010E9	9.91184238509999282E-1
1.23799999999999999E9	9.91163238588595874E-1
1.23900000000000010E9	9.91142232404853196E-1
1.23999999999999999E9	9.91121219993961766E-1
1.24100000000000010E9	9.91100201387955337E-1
1.24199999999999999E9	9.91079176620464786E-1
1.24299999999999988E9	9.91058145724291606E-1
1.24400000000000022E9	9.91037108733394057E-1
1.24499999999999988E9	9.91016065681061598E-1
1.24600000000000000E9	9.90995016599721090E-1
1.24700000000000011E9	9.90973961522817604E-1
1.24800000000000000E9	9.90952900482614396E-1
1.24900000000000011E9	9.90931833513245941E-1
1.25000000000000000E9	9.90910760646850974E-1
1.25099999999999989E9	9.90889681915828113E-1
1.25200000000000000E9	9.90868597353969527E-1
1.25299999999999989E9	9.90847506993196170E-1
1.25400000000000000E9	9.90826410866204199E-1
1.25500000000000012E9	9.90805309005753898E-1
1.25599999999999978E9	9.90784201445270440E-1
1.25700000000000012E9	9.90763088215568288E-1
1.25800000000000001E9	9.90741969350433394E-1
1.25899999999999990E9	9.90720844881054141E-1
1.26000000000000001E9	9.90699714841102264E-1
1.26099999999999990E9	9.90678579262059067E-1
1.26200000000000001E9	9.90657438176180349E-1
1.26299999999999990E9	9.90636291616173636E-1
1.26400000000000001E9	9.90615139613057316E-1
1.26500000000000012E9	9.90593982200276990E-1
1.26600000000000001E9	9.90572819408608751E-1
1.26699999999999990E9	9.90551651270276068E-1
1.26800000000000002E9	9.90530477818272104E-1
1.26900000000000013E9	9.90509299083485217E-1
1.27000000000000002E9	9.90488115097736532E-1
1.27099999999999991E9	9.90466925892603278E-1
1.27200000000000002E9	9.90445731500313187E-1
1.27300000000000013E9	9.90424531952207410E-1
1.27400000000000002E9	9.90403327279937784E-1
1.27499999999999991E9	9.90382117515737015E-1
1.27600000000000002E9	9.90360902689907441E-1
1.27699999999999991E9	9.90339682834584778E-1
1.27800000000000002E9	9.90318457980733413E-1
1.27900000000000014E9	9.90297228160178911E-1
1.28000000000000003E9	9.90275993403692212E-1
1.28099999999999992E9	9.90254753743495186E-1
1.28199999999999981E9	9.90233509210095519E-1
1.28300000000000014E9	9.90212259834154906E-1
1.28400000000000003E9	9.90191005647626099E-1
1.28499999999999992E9	9.90169746680916241E-1
1.28600000000000003E9	9.90148482965355825E-1
1.28699999999999992E9	9.90127214531791644E-1
1.28800000000000003E9	9.90105941411084167E-1
1.28900000000000015E9	9.90084663634343976E-1
1.29000000000000004E9	9.90063381231650474E-1
1.29099999999999993E9	9.90042094234658343E-1
1.29199999999999982E9	9.90020802673191547E-1
1.29300000000000015E9	9.89999506578891975E-1
1.29400000000000004E9	9.89978205981390680E-1
1.29499999999999993E9	9.89956900911306192E-1
1.29599999999999982E9	9.89935591400142556E-1
1.29699999999999993E9	9.89914277477707572E-1
1.29800000000000004E9	9.89892959174262543E-1
1.29899999999999993E9	9.89871636519594489E-1
1.30000000000000004E9	9.89850309544634932E-1
1.30099999999999993E9	9.89828978280647576E-1
1.30200000000000005E9	9.89807642755866190E-1
1.30300000000000016E9	9.89786303002382972E-1
1.30400000000000005E9	9.89764959047876403E-1
1.30500000000000016E9	9.89743610924855943E-1
1.30599999999999983E9	9.89722258662171406E-1
1.30699999999999994E9	9.89700902290095996E-1
1.30800000000000027E9	9.89679541837798737E-1
1.30899999999999994E9	9.89658177336021083E-1
1.31000000000000005E9	9.89636808814449331E-1
1.31099999999999994E9	9.89615436302753970E-1
1.31199999999999983E9	9.89594059830144879E-1
1.31300000000000017E9	9.89572679427405077E-1
1.31400000000000006E9	9.89551295123140839E-1
1.31499999999999995E9	9.89529906947976556E-1
1.31600000000000006E9	9.89508514929632632E-1
1.31699999999999973E9	9.89487119099867662E-1
1.31800000000000006E9	9.89465719486321760E-1
1.31900000000000017E9	9.89444316119078415E-1
1.31999999999999984E9	9.89422909027467590E-1
1.32099999999999995E9	9.89401498241045729E-1
1.32199999999999984E9	9.89380083788967646E-1
1.32299999999999995E9	9.89358665700159357E-1
1.32400000000000007E9	9.89337244003776561E-1
1.32499999999999996E9	9.89315818729424912E-1
1.32600000000000007E9	9.89294389905530913E-1
1.32699999999999996E9	9.89272957561120059E-1
1.32800000000000007E9	9.89251521726091099E-1
1.32900000000000018E9	9.89230082429204316E-1
1.33000000000000007E9	9.89208639697984182E-1
1.33099999999999996E9	9.89187193562695199E-1
1.33199999999999985E9	9.89165744051689444E-1
1.33300000000000018E9	9.89144291193206371E-1
1.33400000000000007E9	9.89122835017238167E-1
1.33499999999999996E9	9.89101375550823292E-1
1.33599999999999985E9	9.89079912823880925E-1
1.33699999999999997E9	9.89058446864249952E-1
1.33800000000000008E9	9.89036977700975228E-1
1.33899999999999997E9	9.89015505362331915E-1
1.34000000000000008E9	9.88994029876285374E-1
1.34099999999999997E9	9.88972551271822908E-1
1.34199999999999986E9	9.88951069577501762E-1
1.34300000000000019E9	9.88929584820384200E-1
1.34400000000000008E9	9.88908097030244448E-1
1.34499999999999997E9	9.88886606234623322E-1
1.34599999999999986E9	9.88865112461832574E-1
1.34699999999999998E9	9.88843615739453163E-1
1.34800000000000009E9	9.88822116096378601E-1
1.34899999999999998E9	9.88800613559675412E-1
1.35000000000000009E9	9.88779108158746212E-1
1.35099999999999998E9	9.88757599919606989E-1
1.35199999999999987E9	9.88736088872471974E-1
1.35300000000000020E9	9.88714575043647059E-1
1.35400000000000009E9	9.88693058460887464E-1
1.35499999999999998E9	9.88671539153077639E-1
1.35599999999999987E9	9.88650017146122728E-1
1.35699999999999976E9	9.88628492469957898E-1
1.35800000000000010E9	9.88606965150444239E-1
1.35899999999999999E9	9.88585435216451103E-1
1.35999999999999988E9	9.88563902694754759E-1
1.36099999999999999E9	9.88542367613294459E-1
1.36199999999999988E9	9.88520829998659067E-1
1.36299999999999999E9	9.88499289879527510E-1
1.36400000000000010E9	9.88477747282493624E-1
1.36499999999999999E9	9.88456202234982229E-1
1.36600000000000010E9	9.88434654764518150E-1
1.36699999999999977E9	9.88413104898903860E-1
1.36800000000000010E9	9.88391552664105433E-1
1.36900000000000022E9	9.88369998087796020E-1
1.36999999999999988E9	9.88348441197721073E-1
1.37100000000000000E9	9.88326882020303721E-1
1.37199999999999989E9	9.88305320582537661E-1
1.37300000000000000E9	9.88283756912134592E-1
1.37400000000000011E9	9.88262191035138926E-1
1.37500000000000000E9	9.88240622978841010E-1
1.37599999999999989E9	9.88219052770609707E-1
1.37700000000000000E9	9.88197480436392084E-1
1.37800000000000011E9	9.88175906004060245E-1
1.37900000000000000E9	9.88154329499437090E-1
1.38000000000000012E9	9.88132750949776195E-1
1.38099999999999978E9	9.88111170381388071E-1
1.38199999999999990E9	9.88089587821249538E-1
1.38300000000000023E9	9.88068003295697039E-1
1.38399999999999990E9	9.88046416831064533E-1
1.38500000000000001E9	9.88024828454683579E-1
1.38599999999999990E9	9.88003238191889643E-1
1.38700000000000001E9	9.87981646069928310E-1
1.38800000000000012E9	9.87960052115142595E-1
1.38900000000000001E9	9.87938456353544048E-1
1.39000000000000012E9	9.87916858811590259E-1
1.39100000000000001E9	9.87895259515215329E-1
1.39199999999999990E9	9.87873658491284701E-1
1.39300000000000024E9	9.87852055765458559E-1
1.39400000000000013E9	9.87830451364236239E-1
1.39500000000000002E9	9.87808845312539141E-1
1.39599999999999991E9	9.87787237638838533E-1
1.39699999999999980E9	9.87765628367129622E-1
1.39800000000000013E9	9.87744017523688100E-1
1.39900000000000002E9	9.87722405134993231E-1
1.39999999999999991E9	9.87700791226672337E-1
1.40100000000000002E9	9.87679175824149524E-1
1.40199999999999991E9	9.87657558954443182E-1
1.40300000000000002E9	9.87635940641893839E-1
1.40400000000000014E9	9.87614320912939014E-1
1.40500000000000003E9	9.87592699793538920E-1
1.40599999999999992E9	9.87571077308787082E-1
1.40699999999999981E9	9.87549453484837869E-1
1.40800000000000014E9	9.87527828346450143E-1
1.40900000000000003E9	9.87506201919836712E-1
1.40999999999999992E9	9.87484574230573209E-1
1.41100000000000003E9	9.87462945303605721E-1
1.41199999999999992E9	9.87441315164446465E-1
1.41300000000000003E9	9.87419683839057072E-1
1.41400000000000015E9	9.87398051352105632E-1
1.41500000000000004E9	9.87376417728302869E-1
1.41599999999999993E9	9.87354782994787250E-1
1.41699999999999982E9	9.87333147175151637E-1
1.41800000000000015E9	9.87311510295601202E-1
1.41900000000000004E9	9.87289872380553035E-1
1.41999999999999993E9	9.87268233454888922E-1
1.42099999999999982E9	9.87246593544558948E-1
1.42199999999999993E9	9.87224952673883749E-1
1.42300000000000004E9	9.87203310868306971E-1
1.42399999999999993E9	9.87181668152521041E-1
1.42500000000000004E9	9.87160024551377191E-1
1.42599999999999993E9	9.87138380089836787E-1
1.42700000000000005E9	9.87116734792910222E-1
1.42800000000000016E9	9.87095088684642974E-1
1.42900000000000005E9	9.87073441790713346E-1
1.43000000000000016E9	9.87051794135370208E-1
1.43099999999999983E9	9.87030145743695364E-1
1.43199999999999994E9	9.87008496639064603E-1
1.43300000000000027E9	9.86986846847277732E-1
1.43399999999999994E9	9.86965196393084021E-1
1.43500000000000005E9	9.86943545300317204E-1
1.43599999999999994E9	9.86921893593583555E-1
1.43699999999999983E9	9.86900241297269964E-1
1.43800000000000017E9	9.86878588435882165E-1
1.43900000000000006E9	9.86856935033344485E-1
1.43999999999999995E9	9.86835281115105545E-1
1.44100000000000006E9	9.86813626704461910E-1
1.44199999999999973E9	9.86791971826230174E-1
1.44300000000000006E9	9.86770316504024336E-1
1.44400000000000017E9	9.86748660762853191E-1
1.44499999999999984E9	9.86727004625383231E-1
1.44599999999999995E9	9.86705348117027725E-1
1.44699999999999984E9	9.86683691261933760E-1
1.44799999999999995E9	9.86662034083508210E-1
1.44900000000000007E9	9.86640376606149516E-1
1.44999999999999996E9	9.86618718852418120E-1
1.45100000000000007E9	9.86597060847465457E-1
1.45199999999999996E9	9.86575402616364805E-1
1.45300000000000007E9	9.86553744180612568E-1
1.45400000000000018E9	9.86532085564807915E-1
1.45500000000000007E9	9.86510426793161876E-1
1.45599999999999996E9	9.86488767889541407E-1
1.45699999999999985E9	9.86467108876948906E-1
1.45800000000000018E9	9.86445449778918615E-1
1.45900000000000007E9	9.86423790619667251E-1
1.45999999999999996E9	9.86402131423100492E-1
1.46099999999999985E9	9.86380472211643955E-1
1.46199999999999997E9	9.86358813009379709E-1
1.46300000000000008E9	9.86337153839608227E-1
1.46399999999999997E9	9.86315494726173547E-1
1.46500000000000008E9	9.86293835692535481E-1
1.46599999999999997E9	9.86272176760840757E-1
1.46699999999999986E9	9.86250517955597594E-1
1.46800000000000019E9	9.86228859299528438E-1
1.46900000000000008E9	9.86207200816198259E-1
1.46999999999999997E9	9.86185542528084014E-1
1.47099999999999986E9	9.86163884459566020E-1
1.47199999999999998E9	9.86142226633042362E-1
1.47300000000000009E9	9.86120569071450248E-1
1.47399999999999998E9	9.86098911798011102E-1
1.47500000000000009E9	9.86077254836225237E-1
1.47599999999999998E9	9.86055598207991224E-1
1.47699999999999987E9	9.86033941937652436E-1
1.47800000000000020E9	9.86012286046947928E-1
1.47900000000000009E9	9.85990630559211390E-1
1.47999999999999998E9	9.85968975497178235E-1
1.48099999999999987E9	9.85947320883676070E-1
1.48199999999999976E9	9.85925666742139128E-1
1.48300000000000010E9	9.85904013093603915E-1
1.48399999999999999E9	9.85882359962534949E-1
1.48499999999999988E9	9.85860707370543032E-1
1.48599999999999999E9	9.85839055340852077E-1
1.48699999999999988E9	9.85817403895422650E-1
1.48799999999999999E9	9.85795753057328028E-1
1.48900000000000010E9	9.85774102848503375E-1
1.48999999999999999E9	9.85752453292741215E-1
1.49100000000000010E9	9.85730804410334471E-1
1.49199999999999977E9	9.85709156225245309E-1
1.49300000000000010E9	9.85687508759778197E-1
1.49400000000000022E9	9.85665862036057128E-1
1.49499999999999988E9	9.85644216076134150E-1
1.49600000000000000E9	9.85622570902576811E-1
1.49699999999999989E9	9.85600926537135891E-1
1.49800000000000000E9	9.85579283002076245E-1
1.49900000000000011E9	9.85557640320415196E-1
1.50000000000000000E9	9.85535998513159228E-1
1.50099999999999989E9	9.85514357603414126E-1
1.50200000000000000E9	9.85492717612306279E-1
1.50300000000000011E9	9.85471078562067504E-1
1.50400000000000000E9	9.85449440475394134E-1
1.50500000000000012E9	9.85427803372650146E-1
1.50599999999999978E9	9.85406167277104927E-1
1.50699999999999990E9	9.85384532210635378E-1
1.50800000000000023E9	9.85362898194927439E-1
1.50899999999999990E9	9.85341265251280163E-1
1.51000000000000001E9	9.85319633401547890E-1
1.51099999999999990E9	9.85298002668201178E-1
1.51200000000000001E9	9.85276373071216227E-1
1.51300000000000012E9	9.85254744634027801E-1
1.51400000000000001E9	9.85233117378317047E-1
1.51500000000000012E9	9.85211491324040800E-1
1.51600000000000001E9	9.85189866494641997E-1
1.51699999999999990E9	9.85168242910071967E-1
1.51800000000000024E9	9.85146620592553113E-1
1.51900000000000013E9	9.85124999563079307E-1
1.52000000000000002E9	9.85103379844038329E-1
1.52099999999999991E9	9.85081761455753124E-1
1.52199999999999980E9	9.85060144419797012E-1
1.52300000000000013E9	9.85038528758371612E-1
1.52400000000000002E9	9.85016914491539985E-1
1.52499999999999991E9	9.84995301641188092E-1
1.52600000000000002E9	9.84973690228509824E-1
1.52699999999999991E9	9.84952080274573305E-1
1.52800000000000002E9	9.84930471800849716E-1
1.52900000000000014E9	9.84908864827081842E-1
1.53000000000000003E9	9.84887259376319690E-1
1.53099999999999992E9	9.84865655468251866E-1
1.53199999999999981E9	9.84844053124308161E-1
1.53300000000000014E9	9.84822452365419032E-1
1.53400000000000003E9	9.84800853212299110E-1
1.53499999999999992E9	9.84779255686382093E-1
1.53600000000000003E9	9.84757659807524277E-1
1.53699999999999992E9	9.84736065598026933E-1
1.53800000000000003E9	9.84714473077205099E-1
1.53900000000000015E9	9.84692882267256309E-1
1.54000000000000004E9	9.84671293187676788E-1
1.54099999999999993E9	9.84649705859646929E-1
1.54199999999999982E9	9.84628120304034482E-1
1.54300000000000015E9	9.84606536540836252E-1
1.54400000000000004E9	9.84584954591080574E-1
1.54499999999999993E9	9.84563374475373898E-1
1.54599999999999982E9	9.84541796214468512E-1
1.54699999999999993E9	9.84520219827977705E-1
1.54800000000000004E9	9.84498645337297518E-1
1.54899999999999993E9	9.84477072762578409E-1
1.55000000000000004E9	9.84455502123814696E-1
1.55099999999999993E9	9.84433933441265907E-1
1.55200000000000005E9	9.84412366736494882E-1
1.55300000000000016E9	9.84390802028251422E-1
1.55400000000000005E9	9.84369239337208590E-1
1.55500000000000016E9	9.84347678684771488E-1
1.55599999999999983E9	9.84326120089553669E-1
1.55699999999999994E9	9.84304563572267099E-1
1.55800000000000027E9	9.84283009153273447E-1
1.55899999999999994E9	9.84261456852330952E-1
1.56000000000000005E9	9.84239906689386501E-1
1.56099999999999994E9	9.84218358685575900E-1
1.56199999999999983E9	9.84196812859333470E-1
1.56300000000000017E9	9.84175269231198513E-1
1.56400000000000006E9	9.84153727821550817E-1
1.56499999999999995E9	9.84132188649683037E-1
1.56600000000000006E9	9.84110651735752562E-1
1.56699999999999973E9	9.84089117099663113E-1
1.56800000000000006E9	9.84067584761116265E-1
1.56900000000000017E9	9.84046054739583909E-1
1.56999999999999984E9	9.84024527054771170E-1
1.57099999999999995E9	9.84003001726362214E-1
1.57199999999999984E9	9.83981478774466112E-1
1.57299999999999995E9	9.83959958218680342E-1
1.57400000000000007E9	9.83938440078571297E-1
1.57499999999999996E9	9.83916924372767454E-1
1.57600000000000007E9	9.83895411121741859E-1
1.57699999999999996E9	9.83873900344699592E-1
1.57800000000000007E9	9.83852392061405823E-1
1.57900000000000018E9	9.83830886291272932E-1
1.58000000000000007E9	9.83809383052922826E-1
1.58099999999999996E9	9.83787882366640964E-1
1.58199999999999985E9	9.83766384250956527E-1
1.58300000000000018E9	9.83744888726238997E-1
1.58400000000000007E9	9.83723395810057788E-1
1.58499999999999996E9	9.83701905522684861E-1
1.58599999999999985E9	9.83680417883933522E-1
1.58699999999999997E9	9.83658932912063477E-1
1.58800000000000008E9	9.83637450626301657E-1
1.58899999999999997E9	9.83615971046140558E-1
1.59000000000000008E9	9.83594494190345259E-1
1.59099999999999997E9	9.83573020077547433E-1
1.59199999999999986E9	9.83551548727368541E-1
1.59300000000000019E9	9.83530080158769593E-1
1.59400000000000008E9	9.83508614389992353E-1
1.59499999999999997E9	9.83487151441103435E-1
1.59599999999999986E9	9.83465691330142455E-1
1.59699999999999998E9	9.83444234076164570E-1
1.59800000000000009E9	9.83422779697602145E-1
1.59899999999999998E9	9.83401328213499504E-1
1.60000000000000009E9	9.83379879643483079E-1
1.60099999999999976E9	9.83358434004647819E-1
1.60199999999999987E9	9.83336991316600262E-1
1.60300000000000020E9	9.83315551597293691E-1
1.60399999999999987E9	9.83294114866329849E-1
1.60499999999999998E9	9.83272681142207183E-1
1.60599999999999987E9	9.83251250442505231E-1
1.60699999999999998E9	9.83229822786717378E-1
1.60800000000000010E9	9.83208398192996391E-1
1.60899999999999999E9	9.83186976679179025E-1
1.61000000000000010E9	9.83165558264779094E-1
1.61099999999999999E9	9.83144142967480938E-1
1.61199999999999966E9	9.83122730805867029E-1
1.61300000000000021E9	9.83101321798082495E-1
1.61400000000000010E9	9.83079915962374251E-1
1.61499999999999977E9	9.83058513317835292E-1
1.61600000000000010E9	9.83037113881200497E-1
1.61699999999999977E9	9.83015717671556288E-1
1.61799999999999988E9	9.82994324707628664E-1
1.61900000000000022E9	9.82972935006432991E-1
1.61999999999999988E9	9.82951548586729551E-1
1.62100000000000000E9	9.82930165466683192E-1
1.62199999999999989E9	9.82908785663630091E-1
1.62300000000000000E9	9.82887409195980766E-1
1.62400000000000011E9	9.82866036082101502E-1
1.62500000000000000E9	9.82844666339589601E-1
1.62599999999999989E9	9.82823299985945376E-1
1.62700000000000000E9	9.82801937039526052E-1
1.62800000000000011E9	9.82780577518204979E-1
1.62900000000000000E9	9.82759221439569508E-1
1.63000000000000012E9	9.82737868821413585E-1
1.63099999999999978E9	9.82716519681850542E-1
1.63200000000000012E9	9.82695174038868480E-1
1.63300000000000023E9	9.82673831909128204E-1
1.63399999999999990E9	9.82652493310813213E-1
1.63500000000000023E9	9.82631158261772342E-1
1.63599999999999990E9	9.82609826778821294E-1
1.63699999999999979E9	9.82588498880487471E-1
1.63800000000000034E9	9.82567174584593772E-1
1.63900000000000001E9	9.82545853906695754E-1
1.63999999999999990E9	9.82524536866543663E-1
1.64100000000000001E9	9.82503223479857368E-1
1.64199999999999990E9	9.82481913765407455E-1
1.64300000000000002E9	9.82460607739658265E-1
1.64400000000000013E9	9.82439305420320608E-1
1.64500000000000002E9	9.82418006823981571E-1
1.64600000000000013E9	9.82396711969303027E-1
1.64699999999999980E9	9.82375420872958571E-1
1.64800000000000013E9	9.82354133551684505E-1
1.64900000000000024E9	9.82332850022817716E-1
1.64999999999999991E9	9.82311570304354298E-1
1.65099999999999980E9	9.82290294412423926E-1
1.65199999999999991E9	9.82269022364657118E-1
1.65300000000000002E9	9.82247754177576304E-1
1.65399999999999991E9	9.82226489869366048E-1
1.65500000000000003E9	9.82205229455582618E-1
1.65599999999999992E9	9.82183972954368478E-1
1.65700000000000003E9	9.82162720381870535E-1
1.65800000000000014E9	9.82141471755762119E-1
1.65900000000000003E9	9.82120227092275044E-1
1.66000000000000014E9	9.82098986408467134E-1
1.66100000000000003E9	9.82077749721622872E-1
1.66199999999999970E9	9.82056517047895028E-1
1.66300000000000026E9	9.82035288403948670E-1
1.66400000000000015E9	9.82014063806943049E-1
1.66499999999999981E9	9.81992843274291261E-1
1.66599999999999993E9	9.81971626821156285E-1
1.66699999999999982E9	9.81950414465181254E-1
1.66799999999999993E9	9.81929206222615569E-1
1.66900000000000004E9	9.81908002110064793E-1
1.66999999999999993E9	9.81886802143815807E-1
1.67100000000000004E9	9.81865606341082042E-1
1.67199999999999993E9	9.81844414717941127E-1
1.67300000000000004E9	9.81823227291231326E-1
1.67400000000000015E9	9.81802044076588132E-1
1.67500000000000004E9	9.81780865091351274E-1
1.67599999999999971E9	9.81759690351056591E-1
1.67700000000000005E9	9.81738519872823723E-1
1.67800000000000016E9	9.81717353672375914E-1
1.67899999999999983E9	9.81696191765754023E-1
1.68000000000000016E9	9.81675034170362615E-1
1.68099999999999983E9	9.81653880901064824E-1
1.68199999999999994E9	9.81632731975011730E-1
1.68300000000000027E9	9.81611587407891406E-1
1.68399999999999994E9	9.81590447216698081E-1
1.68500000000000005E9	9.81569311415293377E-1
1.68599999999999994E9	9.81548180022397254E-1
1.68699999999999983E9	9.81527053052398024E-1
1.68800000000000017E9	9.81505930522479453E-1
1.68900000000000006E9	9.81484812447815891E-1
1.68999999999999995E9	9.81463698843936605E-1
1.69100000000000006E9	9.81442589728108672E-1
1.69199999999999973E9	9.81421485114482017E-1
1.69300000000000006E9	9.81400385020695332E-1
1.69400000000000017E9	9.81379289461620807E-1
1.69499999999999984E9	9.81358198453264841E-1
1.69600000000000017E9	9.81337112011037505E-1
1.69699999999999984E9	9.81316030151747043E-1
1.69799999999999995E9	9.81294952889433425E-1
1.69900000000000029E9	9.81273880241362484E-1
1.69999999999999996E9	9.81252812222208348E-1
1.70099999999999985E9	9.81231748847704033E-1
1.70199999999999996E9	9.81210690133925567E-1
1.70300000000000007E9	9.81189636096507378E-1
1.70399999999999996E9	9.81168586750434990E-1
1.70500000000000007E9	9.81147542111178694E-1
1.70599999999999996E9	9.81126502194374872E-1
1.70700000000000007E9	9.81105467016138633E-1
1.70800000000000018E9	9.81084436590909093E-1
1.70900000000000007E9	9.81063410934627100E-1
1.71000000000000019E9	9.81042390062679814E-1
1.71099999999999985E9	9.81021373989907630E-1
1.71199999999999974E9	9.81000362731709785E-1
1.71300000000000030E9	9.80979356303828354E-1
1.71399999999999997E9	9.80958354721356862E-1
1.71499999999999986E9	9.80937358000335813E-1
1.71599999999999997E9	9.80916366153198993E-1
1.71699999999999986E9	9.80895379198011952E-1
1.71799999999999997E9	9.80874397148673260E-1
1.71900000000000008E9	9.80853420020048183E-1
1.71999999999999997E9	9.80832447828158749E-1
1.72100000000000009E9	9.80811480586795348E-1
1.72199999999999998E9	9.80790518311996173E-1
1.72300000000000009E9	9.80769561018447966E-1
1.72400000000000020E9	9.80748608721195403E-1
1.72500000000000009E9	9.80727661435215836E-1
1.72599999999999976E9	9.80706719174322394E-1
1.72699999999999987E9	9.80685781954885982E-1
1.72800000000000020E9	9.80664849790861481E-1
1.72899999999999987E9	9.80643922697657366E-1
1.72999999999999998E9	9.80623000688692414E-1
1.73099999999999987E9	9.80602083780520850E-1
1.73199999999999998E9	9.80581171987003231E-1
1.73300000000000010E9	9.80560265322576541E-1
1.73399999999999999E9	9.80539363802644459E-1
1.73500000000000010E9	9.80518467441162755E-1
1.73599999999999999E9	9.80497576253038261E-1
1.73699999999999966E9	9.80476690252415928E-1
1.73800000000000021E9	9.80455809454907978E-1
1.73900000000000010E9	9.80434933873598347E-1
1.73999999999999977E9	9.80414063523776136E-1
1.74100000000000010E9	9.80393198420363277E-1
1.74199999999999977E9	9.80372338576818159E-1
1.74299999999999988E9	9.80351484008260421E-1
1.74400000000000022E9	9.80330634728666794E-1
1.74499999999999988E9	9.80309790752533594E-1
1.74600000000000000E9	9.80288952094835686E-1
1.74699999999999989E9	9.80268118768259100E-1
1.74800000000000000E9	9.80247290788367387E-1
1.74900000000000011E9	9.80226468169412790E-1
1.75000000000000000E9	9.80205650924555982E-1
1.75099999999999989E9	9.80184839068713920E-1
1.75200000000000000E9	9.80164032616343128E-1
1.75300000000000011E9	9.80143231580827567E-1
1.75400000000000000E9	9.80122435976933026E-1
1.75500000000000012E9	9.80101645818088407E-1
1.75599999999999978E9	9.80080861119104441E-1
1.75700000000000012E9	9.80060081892732171E-1
1.75800000000000023E9	9.80039308153965649E-1
1.75899999999999990E9	9.80018539916903109E-1
1.76000000000000023E9	9.79997777194816422E-1
1.76099999999999990E9	9.79977020002336374E-1
1.76199999999999979E9	9.79956268352145266E-1
1.76300000000000034E9	9.79935522259166270E-1
1.76400000000000001E9	9.79914781736179030E-1
1.76499999999999990E9	9.79894046798645491E-1
1.76600000000000001E9	9.79873317459056103E-1
1.76699999999999990E9	9.79852593731434496E-1
1.76800000000000002E9	9.79831875628984150E-1
1.76900000000000013E9	9.79811163166049859E-1
1.77000000000000002E9	9.79790456356323780E-1
1.77100000000000013E9	9.79769755212699422E-1
1.77199999999999980E9	9.79749059749436668E-1
1.77300000000000013E9	9.79728369980015756E-1
1.77400000000000024E9	9.79707685917071380E-1
1.77499999999999991E9	9.79687007575728863E-1
1.77599999999999980E9	9.79666334968426078E-1
1.77699999999999991E9	9.79645668108157608E-1
1.77800000000000002E9	9.79625007009238757E-1
1.77899999999999991E9	9.79604351685064678E-1
1.78000000000000003E9	9.79583702148542912E-1
1.78099999999999992E9	9.79563058413012655E-1
1.78200000000000003E9	9.79542420491888421E-1
1.78300000000000014E9	9.79521788398759163E-1
1.78400000000000003E9	9.79501162147043836E-1
1.78500000000000014E9	9.79480541748622358E-1
1.78600000000000003E9	9.79459927217658510E-1
1.78699999999999970E9	9.79439318567715489E-1
1.78800000000000026E9	9.79418715811312701E-1
1.78900000000000015E9	9.79398118961904451E-1
1.78999999999999981E9	9.79377528032074807E-1
1.79099999999999993E9	9.79356943035461569E-1
1.79199999999999982E9	9.79336363984474900E-1
1.79299999999999993E9	9.79315790893134874E-1
1.79400000000000004E9	9.79295223773462098E-1
1.79499999999999993E9	9.79274662639047477E-1
1.79600000000000004E9	9.79254107501856019E-1
1.79699999999999993E9	9.79233558376283497E-1
1.79800000000000004E9	9.79213015273181142E-1
1.79900000000000015E9	9.79192478207529327E-1
1.80000000000000004E9	9.79171947190964964E-1
1.80099999999999971E9	9.79151422235954882E-1
1.80200000000000005E9	9.79130903356767668E-1
1.80300000000000016E9	9.79110390564481214E-1
1.80399999999999983E9	9.79089883872322808E-1
1.80500000000000016E9	9.79069383293611217E-1
1.80599999999999983E9	9.79048888840544151E-1
1.80699999999999994E9	9.79028400524948594E-1
1.80800000000000027E9	9.79007918360865759E-1
1.80899999999999994E9	9.78987442360032567E-1
1.81000000000000005E9	9.78966972534579583E-1
1.81099999999999994E9	9.78946508898620671E-1
1.81199999999999983E9	9.78926051462640068E-1
1.81300000000000017E9	9.78905600240063478E-1
1.81400000000000006E9	9.78885155243957072E-1
1.81499999999999995E9	9.78864716485872322E-1
1.81600000000000006E9	9.78844283978068930E-1
1.81699999999999973E9	9.78823857733423708E-1
1.81800000000000006E9	9.78803437764169892E-1
1.81900000000000017E9	9.78783024082151520E-1
1.81999999999999984E9	9.78762616700446486E-1
1.82100000000000017E9	9.78742215630921919E-1
1.82199999999999984E9	9.78721820885277083E-1
1.82299999999999995E9	9.78701432476122690E-1
1.82400000000000029E9	9.78681050416143350E-1
1.82499999999999996E9	9.78660674716380008E-1
1.82599999999999985E9	9.78640305390143794E-1
1.82699999999999996E9	9.78619942448802327E-1
1.82800000000000007E9	9.78599585904616198E-1
1.82899999999999996E9	9.78579235769413813E-1
1.83000000000000007E9	9.78558892055231233E-1
1.83099999999999996E9	9.78538554774231173E-1
1.83200000000000007E9	9.78518223938104370E-1
1.83300000000000018E9	9.78497899558805884E-1
1.83400000000000007E9	9.78477581648970229E-1
1.83500000000000019E9	9.78457270219661446E-1
1.83599999999999985E9	9.78436965282799420E-1
1.83699999999999974E9	9.78416666850425543E-1
1.83800000000000030E9	9.78396374934715674E-1
1.83899999999999997E9	9.78376089546289407E-1
1.83999999999999986E9	9.78355810698037587E-1
1.84099999999999997E9	9.78335538401141136E-1
1.84199999999999986E9	9.78315272666918290E-1
1.84299999999999997E9	9.78295013508134481E-1
1.84400000000000008E9	9.78274760935404686E-1
1.84499999999999997E9	9.78254514961211008E-1
1.84600000000000009E9	9.78234275596197023E-1
1.84699999999999998E9	9.78214042852467536E-1
1.84800000000000009E9	9.78193816741566380E-1
1.84900000000000020E9	9.78173597274154716E-1
1.85000000000000009E9	9.78153384463460718E-1
1.85099999999999976E9	9.78133178319168017E-1
1.85199999999999987E9	9.78112978853982540E-1
1.85300000000000020E9	9.78092786078391896E-1
1.85399999999999987E9	9.78072600004486858E-1
1.85499999999999998E9	9.78052420642985076E-1
1.85599999999999987E9	9.78032248005246352E-1
1.85699999999999998E9	9.78012082103279212E-1
1.85800000000000010E9	9.77991922947852110E-1
1.85899999999999999E9	9.77971770550282393E-1
1.86000000000000010E9	9.77951624921458063E-1
1.86099999999999999E9	9.77931486073545209E-1
1.86199999999999966E9	9.77911354015788881E-1
1.86300000000000021E9	9.77891228761930975E-1
1.86400000000000010E9	9.77871110321180659E-1
1.86499999999999977E9	9.77850998705144825E-1
1.86600000000000010E9	9.77830893925069056E-1
1.86699999999999977E9	9.77810795991293702E-1
1.86799999999999988E9	9.77790704915815390E-1
1.86900000000000022E9	9.77770620709435256E-1
1.86999999999999988E9	9.77750543382581760E-1
1.87100000000000000E9	9.77730472946664086E-1
1.87199999999999989E9	9.77710409412138759E-1
1.87300000000000000E9	9.77690352790202866E-1
1.87400000000000011E9	9.77670303091711190E-1
1.87500000000000000E9	9.77650260327256859E-1
1.87599999999999989E9	9.77630224508161660E-1
1.87700000000000000E9	9.77610195644948554E-1
1.87800000000000011E9	9.77590173747971747E-1
1.87900000000000000E9	9.77570158828354785E-1
1.88000000000000012E9	9.77550150896834502E-1
1.88099999999999978E9	9.77530149964341000E-1
1.88200000000000012E9	9.77510156040638023E-1
1.88300000000000023E9	9.77490169137345077E-1
1.88399999999999990E9	9.77470189264049161E-1
1.88500000000000023E9	9.77450216432462149E-1
1.88599999999999990E9	9.77430250652130361E-1
1.88699999999999979E9	9.77410291934158337E-1
1.88800000000000034E9	9.77390340289439941E-1
1.88900000000000001E9	9.77370395727124830E-1
1.88999999999999990E9	9.77350458259300225E-1
1.89100000000000001E9	9.77330527895231427E-1
1.89199999999999990E9	9.77310604645629510E-1
1.89300000000000002E9	9.77290688520398731E-1
1.89400000000000013E9	9.77270779530891787E-1
1.89500000000000002E9	9.77250877687163566E-1
1.89600000000000013E9	9.77230982998636577E-1
1.89699999999999980E9	9.77211095477031222E-1
1.89800000000000013E9	9.77191215130747004E-1
1.89900000000000024E9	9.77171341971349428E-1
1.89999999999999991E9	9.77151476009549214E-1
1.90099999999999980E9	9.77131617254119611E-1
1.90199999999999991E9	9.77111765715763170E-1
1.90300000000000002E9	9.77091921404829300E-1
1.90399999999999991E9	9.77072084331217638E-1
1.90500000000000003E9	9.77052254505256279E-1
1.90599999999999992E9	9.77032431936278378E-1
1.90700000000000003E9	9.77012616634909037E-1
1.90800000000000014E9	9.76992808611081998E-1
1.90900000000000003E9	9.76973007874823374E-1
1.91000000000000014E9	9.76953214435690853E-1
1.91100000000000003E9	9.76933428304195317E-1
1.91199999999999970E9	9.76913649489672054E-1
1.91300000000000026E9	9.76893878002189275E-1
1.91400000000000015E9	9.76874113852159631E-1
1.91499999999999981E9	9.76854357048713418E-1
1.91599999999999993E9	9.76834607601961480E-1
1.91699999999999982E9	9.76814865521542508E-1
1.91799999999999993E9	9.76795130817080270E-1
1.91900000000000004E9	9.76775403498628947E-1
1.91999999999999993E9	9.76755683575831135E-1
1.92100000000000004E9	9.76735971058464258E-1
1.92199999999999993E9	9.76716265955709417E-1
1.92300000000000004E9	9.76696568277489341E-1
1.92400000000000015E9	9.76676878033224583E-1
1.92500000000000004E9	9.76657195233270237E-1
1.92599999999999971E9	9.76637519886135763E-1
1.92700000000000005E9	9.76617852001465359E-1
1.92800000000000016E9	9.76598191589582854E-1
1.92899999999999983E9	9.76578538659622630E-1
1.93000000000000016E9	9.76558893220878410E-1
1.93099999999999983E9	9.76539255282910190E-1
1.93199999999999994E9	9.76519624854495305E-1
1.93300000000000027E9	9.76500001945884399E-1
1.93399999999999994E9	9.76480386565959435E-1
1.93500000000000005E9	9.76460778725067513E-1
1.93599999999999994E9	9.76441178430897949E-1
1.93699999999999983E9	9.76421585693877425E-1
1.93800000000000017E9	9.76402000522674918E-1
1.93900000000000006E9	9.76382422926980276E-1
1.93999999999999995E9	9.76362852915557866E-1
1.94100000000000006E9	9.76343290497687200E-1
1.94199999999999973E9	9.76323735683148186E-1
1.94300000000000006E9	9.76304188480714075E-1
1.94400000000000017E9	9.76284648898631779E-1
1.94499999999999984E9	9.76265116948203016E-1
1.94600000000000017E9	9.76245592635913439E-1
1.94699999999999984E9	9.76226075972595986E-1
1.94799999999999995E9	9.76206566966284939E-1
1.94900000000000029E9	9.76187065626668549E-1
1.94999999999999996E9	9.76167571961794778E-1
1.95099999999999985E9	9.76148085981847835E-1
1.95199999999999996E9	9.76128607694998252E-1
1.95300000000000007E9	9.76109137110459635E-1
1.95399999999999996E9	9.76089674236788873E-1
1.95500000000000007E9	9.76070219083213608E-1
1.95599999999999996E9	9.76050771657814664E-1
1.95700000000000007E9	9.76031331970724381E-1
1.95800000000000018E9	9.76011900029515189E-1
1.95900000000000007E9	9.75992475843487739E-1
1.96000000000000019E9	9.75973059421452049E-1
1.96099999999999985E9	9.75953650771162273E-1
1.96199999999999974E9	9.75934249903548334E-1
1.96300000000000030E9	9.75914856825090737E-1
1.96399999999999997E9	9.75895471544621707E-1
1.96499999999999986E9	9.75876094072022049E-1
1.96599999999999997E9	9.75856724415489118E-1
1.96699999999999986E9	9.75837362582076473E-1
1.96799999999999997E9	9.75818008582726293E-1
1.96900000000000008E9	9.75798662424521268E-1
1.96999999999999997E9	9.75779324115931779E-1
1.97100000000000009E9	9.75759993666092740E-1
1.97199999999999998E9	9.75740671082900590E-1
1.97300000000000009E9	9.75721356374951476E-1
1.97400000000000020E9	9.75702049550859307E-1
1.97500000000000009E9	9.75682750618794437E-1
1.97599999999999976E9	9.75663459587402038E-1
1.97699999999999987E9	9.75644176464521884E-1
1.97800000000000020E9	9.75624901258662369E-1
1.97899999999999987E9	9.75605633978785391E-1
1.97999999999999998E9	9.75586374631635422E-1
1.98099999999999987E9	9.75567123227140343E-1
1.98199999999999998E9	9.75547879772608972E-1
1.98300000000000010E9	9.75528644277108370E-1
1.98399999999999999E9	9.75509416746974800E-1
1.98500000000000010E9	9.75490197192028674E-1
1.98599999999999999E9	9.75470985619310582E-1
1.98699999999999966E9	9.75451782038458326E-1
1.98800000000000021E9	9.75432586456204653E-1
1.98900000000000010E9	9.75413398880679594E-1
1.98999999999999977E9	9.75394219320844869E-1
1.99100000000000010E9	9.75375047783652072E-1
1.99199999999999977E9	9.75355884277911045E-1
1.99299999999999988E9	9.75336728811101494E-1
1.99400000000000022E9	9.75317581391250066E-1
1.99499999999999988E9	9.75298442026361556E-1
1.99600000000000000E9	9.75279310724300252E-1
1.99699999999999989E9	9.75260187492707686E-1
1.99800000000000000E9	9.75241072340947923E-1
1.99900000000000011E9	9.75221965274856473E-1
2.00000000000000000E9	9.75202866302429072E-1
2.00099999999999989E9	9.75183775431883859E-1
2.00199999999999978E9	9.75164692672217370E-1
2.00300000000000011E9	9.75145618029263872E-1
2.00400000000000000E9	9.75126551511505468E-1
2.00499999999999989E9	9.75107493127009306E-1
2.00599999999999978E9	9.75088442883227913E-1
2.00700000000000012E9	9.75069400787467977E-1
2.00800000000000001E9	9.75050366847860772E-1
2.00899999999999990E9	9.75031341071350965E-1
2.01000000000000023E9	9.75012323466081554E-1
2.01100000000000012E9	9.74993314039597081E-1
2.01199999999999957E9	9.74974312799462695E-1
2.01300000000000034E9	9.74955319752942273E-1
2.01400000000000023E9	9.74936334907324387E-1
2.01499999999999968E9	9.74917358270507783E-1
2.01600000000000001E9	9.74898389849376379E-1
2.01699999999999990E9	9.74879429652426310E-1
2.01799999999999979E9	9.74860477686109661E-1
2.01900000000000013E9	9.74841533958209183E-1
2.02000000000000002E9	9.74822598475538626E-1
2.02099999999999991E9	9.74803671246528936E-1
2.02199999999999980E9	9.74784752277440880E-1
2.02300000000000013E9	9.74765841575892900E-1
2.02400000000000002E9	9.74746939149057923E-1
2.02499999999999991E9	9.74728045005368671E-1
2.02599999999999980E9	9.74709159150219584E-1
2.02700000000000014E9	9.74690281591448127E-1
2.02800000000000002E9	9.74671412337068688E-1
2.02899999999999991E9	9.74652551392643218E-1
2.03000000000000025E9	9.74633698767202006E-1
2.03099999999999969E9	9.74614854466666536E-1
2.03200000000000003E9	9.74596018497777550E-1
2.03300000000000036E9	9.74577190868898136E-1
2.03399999999999981E9	9.74558371586480376E-1
2.03500000000000014E9	9.74539560657325232E-1
2.03600000000000003E9	9.74520758088091554E-1
2.03699999999999992E9	9.74501963886256917E-1
2.03800000000000026E9	9.74483178059000821E-1
2.03900000000000015E9	9.74464400612927584E-1
2.04000000000000004E9	9.74445631554891278E-1
2.04099999999999993E9	9.74426870892816055E-1
2.04199999999999982E9	9.74408118631517084E-1
2.04300000000000015E9	9.74389374779329387E-1
2.04400000000000004E9	9.74370639343346845E-1
2.04499999999999993E9	9.74351912328790171E-1
2.04600000000000026E9	9.74333193744440429E-1
2.04699999999999971E9	9.74314483595946612E-1
2.04800000000000004E9	9.74295781889902379E-1
2.04900000000000038E9	9.74277088633067301E-1
2.04999999999999982E9	9.74258403832119413E-1
2.05099999999999971E9	9.74239727495434238E-1
2.05200000000000005E9	9.74221059626827213E-1
2.05299999999999994E9	9.74202400234729282E-1
2.05399999999999983E9	9.74183749325335313E-1
2.05500000000000016E9	9.74165106905604361E-1
2.05600000000000005E9	9.74146472981555256E-1
2.05699999999999994E9	9.74127847559947568E-1
2.05800000000000027E9	9.74109230647177426E-1
2.05900000000000016E9	9.74090622250183458E-1
2.06000000000000005E9	9.74072022374293844E-1
2.06099999999999994E9	9.74053431027422789E-1
2.06199999999999983E9	9.74034848215396387E-1
2.06300000000000017E9	9.74016273944118893E-1
2.06400000000000006E9	9.73997708221760661E-1
2.06499999999999995E9	9.73979151052658310E-1
2.06599999999999984E9	9.73960602443469448E-1
2.06699999999999973E9	9.73942062401442499E-1
2.06800000000000006E9	9.73923530932550641E-1
2.06899999999999995E9	9.73905008043064058E-1
2.06999999999999984E9	9.73886493739314574E-1
2.07100000000000017E9	9.73867988026749387E-1
2.07200000000000006E9	9.73849490912553506E-1
2.07299999999999995E9	9.73831002402861756E-1
2.07400000000000029E9	9.73812522503316913E-1
2.07500000000000018E9	9.73794051220141910E-1
2.07599999999999962E9	9.73775588560872052E-1
2.07699999999999996E9	9.73757134529492774E-1
2.07800000000000029E9	9.73738689133376667E-1
2.07899999999999974E9	9.73720252378345030E-1
2.08000000000000007E9	9.73701824270453642E-1
2.08099999999999996E9	9.73683404815818854E-1
2.08199999999999985E9	9.73664994020499996E-1
2.08300000000000018E9	9.73646591889156632E-1
2.08400000000000007E9	9.73628198430303193E-1
2.08499999999999996E9	9.73609813648787004E-1
2.08599999999999985E9	9.73591437549073113E-1
2.08699999999999974E9	9.73573070138894892E-1
2.08800000000000008E9	9.73554711423570396E-1
2.08899999999999997E9	9.73536361409088791E-1
2.08999999999999986E9	9.73518020101107417E-1
2.09100000000000019E9	9.73499687505957567E-1
2.09199999999999964E9	9.73481363627966267E-1
2.09299999999999997E9	9.73463048474902592E-1
2.09400000000000031E9	9.73444742050840794E-1
2.09499999999999975E9	9.73426444362933196E-1
2.09600000000000009E9	9.73408155415489773E-1
2.09699999999999998E9	9.73389875215144684E-1
2.09799999999999986E9	9.73371603768672777E-1
2.09900000000000020E9	9.73353341078367151E-1
2.10000000000000009E9	9.73335087153343181E-1
2.10099999999999998E9	9.73316841997604421E-1
2.10199999999999987E9	9.73298605617478785E-1
2.10300000000000020E9	9.73280378017431325E-1
2.10400000000000009E9	9.73262159204081279E-1
2.10499999999999998E9	9.73243949181961199E-1
2.10599999999999987E9	9.73225747957467391E-1
2.10700000000000021E9	9.73207555536642133E-1
2.10800000000000010E9	9.73189371923201385E-1
2.10899999999999999E9	9.73171197123625120E-1
2.11000000000000032E9	9.73153031143199598E-1
2.11099999999999977E9	9.73134873987501159E-1
2.11199999999999966E9	9.73116725662220894E-1
2.11300000000000043E9	9.73098586171996871E-1
2.11399999999999988E9	9.73080455522379495E-1
2.11499999999999977E9	9.73062333719695260E-1
2.11600000000000010E9	9.73044220768062118E-1
2.11699999999999999E9	9.73026116672782670E-1
2.11799999999999988E9	9.73008021439490989E-1
2.11900000000000022E9	9.72989935073955792E-1
2.12000000000000011E9	9.72971857580468757E-1
2.12100000000000000E9	9.72953788965030775E-1
2.12199999999999989E9	9.72935729232201574E-1
2.12300000000000022E9	9.72917678387492479E-1
2.12400000000000011E9	9.72899636436252102E-1
2.12500000000000000E9	9.72881603383437721E-1
2.12599999999999989E9	9.72863579233592013E-1
2.12699999999999978E9	9.72845563992564522E-1
2.12800000000000011E9	9.72827557665679699E-1
2.12900000000000000E9	9.72809560256781936E-1
2.12999999999999989E9	9.72791571771447394E-1
2.13099999999999978E9	9.72773592216144856E-1
2.13200000000000012E9	9.72755621593675102E-1
2.13300000000000001E9	9.72737659910549013E-1
2.13399999999999990E9	9.72719707170960213E-1
2.13500000000000023E9	9.72701763379740925E-1
2.13600000000000012E9	9.72683828541633311E-1
2.13699999999999957E9	9.72665902661975323E-1
2.13800000000000034E9	9.72647985746633736E-1
2.13900000000000023E9	9.72630077798832993E-1
2.13999999999999968E9	9.72612178824328844E-1
2.14100000000000001E9	9.72594288827832898E-1
2.14199999999999990E9	9.72576407813392940E-1
2.14299999999999979E9	9.72558535786829026E-1
2.14400000000000013E9	9.72540672752695556E-1
2.14500000000000002E9	9.72522818714698190E-1
2.14599999999999991E9	9.72504973679109419E-1
2.14699999999999980E9	9.72487137649794242E-1
2.14800000000000013E9	9.72469310631607797E-1
2.14900000000000002E9	9.72451492628583125E-1
2.14999999999999991E9	9.72433683645415670E-1
2.15099999999999980E9	9.72415883688297278E-1
2.15200000000000014E9	9.72398092759911847E-1
2.15300000000000002E9	9.72380310866647157E-1
2.15399999999999991E9	9.72362538010730049E-1
2.15500000000000025E9	9.72344774199351747E-1
2.15599999999999969E9	9.72327019435746820E-1
2.15700000000000003E9	9.72309273723795187E-1
2.15800000000000036E9	9.72291537068791278E-1
2.15899999999999981E9	9.72273809475110617E-1
2.16000000000000014E9	9.72256090947370843E-1
2.16100000000000003E9	9.72238381489340853E-1
2.16199999999999992E9	9.72220681106209383E-1
2.16300000000000026E9	9.72202989801668593E-1
2.16400000000000015E9	9.72185307581132463E-1
2.16500000000000004E9	9.72167634447336226E-1
2.16599999999999993E9	9.72149970406246844E-1
2.16699999999999982E9	9.72132315461642627E-1
2.16800000000000015E9	9.72114669616134996E-1
2.16900000000000004E9	9.72097032877312195E-1
2.16999999999999993E9	9.72079405247398043E-1
2.17100000000000026E9	9.72061786730075994E-1
2.17199999999999971E9	9.72044177331396320E-1
2.17300000000000004E9	9.72026577053229346E-1
2.17400000000000038E9	9.72008985901683253E-1
2.17499999999999982E9	9.71991403880587335E-1
2.17599999999999971E9	9.71973830993160526E-1
2.17700000000000005E9	9.71956267244406291E-1
2.17799999999999994E9	9.71938712639241942E-1
2.17899999999999983E9	9.71921167179571910E-1
2.18000000000000016E9	9.71903630871118018E-1
2.18100000000000005E9	9.71886103716561855E-1
2.18199999999999994E9	9.71868585721491129E-1
2.18300000000000027E9	9.71851076888891896E-1
2.18400000000000016E9	9.71833577223547174E-1
2.18500000000000005E9	9.71816086728710360E-1
2.18599999999999994E9	9.71798605409003180E-1
2.18699999999999983E9	9.71781133266797426E-1
2.18800000000000017E9	9.71763670308633465E-1
2.18900000000000006E9	9.71746216536233121E-1
2.18999999999999995E9	9.71728771953995185E-1
2.19099999999999984E9	9.71711336566105466E-1
2.19199999999999973E9	9.71693910377221037E-1
2.19300000000000006E9	9.71676493388503104E-1
2.19399999999999995E9	9.71659085606691697E-1
2.19499999999999984E9	9.71641687034228418E-1
2.19600000000000017E9	9.71624297675275628E-1
2.19700000000000006E9	9.71606917532863079E-1
2.19799999999999995E9	9.71589546611218324E-1
2.19900000000000029E9	9.71572184914728787E-1
2.20000000000000018E9	9.71554832445889005E-1
2.20099999999999962E9	9.71537489208635208E-1
2.20199999999999996E9	9.71520155208365033E-1
2.20300000000000029E9	9.71502830445100507E-1
2.20399999999999974E9	9.71485514926303040E-1
2.20500000000000007E9	9.71468208654245480E-1
2.20599999999999996E9	9.71450911631683134E-1
2.20699999999999985E9	9.71433623861606499E-1
2.20800000000000018E9	9.71416345349373955E-1
2.20900000000000007E9	9.71399076097819680E-1
2.20999999999999996E9	9.71381816110238105E-1
2.21099999999999985E9	9.71364565390362955E-1
2.21199999999999974E9	9.71347323942241658E-1
2.21300000000000008E9	9.71330091767530490E-1
2.21399999999999997E9	9.71312868872282031E-1
2.21499999999999986E9	9.71295655258020751E-1
2.21600000000000019E9	9.71278450928850035E-1
2.21699999999999964E9	9.71261255887765174E-1
2.21799999999999997E9	9.71244070138691384E-1
2.21900000000000031E9	9.71226893684034387E-1
2.21999999999999975E9	9.71209726527156825E-1
2.22100000000000009E9	9.71192568673278345E-1
2.22199999999999998E9	9.71175420123930877E-1
2.22299999999999986E9	9.71158280882596969E-1
2.22400000000000020E9	9.71141150953555155E-1
2.22500000000000009E9	9.71124030338003053E-1
2.22599999999999998E9	9.71106919040952832E-1
2.22699999999999987E9	9.71089817064806837E-1
2.22800000000000020E9	9.71072724413631150E-1
2.22900000000000009E9	9.71055641089878208E-1
2.22999999999999998E9	9.71038567097952310E-1
2.23099999999999987E9	9.71021502437774053E-1
2.23200000000000021E9	9.71004447115624281E-1
2.23300000000000010E9	9.70987401134025419E-1
2.23399999999999999E9	9.70970364495338956E-1
2.23500000000000032E9	9.70953337202458933E-1
2.23599999999999977E9	9.70936319259404179E-1
2.23699999999999966E9	9.70919310668688951E-1
2.23800000000000043E9	9.70902311433810894E-1
2.23899999999999988E9	9.70885321556445469E-1
2.23999999999999977E9	9.70868341041355443E-1
2.24100000000000010E9	9.70851369889589400E-1
2.24199999999999999E9	9.70834408104533075E-1
2.24299999999999988E9	9.70817455691132913E-1
2.24400000000000022E9	9.70800512650230019E-1
2.24500000000000011E9	9.70783578985407125E-1
2.24600000000000000E9	9.70766654700313580E-1
2.24699999999999989E9	9.70749739795117961E-1
2.24800000000000022E9	9.70732834276108747E-1
2.24900000000000011E9	9.70715938143668744E-1
2.25000000000000000E9	9.70699051402293023E-1
2.25099999999999989E9	9.70682174053120761E-1
2.25199999999999978E9	9.70665306100417880E-1
2.25300000000000011E9	9.70648447545914017E-1
2.25400000000000000E9	9.70631598392248840E-1
2.25499999999999989E9	9.70614758643840148E-1
2.25599999999999978E9	9.70597928301345547E-1
2.25700000000000012E9	9.70581107367953067E-1
2.25800000000000001E9	9.70564295847212399E-1
2.25899999999999990E9	9.70547493741701750E-1
2.26000000000000023E9	9.70530701052214795E-1
2.26100000000000012E9	9.70513917784062485E-1
2.26199999999999957E9	9.70497143938615281E-1
2.26300000000000034E9	9.70480379517442771E-1
2.26400000000000023E9	9.70463624523263491E-1
2.26499999999999968E9	9.70446878961367254E-1
2.26600000000000001E9	9.70430142831838083E-1
2.26699999999999990E9	9.70413416136758755E-1
2.26799999999999979E9	9.70396698880970376E-1
2.26900000000000013E9	9.70379991063535918E-1
2.27000000000000002E9	9.70363292690622004E-1
2.27099999999999991E9	9.70346603762048865E-1
2.27199999999999980E9	9.70329924281490719E-1
2.27300000000000013E9	9.70313254251918877E-1
2.27400000000000002E9	9.70296593673740482E-1
2.27499999999999991E9	9.70279942551508867E-1
2.27599999999999980E9	9.70263300886238689E-1
2.27700000000000014E9	9.70246668680212920E-1
2.27800000000000002E9	9.70230045936182783E-1
2.27899999999999991E9	9.70213432656519537E-1
2.28000000000000025E9	9.70196828844558112E-1
2.28099999999999969E9	9.70180234501046357E-1
2.28200000000000003E9	9.70163649627489200E-1
2.28300000000000036E9	9.70147074228855288E-1
2.28399999999999981E9	9.70130508304262662E-1
2.28500000000000014E9	9.70113951858460233E-1
2.28600000000000003E9	9.70097404892645798E-1
2.28699999999999992E9	9.70080867408966974E-1
2.28800000000000026E9	9.70064339410891385E-1
2.28900000000000015E9	9.70047820898442836E-1
2.29000000000000004E9	9.70031311875353452E-1
2.29099999999999993E9	9.70014812342041211E-1
2.29199999999999982E9	9.69998322302307692E-1
2.29300000000000015E9	9.69981841757340213E-1
2.29400000000000004E9	9.69965370709597430E-1
2.29499999999999993E9	9.69948909161601414E-1
2.29600000000000026E9	9.69932457113706548E-1
2.29699999999999971E9	9.69916014569636609E-1
2.29800000000000004E9	9.69899581531127808E-1
2.29900000000000038E9	9.69883157999306356E-1
2.29999999999999982E9	9.69866743976788825E-1
2.30099999999999971E9	9.69850339466127487E-1
2.30200000000000005E9	9.69833944467213804E-1
2.30299999999999994E9	9.69817558985372941E-1
2.30399999999999983E9	9.69801183018187807E-1
2.30500000000000016E9	9.69784816572360953E-1
2.30600000000000005E9	9.69768459644405212E-1
2.30699999999999994E9	9.69752112241823738E-1
2.30800000000000027E9	9.69735774361323877E-1
2.30900000000000016E9	9.69719446008624963E-1
2.31000000000000005E9	9.69703127183040259E-1
2.31099999999999994E9	9.69686817888402430E-1
2.31199999999999983E9	9.69670518124050140E-1
2.31300000000000017E9	9.69654227894305976E-1
2.31400000000000006E9	9.69637947199257688E-1
2.31499999999999995E9	9.69621676040924640E-1
2.31599999999999984E9	9.69605414422294842E-1
2.31699999999999973E9	9.69589162343032207E-1
2.31800000000000006E9	9.69572919806638467E-1
2.31899999999999995E9	9.69556686813268342E-1
2.31999999999999984E9	9.69540463365016869E-1
2.32100000000000017E9	9.69524249463681720E-1
2.32200000000000006E9	9.69508045110070427E-1
2.32299999999999995E9	9.69491850308591552E-1
2.32400000000000029E9	9.69475665058242697E-1
2.32500000000000018E9	9.69459489360975191E-1
2.32599999999999962E9	9.69443323219481456E-1
2.32699999999999996E9	9.69427166634267046E-1
2.32800000000000029E9	9.69411019605902879E-1
2.32899999999999974E9	9.69394882138080760E-1
2.33000000000000007E9	9.69378754231297002E-1
2.33099999999999996E9	9.69362635886328228E-1
2.33199999999999985E9	9.69346527107040679E-1
2.33300000000000018E9	9.69330427892099600E-1
2.33400000000000007E9	9.69314338243951923E-1
2.33499999999999996E9	9.69298258164976012E-1
2.33599999999999985E9	9.69282187653907101E-1
2.33699999999999974E9	9.69266126714859766E-1
2.33800000000000008E9	9.69250075348677420E-1
2.33899999999999997E9	9.69234033556551289E-1
2.33999999999999986E9	9.69218001338420976E-1
2.34100000000000019E9	9.69201978698332667E-1
2.34199999999999964E9	9.69185965635578128E-1
2.34299999999999997E9	9.69169962150599673E-1
2.34400000000000031E9	9.69153968248743602E-1
2.34499999999999975E9	9.69137983926201052E-1
2.34600000000000009E9	9.69122009188288125E-1
2.34699999999999998E9	9.69106044032409386E-1
2.34799999999999986E9	9.69090088463706678E-1
2.34900000000000020E9	9.69074142481059653E-1
2.35000000000000009E9	9.69058206086424789E-1
2.35099999999999998E9	9.69042279280528973E-1
2.35199999999999987E9	9.69026362064752789E-1
2.35300000000000020E9	9.69010454441299274E-1
2.35400000000000009E9	9.68994556409197827E-1
2.35499999999999998E9	9.68978667970866780E-1
2.35599999999999987E9	9.68962789127275492E-1
2.35700000000000021E9	9.68946919878585433E-1
2.35800000000000010E9	9.68931060228203656E-1
2.35899999999999999E9	9.68915210175532593E-1
2.36000000000000032E9	9.68899369720749704E-1
2.36099999999999977E9	9.68883538866690053E-1
2.36199999999999966E9	9.68867717613375845E-1
2.36300000000000043E9	9.68851905961728832E-1
2.36399999999999988E9	9.68836103913524127E-1
2.36499999999999977E9	9.68820311469732864E-1
2.36600000000000010E9	9.68804528630585970E-1
2.36699999999999999E9	9.68788755395671153E-1
2.36799999999999988E9	9.68772991768064351E-1
2.36900000000000022E9	9.68757237748488897E-1
2.37000000000000011E9	9.68741493339043558E-1
2.37100000000000000E9	9.68725758536557713E-1
2.37199999999999989E9	9.68710033346570931E-1
2.37300000000000022E9	9.68694317766302326E-1
2.37400000000000011E9	9.68678611797880684E-1
2.37500000000000000E9	9.68662915441704264E-1
2.37599999999999989E9	9.68647228701010121E-1
2.37699999999999978E9	9.68631551573253624E-1
2.37800000000000011E9	9.68615884061619781E-1
2.37900000000000000E9	9.68600226165830591E-1
2.37999999999999989E9	9.68584577886390008E-1
2.38099999999999978E9	9.68568939225207259E-1
2.38200000000000012E9	9.68553310181208893E-1
2.38300000000000001E9	9.68537690756090619E-1
2.38399999999999990E9	9.68522080950429221E-1
2.38500000000000023E9	9.68506480766478539E-1
2.38600000000000012E9	9.68490890201893073E-1
2.38699999999999957E9	9.68475309258711903E-1
2.38800000000000034E9	9.68459737938187004E-1
2.38900000000000023E9	9.68444176241991173E-1
2.38999999999999968E9	9.68428624166530660E-1
2.39100000000000001E9	9.68413081716052204E-1
2.39199999999999990E9	9.68397548890529514E-1
2.39299999999999979E9	9.68382025690873682E-1
2.39400000000000013E9	9.68366512115728284E-1
2.39500000000000002E9	9.68351008166658289E-1
2.39599999999999991E9	9.68335513845407192E-1
2.39699999999999980E9	9.68320029151341721E-1
2.39800000000000013E9	9.68304554084332736E-1
2.39900000000000002E9	9.68289088644813312E-1
2.39999999999999991E9	9.68273632835305165E-1
2.40099999999999980E9	9.68258186654179731E-1
2.40200000000000014E9	9.68242750104215766E-1
2.40300000000000002E9	9.68227323183297273E-1
2.40399999999999991E9	9.68211905891432778E-1
2.40500000000000025E9	9.68196498231051450E-1
2.40599999999999969E9	9.68181100203490708E-1
2.40700000000000003E9	9.68165711804792473E-1
2.40800000000000036E9	9.68150333040123812E-1
2.40899999999999981E9	9.68134963908139312E-1
2.41000000000000014E9	9.68119604406552980E-1
2.41100000000000003E9	9.68104254537069053E-1
2.41199999999999992E9	9.68088914305232606E-1
2.41300000000000026E9	9.68073583703302809E-1
2.41400000000000015E9	9.68058262736061259E-1
2.41500000000000004E9	9.68042951403231555E-1
2.41599999999999993E9	9.68027649704181847E-1
2.41699999999999982E9	9.68012357639050869E-1
2.41800000000000015E9	9.67997075208338309E-1
2.41900000000000004E9	9.67981802415506465E-1
2.41999999999999993E9	9.67966539254250158E-1
2.42100000000000026E9	9.67951285729523292E-1
2.42199999999999971E9	9.67936041839918815E-1
2.42300000000000004E9	9.67920807587327836E-1
2.42400000000000038E9	9.67905582969717138E-1
2.42499999999999982E9	9.67890367986249522E-1
2.42599999999999971E9	9.67875162639644770E-1
2.42700000000000005E9	9.67859966930044813E-1
2.42799999999999994E9	9.67844780856058229E-1
2.42899999999999983E9	9.67829604417216949E-1
2.43000000000000016E9	9.67814437614730672E-1
2.43100000000000005E9	9.67799280448451071E-1
2.43199999999999994E9	9.67784132919298656E-1
2.43300000000000027E9	9.67768995025729062E-1
2.43400000000000016E9	9.67753866769996129E-1
2.43500000000000005E9	9.67738748148699024E-1
2.43599999999999994E9	9.67723639163124361E-1
2.43699999999999983E9	9.67708539815566304E-1
2.43800000000000017E9	9.67693450103214658E-1
2.43900000000000006E9	9.67678370027866208E-1
2.43999999999999995E9	9.67663299587546000E-1
2.44099999999999984E9	9.67648238782583903E-1
2.44199999999999973E9	9.67633187613762757E-1
2.44300000000000006E9	9.67618146081377617E-1
2.44399999999999995E9	9.67603114183535773E-1
2.44499999999999984E9	9.67588091922173277E-1
2.44600000000000017E9	9.67573079294997207E-1
2.44700000000000006E9	9.67558076303452985E-1
2.44799999999999995E9	9.67543082946211008E-1
2.44900000000000029E9	9.67528099224595906E-1
2.45000000000000018E9	9.67513125136470187E-1
2.45099999999999962E9	9.67498160682459130E-1
2.45199999999999996E9	9.67483205863586448E-1
2.45300000000000029E9	9.67468260676528047E-1
2.45399999999999974E9	9.67453325124070318E-1
2.45500000000000007E9	9.67438399206398003E-1
2.45599999999999996E9	9.67423482919953237E-1
2.45699999999999985E9	9.67408576265934705E-1
2.45800000000000018E9	9.67393679243212645E-1
2.45900000000000007E9	9.67378791853387909E-1
2.45999999999999996E9	9.67363914096421240E-1
2.46099999999999985E9	9.67349045968930810E-1
2.46199999999999974E9	9.67334187473568541E-1
2.46300000000000008E9	9.67319338607530810E-1
2.46399999999999997E9	9.67304499373124749E-1
2.46499999999999986E9	9.67289669767428606E-1
2.46600000000000019E9	9.67274849789857250E-1
2.46699999999999964E9	9.67260039442653330E-1
2.46799999999999997E9	9.67245238723591427E-1
2.46900000000000031E9	9.67230447632621626E-1
2.46999999999999975E9	9.67215666168563359E-1
2.47100000000000009E9	9.67200894332414407E-1
2.47199999999999998E9	9.67186132120540520E-1
2.47299999999999986E9	9.67171379536885745E-1
2.47400000000000020E9	9.67156636577678341E-1
2.47500000000000009E9	9.67141903244888113E-1
2.47599999999999998E9	9.67127179534262815E-1
2.47699999999999987E9	9.67112465449269720E-1
2.47800000000000020E9	9.67097760985618216E-1
2.47900000000000009E9	9.67083066146313541E-1
2.47999999999999998E9	9.67068380929658744E-1
2.48099999999999987E9	9.67053705334507185E-1
2.48200000000000021E9	9.67039039356302510E-1
2.48300000000000010E9	9.67024383001060883E-1
2.48399999999999999E9	9.67009736265948661E-1
2.48500000000000032E9	9.66995099149895587E-1
2.48599999999999977E9	9.66980471651550744E-1
2.48699999999999966E9	9.66965853769641548E-1
2.48800000000000043E9	9.66951245506508528E-1
2.48899999999999988E9	9.66936646858485638E-1
2.48999999999999977E9	9.66922057824642955E-1
2.49100000000000010E9	9.66907478406712073E-1
2.49199999999999999E9	9.66892908603240109E-1
2.49299999999999988E9	9.66878348411903410E-1
2.49400000000000022E9	9.66863797834798255E-1
2.49500000000000011E9	9.66849256868224494E-1
2.49600000000000000E9	9.66834725512440052E-1
2.49699999999999989E9	9.66820203766126873E-1
2.49800000000000022E9	9.66805691630096575E-1
2.49900000000000011E9	9.66791189101318871E-1
2.50000000000000000E9	9.66776696181688777E-1
2.50099999999999989E9	9.66762212866496817E-1
2.50199999999999978E9	9.66747739159940878E-1
2.50300000000000011E9	9.66733275056625274E-1
2.50400000000000000E9	9.66718820557997738E-1
2.50499999999999989E9	9.66704375661854343E-1
2.50599999999999978E9	9.66689940368732437E-1
2.50700000000000012E9	9.66675514676356329E-1
2.50800000000000001E9	9.66661098584789258E-1
2.50899999999999990E9	9.66646692093206816E-1
2.51000000000000023E9	9.66632295199018010E-1
2.51100000000000012E9	9.66617907901906648E-1
2.51199999999999957E9	9.66603530203958883E-1
2.51300000000000034E9	9.66589162098578569E-1
2.51400000000000023E9	9.66574803589168852E-1
2.51499999999999968E9	9.66560454673681058E-1
2.51600000000000001E9	9.66546115350204182E-1
2.51699999999999990E9	9.66531785617709893E-1
2.51799999999999979E9	9.66517465476073845E-1
2.51900000000000013E9	9.66503154924112806E-1
2.52000000000000002E9	9.66488853959108596E-1
2.52099999999999991E9	9.66474562582100205E-1
2.52199999999999980E9	9.66460280791652160E-1
2.52300000000000013E9	9.66446008586154193E-1
2.52400000000000002E9	9.66431745963826216E-1
2.52499999999999991E9	9.66417492924450272E-1
2.52599999999999980E9	9.66403249465744096E-1
2.52700000000000014E9	9.66389015587754230E-1
2.52800000000000002E9	9.66374791290354906E-1
2.52899999999999991E9	9.66360576568484042E-1
2.53000000000000025E9	9.66346371426328332E-1
2.53099999999999969E9	9.66332175858326714E-1
2.53200000000000003E9	9.66317989863430604E-1
2.53300000000000036E9	9.66303813444489457E-1
2.53399999999999981E9	9.66289646594935725E-1
2.53500000000000014E9	9.66275489317542657E-1
2.53600000000000003E9	9.66261341608340629E-1
2.53699999999999992E9	9.66247203468516425E-1
2.53800000000000026E9	9.66233074896884503E-1
2.53900000000000015E9	9.66218955886572672E-1
2.54000000000000004E9	9.66204846443508103E-1
2.54099999999999993E9	9.66190746563462888E-1
2.54199999999999982E9	9.66176656244693000E-1
2.54300000000000015E9	9.66162575485125785E-1
2.54400000000000004E9	9.66148504284426046E-1
2.54499999999999993E9	9.66134442642722568E-1
2.54600000000000026E9	9.66120390556396380E-1
2.54699999999999971E9	9.66106348024573336E-1
2.54800000000000004E9	9.66092315046699390E-1
2.54900000000000038E9	9.66078291619921714E-1
2.54999999999999982E9	9.66064277743850042E-1
2.55099999999999971E9	9.66050273417736349E-1
2.55200000000000005E9	9.66036278639125712E-1
2.55299999999999994E9	9.66022293406495791E-1
2.55399999999999983E9	9.66008317718910448E-1
2.55500000000000016E9	9.65994351574187959E-1
2.55600000000000005E9	9.65980394970761758E-1
2.55699999999999994E9	9.65966447907679182E-1
2.55800000000000027E9	9.65952510385345420E-1
2.55900000000000016E9	9.65938582397876822E-1
2.56000000000000005E9	9.65924663947750695E-1
2.56100000000000039E9	9.65910755029592316E-1
2.56199999999999983E9	9.65896855647288533E-1
2.56300000000000017E9	9.65882965793948145E-1
2.56399999999999961E9	9.65869085469308963E-1
2.56499999999999995E9	9.65855214675737628E-1
2.56600000000000028E9	9.65841353405540204E-1
2.56699999999999973E9	9.65827501659877896E-1
2.56800000000000006E9	9.65813659440637551E-1
2.56899999999999995E9	9.65799826740087397E-1
2.56999999999999984E9	9.65786003561524176E-1
2.57100000000000017E9	9.65772189896945221E-1
2.57200000000000006E9	9.65758385753008852E-1
2.57299999999999995E9	9.65744591121013940E-1
2.57399999999999984E9	9.65730806003661080E-1
2.57500000000000018E9	9.65717030397326326E-1
2.57600000000000007E9	9.65703264301445685E-1
2.57699999999999996E9	9.65689507713230100E-1
2.57800000000000029E9	9.65675760632045055E-1
2.57899999999999974E9	9.65662023055623564E-1
2.58000000000000007E9	9.65648294978186961E-1
2.58100000000000041E9	9.65634576406366563E-1
2.58199999999999985E9	9.65620867331601929E-1
2.58300000000000018E9	9.65607167755453233E-1
2.58399999999999963E9	9.65593477674895873E-1
2.58499999999999996E9	9.65579797087914748E-1
2.58600000000000030E9	9.65566125992335778E-1
2.58699999999999974E9	9.65552464388336595E-1
2.58800000000000008E9	9.65538812273715052E-1
2.58899999999999952E9	9.65525169641955827E-1
2.58999999999999986E9	9.65511536499330170E-1
2.59100000000000019E9	9.65497912837983563E-1
2.59199999999999964E9	9.65484298656743434E-1
2.59299999999999997E9	9.65470693956783776E-1
2.59399999999999986E9	9.65457098732912655E-1
2.59499999999999975E9	9.65443512982904650E-1
2.59600000000000009E9	9.65429936706343206E-1
2.59699999999999998E9	9.65416369902581550E-1
2.59799999999999986E9	9.65402812570308555E-1
2.59899999999999975E9	9.65389264704906580E-1
2.60000000000000009E9	9.65375726304964488E-1
2.60099999999999998E9	9.65362197367276309E-1
2.60199999999999987E9	9.65348677892560048E-1
2.60300000000000020E9	9.65335167875789146E-1
2.60400000000000009E9	9.65321667317839704E-1
2.60499999999999998E9	9.65308176218013081E-1
2.60600000000000032E9	9.65294694569185552E-1
2.60700000000000021E9	9.65281222373361736E-1
2.60800000000000010E9	9.65267759626426880E-1
2.60899999999999954E9	9.65254306329492806E-1
2.61000000000000032E9	9.65240862475460482E-1
2.61100000000000021E9	9.65227428064857840E-1
2.61199999999999966E9	9.65214003099159257E-1
2.61300000000000043E9	9.65200587568744872E-1
2.61399999999999988E9	9.65187181476942868E-1
2.61499999999999977E9	9.65173784819578806E-1
2.61600000000000055E9	9.65160397598034514E-1
2.61699999999999999E9	9.65147019806697770E-1
2.61799999999999988E9	9.65133651443417584E-1
2.61899999999999977E9	9.65120292506695243E-1
2.62000000000000011E9	9.65106942993145722E-1
2.62100000000000000E9	9.65093602904740600E-1
2.62199999999999989E9	9.65080272234496483E-1
2.62300000000000022E9	9.65066950983530170E-1
2.62399999999999967E9	9.65053639149479636E-1
2.62500000000000000E9	9.65040336727352610E-1
2.62600000000000033E9	9.65027043716165167E-1
2.62699999999999978E9	9.65013760112875296E-1
2.62800000000000011E9	9.65000485919610185E-1
2.62900000000000000E9	9.64987221130858686E-1
2.62999999999999989E9	9.64973965743103612E-1
2.63100000000000023E9	9.64960719755506702E-1
2.63200000000000012E9	9.64947483164569420E-1
2.63300000000000001E9	9.64934255970060306E-1
2.63399999999999945E9	9.64921038171577905E-1
2.63500000000000023E9	9.64907829762299230E-1
2.63600000000000012E9	9.64894630740538339E-1
2.63699999999999957E9	9.64881441108184568E-1
2.63800000000000034E9	9.64868260858638038E-1
2.63899999999999979E9	9.64855089987991477E-1
2.63999999999999968E9	9.64841928499163970E-1
2.64100000000000046E9	9.64828776387786036E-1
2.64199999999999990E9	9.64815633648911941E-1
2.64299999999999979E9	9.64802500285699338E-1
2.64399999999999968E9	9.64789376289635214E-1
2.64500000000000002E9	9.64776261661390322E-1
2.64599999999999991E9	9.64763156400720590E-1
2.64699999999999980E9	9.64750060499459039E-1
2.64800000000000013E9	9.64736973960209454E-1
2.64900000000000002E9	9.64723896778513179E-1
2.64999999999999991E9	9.64710828952711985E-1
2.65100000000000025E9	9.64697770477243921E-1
2.65200000000000014E9	9.64684721357311581E-1
2.65300000000000002E9	9.64671681581889828E-1
2.65399999999999991E9	9.64658651151857249E-1
2.65500000000000025E9	9.64645630065757587E-1
2.65600000000000014E9	9.64632618320048962E-1
2.65700000000000003E9	9.64619615910756067E-1
2.65800000000000036E9	9.64606622840533134E-1
2.65899999999999981E9	9.64593639100105804E-1
2.66000000000000014E9	9.64580664691430378E-1
2.66100000000000048E9	9.64567699610741158E-1
2.66199999999999992E9	9.64554743856575492E-1
2.66300000000000026E9	9.64541797422210223E-1
2.66399999999999970E9	9.64528860310434588E-1
2.66500000000000004E9	9.64515932515451802E-1
2.66600000000000037E9	9.64503014035437722E-1
2.66699999999999982E9	9.64490104870109377E-1
2.66800000000000015E9	9.64477205009205640E-1
2.66899999999999959E9	9.64464314460182770E-1
2.66999999999999993E9	9.64451433215486631E-1
2.67100000000000026E9	9.64438561271036932E-1
2.67199999999999971E9	9.64425698628049588E-1
2.67300000000000004E9	9.64412845280540409E-1
2.67399999999999993E9	9.64400001224358583E-1
2.67499999999999982E9	9.64387166462791257E-1
2.67600000000000016E9	9.64374340989433598E-1
2.67700000000000005E9	9.64361524803369541E-1
2.67799999999999994E9	9.64348717897061292E-1
2.67899999999999983E9	9.64335920274907998E-1
2.68000000000000016E9	9.64323131927324795E-1
2.68100000000000005E9	9.64310352855448016E-1
2.68199999999999994E9	9.64297583057961560E-1
2.68300000000000027E9	9.64284822529148222E-1
2.68399999999999972E9	9.64272071268486108E-1
2.68500000000000005E9	9.64259329270853804E-1
2.68600000000000039E9	9.64246596533475575E-1
2.68699999999999983E9	9.64233873058687330E-1
2.68800000000000017E9	9.64221158832799752E-1
2.68899999999999961E9	9.64208453866150350E-1
2.68999999999999995E9	9.64195758147147686E-1
2.69100000000000028E9	9.64183071676140280E-1
2.69199999999999973E9	9.64170394450828461E-1
2.69300000000000006E9	9.64157726466662979E-1
2.69399999999999995E9	9.64145067720002480E-1
2.69499999999999984E9	9.64132418209902298E-1
2.69600000000000017E9	9.64119777933398225E-1
2.69700000000000006E9	9.64107146886333410E-1
2.69799999999999995E9	9.64094525068949970E-1
2.69899999999999984E9	9.64081912476205360E-1
2.70000000000000018E9	9.64069309103044247E-1
2.70100000000000007E9	9.64056714948956461E-1
2.70199999999999996E9	9.64044130013736655E-1
2.70300000000000029E9	9.64031554288516901E-1
2.70399999999999974E9	9.64018987773516933E-1
2.70500000000000007E9	9.64006430466928066E-1
2.70600000000000041E9	9.63993882362235155E-1
2.70699999999999985E9	9.63981343461188089E-1
2.70800000000000018E9	9.63968813758276255E-1
2.70899999999999963E9	9.63956293251962926E-1
2.70999999999999996E9	9.63943781936418098E-1
2.71100000000000030E9	9.63931279809373187E-1
2.71199999999999974E9	9.63918786871537137E-1
2.71300000000000008E9	9.63906303113962970E-1
2.71399999999999952E9	9.63893828536503250E-1
2.71499999999999986E9	9.63881363139333835E-1
2.71600000000000019E9	9.63868906916474444E-1
2.71699999999999964E9	9.63856459863543868E-1
2.71799999999999997E9	9.63844021978816912E-1
2.71899999999999986E9	9.63831593259689789E-1
2.71999999999999975E9	9.63819173703988952E-1
2.72100000000000009E9	9.63806763304823377E-1
2.72199999999999998E9	9.63794362062945709E-1
2.72299999999999986E9	9.63781969975507202E-1
2.72399999999999975E9	9.63769587034658493E-1
2.72500000000000009E9	9.63757213244457489E-1
2.72599999999999998E9	9.63744848596229176E-1
2.72699999999999987E9	9.63732493089218600E-1
2.72800000000000020E9	9.63720146720488735E-1
2.72900000000000009E9	9.63707809484647271E-1
2.72999999999999998E9	9.63695481378136343E-1
2.73100000000000032E9	9.63683162403964744E-1
2.73200000000000021E9	9.63670852553726576E-1
2.73300000000000010E9	9.63658551823752418E-1
2.73399999999999954E9	9.63646260209624472E-1
2.73500000000000032E9	9.63633977714082768E-1
2.73600000000000021E9	9.63621704330534001E-1
2.73699999999999966E9	9.63609440058792899E-1
2.73800000000000043E9	9.63597184889528613E-1
2.73899999999999988E9	9.63584938822389603E-1
2.73999999999999977E9	9.63572701858459624E-1
2.74100000000000055E9	9.63560473987302402E-1
2.74199999999999999E9	9.63548255211013327E-1
2.74299999999999988E9	9.63536045523850504E-1
2.74399999999999977E9	9.63523844922985440E-1
2.74500000000000011E9	9.63511653406125923E-1
2.74600000000000000E9	9.63499470967916238E-1
2.74699999999999989E9	9.63487297606682347E-1
2.74800000000000022E9	9.63475133321609789E-1
2.74899999999999967E9	9.63462978101293821E-1
2.75000000000000000E9	9.63450831951617204E-1
2.75100000000000033E9	9.63438694864611023E-1
2.75199999999999978E9	9.63426566837500253E-1
2.75300000000000011E9	9.63414447868540869E-1
2.75400000000000000E9	9.63402337952086540E-1
2.75499999999999989E9	9.63390237085022072E-1
2.75600000000000023E9	9.63378145269807007E-1
2.75700000000000012E9	9.63366062491123643E-1
2.75800000000000001E9	9.63353988761926416E-1
2.75899999999999945E9	9.63341924060032540E-1
2.76000000000000023E9	9.63329868396540867E-1
2.76100000000000012E9	9.63317821761735615E-1
2.76199999999999957E9	9.63305784154791311E-1
2.76300000000000034E9	9.63293755572118826E-1
2.76399999999999979E9	9.63281736006612199E-1
2.76499999999999968E9	9.63269725456326675E-1
2.76600000000000046E9	9.63257723922642128E-1
2.76699999999999990E9	9.63245731396871108E-1
2.76799999999999979E9	9.63233747879764302E-1
2.76899999999999968E9	9.63221773365760825E-1
2.77000000000000002E9	9.63209807848585520E-1
2.77099999999999991E9	9.63197851326967225E-1
2.77199999999999980E9	9.63185903802517984E-1
2.77300000000000013E9	9.63173965260563492E-1
2.77400000000000002E9	9.63162035707486908E-1
2.77499999999999991E9	9.63150115136157936E-1
2.77600000000000025E9	9.63138203545238625E-1
2.77700000000000014E9	9.63126300928228041E-1
2.77800000000000002E9	9.63114407283167928E-1
2.77899999999999991E9	9.63102522603800537E-1
2.78000000000000025E9	9.63090646891968305E-1
2.78100000000000014E9	9.63078780139415969E-1
2.78200000000000003E9	9.63066922345116083E-1
2.78300000000000036E9	9.63055073504652981E-1
2.78399999999999981E9	9.63043233612565430E-1
2.78500000000000014E9	9.63031402672470804E-1
2.78600000000000048E9	9.63019580672115438E-1
2.78699999999999992E9	9.63007767611420640E-1
2.78800000000000026E9	9.62995963488293683E-1
2.78899999999999970E9	9.62984168294598142E-1
2.79000000000000004E9	9.62972382033435537E-1
2.79100000000000037E9	9.62960604698308487E-1
2.79199999999999982E9	9.62948836281777254E-1
2.79300000000000015E9	9.62937076784988477E-1
2.79399999999999959E9	9.62925326202722331E-1
2.79499999999999993E9	9.62913584532065947E-1
2.79600000000000026E9	9.62901851769976602E-1
2.79699999999999971E9	9.62890127910126026E-1
2.79800000000000004E9	9.62878412949292617E-1
2.79899999999999993E9	9.62866706889552937E-1
2.79999999999999982E9	9.62855009716571431E-1
2.80100000000000016E9	9.62843321431627608E-1
2.80200000000000005E9	9.62831642038608848E-1
2.80299999999999994E9	9.62819971521474116E-1
2.80399999999999983E9	9.62808309884988489E-1
2.80500000000000016E9	9.62796657123124966E-1
2.80600000000000005E9	9.62785013232458020E-1
2.80699999999999994E9	9.62773378208191488E-1
2.80800000000000027E9	9.62761752046723451E-1
2.80899999999999972E9	9.62750134746293007E-1
2.81000000000000005E9	9.62738526298386610E-1
2.81100000000000039E9	9.62726926703965269E-1
2.81199999999999983E9	9.62715335959449448E-1
2.81300000000000017E9	9.62703754059174344E-1
2.81399999999999961E9	9.62692180998586977E-1
2.81499999999999995E9	9.62680616776783893E-1
2.81600000000000028E9	9.62669061386139724E-1
2.81699999999999973E9	9.62657514824724991E-1
2.81800000000000006E9	9.62645977093777638E-1
2.81899999999999995E9	9.62634448178721769E-1
2.81999999999999984E9	9.62622928085074747E-1
2.82100000000000017E9	9.62611416806631226E-1
2.82200000000000006E9	9.62599914336383300E-1
2.82299999999999995E9	9.62588420671791489E-1
2.82399999999999984E9	9.62576935811204137E-1
2.82500000000000018E9	9.62565459751167829E-1
2.82600000000000007E9	9.62553992488923349E-1
2.82699999999999996E9	9.62542534012795414E-1
2.82800000000000029E9	9.62531084325301123E-1
2.82899999999999974E9	9.62519643420300142E-1
2.83000000000000007E9	9.62508211297999416E-1
2.83100000000000041E9	9.62496787953129385E-1
2.83199999999999985E9	9.62485373378303599E-1
2.83300000000000018E9	9.62473967571933464E-1
2.83399999999999963E9	9.62462570528159489E-1
2.83499999999999996E9	9.62451182248926251E-1
2.83600000000000030E9	9.62439802723015170E-1
2.83699999999999974E9	9.62428431950870333E-1
2.83800000000000008E9	9.62417069929269076E-1
2.83899999999999952E9	9.62405716645440457E-1
2.83999999999999986E9	9.62394372109572593E-1
2.84100000000000019E9	9.62383036308158601E-1
2.84199999999999964E9	9.62371709243991980E-1
2.84299999999999997E9	9.62360390900347262E-1
2.84399999999999986E9	9.62349081288877883E-1
2.84499999999999975E9	9.62337780396704545E-1
2.84600000000000009E9	9.62326488221202858E-1
2.84699999999999998E9	9.62315204756858122E-1
2.84799999999999986E9	9.62303930005501229E-1
2.84899999999999975E9	9.62292663956885796E-1
2.85000000000000009E9	9.62281406611995571E-1
2.85099999999999998E9	9.62270157964888284E-1
2.85199999999999987E9	9.62258918007695385E-1
2.85300000000000020E9	9.62247686743006803E-1
2.85400000000000009E9	9.62236464162631222E-1
2.85499999999999998E9	9.62225250261773724E-1
2.85600000000000032E9	9.62214045037291221E-1
2.85700000000000021E9	9.62202848491659779E-1
2.85800000000000010E9	9.62191660609622446E-1
2.85899999999999954E9	9.62180481396186771E-1
2.86000000000000032E9	9.62169310842406489E-1
2.86100000000000021E9	9.62158148946293323E-1
2.86199999999999966E9	9.62146995698921081E-1
2.86300000000000043E9	9.62135851108727991E-1
2.86399999999999988E9	9.62124715158616262E-1
2.86499999999999977E9	9.62113587850103791E-1
2.86600000000000055E9	9.62102469178296893E-1
2.86699999999999999E9	9.62091359137784252E-1
2.86799999999999988E9	9.62080257726239907E-1
2.86899999999999977E9	9.62069164938024812E-1
2.87000000000000011E9	9.62058080773981139E-1
2.87100000000000000E9	9.62047005223260143E-1
2.87199999999999989E9	9.62035938286041947E-1
2.87300000000000022E9	9.62024879955383661E-1
2.87399999999999967E9	9.62013830230167244E-1
2.87500000000000000E9	9.62002789104390921E-1
2.87600000000000033E9	9.61991756571396017E-1
2.87699999999999978E9	9.61980732631574220E-1
2.87800000000000011E9	9.61969717277546010E-1
2.87900000000000000E9	9.61958710511085258E-1
2.87999999999999989E9	9.61947712318573167E-1
2.88100000000000023E9	9.61936722701537761E-1
2.88200000000000012E9	9.61925741656386002E-1
2.88300000000000001E9	9.61914769176288864E-1
2.88399999999999945E9	9.61903805259612987E-1
2.88500000000000023E9	9.61892849901258629E-1
2.88600000000000012E9	9.61881903098817936E-1
2.88699999999999957E9	9.61870964841976139E-1
2.88800000000000034E9	9.61860035134725599E-1
2.88899999999999979E9	9.61849113962248303E-1
2.88999999999999968E9	9.61838201330638043E-1
2.89100000000000046E9	9.61827297230731304E-1
2.89199999999999990E9	9.61816401662754217E-1
2.89299999999999979E9	9.61805514613092072E-1
2.89399999999999968E9	9.61794636088532506E-1
2.89500000000000002E9	9.61783766078306890E-1
2.89599999999999991E9	9.61772904575881427E-1
2.89699999999999980E9	9.61762051585639988E-1
2.89800000000000013E9	9.61751207092918037E-1
2.89900000000000002E9	9.61740371103437752E-1
2.89999999999999991E9	9.61729543606137405E-1
2.90100000000000025E9	9.61718724601090713E-1
2.90200000000000014E9	9.61707914078422732E-1
2.90300000000000002E9	9.61697112040439350E-1
2.90399999999999991E9	9.61686318477409507E-1
2.90500000000000025E9	9.61675533387782444E-1
2.90600000000000014E9	9.61664756768029960E-1
2.90700000000000003E9	9.61653988609752908E-1
2.90800000000000036E9	9.61643228914810599E-1
2.90899999999999981E9	9.61632477673055597E-1
2.91000000000000014E9	9.61621734885879853E-1
2.91100000000000048E9	9.61611000541070915E-1
2.91199999999999992E9	9.61600274641273067E-1
2.91300000000000026E9	9.61589557177009269E-1
2.91399999999999970E9	9.61578848150063692E-1
2.91500000000000004E9	9.61568147551509966E-1
2.91600000000000037E9	9.61557455378624937E-1
2.91699999999999982E9	9.61546771623206276E-1
2.91800000000000015E9	9.61536096290731379E-1
2.91899999999999959E9	9.61525429365866913E-1
2.91999999999999993E9	9.61514770845222166E-1
2.92100000000000026E9	9.61504120731317258E-1
2.92199999999999971E9	9.61493479018703034E-1
2.92300000000000004E9	9.61482845694605004E-1
2.92399999999999993E9	9.61472220767158703E-1
2.92499999999999982E9	9.61461604221168642E-1
2.92600000000000016E9	9.61450996060189311E-1
2.92700000000000005E9	9.61440396267056308E-1
2.92799999999999994E9	9.61429804859344728E-1
2.92899999999999983E9	9.61419221807389945E-1
2.93000000000000016E9	9.61408647124931548E-1
2.93100000000000005E9	9.61398080803792254E-1
2.93199999999999994E9	9.61387522832606045E-1
2.93300000000000027E9	9.61376973208409069E-1
2.93399999999999972E9	9.61366431934635557E-1
2.93500000000000005E9	9.61355899004594150E-1
2.93600000000000039E9	9.61345374406146469E-1
2.93699999999999983E9	9.61334858144026150E-1
2.93800000000000017E9	9.61324350207022604E-1
2.93899999999999961E9	9.61313850590725316E-1
2.93999999999999995E9	9.61303359299046889E-1
2.94100000000000028E9	9.61292876318134581E-1
2.94199999999999973E9	9.61282401646716522E-1
2.94300000000000006E9	9.61271935282618983E-1
2.94399999999999995E9	9.61261477215041182E-1
2.94499999999999984E9	9.61251027446495776E-1
2.94600000000000017E9	9.61240585970551997E-1
2.94700000000000006E9	9.61230152780787250E-1
2.94799999999999995E9	9.61219727873215390E-1
2.94899999999999984E9	9.61209311247352005E-1
2.95000000000000018E9	9.61198902890490992E-1
2.95100000000000007E9	9.61188502801995703E-1
2.95199999999999996E9	9.61178110979865963E-1
2.95300000000000029E9	9.61167727418288820E-1
2.95399999999999974E9	9.61157352114078201E-1
2.95500000000000007E9	9.61146985057659009E-1
2.95600000000000041E9	9.61136626249469650E-1
2.95699999999999985E9	9.61126275680714670E-1
2.95800000000000018E9	9.61115933346737528E-1
2.95899999999999963E9	9.61105599247839137E-1
2.95999999999999996E9	9.61095273377527270E-1
2.96100000000000030E9	9.61084955730431645E-1
2.96199999999999974E9	9.61074646297816138E-1
2.96300000000000008E9	9.61064345086997918E-1
2.96399999999999952E9	9.61054052080953269E-1
2.96499999999999986E9	9.61043767280475869E-1
2.96600000000000019E9	9.61033490680310898E-1
2.96699999999999964E9	9.61023222275149713E-1
2.96799999999999997E9	9.61012962059555420E-1
2.96899999999999986E9	9.61002710032916951E-1
2.96999999999999975E9	9.60992466187693672E-1
2.97100000000000009E9	9.60982230518910541E-1
2.97199999999999998E9	9.60972003022657972E-1
2.97299999999999986E9	9.60961783692106053E-1
2.97399999999999975E9	9.60951572529130615E-1
2.97500000000000009E9	9.60941369519866839E-1
2.97599999999999998E9	9.60931174667038590E-1
2.97699999999999987E9	9.60920987965121220E-1
2.97800000000000020E9	9.60910809402812482E-1
2.97900000000000009E9	9.60900638983637023E-1
2.97999999999999998E9	9.60890476704084051E-1
2.98100000000000032E9	9.60880322548884536E-1
2.98200000000000021E9	9.60870176519169661E-1
2.98300000000000010E9	9.60860038607790656E-1
2.98399999999999954E9	9.60849908816724430E-1
2.98500000000000032E9	9.60839787134933587E-1
2.98600000000000021E9	9.60829673565505793E-1
2.98699999999999966E9	9.60819568092553844E-1
2.98800000000000043E9	9.60809470723556736E-1
2.98899999999999988E9	9.60799381441661460E-1
2.98999999999999977E9	9.60789300250118217E-1
2.99100000000000055E9	9.60779227136595360E-1
2.99199999999999999E9	9.60769162108500119E-1
2.99299999999999988E9	9.60759105153670312E-1
2.99399999999999977E9	9.60749056261099454E-1
2.99500000000000011E9	9.60739015440967492E-1
2.99600000000000000E9	9.60728982677608556E-1
2.99699999999999989E9	9.60718957966971310E-1
2.99800000000000022E9	9.60708941308705988E-1
2.99899999999999967E9	9.60698932692815077E-1
3.00000000000000000E9	9.60688932121774108E-1
3.00100000000000033E9	9.60678939578750857E-1
3.00199999999999978E9	9.60668955074981135E-1
3.00300000000000011E9	9.60658978597770918E-1
3.00400000000000000E9	9.60649010133188774E-1
3.00499999999999989E9	9.60639049692714586E-1
3.00600000000000023E9	9.60629097260121689E-1
3.00700000000000012E9	9.60619152835351287E-1
3.00800000000000001E9	9.60609216414439793E-1
3.00899999999999945E9	9.60599287990299189E-1
3.01000000000000023E9	9.60589367557884799E-1
3.01100000000000012E9	9.60579455117205150E-1
3.01199999999999957E9	9.60569550653026027E-1
3.01300000000000034E9	9.60559654171074229E-1
3.01399999999999979E9	9.60549765658936394E-1
3.01499999999999968E9	9.60539885118846648E-1
3.01600000000000046E9	9.60530012542171185E-1
3.01699999999999990E9	9.60520147925916135E-1
3.01799999999999979E9	9.60510291254573190E-1
3.01899999999999968E9	9.60500442538066856E-1
3.02000000000000002E9	9.60490601769214791E-1
3.02099999999999991E9	9.60480768931214612E-1
3.02199999999999980E9	9.60470944037851915E-1
3.02300000000000013E9	9.60461127064934672E-1
3.02400000000000002E9	9.60451318020968259E-1
3.02499999999999991E9	9.60441516900770864E-1
3.02600000000000025E9	9.60431723687816685E-1
3.02700000000000014E9	9.60421938389506735E-1
3.02800000000000002E9	9.60412160993452879E-1
3.02899999999999991E9	9.60402391501001063E-1
3.03000000000000025E9	9.60392629907101458E-1
3.03100000000000014E9	9.60382876194298873E-1
3.03200000000000003E9	9.60373130370279782E-1
3.03300000000000036E9	9.60363392431448659E-1
3.03399999999999981E9	9.60353662366017957E-1
3.03500000000000014E9	9.60343940172269583E-1
3.03600000000000048E9	9.60334225841720901E-1
3.03699999999999992E9	9.60324519373565266E-1
3.03800000000000026E9	9.60314820759180776E-1
3.03899999999999970E9	9.60305130001158602E-1
3.04000000000000004E9	9.60295447084803122E-1
3.04100000000000037E9	9.60285772011304317E-1
3.04199999999999982E9	9.60276104776706774E-1
3.04300000000000015E9	9.60266445370210242E-1
3.04399999999999959E9	9.60256793791952745E-1
3.04499999999999993E9	9.60247150034012265E-1
3.04600000000000026E9	9.60237514091664579E-1
3.04699999999999971E9	9.60227885963989891E-1
3.04800000000000004E9	9.60218265641195856E-1
3.04899999999999993E9	9.60208653120308497E-1
3.04999999999999982E9	9.60199048396291488E-1
3.05100000000000016E9	9.60189451463623023E-1
3.05200000000000005E9	9.60179862315990640E-1
3.05299999999999994E9	9.60170280952666388E-1
3.05399999999999983E9	9.60160707364573085E-1
3.05500000000000016E9	9.60151141550876908E-1
3.05600000000000005E9	9.60141583505103569E-1
3.05699999999999994E9	9.60132033217136360E-1
3.05800000000000027E9	9.60122490685558283E-1
3.05899999999999972E9	9.60112955905241527E-1
3.06000000000000005E9	9.60103428873618192E-1
3.06100000000000039E9	9.60093909581276783E-1
3.06199999999999983E9	9.60084398033525588E-1
3.06300000000000017E9	9.60074894213197538E-1
3.06399999999999961E9	9.60065398112939761E-1
3.06499999999999995E9	9.60055909738550639E-1
3.06600000000000028E9	9.60046429085796227E-1
3.06699999999999973E9	9.60036956139726350E-1
3.06800000000000006E9	9.60027490904349001E-1
3.06899999999999995E9	9.60018033367377477E-1
3.06999999999999984E9	9.60008583522252223E-1
3.07100000000000017E9	9.59999141374771447E-1
3.07200000000000006E9	9.59989706916873331E-1
3.07299999999999995E9	9.59980280128257135E-1
3.07399999999999984E9	9.59970861023975885E-1
3.07500000000000018E9	9.59961449591054894E-1
3.07600000000000007E9	9.59952045824961253E-1
3.07699999999999996E9	9.59942649714465013E-1
3.07800000000000029E9	9.59933261264207616E-1
3.07899999999999974E9	9.59923880468916124E-1
3.08000000000000007E9	9.59914507315057364E-1
3.08100000000000041E9	9.59905141800732409E-1
3.08199999999999985E9	9.59895783919937529E-1
3.08300000000000018E9	9.59886433672101447E-1
3.08399999999999963E9	9.59877091052592135E-1
3.08499999999999996E9	9.59867756049970389E-1
3.08600000000000030E9	9.59858428663669194E-1
3.08699999999999974E9	9.59849108888545643E-1
3.08800000000000008E9	9.59839796714078020E-1
3.08899999999999952E9	9.59830492146243408E-1
3.08999999999999986E9	9.59821195169894459E-1
3.09100000000000019E9	9.59811905786706099E-1
3.09199999999999964E9	9.59802623986051096E-1
3.09299999999999997E9	9.59793349766006187E-1
3.09399999999999986E9	9.59784083112404574E-1
3.09499999999999975E9	9.59774824037356922E-1
3.09600000000000009E9	9.59765572520706378E-1
3.09699999999999998E9	9.59756328565882910E-1
3.09799999999999986E9	9.59747092164481330E-1
3.09899999999999975E9	9.59737863311653072E-1
3.10000000000000009E9	9.59728642003009114E-1
3.10099999999999998E9	9.59719428224607718E-1
3.10199999999999987E9	9.59710221995866775E-1
3.10300000000000020E9	9.59701023284145727E-1
3.10400000000000009E9	9.59691832090492269E-1
3.10499999999999998E9	9.59682648423357776E-1
3.10600000000000032E9	9.59673472268818806E-1
3.10700000000000021E9	9.59664303619395653E-1
3.10800000000000010E9	9.59655142476080059E-1
3.10899999999999954E9	9.59645988829204377E-1
3.11000000000000032E9	9.59636842663516632E-1
3.11100000000000021E9	9.59627703993273329E-1
3.11199999999999966E9	9.59618572804752112E-1
3.11300000000000043E9	9.59609449093171207E-1
3.11399999999999988E9	9.59600332845872472E-1
3.11499999999999977E9	9.59591224073080085E-1
3.11600000000000055E9	9.59582122756395961E-1
3.11699999999999999E9	9.59573028898444491E-1
3.11799999999999988E9	9.59563942489701382E-1
3.11899999999999977E9	9.59554863524834367E-1
3.12000000000000011E9	9.59545791996049147E-1
3.12100000000000000E9	9.59536727905641307E-1
3.12199999999999989E9	9.59527671252498138E-1
3.12300000000000022E9	9.59518622012555866E-1
3.12399999999999967E9	9.59509580195107858E-1
3.12500000000000000E9	9.59500545791549442E-1
3.12600000000000033E9	9.59491518797040044E-1
3.12699999999999978E9	9.59482499209797979E-1
3.12800000000000011E9	9.59473487015245219E-1
3.12900000000000000E9	9.59464482212674241E-1
3.12999999999999989E9	9.59455484796901992E-1
3.13100000000000023E9	9.59446494771239600E-1
3.13200000000000012E9	9.59437512120487490E-1
3.13300000000000001E9	9.59428536841111779E-1
3.13399999999999945E9	9.59419568924208477E-1
3.13500000000000023E9	9.59410608376203911E-1
3.13600000000000012E9	9.59401655176688095E-1
3.13699999999999957E9	9.59392709332276716E-1
3.13800000000000034E9	9.59383770828168991E-1
3.13899999999999979E9	9.59374839676008762E-1
3.13999999999999968E9	9.59365915849274842E-1
3.14100000000000046E9	9.59356999350785600E-1
3.14199999999999990E9	9.59348090182601432E-1
3.14299999999999979E9	9.59339188332776160E-1
3.14399999999999968E9	9.59330293795757250E-1
3.14500000000000002E9	9.59321406571140045E-1
3.14599999999999991E9	9.59312526643527441E-1
3.14699999999999980E9	9.59303654020814101E-1
3.14800000000000013E9	9.59294788691211053E-1
3.14900000000000002E9	9.59285930641500606E-1
3.14999999999999991E9	9.59277079883984385E-1
3.15100000000000025E9	9.59268236393776341E-1
3.15200000000000014E9	9.59259400179979060E-1
3.15300000000000002E9	9.59250571234096228E-1
3.15399999999999991E9	9.59241749545030231E-1
3.15500000000000025E9	9.59232935116517460E-1
3.15600000000000014E9	9.59224127934672666E-1
3.15700000000000003E9	9.59215327998833089E-1
3.15800000000000036E9	9.59206535307142083E-1
3.15899999999999981E9	9.59197749841433733E-1
3.16000000000000014E9	9.59188971613080987E-1
3.16100000000000048E9	9.59180200604732747E-1
3.16199999999999992E9	9.59171436818675005E-1
3.16300000000000026E9	9.59162680241512433E-1
3.16399999999999970E9	9.59153930872544791E-1
3.16500000000000004E9	9.59145188707655372E-1
3.16600000000000037E9	9.59136453740941874E-1
3.16699999999999982E9	9.59127725963570832E-1
3.16800000000000015E9	9.59119005368438593E-1
3.16899999999999959E9	9.59110291965626161E-1
3.16999999999999993E9	9.59101585727734296E-1
3.17100000000000026E9	9.59092886671628264E-1
3.17199999999999971E9	9.59084194774334087E-1
3.17300000000000004E9	9.59075510035919798E-1
3.17399999999999993E9	9.59066832451275175E-1
3.17499999999999982E9	9.59058162021639227E-1
3.17600000000000016E9	9.59049498724495919E-1
3.17700000000000005E9	9.59040842577328689E-1
3.17799999999999994E9	9.59032193556352475E-1
3.17899999999999983E9	9.59023551664986940E-1
3.18000000000000016E9	9.59014916901748116E-1
3.18100000000000005E9	9.59006289247349386E-1
3.18199999999999994E9	9.58997668708312645E-1
3.18300000000000027E9	9.58989055270437341E-1
3.18399999999999972E9	9.58980448939099261E-1
3.18500000000000005E9	9.58971849705581647E-1
3.18600000000000039E9	9.58963257555289239E-1
3.18699999999999983E9	9.58954672491196014E-1
3.18800000000000017E9	9.58946094503552438E-1
3.18899999999999961E9	9.58937523587666441E-1
3.18999999999999995E9	9.58928959754148735E-1
3.19100000000000028E9	9.58920402968999319E-1
3.19199999999999973E9	9.58911853251635371E-1
3.19300000000000006E9	9.58903310579810508E-1
3.19399999999999995E9	9.58894774953691709E-1
3.19499999999999984E9	9.58886246375124607E-1
3.19600000000000017E9	9.58877724829598499E-1
3.19700000000000006E9	9.58869210320568044E-1
3.19799999999999995E9	9.58860702827871236E-1
3.19899999999999984E9	9.58852202357249794E-1
3.20000000000000018E9	9.58843708899264868E-1
3.20100000000000051E9	9.58835222455808633E-1
3.20199999999999951E9	9.58826743007209181E-1
3.20300000000000029E9	9.58818270563100583E-1
3.20399999999999974E9	9.58809805110247204E-1
3.20499999999999963E9	9.58801346642211882E-1
3.20600000000000041E9	9.58792895156851444E-1
3.20699999999999985E9	9.58784450648165176E-1
3.20799999999999974E9	9.58776013113190118E-1
3.20899999999999963E9	9.58767582539765328E-1
3.20999999999999996E9	9.58759158926145538E-1
3.21099999999999985E9	9.58750742277312007E-1
3.21199999999999974E9	9.58742332567225475E-1
3.21300000000000008E9	9.58733929798166251E-1
3.21399999999999997E9	9.58725533971344213E-1
3.21499999999999986E9	9.58717145076018973E-1
3.21600000000000019E9	9.58708763107849826E-1
3.21700000000000008E9	9.58700388066552911E-1
3.21799999999999997E9	9.58692019940214024E-1
3.21899999999999986E9	9.58683658719399112E-1
3.22000000000000020E9	9.58675304409485918E-1
3.22100000000000009E9	9.58666956995820563E-1
3.22199999999999998E9	9.58658616480213155E-1
3.22300000000000031E9	9.58650282852022428E-1
3.22399999999999931E9	9.58641956100019854E-1
3.22500000000000009E9	9.58633636239183673E-1
3.22600000000000042E9	9.58625323243806982E-1
3.22699999999999942E9	9.58617017113140868E-1
3.22800000000000020E9	9.58608717848220593E-1
3.22900000000000009E9	9.58600425440249104E-1
3.22999999999999954E9	9.58592139878645000E-1
3.23100000000000032E9	9.58583861160503936E-1
3.23200000000000021E9	9.58575589291756103E-1
3.23299999999999965E9	9.58567324251839636E-1
3.23399999999999954E9	9.58559066035734020E-1
3.23500000000000032E9	9.58550814646882898E-1
3.23599999999999977E9	9.58542570075684885E-1
3.23699999999999966E9	9.58534332318599702E-1
3.23800000000000043E9	9.58526101365094263E-1
3.23899999999999988E9	9.58517877213326841E-1
3.23999999999999977E9	9.58509659857068108E-1
3.24100000000000055E9	9.58501449294848662E-1
3.24199999999999999E9	9.58493245506615388E-1
3.24299999999999988E9	9.58485048512017634E-1
3.24399999999999977E9	9.58476858285494338E-1
3.24500000000000011E9	9.58468674823816436E-1
3.24600000000000000E9	9.58460498126619953E-1
3.24699999999999989E9	9.58452328186110236E-1
3.24800000000000022E9	9.58444164992641312E-1
3.24899999999999967E9	9.58436008557019292E-1
3.25000000000000000E9	9.58427858852513381E-1
3.25100000000000033E9	9.58419715883518997E-1
3.25199999999999978E9	9.58411579650693568E-1
3.25300000000000011E9	9.58403450130570711E-1
3.25400000000000000E9	9.58395327336753056E-1
3.25499999999999989E9	9.58387211254526505E-1
3.25600000000000023E9	9.58379101878420236E-1
3.25700000000000012E9	9.58370999203265050E-1
3.25800000000000001E9	9.58362903233278729E-1
3.25899999999999945E9	9.58354813940117900E-1
3.26000000000000023E9	9.58346731338450297E-1
3.26100000000000012E9	9.58338655421426466E-1
3.26199999999999957E9	9.58330586168296072E-1
3.26300000000000034E9	9.58322523593365538E-1
3.26400000000000023E9	9.58314467675792514E-1
3.26499999999999968E9	9.58306418416089834E-1
3.26600000000000046E9	9.58298375809962089E-1
3.26700000000000035E9	9.58290339849827433E-1
3.26799999999999979E9	9.58282310529366654E-1
3.26899999999999968E9	9.58274287839397765E-1
3.27000000000000046E9	9.58266271784786383E-1
3.27099999999999991E9	9.58258262353577273E-1
3.27199999999999980E9	9.58250259549591377E-1
3.27300000000000058E9	9.58242263340200751E-1
3.27399999999999958E9	9.58234273747669540E-1
3.27499999999999991E9	9.58226290761757049E-1
3.27600000000000069E9	9.58218314366948398E-1
3.27699999999999969E9	9.58210344560551519E-1
3.27800000000000002E9	9.58202381342450593E-1
3.27899999999999991E9	9.58194424702720049E-1
3.27999999999999980E9	9.58186474641859753E-1
3.28100000000000014E9	9.58178531143709833E-1
3.28200000000000003E9	9.58170594209756210E-1
3.28299999999999992E9	9.58162663832208850E-1
3.28399999999999981E9	9.58154740001516281E-1
3.28500000000000014E9	9.58146822722615887E-1
3.28600000000000003E9	9.58138911980035601E-1
3.28699999999999992E9	9.58131007782197308E-1
3.28800000000000026E9	9.58123110109906406E-1
3.28900000000000015E9	9.58115218953684256E-1
3.29000000000000004E9	9.58107334323131354E-1
3.29100000000000037E9	9.58099456194936927E-1
3.29200000000000026E9	9.58091584583875999E-1
3.29300000000000015E9	9.58083719472482365E-1
3.29399999999999959E9	9.58075860849370642E-1
3.29500000000000037E9	9.58068008726056064E-1
3.29600000000000026E9	9.58060163082786431E-1
3.29699999999999971E9	9.58052323921254256E-1
3.29800000000000049E9	9.58044491228111816E-1
3.29899999999999949E9	9.58036665007786148E-1
3.29999999999999982E9	9.58028845246360916E-1
3.30100000000000060E9	9.58021031934120515E-1
3.30199999999999960E9	9.58013225087259457E-1
3.30299999999999994E9	9.58005424675470429E-1
3.30399999999999983E9	9.57997630707144232E-1
3.30499999999999972E9	9.57989843174850719E-1
3.30600000000000005E9	9.57982062063232576E-1
3.30699999999999994E9	9.57974287376049460E-1
3.30799999999999983E9	9.57966519115993975E-1
3.30899999999999972E9	9.57958757262909799E-1
3.31000000000000005E9	9.57951001809790270E-1
3.31099999999999994E9	9.57943252756580854E-1
3.31199999999999983E9	9.57935510100508480E-1
3.31300000000000017E9	9.57927773838744301E-1
3.31400000000000006E9	9.57920043952254652E-1
3.31499999999999995E9	9.57912320445096199E-1
3.31600000000000028E9	9.57904603312263880E-1
3.31700000000000017E9	9.57896892550682466E-1
3.31800000000000006E9	9.57889188145556147E-1
3.31899999999999995E9	9.57881490099357791E-1
3.32000000000000028E9	9.57873798390729014E-1
3.32100000000000017E9	9.57866113034928190E-1
3.32200000000000006E9	9.57858434017528992E-1
3.32300000000000040E9	9.57850761332860046E-1
3.32399999999999940E9	9.57843094971694242E-1
3.32500000000000018E9	9.57835434930127150E-1
3.32600000000000051E9	9.57827781211646467E-1
3.32699999999999951E9	9.57820133794112039E-1
3.32800000000000029E9	9.57812492691156336E-1
3.32899999999999974E9	9.57804857877644977E-1
3.32999999999999963E9	9.57797229363539948E-1
3.33100000000000041E9	9.57789607131706333E-1
3.33199999999999985E9	9.57781991186867820E-1
3.33299999999999974E9	9.57774381517353568E-1
3.33399999999999963E9	9.57766778111292894E-1
3.33499999999999996E9	9.57759180978391633E-1
3.33599999999999985E9	9.57751590107197615E-1
3.33699999999999974E9	9.57744005476073035E-1
3.33800000000000008E9	9.57736427104421040E-1
3.33899999999999997E9	9.57728854972730126E-1
3.33999999999999986E9	9.57721289070398640E-1
3.34100000000000019E9	9.57713729407542402E-1
3.34200000000000008E9	9.57706175973259732E-1
3.34299999999999997E9	9.57698628748060798E-1
3.34399999999999986E9	9.57691087735563507E-1
3.34500000000000020E9	9.57683552943659144E-1
3.34600000000000009E9	9.57676024337954779E-1
3.34699999999999998E9	9.57668501942468353E-1
3.34800000000000031E9	9.57660985732261238E-1
3.34899999999999931E9	9.57653475711554059E-1
3.35000000000000009E9	9.57645971864980439E-1
3.35100000000000042E9	9.57638474198319933E-1
3.35199999999999942E9	9.57630982698394284E-1
3.35300000000000020E9	9.57623497353588959E-1
3.35400000000000009E9	9.57616018173730588E-1
3.35499999999999954E9	9.57608545144535839E-1
3.35600000000000032E9	9.57601078261918381E-1
3.35700000000000021E9	9.57593617521694007E-1
3.35799999999999965E9	9.57586162905181126E-1
3.35899999999999954E9	9.57578714424799493E-1
3.36000000000000032E9	9.57571272065339230E-1
3.36099999999999977E9	9.57563835828525178E-1
3.36199999999999966E9	9.57556405697723179E-1
3.36300000000000043E9	9.57548981675310884E-1
3.36399999999999988E9	9.57541563748796776E-1
3.36499999999999977E9	9.57534151919581511E-1
3.36600000000000055E9	9.57526746183132360E-1
3.36699999999999999E9	9.57519346521439729E-1
3.36799999999999988E9	9.57511952947232281E-1
3.36899999999999977E9	9.57504565434234323E-1
3.37000000000000011E9	9.57497183993151602E-1
3.37100000000000000E9	9.57489808606530701E-1
3.37199999999999989E9	9.57482439280953912E-1
3.37300000000000022E9	9.57475076000879888E-1
3.37399999999999967E9	9.57467718773767196E-1
3.37500000000000000E9	9.57460367575584925E-1
3.37600000000000033E9	9.57453022410005339E-1
3.37699999999999978E9	9.57445683264629110E-1
3.37800000000000011E9	9.57438350154817286E-1
3.37900000000000000E9	9.57431023048789598E-1
3.37999999999999989E9	9.57423701948365924E-1
3.38100000000000023E9	9.57416386856358415E-1
3.38200000000000012E9	9.57409077766051908E-1
3.38300000000000001E9	9.57401774668302963E-1
3.38399999999999945E9	9.57394477544466760E-1
3.38500000000000023E9	9.57387186411080293E-1
3.38600000000000012E9	9.57379901246164522E-1
3.38699999999999957E9	9.57372622058961653E-1
3.38800000000000034E9	9.57365348825921814E-1
3.38900000000000023E9	9.57358081548808748E-1
3.38999999999999968E9	9.57350820236660738E-1
3.39100000000000046E9	9.57343564857963258E-1
3.39200000000000035E9	9.57336315434905671E-1
3.39299999999999979E9	9.57329071932734088E-1
3.39399999999999968E9	9.57321834363569124E-1
3.39500000000000046E9	9.57314602718975571E-1
3.39599999999999991E9	9.57307376986462089E-1
3.39699999999999980E9	9.57300157170724297E-1
3.39800000000000058E9	9.57292943265167118E-1
3.39899999999999958E9	9.57285735255794457E-1
3.39999999999999991E9	9.57278533133969312E-1
3.40100000000000069E9	9.57271336909862391E-1
3.40199999999999969E9	9.57264146570746632E-1
3.40300000000000002E9	9.57256962095292963E-1
3.40399999999999991E9	9.57249783504057561E-1
3.40499999999999980E9	9.57242610771020175E-1
3.40600000000000014E9	9.57235443909467953E-1
3.40700000000000003E9	9.57228282894523730E-1
3.40799999999999992E9	9.57221127728653443E-1
3.40899999999999981E9	9.57213978408159072E-1
3.41000000000000014E9	9.57206834925494654E-1
3.41100000000000003E9	9.57199697276343464E-1
3.41199999999999992E9	9.57192565449883048E-1
3.41300000000000026E9	9.57185439439798280E-1
3.41400000000000015E9	9.57178319251660170E-1
3.41500000000000004E9	9.57171204859003133E-1
3.41600000000000037E9	9.57164096274801679E-1
3.41700000000000026E9	9.57156993499736686E-1
3.41800000000000015E9	9.57149896503630515E-1
3.41899999999999959E9	9.57142805293634424E-1
3.42000000000000037E9	9.57135719874430890E-1
3.42100000000000026E9	9.57128640217650428E-1
3.42199999999999971E9	9.57121566333713147E-1
3.42300000000000049E9	9.57114498212405174E-1
3.42399999999999949E9	9.57107435855743383E-1
3.42499999999999982E9	9.57100379246521982E-1
3.42600000000000060E9	9.57093328374335250E-1
3.42699999999999960E9	9.57086283245471847E-1
3.42799999999999994E9	9.57079243850533601E-1
3.42899999999999983E9	9.57072210180203875E-1
3.42999999999999972E9	9.57065182243180601E-1
3.43100000000000005E9	9.57058160011985137E-1
3.43199999999999994E9	9.57051143505523427E-1
3.43299999999999983E9	9.57044132692747063E-1
3.43399999999999972E9	9.57037127579722835E-1
3.43500000000000005E9	9.57030128164548621E-1
3.43599999999999994E9	9.57023134432743561E-1
3.43699999999999983E9	9.57016146390328792E-1
3.43800000000000017E9	9.57009164018843705E-1
3.43900000000000006E9	9.57002187321084463E-1
3.43999999999999995E9	9.56995216284125760E-1
3.44100000000000028E9	9.56988250903734006E-1
3.44200000000000017E9	9.56981291186419547E-1
3.44300000000000006E9	9.56974337111940976E-1
3.44399999999999995E9	9.56967388676267561E-1
3.44500000000000028E9	9.56960445889052203E-1
3.44600000000000017E9	9.56953508719748669E-1
3.44700000000000006E9	9.56946577173546231E-1
3.44800000000000040E9	9.56939651257224533E-1
3.44899999999999940E9	9.56932730947492161E-1
3.45000000000000018E9	9.56925816249715488E-1
3.45100000000000051E9	9.56918907145633391E-1
3.45199999999999951E9	9.56912003644356446E-1
3.45300000000000029E9	9.56905105728330341E-1
3.45399999999999974E9	9.56898213405174403E-1
3.45499999999999963E9	9.56891326650585938E-1
3.45600000000000041E9	9.56884445473629164E-1
3.45699999999999985E9	9.56877569863769573E-1
3.45799999999999974E9	9.56870699814662373E-1
3.45899999999999963E9	9.56863835313584232E-1
3.45999999999999996E9	9.56856976370980838E-1
3.46099999999999985E9	9.56850122976019613E-1
3.46199999999999974E9	9.56843275115639713E-1
3.46300000000000008E9	9.56836432784606750E-1
3.46399999999999997E9	9.56829595979809433E-1
3.46499999999999986E9	9.56822764700438277E-1
3.46600000000000019E9	9.56815938924889231E-1
3.46700000000000008E9	9.56809118676993187E-1
3.46799999999999997E9	9.56802303916390606E-1
3.46899999999999986E9	9.56795494656705614E-1
3.47000000000000020E9	9.56788690899655769E-1
3.47100000000000009E9	9.56781892619644125E-1
3.47199999999999998E9	9.56775099818043806E-1
3.47300000000000031E9	9.56768312496752493E-1
3.47399999999999931E9	9.56761530644811664E-1
3.47500000000000009E9	9.56754754258122020E-1
3.47600000000000042E9	9.56747983321717221E-1
3.47699999999999942E9	9.56741217837963553E-1
3.47800000000000020E9	9.56734457803280058E-1
3.47900000000000009E9	9.56727703215551095E-1
3.47999999999999954E9	9.56720954041067273E-1
3.48100000000000032E9	9.56714210312473412E-1
3.48200000000000021E9	9.56707472002893233E-1
3.48299999999999965E9	9.56700739105890285E-1
3.48399999999999954E9	9.56694011632123065E-1
3.48500000000000032E9	9.56687289552498754E-1
3.48599999999999977E9	9.56680572880618740E-1
3.48699999999999966E9	9.56673861598837583E-1
3.48800000000000043E9	9.56667155694796456E-1
3.48899999999999988E9	9.56660455195384429E-1
3.48999999999999977E9	9.56653760043469426E-1
3.49100000000000055E9	9.56647070284124723E-1
3.49199999999999999E9	9.56640385886567834E-1
3.49299999999999988E9	9.56633706842276510E-1
3.49399999999999977E9	9.56627033151516670E-1
3.49500000000000011E9	9.56620364820778235E-1
3.49600000000000000E9	9.56613701821215301E-1
3.49699999999999989E9	9.56607044161670217E-1
3.49800000000000022E9	9.56600391831733177E-1
3.49899999999999967E9	9.56593744815996416E-1
3.50000000000000000E9	9.56587103135706762E-1
3.50100000000000033E9	9.56580466756911463E-1
3.50199999999999978E9	9.56573835682435103E-1
3.50300000000000011E9	9.56567209917058747E-1
3.50400000000000000E9	9.56560589452552357E-1
3.50499999999999989E9	9.56553974272353180E-1
3.50600000000000023E9	9.56547364364043418E-1
3.50700000000000012E9	9.56540759752336101E-1
3.50800000000000001E9	9.56534160396841138E-1
3.50899999999999945E9	9.56527566323754819E-1
3.51000000000000023E9	9.56520977501965675E-1
3.51100000000000012E9	9.56514393940059371E-1
3.51199999999999957E9	9.56507815625928970E-1
3.51300000000000034E9	9.56501242549564523E-1
3.51400000000000023E9	9.56494674716561200E-1
3.51499999999999968E9	9.56488112125997958E-1
3.51600000000000046E9	9.56481554739569617E-1
3.51700000000000035E9	9.56475002587081491E-1
3.51799999999999979E9	9.56468455646117199E-1
3.51899999999999968E9	9.56461913913375561E-1
3.52000000000000046E9	9.56455377380561345E-1
3.52099999999999991E9	9.56448846048017920E-1
3.52199999999999980E9	9.56442319916039274E-1
3.52300000000000058E9	9.56435798963278927E-1
3.52399999999999958E9	9.56429283181486944E-1
3.52499999999999991E9	9.56422772583649738E-1
3.52600000000000069E9	9.56416267147634969E-1
3.52699999999999969E9	9.56409766878981316E-1
3.52800000000000002E9	9.56403271768580154E-1
3.52899999999999991E9	9.56396781804868290E-1
3.52999999999999980E9	9.56390296982424637E-1
3.53100000000000014E9	9.56383817306197770E-1
3.53200000000000003E9	9.56377342762945126E-1
3.53299999999999992E9	9.56370873349353978E-1
3.53399999999999981E9	9.56364409054018338E-1
3.53500000000000014E9	9.56357949873359736E-1
3.53600000000000003E9	9.56351495807981777E-1
3.53699999999999992E9	9.56345046836197277E-1
3.53800000000000026E9	9.56338602968337881E-1
3.53900000000000015E9	9.56332164196090240E-1
3.54000000000000004E9	9.56325730521544770E-1
3.54100000000000037E9	9.56319301912456510E-1
3.54200000000000026E9	9.56312878389107901E-1
3.54300000000000015E9	9.56306459928176622E-1
3.54399999999999959E9	9.56300046536719250E-1
3.54500000000000037E9	9.56293638196207318E-1
3.54600000000000026E9	9.56287234917293993E-1
3.54699999999999971E9	9.56280836682610591E-1
3.54800000000000049E9	9.56274443480073977E-1
3.54899999999999949E9	9.56268055321552168E-1
3.54999999999999982E9	9.56261672202977486E-1
3.55100000000000060E9	9.56255294084734331E-1
3.55199999999999960E9	9.56248920997636276E-1
3.55299999999999994E9	9.56242552919291100E-1
3.55399999999999983E9	9.56236189837890649E-1
3.55499999999999972E9	9.56229831770593464E-1
3.55600000000000005E9	9.56223478693926232E-1
3.55699999999999994E9	9.56217130607018895E-1
3.55799999999999983E9	9.56210787498007875E-1
3.55899999999999972E9	9.56204449364027909E-1
3.56000000000000005E9	9.56198116219947281E-1
3.56099999999999994E9	9.56191788027453882E-1
3.56199999999999983E9	9.56185464794266871E-1
3.56300000000000017E9	9.56179146512858047E-1
3.56400000000000006E9	9.56172833182218262E-1
3.56499999999999995E9	9.56166524788341476E-1
3.56600000000000028E9	9.56160221335608362E-1
3.56700000000000017E9	9.56153922830520742E-1
3.56800000000000006E9	9.56147629226508400E-1
3.56899999999999995E9	9.56141340551142882E-1
3.57000000000000028E9	9.56135056791984361E-1
3.57100000000000017E9	9.56128777931586527E-1
3.57200000000000006E9	9.56122503982914296E-1
3.57300000000000040E9	9.56116234929145925E-1
3.57399999999999940E9	9.56109970765504613E-1
3.57500000000000018E9	9.56103711467445372E-1
3.57600000000000051E9	9.56097457067951595E-1
3.57699999999999951E9	9.56091207538625021E-1
3.57800000000000029E9	9.56084962878402322E-1
3.57899999999999974E9	9.56078723081547999E-1
3.57999999999999963E9	9.56072488131518838E-1
3.58100000000000041E9	9.56066258027724913E-1
3.58199999999999985E9	9.56060032776188251E-1
3.58299999999999974E9	9.56053812364212519E-1
3.58399999999999963E9	9.56047596790204146E-1
3.58499999999999996E9	9.56041386019259321E-1
3.58599999999999985E9	9.56035180091597248E-1
3.58699999999999974E9	9.56028978960530829E-1
3.58800000000000008E9	9.56022782655239567E-1
3.58899999999999997E9	9.56016591147779238E-1
3.58999999999999986E9	9.56010404430357497E-1
3.59100000000000019E9	9.56004222513247548E-1
3.59200000000000008E9	9.55998045388165529E-1
3.59299999999999997E9	9.55991873022515648E-1
3.59399999999999986E9	9.55985705445357148E-1
3.59500000000000020E9	9.55979542636896973E-1
3.59600000000000009E9	9.55973384602024367E-1
3.59699999999999998E9	9.55967231309326770E-1
3.59800000000000031E9	9.55961082763518277E-1
3.59899999999999931E9	9.55954938968853618E-1
3.60000000000000009E9	9.55948799924874670E-1
3.60100000000000042E9	9.55942665601791219E-1
3.60199999999999942E9	9.55936535998609216E-1
3.60300000000000020E9	9.55930411129242863E-1
3.60400000000000009E9	9.55924290982585845E-1
3.60499999999999954E9	9.55918175535124526E-1
3.60600000000000032E9	9.55912064802659600E-1
3.60700000000000021E9	9.55905958750374118E-1
3.60799999999999965E9	9.55899857420806143E-1
3.60899999999999954E9	9.55893760755521349E-1
3.61000000000000032E9	9.55887668786664513E-1
3.61099999999999977E9	9.55881581473413888E-1
3.61199999999999966E9	9.55875498852142691E-1
3.61300000000000043E9	9.55869420885482945E-1
3.61399999999999988E9	9.55863347564286769E-1
3.61499999999999977E9	9.55857278919047992E-1
3.61600000000000055E9	9.55851214904971336E-1
3.61699999999999999E9	9.55845155538211877E-1
3.61799999999999988E9	9.55839100809127196E-1
3.61899999999999977E9	9.55833050700835685E-1
3.62000000000000011E9	9.55827005237636484E-1
3.62100000000000000E9	9.55820964368261272E-1
3.62199999999999989E9	9.55814928129480101E-1
3.62300000000000022E9	9.55808896492085935E-1
3.62399999999999967E9	9.55802869450385550E-1
3.62500000000000000E9	9.55796847002861405E-1
3.62600000000000033E9	9.55790829135532150E-1
3.62699999999999978E9	9.55784815865708026E-1
3.62800000000000011E9	9.55778807175495793E-1
3.62900000000000000E9	9.55772803058148845E-1
3.62999999999999989E9	9.55766803483117577E-1
3.63100000000000023E9	9.55760808496994230E-1
3.63200000000000012E9	9.55754818048389154E-1
3.63300000000000001E9	9.55748832157672190E-1
3.63399999999999945E9	9.55742850805928157E-1
3.63500000000000023E9	9.55736873988824343E-1
3.63600000000000012E9	9.55730901700069069E-1
3.63699999999999957E9	9.55724933934908449E-1
3.63800000000000034E9	9.55718970705694382E-1
3.63900000000000023E9	9.55713011979850791E-1
3.63999999999999968E9	9.55707057762851875E-1
3.64100000000000046E9	9.55701108053986914E-1
3.64200000000000035E9	9.55695162829471379E-1
3.64299999999999979E9	9.55689222096234303E-1
3.64399999999999968E9	9.55683285864477128E-1
3.64500000000000046E9	9.55677354093656106E-1
3.64599999999999991E9	9.55671426808386215E-1
3.64699999999999980E9	9.55665503983365383E-1
3.64800000000000058E9	9.55659585612169593E-1
3.64899999999999958E9	9.55653671718286901E-1
3.64999999999999991E9	9.55647762258749900E-1
3.65100000000000069E9	9.55641857255448635E-1
3.65199999999999969E9	9.55635956680017173E-1
3.65300000000000002E9	9.55630060537439086E-1
3.65399999999999991E9	9.55624168826633991E-1
3.65499999999999980E9	9.55618281542676762E-1
3.65600000000000014E9	9.55612398671445895E-1
3.65700000000000003E9	9.55606520191929754E-1
3.65799999999999992E9	9.55600646147416377E-1
3.65899999999999981E9	9.55594776480338126E-1
3.66000000000000014E9	9.55588911206765168E-1
3.66100000000000003E9	9.55583050325498107E-1
3.66199999999999992E9	9.55577193818072779E-1
3.66300000000000026E9	9.55571341691573295E-1
3.66400000000000015E9	9.55565493931709575E-1
3.66500000000000004E9	9.55559650546832096E-1
3.66600000000000037E9	9.55553811508950268E-1
3.66700000000000026E9	9.55547976821014444E-1
3.66800000000000015E9	9.55542146477520937E-1
3.66899999999999959E9	9.55536320476604928E-1
3.67000000000000037E9	9.55530498825493524E-1
3.67100000000000026E9	9.55524681486355121E-1
3.67199999999999971E9	9.55518868464993076E-1
3.67300000000000049E9	9.55513059778694185E-1
3.67399999999999949E9	9.55507255396970834E-1
3.67499999999999982E9	9.55501455316114878E-1
3.67600000000000060E9	9.55495659548613574E-1
3.67699999999999960E9	9.55489868069821036E-1
3.67799999999999994E9	9.55484080883512377E-1
3.67899999999999983E9	9.55478297958465106E-1
3.67999999999999972E9	9.55472519323404335E-1
3.68100000000000005E9	9.55466744953399072E-1
3.68199999999999994E9	9.55460974854388745E-1
3.68299999999999983E9	9.55455209034011688E-1
3.68399999999999972E9	9.55449447441013966E-1
3.68500000000000005E9	9.55443690103217236E-1
3.68599999999999994E9	9.55437937010364635E-1
3.68699999999999983E9	9.55432188153140416E-1
3.68800000000000017E9	9.55426443536234160E-1
3.68900000000000006E9	9.55420703124324255E-1
3.68999999999999995E9	9.55414966940194077E-1
3.69100000000000028E9	9.55409234979967259E-1
3.69200000000000017E9	9.55403507210796654E-1
3.69300000000000006E9	9.55397783648316157E-1
3.69399999999999995E9	9.55392064289239684E-1
3.69500000000000028E9	9.55386349125117817E-1
3.69600000000000017E9	9.55380638130735349E-1
3.69700000000000006E9	9.55374931329798471E-1
3.69800000000000040E9	9.55369228685244920E-1
3.69899999999999940E9	9.55363530214210854E-1
3.70000000000000018E9	9.55357835915650710E-1
3.70100000000000051E9	9.55352145761880500E-1
3.70199999999999951E9	9.55346459754291821E-1
3.70300000000000029E9	9.55340777898753402E-1
3.70399999999999974E9	9.55335100196508868E-1
3.70499999999999963E9	9.55329426597980635E-1
3.70600000000000041E9	9.55323757146333996E-1
3.70699999999999985E9	9.55318091809374970E-1
3.70799999999999974E9	9.55312430586410954E-1
3.70899999999999963E9	9.55306773477467530E-1
3.70999999999999996E9	9.55301120468535281E-1
3.71099999999999985E9	9.55295471549080233E-1
3.71199999999999974E9	9.55289826737670822E-1
3.71300000000000008E9	9.55284186000938540E-1
3.71399999999999997E9	9.55278549364538776E-1
3.71499999999999986E9	9.55272916783040316E-1
3.71600000000000019E9	9.55267288270758996E-1
3.71700000000000008E9	9.55261663836602004E-1
3.71799999999999997E9	9.55256043454109438E-1
3.71899999999999986E9	9.55250427114971501E-1
3.72000000000000020E9	9.55244814841123357E-1
3.72100000000000009E9	9.55239206597300239E-1
3.72199999999999998E9	9.55233602380831748E-1
3.72300000000000031E9	9.55228002207351778E-1
3.72399999999999931E9	9.55222406049049866E-1
3.72500000000000009E9	9.55216813907057016E-1
3.72600000000000042E9	9.55211225788394280E-1
3.72699999999999942E9	9.55205641667668814E-1
3.72800000000000020E9	9.55200061545730250E-1
3.72900000000000009E9	9.55194485428306450E-1
3.72999999999999954E9	9.55188913285178032E-1
3.73100000000000032E9	9.55183345136140538E-1
3.73200000000000021E9	9.55177780952807609E-1
3.73299999999999965E9	9.55172220748447742E-1
3.73399999999999954E9	9.55166664512374020E-1
3.73500000000000032E9	9.55161112219170150E-1
3.73599999999999977E9	9.55155563905024074E-1
3.73699999999999966E9	9.55150019533935257E-1
3.73800000000000043E9	9.55144479089580223E-1
3.73899999999999988E9	9.55138942615664632E-1
3.73999999999999977E9	9.55133410035828945E-1
3.74100000000000055E9	9.55127881406433232E-1
3.74199999999999999E9	9.55122356688687013E-1
3.74299999999999988E9	9.55116835884093796E-1
3.74399999999999977E9	9.55111318995128222E-1
3.74500000000000011E9	9.55105805994223012E-1
3.74600000000000000E9	9.55100296899206214E-1
3.74699999999999989E9	9.55094791691461253E-1
3.74800000000000022E9	9.55089290379010514E-1
3.74899999999999967E9	9.55083792925216635E-1
3.75000000000000000E9	9.55078299368021888E-1
3.75100000000000033E9	9.55072809669283629E-1
3.75199999999999978E9	9.55067323840893323E-1
3.75300000000000011E9	9.55061841862221961E-1
3.75400000000000000E9	9.55056363742067482E-1
3.75499999999999989E9	9.55050889456380858E-1
3.75600000000000023E9	9.55045419021657338E-1
3.75700000000000012E9	9.55039952415389237E-1
3.75800000000000001E9	9.55034489639517936E-1
3.75899999999999945E9	9.55029030669296652E-1
3.76000000000000023E9	9.55023575531341429E-1
3.76100000000000012E9	9.55018124208156394E-1
3.76199999999999957E9	9.55012676675700867E-1
3.76300000000000034E9	9.55007232953372487E-1
3.76400000000000023E9	9.55001793014642253E-1
3.76499999999999968E9	9.54996356884755215E-1
3.76600000000000046E9	9.54990924524241436E-1
3.76700000000000035E9	9.54985495937334328E-1
3.76799999999999979E9	9.54980071125696561E-1
3.76899999999999968E9	9.54974650084836796E-1
3.77000000000000046E9	9.54969232795700229E-1
3.77099999999999991E9	9.54963819259932833E-1
3.77199999999999980E9	9.54958409470985004E-1
3.77300000000000058E9	9.54953003428584424E-1
3.77399999999999958E9	9.54947601117700451E-1
3.77499999999999991E9	9.54942202546412489E-1
3.77600000000000069E9	9.54936807678602761E-1
3.77699999999999969E9	9.54931416566042124E-1
3.77800000000000002E9	9.54926029146803046E-1
3.77899999999999991E9	9.54920645427352355E-1
3.77999999999999980E9	9.54915265412995495E-1
3.78100000000000014E9	9.54909889111594978E-1
3.78200000000000003E9	9.54904516491675359E-1
3.78299999999999992E9	9.54899147546427329E-1
3.78399999999999981E9	9.54893782295011384E-1
3.78500000000000014E9	9.54888420701020557E-1
3.78600000000000003E9	9.54883062786552195E-1
3.78699999999999992E9	9.54877708546298543E-1
3.78800000000000026E9	9.54872357935967386E-1
3.78900000000000015E9	9.54867010994517784E-1
3.79000000000000004E9	9.54861667685713300E-1
3.79100000000000037E9	9.54856328031836199E-1
3.79200000000000026E9	9.54850991997156306E-1
3.79300000000000015E9	9.54845659603819463E-1
3.79399999999999959E9	9.54840330819238403E-1
3.79500000000000037E9	9.54835005653657909E-1
3.79600000000000026E9	9.54829684106597298E-1
3.79699999999999971E9	9.54824366162995197E-1
3.79800000000000049E9	9.54819051822182274E-1
3.79899999999999949E9	9.54813741057123089E-1
3.79999999999999982E9	9.54808433906008069E-1
3.80100000000000060E9	9.54803130328776106E-1
3.80199999999999960E9	9.54797830316186236E-1
3.80299999999999994E9	9.54792533871126281E-1
3.80399999999999983E9	9.54787241002903642E-1
3.80499999999999972E9	9.54781951702775444E-1
3.80600000000000005E9	9.54776665934496016E-1
3.80699999999999994E9	9.54771383727796419E-1
3.80799999999999983E9	9.54766105059377068E-1
3.80899999999999972E9	9.54760829922926924E-1
3.81000000000000005E9	9.54755558321996034E-1
3.81099999999999994E9	9.54750290243503485E-1
3.81199999999999983E9	9.54745025691262228E-1
3.81300000000000017E9	9.54739764647478850E-1
3.81400000000000006E9	9.54734507120299369E-1
3.81499999999999995E9	9.54729253097765529E-1
3.81600000000000028E9	9.54724002542244143E-1
3.81700000000000017E9	9.54718755514082851E-1
3.81800000000000006E9	9.54713511963088379E-1
3.81899999999999995E9	9.54708271877422376E-1
3.82000000000000028E9	9.54703035270878786E-1
3.82100000000000017E9	9.54697802138895213E-1
3.82200000000000006E9	9.54692572477753743E-1
3.82300000000000040E9	9.54687346251366264E-1
3.82399999999999940E9	9.54682123485930489E-1
3.82500000000000018E9	9.54676904158172412E-1
3.82600000000000051E9	9.54671688286551756E-1
3.82699999999999951E9	9.54666475840557638E-1
3.82800000000000029E9	9.54661266821638499E-1
3.82899999999999974E9	9.54656061225862729E-1
3.82999999999999963E9	9.54650859043656119E-1
3.83100000000000041E9	9.54645660281511610E-1
3.83199999999999985E9	9.54640464910160702E-1
3.83299999999999974E9	9.54635272965280635E-1
3.83399999999999963E9	9.54630084411922297E-1
3.83499999999999996E9	9.54624899217215450E-1
3.83599999999999985E9	9.54619717431494408E-1
3.83699999999999974E9	9.54614539008412066E-1
3.83800000000000008E9	9.54609363965536240E-1
3.83899999999999997E9	9.54604192286325137E-1
3.83999999999999986E9	9.54599023954582826E-1
3.84100000000000019E9	9.54593858994703481E-1
3.84200000000000008E9	9.54588697368414074E-1
3.84299999999999997E9	9.54583539096453393E-1
3.84399999999999986E9	9.54578384172022432E-1
3.84500000000000020E9	9.54573232574311881E-1
3.84600000000000009E9	9.54568084292402830E-1
3.84699999999999998E9	9.54562939333601079E-1
3.84800000000000031E9	9.54557797683587594E-1
3.84899999999999931E9	9.54552659358698286E-1
3.85000000000000009E9	9.54547524335519881E-1
3.85100000000000042E9	9.54542392599081246E-1
3.85199999999999942E9	9.54537264151799114E-1
3.85300000000000020E9	9.54532138995191204E-1
3.85400000000000009E9	9.54527017136222078E-1
3.85499999999999954E9	9.54521898534233237E-1
3.85600000000000032E9	9.54516783205266606E-1
3.85700000000000021E9	9.54511671148955365E-1
3.85799999999999965E9	9.54506562350980836E-1
3.85899999999999954E9	9.54501456796725556E-1
3.86000000000000032E9	9.54496354476761333E-1
3.86099999999999977E9	9.54491255420094653E-1
3.86199999999999966E9	9.54486159588450533E-1
3.86300000000000043E9	9.54481066982872228E-1
3.86399999999999988E9	9.54475977620682769E-1
3.86499999999999977E9	9.54470891452722725E-1
3.86600000000000055E9	9.54465808518651571E-1
3.86699999999999999E9	9.54460728778971657E-1
3.86799999999999988E9	9.54455652224113749E-1
3.86899999999999977E9	9.54450578892955903E-1
3.87000000000000011E9	9.54445508753675576E-1
3.87100000000000000E9	9.54440441788556626E-1
3.87199999999999989E9	9.54435377991092615E-1
3.87300000000000022E9	9.54430317384882265E-1
3.87399999999999967E9	9.54425259935604764E-1
3.87500000000000000E9	9.54420205663148735E-1
3.87600000000000033E9	9.54415154532047083E-1
3.87699999999999978E9	9.54410106553111603E-1
3.87800000000000011E9	9.54405061730659909E-1
3.87900000000000000E9	9.54400020033557261E-1
3.87999999999999989E9	9.54394981489209826E-1
3.88100000000000023E9	9.54389946062318195E-1
3.88200000000000012E9	9.54384913743024477E-1
3.88300000000000001E9	9.54379884551446622E-1
3.88399999999999945E9	9.54374858478251120E-1
3.88500000000000023E9	9.54369835491933571E-1
3.88600000000000012E9	9.54364815636532349E-1
3.88699999999999957E9	9.54359798856262920E-1
3.88800000000000034E9	9.54354785145752693E-1
3.88900000000000023E9	9.54349774550171759E-1
3.88999999999999968E9	9.54344767015865258E-1
3.89100000000000046E9	9.54339762560092275E-1
3.89200000000000035E9	9.54334761185860891E-1
3.89299999999999979E9	9.54329762837204676E-1
3.89399999999999968E9	9.54324767559664799E-1
3.89500000000000046E9	9.54319775343773813E-1
3.89599999999999991E9	9.54314786144584914E-1
3.89699999999999980E9	9.54309800002384456E-1
3.89800000000000058E9	9.54304816879151652E-1
3.89899999999999958E9	9.54299836787589051E-1
3.89999999999999991E9	9.54294859744943480E-1
3.90100000000000069E9	9.54289885670401361E-1
3.90199999999999969E9	9.54284914638008530E-1
3.90300000000000002E9	9.54279946600889595E-1
3.90399999999999991E9	9.54274981562124580E-1
3.90499999999999980E9	9.54270019519397295E-1
3.90600000000000014E9	9.54265060456761560E-1
3.90700000000000003E9	9.54260104381460295E-1
3.90799999999999992E9	9.54255151277242675E-1
3.90899999999999981E9	9.54250201142154530E-1
3.91000000000000014E9	9.54245253974928254E-1
3.91100000000000003E9	9.54240309769017259E-1
3.91199999999999992E9	9.54235368515628757E-1
3.91300000000000026E9	9.54230430221072368E-1
3.91400000000000015E9	9.54225494862422075E-1
3.91500000000000004E9	9.54220562417327933E-1
3.91600000000000037E9	9.54215632920023715E-1
3.91700000000000026E9	9.54210706351755533E-1
3.91800000000000015E9	9.54205782697938076E-1
3.91899999999999959E9	9.54200861971403747E-1
3.92000000000000037E9	9.54195944150402831E-1
3.92100000000000026E9	9.54191029215302855E-1
3.92199999999999971E9	9.54186117183591520E-1
3.92300000000000049E9	9.54181208041473816E-1
3.92399999999999949E9	9.54176301789779302E-1
3.92499999999999982E9	9.54171398417294903E-1
3.92600000000000060E9	9.54166497939383440E-1
3.92699999999999960E9	9.54161600325091719E-1
3.92799999999999994E9	9.54156705556413343E-1
3.92899999999999983E9	9.54151813638207358E-1
3.92999999999999972E9	9.54146924597169388E-1
3.93100000000000005E9	9.54142038400099857E-1
3.93199999999999994E9	9.54137155033482109E-1
3.93299999999999983E9	9.54132274499242250E-1
3.93399999999999972E9	9.54127396806626571E-1
3.93500000000000005E9	9.54122521926862177E-1
3.93599999999999994E9	9.54117649888524788E-1
3.93699999999999983E9	9.54112780641780489E-1
3.93800000000000017E9	9.54107914208757713E-1
3.93900000000000006E9	9.54103050566025424E-1
3.93999999999999995E9	9.54098189735458924E-1
3.94100000000000028E9	9.54093331690412505E-1
3.94200000000000017E9	9.54088476436360367E-1
3.94300000000000006E9	9.54083623958026550E-1
3.94399999999999995E9	9.54078774248611339E-1
3.94500000000000028E9	9.54073927317346993E-1
3.94600000000000017E9	9.54069083143108720E-1
3.94700000000000006E9	9.54064241739702901E-1
3.94800000000000040E9	9.54059403068677625E-1
3.94899999999999940E9	9.54054567156797262E-1
3.95000000000000018E9	9.54049733967854685E-1
3.95100000000000051E9	9.54044903535875122E-1
3.95199999999999951E9	9.54040075812951294E-1
3.95300000000000029E9	9.54035250839018367E-1
3.95399999999999974E9	9.54030428554821519E-1
3.95499999999999963E9	9.54025609001317676E-1
3.95600000000000041E9	9.54020792163048981E-1
3.95699999999999985E9	9.54015978004869325E-1
3.95799999999999974E9	9.54011166545823919E-1
3.95899999999999963E9	9.54006357780819592E-1
3.95999999999999996E9	9.54001551706705797E-1
3.96099999999999985E9	9.53996748302079212E-1
3.96199999999999974E9	9.53991947582466970E-1
3.96300000000000008E9	9.53987149518083299E-1
3.96399999999999997E9	9.53982354122527099E-1
3.96499999999999986E9	9.53977561406001939E-1
3.96600000000000019E9	9.53972771303444844E-1
3.96700000000000008E9	9.53967983868778191E-1
3.96799999999999997E9	9.53963199061236544E-1
3.96899999999999986E9	9.53958416900340289E-1
3.97000000000000020E9	9.53953637360771189E-1
3.97100000000000009E9	9.53948860443812308E-1
3.97199999999999998E9	9.53944086163056326E-1
3.97300000000000031E9	9.53939314464799537E-1
3.97399999999999931E9	9.53934545395787481E-1
3.97500000000000009E9	9.53929778919696147E-1
3.97600000000000042E9	9.53925015028656276E-1
3.97699999999999942E9	9.53920253741499025E-1
3.97800000000000020E9	9.53915495043376893E-1
3.97900000000000009E9	9.53910738908514055E-1
3.97999999999999954E9	9.53905985353961583E-1
3.98100000000000032E9	9.53901234348769655E-1
3.98200000000000021E9	9.53896485952179418E-1
3.98299999999999965E9	9.53891740081379957E-1
3.98399999999999954E9	9.53886996774270024E-1
3.98500000000000032E9	9.53882255990613537E-1
3.98599999999999977E9	9.53877517760259153E-1
3.98699999999999966E9	9.53872782067121427E-1
3.98800000000000043E9	9.53868048908135080E-1
3.98899999999999988E9	9.53863318267620564E-1
3.98999999999999977E9	9.53858590135697249E-1
3.99100000000000055E9	9.53853864520582029E-1
3.99199999999999999E9	9.53849141432777259E-1
3.99299999999999988E9	9.53844420802410653E-1
3.99399999999999977E9	9.53839702700949843E-1
3.99500000000000011E9	9.53834987082313468E-1
3.99600000000000000E9	9.53830273962975994E-1
3.99699999999999989E9	9.53825563286342870E-1
3.99800000000000022E9	9.53820855118784294E-1
3.99899999999999967E9	9.53816149393348667E-1
4.00000000000000000E9	9.53811446135543761E-1
4.00100000000000033E9	9.53806745331291594E-1
4.00199999999999978E9	9.53802046996611352E-1
4.00300000000000011E9	9.53797351106530655E-1
4.00399999999999956E9	9.53792657650699738E-1
4.00499999999999989E9	9.53787966620533467E-1
4.00600000000000023E9	9.53783278040943294E-1
4.00699999999999967E9	9.53778591865566305E-1
4.00800000000000001E9	9.53773908103563883E-1
4.00899999999999945E9	9.53769226768100964E-1
4.00999999999999979E9	9.53764547835517718E-1
4.01100000000000012E9	9.53759871301052264E-1
4.01199999999999957E9	9.53755197171670055E-1
4.01299999999999990E9	9.53750525409387961E-1
4.01400000000000023E9	9.53745856067300224E-1
4.01499999999999968E9	9.53741189086172980E-1
4.01600000000000001E9	9.53736524483266557E-1
4.01700000000000035E9	9.53731862251654761E-1
4.01799999999999979E9	9.53727202375183758E-1
4.01900000000000013E9	9.53722544843105169E-1
4.02000000000000046E9	9.53717889671814234E-1
4.02099999999999991E9	9.53713236866492231E-1
4.02200000000000024E9	9.53708586378810352E-1
4.02300000000000058E9	9.53703938237249460E-1
4.02399999999999913E9	9.53699292413423905E-1
4.02500000000000036E9	9.53694648929350564E-1
4.02600000000000069E9	9.53690007761917791E-1
4.02699999999999925E9	9.53685368898350028E-1
4.02800000000000047E9	9.53680732349472393E-1
4.02899999999999991E9	9.53676098090808289E-1
4.02999999999999936E9	9.53671466148227687E-1
4.03100000000000058E9	9.53666836478824820E-1
4.03200000000000003E9	9.53662209099559632E-1
4.03299999999999947E9	9.53657584005625480E-1
4.03399999999999981E9	9.53652961187617620E-1
4.03500000000000014E9	9.53648340637264980E-1
4.03599999999999959E9	9.53643722357588075E-1
4.03699999999999992E9	9.53639106319053909E-1
4.03800000000000026E9	9.53634492554284741E-1
4.03899999999999970E9	9.53629880998962420E-1
4.04000000000000004E9	9.53625271705799982E-1
4.04100000000000037E9	9.53620664658662420E-1
4.04199999999999982E9	9.53616059827380269E-1
4.04300000000000015E9	9.53611457246418048E-1
4.04399999999999959E9	9.53606856858962892E-1
4.04499999999999993E9	9.53602258678878556E-1
4.04600000000000026E9	9.53597662721084305E-1
4.04699999999999971E9	9.53593068980011438E-1
4.04800000000000004E9	9.53588477422614744E-1
4.04899999999999949E9	9.53583888057706019E-1
4.04999999999999982E9	9.53579300884252845E-1
4.05100000000000016E9	9.53574715886633051E-1
4.05199999999999960E9	9.53570133055532665E-1
4.05299999999999994E9	9.53565552418470119E-1
4.05400000000000027E9	9.53560973933364409E-1
4.05499999999999972E9	9.53556397604053352E-1
4.05600000000000005E9	9.53551823416292521E-1
4.05700000000000038E9	9.53547251393826123E-1
4.05799999999999983E9	9.53542681519136970E-1
4.05899999999999928E9	9.53538113765671369E-1
4.06000000000000050E9	9.53533548141041187E-1
4.06099999999999994E9	9.53528984652924727E-1
4.06199999999999939E9	9.53524423316137693E-1
4.06300000000000061E9	9.53519864044538146E-1
4.06400000000000006E9	9.53515306890510494E-1
4.06499999999999950E9	9.53510751852051364E-1
4.06600000000000072E9	9.53506198915180825E-1
4.06700000000000017E9	9.53501648066440843E-1
4.06799999999999962E9	9.53497099308641971E-1
4.06899999999999995E9	9.53492552638501856E-1
4.07000000000000028E9	9.53488008041635027E-1
4.07099999999999973E9	9.53483465513140871E-1
4.07200000000000006E9	9.53478925033757108E-1
4.07300000000000040E9	9.53474386636900206E-1
4.07399999999999984E9	9.53469850282884579E-1
4.07500000000000018E9	9.53465315984854911E-1
4.07600000000000051E9	9.53460783729962102E-1
4.07699999999999996E9	9.53456253523060404E-1
4.07800000000000029E9	9.53451725353116686E-1
4.07899999999999974E9	9.53447199179518989E-1
4.08000000000000007E9	9.53442675052175659E-1
4.08100000000000041E9	9.53438152922701398E-1
4.08199999999999985E9	9.53433632830097721E-1
4.08300000000000018E9	9.53429114725010685E-1
4.08399999999999963E9	9.53424598632678233E-1
4.08499999999999996E9	9.53420084517304467E-1
4.08600000000000030E9	9.53415572384193410E-1
4.08699999999999974E9	9.53411062278083854E-1
4.08800000000000008E9	9.53406554108736159E-1
4.08900000000000041E9	9.53402047929482066E-1
4.08999999999999986E9	9.53397543717810336E-1
4.09100000000000019E9	9.53393041472213021E-1
4.09200000000000053E9	9.53388541178384408E-1
4.09299999999999997E9	9.53384042840501067E-1
4.09399999999999942E9	9.53379546443217762E-1
4.09500000000000064E9	9.53375051979925381E-1
4.09600000000000009E9	9.53370559449763277E-1
4.09699999999999953E9	9.53366068858817073E-1
4.09800000000000075E9	9.53361580182546575E-1
4.09899999999999931E9	9.53357093438812342E-1
4.09999999999999964E9	9.53352608589760386E-1
4.10100000000000087E9	9.53348125664314772E-1
4.10199999999999942E9	9.53343644650701982E-1
4.10299999999999976E9	9.53339165502922192E-1
4.10400000000000009E9	9.53334688269108632E-1
4.10499999999999954E9	9.53330212906296381E-1
4.10599999999999987E9	9.53325739435770636E-1
4.10700000000000021E9	9.53321267826950347E-1
4.10799999999999965E9	9.53316798100472873E-1
4.10899999999999999E9	9.53312330241587524E-1
4.11000000000000032E9	9.53307864231353896E-1
4.11099999999999977E9	9.53303400067865780E-1
4.11200000000000010E9	9.53298937776695254E-1
4.11300000000000043E9	9.53294477290335607E-1
4.11399999999999988E9	9.53290018680162454E-1
4.11500000000000021E9	9.53285561877989629E-1
4.11600000000000055E9	9.53281106906348263E-1
4.11699999999999999E9	9.53276653764438997E-1
4.11800000000000033E9	9.53272202393066692E-1
4.11899999999999977E9	9.53267752892977072E-1
4.12000000000000011E9	9.53263305175250508E-1
4.12100000000000044E9	9.53258859252167667E-1
4.12199999999999989E9	9.53254415116201415E-1
4.12300000000000022E9	9.53249972772778875E-1
4.12399999999999967E9	9.53245532234547888E-1
4.12500000000000000E9	9.53241093428095709E-1
4.12600000000000033E9	9.53236656424678408E-1
4.12699999999999978E9	9.53232221174372896E-1
4.12800000000000011E9	9.53227787692927997E-1
4.12899999999999956E9	9.53223355955398155E-1
4.12999999999999989E9	9.53218925982274357E-1
4.13100000000000023E9	9.53214497771880609E-1
4.13199999999999967E9	9.53210071261502279E-1
4.13300000000000001E9	9.53205646513236893E-1
4.13399999999999945E9	9.53201223466988523E-1
4.13499999999999979E9	9.53196802169632207E-1
4.13600000000000012E9	9.53192382580681752E-1
4.13699999999999957E9	9.53187964684415512E-1
4.13799999999999990E9	9.53183548510650169E-1
4.13900000000000023E9	9.53179134057196897E-1
4.13999999999999968E9	9.53174721267871661E-1
4.14100000000000001E9	9.53170310200876969E-1
4.14200000000000035E9	9.53165900790365228E-1
4.14299999999999979E9	9.53161493065075760E-1
4.14400000000000013E9	9.53157087017134330E-1
4.14500000000000046E9	9.53152682631236026E-1
4.14599999999999991E9	9.53148279917746777E-1
4.14700000000000024E9	9.53143878869115113E-1
4.14800000000000058E9	9.53139479458459959E-1
4.14899999999999913E9	9.53135081695992703E-1
4.15000000000000036E9	9.53130685592856608E-1
4.15100000000000069E9	9.53126291106305068E-1
4.15199999999999925E9	9.53121898278388535E-1
4.15300000000000047E9	9.53117507050630408E-1
4.15399999999999991E9	9.53113117438530821E-1
4.15499999999999936E9	9.53108729465924398E-1
4.15600000000000058E9	9.53104343070976867E-1
4.15700000000000003E9	9.53099958288925286E-1
4.15799999999999947E9	9.53095575130909012E-1
4.15899999999999981E9	9.53091193543933279E-1
4.16000000000000014E9	9.53086813558024204E-1
4.16099999999999959E9	9.53082435154632890E-1
4.16199999999999992E9	9.53078058306843268E-1
4.16300000000000026E9	9.53073683035442976E-1
4.16399999999999970E9	9.53069309341677773E-1
4.16500000000000004E9	9.53064937203667206E-1
4.16600000000000037E9	9.53060566630049344E-1
4.16699999999999982E9	9.53056197597197396E-1
4.16800000000000015E9	9.53051830139309075E-1
4.16899999999999959E9	9.53047464178223969E-1
4.16999999999999993E9	9.53043099757264578E-1
4.17100000000000026E9	9.53038736888853677E-1
4.17199999999999971E9	9.53034375511091447E-1
4.17300000000000004E9	9.53030015672642961E-1
4.17399999999999949E9	9.53025657350373301E-1
4.17499999999999982E9	9.53021300515445446E-1
4.17600000000000016E9	9.53016945198579535E-1
4.17699999999999960E9	9.53012591375188300E-1
4.17799999999999994E9	9.53008239043690608E-1
4.17900000000000027E9	9.53003888191206450E-1
4.17999999999999972E9	9.52999538817473990E-1
4.18100000000000005E9	9.52995190936840508E-1
4.18200000000000038E9	9.52990844518727265E-1
4.18299999999999983E9	9.52986499554301680E-1
4.18399999999999928E9	9.52982156047220030E-1
4.18500000000000050E9	9.52977814000890788E-1
4.18599999999999994E9	9.52973473413169181E-1
4.18699999999999939E9	9.52969134247733152E-1
4.18800000000000061E9	9.52964796518438106E-1
4.18900000000000006E9	9.52960460258614717E-1
4.18999999999999950E9	9.52956125405277632E-1
4.19100000000000072E9	9.52951791948107818E-1
4.19200000000000017E9	9.52947459925916185E-1
4.19299999999999962E9	9.52943129319342752E-1
4.19399999999999995E9	9.52938800087983218E-1
4.19500000000000028E9	9.52934472289373602E-1
4.19599999999999973E9	9.52930145881359003E-1
4.19700000000000006E9	9.52925820881330488E-1
4.19800000000000040E9	9.52921497221151448E-1
4.19899999999999984E9	9.52917174948351686E-1
4.20000000000000018E9	9.52912854058126157E-1
4.20100000000000051E9	9.52908534547026242E-1
4.20199999999999996E9	9.52904216401699422E-1
4.20300000000000029E9	9.52899899581780296E-1
4.20399999999999974E9	9.52895584141186092E-1
4.20500000000000007E9	9.52891270016442427E-1
4.20600000000000041E9	9.52886957267510404E-1
4.20699999999999985E9	9.52882645837416575E-1
4.20800000000000018E9	9.52878335748980732E-1
4.20899999999999963E9	9.52874026955311670E-1
4.20999999999999996E9	9.52869719503427426E-1
4.21100000000000030E9	9.52865413377750414E-1
4.21199999999999974E9	9.52861108552633596E-1
4.21300000000000008E9	9.52856805025222897E-1
4.21400000000000041E9	9.52852502776248045E-1
4.21499999999999986E9	9.52848201839532294E-1
4.21600000000000019E9	9.52843902183398761E-1
4.21700000000000053E9	9.52839603815035829E-1
4.21799999999999997E9	9.52835306764985823E-1
4.21899999999999942E9	9.52831010936408163E-1
4.22000000000000064E9	9.52826716370740101E-1
4.22100000000000009E9	9.52822423080383274E-1
4.22199999999999953E9	9.52818131032171323E-1
4.22300000000000075E9	9.52813840256900590E-1
4.22399999999999931E9	9.52809550720886733E-1
4.22499999999999964E9	9.52805262406208797E-1
4.22600000000000087E9	9.52800975333479805E-1
4.22699999999999942E9	9.52796689495863447E-1
4.22799999999999976E9	9.52792404899316203E-1
4.22900000000000009E9	9.52788121498936036E-1
4.22999999999999954E9	9.52783839299727831E-1
4.23099999999999987E9	9.52779558327793730E-1
4.23200000000000021E9	9.52775278550431182E-1
4.23299999999999965E9	9.52770999977637167E-1
4.23399999999999999E9	9.52766722603566940E-1
4.23500000000000032E9	9.52762446385899153E-1
4.23599999999999977E9	9.52758171362005868E-1
4.23700000000000010E9	9.52753897542392458E-1
4.23800000000000043E9	9.52749624841214349E-1
4.23899999999999988E9	9.52745353343366475E-1
4.24000000000000021E9	9.52741082996087485E-1
4.24100000000000055E9	9.52736813805589478E-1
4.24199999999999999E9	9.52732545768341232E-1
4.24300000000000033E9	9.52728278852800337E-1
4.24399999999999977E9	9.52724013088974786E-1
4.24500000000000011E9	9.52719748475052519E-1
4.24600000000000044E9	9.52715484947642111E-1
4.24699999999999989E9	9.52711222572358984E-1
4.24800000000000022E9	9.52706961323521462E-1
4.24899999999999967E9	9.52702701153885201E-1
4.25000000000000000E9	9.52698442116900779E-1
4.25100000000000033E9	9.52694184181036618E-1
4.25199999999999978E9	9.52689927335432429E-1
4.25300000000000011E9	9.52685671544602108E-1
4.25399999999999956E9	9.52681416885349819E-1
4.25499999999999989E9	9.52677163280904615E-1
4.25600000000000023E9	9.52672910777739901E-1
4.25699999999999967E9	9.52668659337248513E-1
4.25800000000000001E9	9.52664408934147922E-1
4.25899999999999945E9	9.52660159610234203E-1
4.25999999999999979E9	9.52655911333045324E-1
4.26100000000000012E9	9.52651664102356754E-1
4.26199999999999957E9	9.52647417932551299E-1
4.26299999999999990E9	9.52643172800393501E-1
4.26400000000000023E9	9.52638928682545050E-1
4.26499999999999968E9	9.52634685587692687E-1
4.26600000000000001E9	9.52630443530645898E-1
4.26700000000000035E9	9.52626202489934393E-1
4.26799999999999979E9	9.52621962431143388E-1
4.26900000000000013E9	9.52617723414352824E-1
4.27000000000000046E9	9.52613485390425296E-1
4.27099999999999991E9	9.52609248350418625E-1
4.27200000000000024E9	9.52605012323009603E-1
4.27300000000000058E9	9.52600777250568065E-1
4.27399999999999913E9	9.52596543153883601E-1
4.27500000000000036E9	9.52592310034118839E-1
4.27600000000000069E9	9.52588077917631715E-1
4.27699999999999925E9	9.52583846751397978E-1
4.27800000000000047E9	9.52579616527876105E-1
4.27899999999999991E9	9.52575387292474929E-1
4.27999999999999936E9	9.52571158948508767E-1
4.28100000000000058E9	9.52566931581034382E-1
4.28200000000000003E9	9.52562705126231180E-1
4.28299999999999947E9	9.52558479646285328E-1
4.28399999999999981E9	9.52554255055239985E-1
4.28500000000000014E9	9.52550031396738817E-1
4.28599999999999959E9	9.52545808679449557E-1
4.28699999999999992E9	9.52541586839210730E-1
4.28800000000000026E9	9.52537365900021804E-1
4.28899999999999970E9	9.52533145894373234E-1
4.29000000000000004E9	9.52528926729749337E-1
4.29100000000000037E9	9.52524708505813678E-1
4.29199999999999982E9	9.52520491131006608E-1
4.29300000000000015E9	9.52516274679558528E-1
4.29399999999999959E9	9.52512059089184504E-1
4.29499999999999993E9	9.52507844327457320E-1
4.29600000000000026E9	9.52503630464588369E-1
4.29699999999999971E9	9.52499417457412889E-1
4.29800000000000004E9	9.52495205306397885E-1
4.29899999999999949E9	9.52490993985889034E-1
4.29999999999999982E9	9.52486783508871326E-1
4.30100000000000016E9	9.52482573891484563E-1
4.30199999999999960E9	9.52478365056938969E-1
4.30299999999999994E9	9.52474157081977069E-1
4.30400000000000027E9	9.52469949927428772E-1
4.30499999999999972E9	9.52465743588075853E-1
4.30600000000000005E9	9.52461538066276958E-1
4.30700000000000038E9	9.52457333346010415E-1
4.30799999999999983E9	9.52453129423542499E-1
4.30899999999999928E9	9.52448926296572473E-1
4.31000000000000050E9	9.52444723950544869E-1
4.31099999999999994E9	9.52440522393774991E-1
4.31199999999999939E9	9.52436321620943360E-1
4.31300000000000061E9	9.52432121609374249E-1
4.31400000000000006E9	9.52427922384880077E-1
4.31499999999999950E9	9.52423723918064269E-1
4.31600000000000072E9	9.52419526199905420E-1
4.31700000000000017E9	9.52415329248038489E-1
4.31799999999999962E9	9.52411133017724865E-1
4.31899999999999995E9	9.52406937554314403E-1
4.32000000000000028E9	9.52402742814147807E-1
4.32099999999999973E9	9.52398548824261937E-1
4.32200000000000006E9	9.52394355559761507E-1
4.32300000000000040E9	9.52390162995594736E-1
4.32399999999999984E9	9.52385971142942367E-1
4.32500000000000018E9	9.52381780039409698E-1
4.32600000000000051E9	9.52377589612146203E-1
4.32699999999999996E9	9.52373399881217964E-1
4.32800000000000029E9	9.52369210861470350E-1
4.32899999999999974E9	9.52365022505542846E-1
4.33000000000000007E9	9.52360834871299922E-1
4.33100000000000041E9	9.52356647913701337E-1
4.33199999999999985E9	9.52352461598259659E-1
4.33300000000000018E9	9.52348275981219672E-1
4.33399999999999963E9	9.52344091009735116E-1
4.33499999999999996E9	9.52339906713887885E-1
4.33600000000000030E9	9.52335723038397219E-1
4.33699999999999974E9	9.52331540052762371E-1
4.33800000000000008E9	9.52327357680060516E-1
4.33900000000000041E9	9.52323175962795077E-1
4.33999999999999986E9	9.52318994876405611E-1
4.34100000000000019E9	9.52314814399337095E-1
4.34200000000000053E9	9.52310634571990988E-1
4.34299999999999997E9	9.52306455317028799E-1
4.34399999999999942E9	9.52302276698216588E-1
4.34500000000000064E9	9.52298098694942219E-1
4.34600000000000009E9	9.52293921277761868E-1
4.34699999999999953E9	9.52289744470566291E-1
4.34800000000000075E9	9.52285568254749570E-1
4.34899999999999931E9	9.52281392598406740E-1
4.34999999999999964E9	9.52277217544320109E-1
4.35100000000000087E9	9.52273043054408319E-1
4.35199999999999942E9	9.52268869153984276E-1
4.35299999999999976E9	9.52264695795398808E-1
4.35400000000000009E9	9.52260522980036939E-1
4.35499999999999954E9	9.52256350760541004E-1
4.35599999999999987E9	9.52252179079541961E-1
4.35700000000000021E9	9.52248007932281304E-1
4.35799999999999965E9	9.52243837331128340E-1
4.35899999999999999E9	9.52239667237154563E-1
4.36000000000000032E9	9.52235497699181721E-1
4.36099999999999977E9	9.52231328656215226E-1
4.36200000000000010E9	9.52227160130479433E-1
4.36300000000000043E9	9.52222992165052062E-1
4.36399999999999988E9	9.52218824679842157E-1
4.36500000000000021E9	9.52214657695228617E-1
4.36600000000000055E9	9.52210491194209929E-1
4.36699999999999999E9	9.52206325200095804E-1
4.36800000000000033E9	9.52202159689841920E-1
4.36899999999999977E9	9.52197994652383706E-1
4.37000000000000011E9	9.52193830114433837E-1
4.37100000000000044E9	9.52189666021544312E-1
4.37199999999999989E9	9.52185502360385172E-1
4.37300000000000022E9	9.52181339225640500E-1
4.37399999999999967E9	9.52177176522243407E-1
4.37500000000000000E9	9.52173014239746962E-1
4.37600000000000033E9	9.52168852441855940E-1
4.37699999999999978E9	9.52164691078249348E-1
4.37800000000000011E9	9.52160530129944327E-1
4.37899999999999956E9	9.52156369619591203E-1
4.37999999999999989E9	9.52152209535152139E-1
4.38100000000000023E9	9.52148049872739755E-1
4.38199999999999967E9	9.52143890620103761E-1
4.38300000000000001E9	9.52139731754589924E-1
4.38399999999999945E9	9.52135573319418782E-1
4.38499999999999979E9	9.52131415300699757E-1
4.38600000000000012E9	9.52127257618767686E-1
4.38699999999999957E9	9.52123100350356566E-1
4.38799999999999990E9	9.52118943449907285E-1
4.38900000000000023E9	9.52114786936993163E-1
4.38999999999999968E9	9.52110630830729932E-1
4.39100000000000001E9	9.52106475045366807E-1
4.39200000000000035E9	9.52102319621189963E-1
4.39299999999999979E9	9.52098164554940674E-1
4.39400000000000013E9	9.52094009878006275E-1
4.39500000000000046E9	9.52089855489541215E-1
4.39599999999999991E9	9.52085701486766567E-1
4.39700000000000024E9	9.52081547799017791E-1
4.39800000000000058E9	9.52077394447886682E-1
4.39899999999999913E9	9.52073241419787486E-1
4.40000000000000036E9	9.52069088705054867E-1
4.40100000000000069E9	9.52064936329248468E-1
4.40199999999999925E9	9.52060784224973666E-1
4.40300000000000047E9	9.52056632461622776E-1
4.40399999999999991E9	9.52052480975834037E-1
4.40499999999999936E9	9.52048329779427149E-1
4.40600000000000058E9	9.52044178874934310E-1
4.40700000000000003E9	9.52040028286739037E-1
4.40799999999999947E9	9.52035877933305130E-1
4.40899999999999981E9	9.52031727861144894E-1
4.41000000000000014E9	9.52027578081670356E-1
4.41099999999999959E9	9.52023428538902294E-1
4.41199999999999992E9	9.52019279256740525E-1
4.41300000000000026E9	9.52015130219824890E-1
4.41399999999999970E9	9.52010981456322725E-1
4.41500000000000004E9	9.52006832914984358E-1
4.41600000000000037E9	9.52002684606413574E-1
4.41699999999999982E9	9.51998536563612063E-1
4.41800000000000015E9	9.51994388729896812E-1
4.41899999999999959E9	9.51990241080398292E-1
4.41999999999999993E9	9.51986093683843038E-1
4.42100000000000026E9	9.51981946483621932E-1
4.42199999999999971E9	9.51977799486228093E-1
4.42300000000000004E9	9.51973652706662143E-1
4.42399999999999949E9	9.51969506115633024E-1
4.42499999999999982E9	9.51965359696390934E-1
4.42600000000000016E9	9.51961213510055160E-1
4.42699999999999960E9	9.51957067454478789E-1
4.42799999999999994E9	9.51952921604131319E-1
4.42900000000000027E9	9.51948775911476019E-1
4.42999999999999972E9	9.51944630387581547E-1
4.43100000000000005E9	9.51940485003245307E-1
4.43200000000000038E9	9.51936339783788377E-1
4.43299999999999983E9	9.51932194722852820E-1
4.43399999999999928E9	9.51928049786398667E-1
4.43500000000000050E9	9.51923905009495819E-1
4.43599999999999994E9	9.51919760349374933E-1
4.43699999999999939E9	9.51915615842178653E-1
4.43800000000000061E9	9.51911471435359147E-1
4.43900000000000006E9	9.51907327156090055E-1
4.43999999999999950E9	9.51903182994113450E-1
4.44100000000000072E9	9.51899038930846153E-1
4.44200000000000017E9	9.51894894966248017E-1
4.44299999999999962E9	9.51890751118096290E-1
4.44399999999999995E9	9.51886607317821110E-1
4.44500000000000028E9	9.51882463643978838E-1
4.44599999999999973E9	9.51878320037347159E-1
4.44700000000000006E9	9.51874176531455163E-1
4.44800000000000040E9	9.51870033071826604E-1
4.44899999999999984E9	9.51865889683178246E-1
4.45000000000000018E9	9.51861746371653972E-1
4.45100000000000051E9	9.51857603075052694E-1
4.45199999999999996E9	9.51853459846547167E-1
4.45300000000000029E9	9.51849316703077974E-1
4.45399999999999974E9	9.51845173544863776E-1
4.45500000000000007E9	9.51841030460117388E-1
4.45600000000000041E9	9.51836887382026831E-1
4.45699999999999985E9	9.51832744329185942E-1
4.45800000000000018E9	9.51828601338911540E-1
4.45899999999999963E9	9.51824458299228837E-1
4.45999999999999996E9	9.51820315295116615E-1
4.46100000000000030E9	9.51816172313700015E-1
4.46199999999999974E9	9.51812029328051601E-1
4.46300000000000008E9	9.51807886331310726E-1
4.46400000000000041E9	9.51803743278636460E-1
4.46499999999999986E9	9.51799600261986356E-1
4.46600000000000019E9	9.51795457247435550E-1
4.46700000000000053E9	9.51791314168590752E-1
4.46799999999999997E9	9.51787171047853242E-1
4.46899999999999942E9	9.51783027894918554E-1
4.47000000000000064E9	9.51778884714897089E-1
4.47100000000000009E9	9.51774741485520792E-1
4.47199999999999953E9	9.51770598213242103E-1
4.47300000000000075E9	9.51766454866792877E-1
4.47399999999999931E9	9.51762311463007649E-1
4.47499999999999964E9	9.51758167990930382E-1
4.47600000000000087E9	9.51754024435401469E-1
4.47699999999999942E9	9.51749880790754332E-1
4.47799999999999976E9	9.51745737124401181E-1
4.47900000000000009E9	9.51741593308180001E-1
4.47999999999999954E9	9.51737449429528937E-1
4.48099999999999987E9	9.51733305442453670E-1
4.48200000000000021E9	9.51729161368530185E-1
4.48299999999999965E9	9.51725017139656693E-1
4.48399999999999999E9	9.51720872850018118E-1
4.48500000000000032E9	9.51716728404033319E-1
4.48599999999999977E9	9.51712583854327931E-1
4.48700000000000010E9	9.51708439183133592E-1
4.48800000000000043E9	9.51704294367729986E-1
4.48899999999999988E9	9.51700149376926419E-1
4.49000000000000021E9	9.51696004296110409E-1
4.49100000000000055E9	9.51691859046571764E-1
4.49199999999999999E9	9.51687713637830335E-1
4.49300000000000033E9	9.51683568055775631E-1
4.49399999999999977E9	9.51679422320822788E-1
4.49500000000000011E9	9.51675276420538907E-1
4.49600000000000044E9	9.51671130337671300E-1
4.49699999999999989E9	9.51666984090805812E-1
4.49800000000000022E9	9.51662837669303308E-1
4.49899999999999967E9	9.51658691010342572E-1
4.50000000000000000E9	9.51654544172437689E-1
4.50100000000000033E9	9.51650397158185868E-1
4.50199999999999978E9	9.51646249905939889E-1
4.50300000000000011E9	9.51642102449039484E-1
4.50399999999999956E9	9.51637954810748354E-1
4.50499999999999989E9	9.51633806947270955E-1
4.50600000000000023E9	9.51629658786196941E-1
4.50699999999999967E9	9.51625510471717995E-1
4.50800000000000001E9	9.51621361888398098E-1
4.50899999999999945E9	9.51617213078882251E-1
4.50999999999999979E9	9.51613064009695719E-1
4.51100000000000012E9	9.51608914689684937E-1
4.51199999999999957E9	9.51604765081312998E-1
4.51299999999999990E9	9.51600615246628934E-1
4.51400000000000023E9	9.51596465148727688E-1
4.51499999999999968E9	9.51592314752168278E-1
4.51600000000000001E9	9.51588164092175859E-1
4.51700000000000035E9	9.51584013159977715E-1
4.51799999999999979E9	9.51579861942709826E-1
4.51900000000000013E9	9.51575710433620614E-1
4.52000000000000046E9	9.51571558582115884E-1
4.52099999999999991E9	9.51567406438084618E-1
4.52200000000000024E9	9.51563254032265782E-1
4.52300000000000058E9	9.51559101282958686E-1
4.52399999999999913E9	9.51554948232045206E-1
4.52500000000000036E9	9.51550794809735301E-1
4.52600000000000069E9	9.51546641105992563E-1
4.52699999999999925E9	9.51542487046781815E-1
4.52800000000000047E9	9.51538332650203600E-1
4.52899999999999991E9	9.51534177939235448E-1
4.52999999999999936E9	9.51530022843715173E-1
4.53100000000000058E9	9.51525867399084646E-1
4.53200000000000003E9	9.51521711581628438E-1
4.53299999999999947E9	9.51517555450024410E-1
4.53399999999999981E9	9.51513398897554197E-1
4.53500000000000014E9	9.51509241969359465E-1
4.53599999999999959E9	9.51505084697071979E-1
4.53699999999999992E9	9.51500927017337794E-1
4.53800000000000026E9	9.51496768959259853E-1
4.53899999999999970E9	9.51492610522217497E-1
4.54000000000000004E9	9.51488451630966559E-1
4.54100000000000037E9	9.51484292363954509E-1
4.54199999999999982E9	9.51480132729089867E-1
4.54300000000000015E9	9.51475972619671140E-1
4.54399999999999959E9	9.51471812096570879E-1
4.54499999999999993E9	9.51467651162109895E-1
4.54600000000000026E9	9.51463489799044027E-1
4.54699999999999971E9	9.51459327990802173E-1
4.54800000000000004E9	9.51455165748200749E-1
4.54899999999999949E9	9.51451003067953316E-1
4.54999999999999982E9	9.51446839892066798E-1
4.55100000000000016E9	9.51442676311332391E-1
4.55199999999999960E9	9.51438512223780108E-1
4.55299999999999994E9	9.51434347708639017E-1
4.55400000000000027E9	9.51430182696502236E-1
4.55499999999999972E9	9.51426017228190801E-1
4.55600000000000005E9	9.51421851288591292E-1
4.55700000000000038E9	9.51417684807983832E-1
4.55799999999999983E9	9.51413517897429095E-1
4.55899999999999928E9	9.51409350438472323E-1
4.56000000000000050E9	9.51405182524112725E-1
4.56099999999999994E9	9.51401014064451722E-1
4.56199999999999939E9	9.51396845114166823E-1
4.56300000000000061E9	9.51392675616647132E-1
4.56400000000000006E9	9.51388505578311516E-1
4.56499999999999950E9	9.51384335090046562E-1
4.56600000000000072E9	9.51380164062417677E-1
4.56700000000000017E9	9.51375992423343320E-1
4.56799999999999962E9	9.51371820299219806E-1
4.56899999999999995E9	9.51367647600361899E-1
4.57000000000000028E9	9.51363474351414240E-1
4.57099999999999973E9	9.51359300548729792E-1
4.57200000000000006E9	9.51355126194890488E-1
4.57300000000000040E9	9.51350951231128050E-1
4.57399999999999984E9	9.51346775741557416E-1
4.57500000000000018E9	9.51342599680450363E-1
4.57600000000000051E9	9.51338422983956811E-1
4.57699999999999996E9	9.51334245724022765E-1
4.57800000000000029E9	9.51330067891936615E-1
4.57899999999999974E9	9.51325889422677129E-1
4.58000000000000007E9	9.51321710361467332E-1
4.58100000000000041E9	9.51317530709814996E-1
4.58199999999999985E9	9.51313350442976713E-1
4.58300000000000018E9	9.51309169486124517E-1
4.58399999999999963E9	9.51304987997557738E-1
4.58499999999999996E9	9.51300805836135588E-1
4.58600000000000030E9	9.51296623063274538E-1
4.58699999999999974E9	9.51292439610573481E-1
4.58800000000000008E9	9.51288255536976735E-1
4.58900000000000041E9	9.51284070776577018E-1
4.58999999999999986E9	9.51279885413583592E-1
4.59100000000000019E9	9.51275699401066888E-1
4.59200000000000053E9	9.51271512720949097E-1
4.59299999999999997E9	9.51267325329430236E-1
4.59399999999999942E9	9.51263137253362423E-1
4.59500000000000064E9	9.51258948538490401E-1
4.59600000000000009E9	9.51254759119151316E-1
4.59699999999999953E9	9.51250568990473511E-1
4.59800000000000075E9	9.51246378202687914E-1
4.59899999999999931E9	9.51242186685406388E-1
4.59999999999999964E9	9.51237994529499176E-1
4.60100000000000087E9	9.51233801560500858E-1
4.60199999999999942E9	9.51229607927034415E-1
4.60299999999999976E9	9.51225413581071422E-1
4.60400000000000009E9	9.51221218497947696E-1
4.60499999999999954E9	9.51217022692033964E-1
4.60599999999999987E9	9.51212826104737452E-1
4.60700000000000021E9	9.51208628818566559E-1
4.60799999999999965E9	9.51204430778593313E-1
4.60899999999999999E9	9.51200231973827037E-1
4.61000000000000032E9	9.51196032439765560E-1
4.61099999999999977E9	9.51191832114924729E-1
4.61200000000000010E9	9.51187631021489644E-1
4.61300000000000043E9	9.51183429194687768E-1
4.61399999999999988E9	9.51179226562583935E-1
4.61500000000000021E9	9.51175023120655183E-1
4.61600000000000055E9	9.51170818974807730E-1
4.61699999999999999E9	9.51166614004232613E-1
4.61800000000000033E9	9.51162408215845367E-1
4.61899999999999977E9	9.51158201606483189E-1
4.62000000000000011E9	9.51153994203591324E-1
4.62100000000000044E9	9.51149786024084776E-1
4.62199999999999989E9	9.51145576984606933E-1
4.62300000000000022E9	9.51141367144753502E-1
4.62399999999999967E9	9.51137156435055964E-1
4.62500000000000000E9	9.51132944969213057E-1
4.62600000000000033E9	9.51128732577386771E-1
4.62699999999999978E9	9.51124519382336686E-1
4.62800000000000011E9	9.51120305366364249E-1
4.62899999999999956E9	9.51116090503445122E-1
4.62999999999999989E9	9.51111874724339046E-1
4.63100000000000023E9	9.51107658099887665E-1
4.63199999999999967E9	9.51103440648544307E-1
4.63300000000000001E9	9.51099222279436063E-1
4.63399999999999945E9	9.51095003037167430E-1
4.63499999999999979E9	9.51090782945781044E-1
4.63600000000000012E9	9.51086561898757665E-1
4.63699999999999957E9	9.51082340018306382E-1
4.63799999999999990E9	9.51078117246779797E-1
4.63900000000000023E9	9.51073893516942093E-1
4.63999999999999968E9	9.51069668897157072E-1
4.64100000000000001E9	9.51065443373521902E-1
4.64200000000000035E9	9.51061216952604305E-1
4.64299999999999979E9	9.51056989569652700E-1
4.64400000000000013E9	9.51052761290443449E-1
4.64500000000000046E9	9.51048532065980368E-1
4.64599999999999991E9	9.51044301882448195E-1
4.64700000000000024E9	9.51040070751687239E-1
4.64800000000000058E9	9.51035838669076306E-1
4.64899999999999913E9	9.51031605679218828E-1
4.65000000000000036E9	9.51027371686839196E-1
4.65100000000000069E9	9.51023136768810673E-1
4.65199999999999925E9	9.51018900845336645E-1
4.65300000000000047E9	9.51014663958179973E-1
4.65399999999999991E9	9.51010426071843362E-1
4.65499999999999936E9	9.51006187244180978E-1
4.65600000000000058E9	9.51001947381871915E-1
4.65700000000000003E9	9.50997706563801160E-1
4.65799999999999947E9	9.50993464718292358E-1
4.65899999999999981E9	9.50989221901253146E-1
4.66000000000000014E9	9.50984978039436513E-1
4.66099999999999959E9	9.50980733165054382E-1
4.66199999999999992E9	9.50976487260357040E-1
4.66300000000000026E9	9.50972240356166054E-1
4.66399999999999970E9	9.50967992417572638E-1
4.66500000000000004E9	9.50963743451316645E-1
4.66600000000000037E9	9.50959493433235892E-1
4.66699999999999982E9	9.50955242345644791E-1
4.66800000000000015E9	9.50950990237184079E-1
4.66899999999999959E9	9.50946737044636770E-1
4.66999999999999993E9	9.50942482826684454E-1
4.67100000000000026E9	9.50938227496629906E-1
4.67199999999999971E9	9.50933971145657431E-1
4.67300000000000004E9	9.50929713715379066E-1
4.67399999999999949E9	9.50925455176392553E-1
4.67499999999999982E9	9.50921195554200693E-1
4.67600000000000016E9	9.50916934854104845E-1
4.67699999999999960E9	9.50912673059807823E-1
4.67799999999999994E9	9.50908410112775293E-1
4.67900000000000027E9	9.50904146122572769E-1
4.67999999999999972E9	9.50899880983679680E-1
4.68100000000000005E9	9.50895614752979235E-1
4.68200000000000038E9	9.50891347387599417E-1
4.68299999999999983E9	9.50887078932717067E-1
4.68399999999999928E9	9.50882809309290522E-1
4.68500000000000050E9	9.50878538544638197E-1
4.68599999999999994E9	9.50874266674606972E-1
4.68699999999999939E9	9.50869993633271804E-1
4.68800000000000061E9	9.50865719409535082E-1
4.68900000000000006E9	9.50861444058366523E-1
4.68999999999999950E9	9.50857167544585735E-1
4.69100000000000072E9	9.50852889865129924E-1
4.69200000000000017E9	9.50848610989516985E-1
4.69299999999999962E9	9.50844330995648335E-1
4.69399999999999995E9	9.50840049776498475E-1
4.69500000000000028E9	9.50835767385807884E-1
4.69599999999999973E9	9.50831483769006880E-1
4.69700000000000006E9	9.50827198955480313E-1
4.69800000000000040E9	9.50822912960771838E-1
4.69899999999999984E9	9.50818625772546255E-1
4.70000000000000018E9	9.50814337358723805E-1
4.70100000000000051E9	9.50810047741157049E-1
4.70199999999999996E9	9.50805756894274090E-1
4.70300000000000029E9	9.50801464821400621E-1
4.70399999999999974E9	9.50797171495629456E-1
4.70500000000000007E9	9.50792876938524145E-1
4.70600000000000041E9	9.50788581163426549E-1
4.70699999999999985E9	9.50784284120777734E-1
4.70800000000000018E9	9.50779985811346151E-1
4.70899999999999963E9	9.50775686238904782E-1
4.70999999999999996E9	9.50771385403551328E-1
4.71100000000000030E9	9.50767083344450015E-1
4.71199999999999974E9	9.50762779965690896E-1
4.71300000000000008E9	9.50758475318321317E-1
4.71400000000000041E9	9.50754169413706407E-1
4.71499999999999986E9	9.50749862164735582E-1
4.71600000000000019E9	9.50745553695990075E-1
4.71700000000000053E9	9.50741243878802678E-1
4.71799999999999997E9	9.50736932788819900E-1
4.71899999999999942E9	9.50732620362430580E-1
4.72000000000000064E9	9.50728306628768216E-1
4.72100000000000009E9	9.50723991588662720E-1
4.72199999999999953E9	9.50719675193080604E-1
4.72300000000000075E9	9.50715357503367997E-1
4.72399999999999931E9	9.50711038475210302E-1
4.72499999999999964E9	9.50706718139942097E-1
4.72600000000000087E9	9.50702396394003379E-1
4.72699999999999942E9	9.50698073309260216E-1
4.72799999999999976E9	9.50693748866254573E-1
4.72900000000000009E9	9.50689423089757746E-1
4.72999999999999954E9	9.50685095934964686E-1
4.73099999999999987E9	9.50680767432518081E-1
4.73200000000000021E9	9.50676437544574604E-1
4.73299999999999965E9	9.50672106270785910E-1
4.73399999999999999E9	9.50667773638840785E-1
4.73500000000000032E9	9.50663439552712752E-1
4.73599999999999977E9	9.50659104136077460E-1
4.73700000000000010E9	9.50654767250545518E-1
4.73800000000000043E9	9.50650429032952538E-1
4.73899999999999988E9	9.50646089397815075E-1
4.74000000000000021E9	9.50641748300846601E-1
4.74100000000000055E9	9.50637405796087975E-1
4.74199999999999999E9	9.50633061912173005E-1
4.74300000000000033E9	9.50628716563304899E-1
4.74399999999999977E9	9.50624369807917802E-1
4.74500000000000011E9	9.50620021560914275E-1
4.74600000000000044E9	9.50615671904969339E-1
4.74699999999999989E9	9.50611320803674431E-1
4.74800000000000022E9	9.50606968206185066E-1
4.74899999999999967E9	9.50602614197184614E-1
4.75000000000000000E9	9.50598258665296214E-1
4.75100000000000033E9	9.50593901708460365E-1
4.75199999999999978E9	9.50589543244710278E-1
4.75300000000000011E9	9.50585183342086637E-1
4.75399999999999956E9	9.50580821936791587E-1
4.75499999999999989E9	9.50576459029647935E-1
4.75600000000000023E9	9.50572094593958816E-1
4.75699999999999967E9	9.50567728723349958E-1
4.75800000000000001E9	9.50563361310948096E-1
4.75899999999999945E9	9.50558992400786806E-1
4.75999999999999979E9	9.50554621992173843E-1
4.76100000000000012E9	9.50550250011331244E-1
4.76199999999999957E9	9.50545876549878166E-1
4.76299999999999990E9	9.50541501517266418E-1
4.76400000000000023E9	9.50537124960657920E-1
4.76499999999999968E9	9.50532746870962164E-1
4.76600000000000001E9	9.50528367270943519E-1
4.76700000000000035E9	9.50523986058354708E-1
4.76799999999999979E9	9.50519603312820216E-1
4.76900000000000013E9	9.50515219024251579E-1
4.77000000000000046E9	9.50510833149969869E-1
4.77099999999999991E9	9.50506445716652060E-1
4.77200000000000024E9	9.50502056662655015E-1
4.77300000000000058E9	9.50497666047182044E-1
4.77399999999999913E9	9.50493273902691449E-1
4.77500000000000036E9	9.50488880081886300E-1
4.77600000000000069E9	9.50484484743550695E-1
4.77699999999999925E9	9.50480087734327839E-1
4.77800000000000047E9	9.50475689137150326E-1
4.77899999999999991E9	9.50471288982122609E-1
4.77999999999999936E9	9.50466887126523119E-1
4.78100000000000058E9	9.50462483669821445E-1
4.78200000000000003E9	9.50458078620616575E-1
4.78299999999999947E9	9.50453671896256935E-1
4.78399999999999981E9	9.50449263575984205E-1
4.78500000000000014E9	9.50444853583389460E-1
4.78599999999999959E9	9.50440441972364702E-1
4.78699999999999992E9	9.50436028680519307E-1
4.78800000000000026E9	9.50431613768842176E-1
4.78899999999999970E9	9.50427197149827663E-1
4.79000000000000004E9	9.50422778859133111E-1
4.79100000000000037E9	9.50418358943308839E-1
4.79199999999999982E9	9.50413937324949920E-1
4.79300000000000015E9	9.50409514006411271E-1
4.79399999999999959E9	9.50405089044514106E-1
4.79499999999999993E9	9.50400662352835113E-1
4.79600000000000026E9	9.50396233944514890E-1
4.79699999999999971E9	9.50391803867450236E-1
4.79800000000000004E9	9.50387372027272193E-1
4.79899999999999949E9	9.50382938543158673E-1
4.79999999999999982E9	9.50378503333647728E-1
4.80100000000000016E9	9.50374066371043291E-1
4.80199999999999960E9	9.50369627665105021E-1
4.80299999999999994E9	9.50365187259843580E-1
4.80400000000000027E9	9.50360745119589900E-1
4.80499999999999972E9	9.50356301219122201E-1
4.80600000000000005E9	9.50351855561841496E-1
4.80700000000000038E9	9.50347408155699824E-1
4.80799999999999983E9	9.50342958998727383E-1
4.80899999999999928E9	9.50338508092981549E-1
4.81000000000000050E9	9.50334055398262123E-1
4.81099999999999994E9	9.50329600911185679E-1
4.81199999999999939E9	9.50325144677049138E-1
4.81300000000000061E9	9.50320686673306980E-1
4.81400000000000006E9	9.50316226855470525E-1
4.81499999999999950E9	9.50311765241128725E-1
4.81600000000000072E9	9.50307301805812799E-1
4.81700000000000017E9	9.50302836568195097E-1
4.81799999999999962E9	9.50298369549917332E-1
4.81899999999999995E9	9.50293900685861814E-1
4.82000000000000028E9	9.50289430071049246E-1
4.82099999999999973E9	9.50284957543644637E-1
4.82200000000000006E9	9.50280483231528095E-1
4.82300000000000040E9	9.50276007084642416E-1
4.82399999999999984E9	9.50271529075519972E-1
4.82500000000000018E9	9.50267049253552720E-1
4.82600000000000051E9	9.50262567572492323E-1
4.82699999999999996E9	9.50258084016206617E-1
4.82800000000000029E9	9.50253598632479601E-1
4.82899999999999974E9	9.50249111353412701E-1
4.83000000000000007E9	9.50244622247535276E-1
4.83100000000000041E9	9.50240131182444792E-1
4.83199999999999985E9	9.50235638272897631E-1
4.83300000000000018E9	9.50231143520287347E-1
4.83399999999999963E9	9.50226646829505306E-1
4.83499999999999996E9	9.50222148202582417E-1
4.83600000000000030E9	9.50217647737670923E-1
4.83699999999999974E9	9.50213145384319446E-1
4.83800000000000008E9	9.50208641110233998E-1
4.83900000000000041E9	9.50204134899289343E-1
4.83999999999999986E9	9.50199626825290622E-1
4.84100000000000019E9	9.50195116735729250E-1
4.84200000000000053E9	9.50190604757722568E-1
4.84299999999999997E9	9.50186090812387718E-1
4.84399999999999942E9	9.50181574969545828E-1
4.84500000000000064E9	9.50177057150635562E-1
4.84600000000000009E9	9.50172537380611537E-1
4.84699999999999953E9	9.50168015662517007E-1
4.84800000000000075E9	9.50163492008112698E-1
4.84899999999999931E9	9.50158966389374626E-1
4.84999999999999964E9	9.50154438752761976E-1
4.85100000000000087E9	9.50149909143407712E-1
4.85199999999999942E9	9.50145377537462643E-1
4.85299999999999976E9	9.50140843960738302E-1
4.85400000000000009E9	9.50136308491604531E-1
4.85499999999999954E9	9.50131770916040885E-1
4.85599999999999987E9	9.50127231339629752E-1
4.85700000000000021E9	9.50122689791887431E-1
4.85799999999999965E9	9.50118146212554571E-1
4.85899999999999999E9	9.50113600591382124E-1
4.86000000000000032E9	9.50109052997169279E-1
4.86099999999999977E9	9.50104503334287109E-1
4.86200000000000010E9	9.50099951665869646E-1
4.86300000000000043E9	9.50095397938286546E-1
4.86399999999999988E9	9.50090842189563567E-1
4.86500000000000021E9	9.50086284366580536E-1
4.86600000000000055E9	9.50081724536716266E-1
4.86699999999999999E9	9.50077162580415013E-1
4.86800000000000033E9	9.50072598614086417E-1
4.86899999999999977E9	9.50068032607836521E-1
4.87000000000000011E9	9.50063464421270432E-1
4.87100000000000044E9	9.50058894182891400E-1
4.87199999999999989E9	9.50054321936910462E-1
4.87300000000000022E9	9.50049747568588998E-1
4.87399999999999967E9	9.50045171103817587E-1
4.87500000000000000E9	9.50040592538195128E-1
4.87600000000000033E9	9.50036011837755545E-1
4.87699999999999978E9	9.50031429040090813E-1
4.87800000000000011E9	9.50026844161772566E-1
4.87899999999999956E9	9.50022257173285389E-1
4.87999999999999989E9	9.50017668044023011E-1
4.88100000000000023E9	9.50013076768525266E-1
4.88199999999999967E9	9.50008483295750672E-1
4.88300000000000001E9	9.50003887780100342E-1
4.88399999999999945E9	9.49999290103833083E-1
4.88499999999999979E9	9.49994690305874379E-1
4.88600000000000012E9	9.49990088257156629E-1
4.88699999999999957E9	9.49985484114808365E-1
4.88799999999999990E9	9.49980877813225355E-1
4.88900000000000023E9	9.49976269298071685E-1
4.88999999999999968E9	9.49971658657348073E-1
4.89100000000000001E9	9.49967045817526490E-1
4.89200000000000035E9	9.49962430785416245E-1
4.89299999999999979E9	9.49957813565657361E-1
4.89400000000000013E9	9.49953194132081435E-1
4.89500000000000046E9	9.49948572505153344E-1
4.89599999999999991E9	9.49943948722833298E-1
4.89700000000000024E9	9.49939322675585274E-1
4.89800000000000058E9	9.49934694424097970E-1
4.89899999999999913E9	9.49930063909122424E-1
4.90000000000000036E9	9.49925431221731387E-1
4.90100000000000069E9	9.49920796304165727E-1
4.90199999999999925E9	9.49916159116490810E-1
4.90300000000000047E9	9.49911519707955243E-1
4.90399999999999991E9	9.49906878089906748E-1
4.90499999999999936E9	9.49902234173282700E-1
4.90600000000000058E9	9.49897587999435089E-1
4.90700000000000003E9	9.49892939565234506E-1
4.90799999999999947E9	9.49888288843939677E-1
4.90899999999999981E9	9.49883635946386207E-1
4.91000000000000014E9	9.49878980637908832E-1
4.91099999999999959E9	9.49874323122022091E-1
4.91199999999999992E9	9.49869663335050340E-1
4.91300000000000026E9	9.49865001223057170E-1
4.91399999999999970E9	9.49860336814302109E-1
4.91500000000000004E9	9.49855670107711525E-1
4.91600000000000037E9	9.49851001111643711E-1
4.91699999999999982E9	9.49846329763146358E-1
4.91800000000000015E9	9.49841656123579625E-1
4.91899999999999959E9	9.49836980173643219E-1
4.91999999999999993E9	9.49832301870433149E-1
4.92100000000000026E9	9.49827621246773823E-1
4.92199999999999971E9	9.49822938276036766E-1
4.92300000000000004E9	9.49818252922393036E-1
4.92399999999999949E9	9.49813565302741836E-1
4.92499999999999982E9	9.49808875291383714E-1
4.92600000000000016E9	9.49804182936601293E-1
4.92699999999999960E9	9.49799488178986628E-1
4.92799999999999994E9	9.49794791083506595E-1
4.92900000000000027E9	9.49790091584602969E-1
4.92999999999999972E9	9.49785389693141013E-1
4.93100000000000005E9	9.49780685453011841E-1
4.93200000000000038E9	9.49775978827086931E-1
4.93299999999999983E9	9.49771269790680606E-1
4.93399999999999928E9	9.49766558365706182E-1
4.93500000000000050E9	9.49761844529068000E-1
4.93599999999999994E9	9.49757128305882325E-1
4.93699999999999939E9	9.49752409646946560E-1
4.93800000000000061E9	9.49747688564749026E-1
4.93900000000000006E9	9.49742965026543473E-1
4.93999999999999950E9	9.49738239104867077E-1
4.94100000000000072E9	9.49733510726447783E-1
4.94200000000000017E9	9.49728779916114085E-1
4.94299999999999962E9	9.49724046681578216E-1
4.94399999999999995E9	9.49719310978236209E-1
4.94500000000000028E9	9.49714572808538371E-1
4.94599999999999973E9	9.49709832181099323E-1
4.94700000000000006E9	9.49705089058119611E-1
4.94800000000000040E9	9.49700343507640277E-1
4.94899999999999984E9	9.49695595487096433E-1
4.95000000000000018E9	9.49690844951638269E-1
4.95100000000000051E9	9.49686091904353447E-1
4.95199999999999996E9	9.49681336404535870E-1
4.95300000000000029E9	9.49676578428635842E-1
4.95399999999999974E9	9.49671817870984114E-1
4.95500000000000007E9	9.49667054951114586E-1
4.95600000000000041E9	9.49662289391202741E-1
4.95699999999999985E9	9.49657521347492306E-1
4.95800000000000018E9	9.49652750784856181E-1
4.95899999999999963E9	9.49647977672844235E-1
4.95999999999999996E9	9.49643202059801084E-1
4.96100000000000030E9	9.49638423873034476E-1
4.96199999999999974E9	9.49633643163912211E-1
4.96300000000000008E9	9.49628859921427448E-1
4.96400000000000041E9	9.49624074103266480E-1
4.96499999999999986E9	9.49619285767735555E-1
4.96600000000000019E9	9.49614494794018782E-1
4.96700000000000053E9	9.49609701331612399E-1
4.96799999999999997E9	9.49604905277166722E-1
4.96899999999999942E9	9.49600106612757422E-1
4.97000000000000064E9	9.49595305363862607E-1
4.97100000000000009E9	9.49590501500466466E-1
4.97199999999999953E9	9.49585695153147213E-1
4.97300000000000075E9	9.49580886066386753E-1
4.97399999999999931E9	9.49576074462399511E-1
4.97499999999999964E9	9.49571260191565436E-1
4.97600000000000087E9	9.49566443353008083E-1
4.97699999999999942E9	9.49561623873325011E-1
4.97799999999999976E9	9.49556801811080753E-1
4.97900000000000009E9	9.49551977021649840E-1
4.97999999999999954E9	9.49547149728885209E-1
4.98099999999999987E9	9.49542319642037214E-1
4.98200000000000021E9	9.49537487018096016E-1
4.98299999999999965E9	9.49532651732658195E-1
4.98399999999999999E9	9.49527813771153006E-1
4.98500000000000032E9	9.49522973100128453E-1
4.98599999999999977E9	9.49518129834085656E-1
4.98700000000000010E9	9.49513283868966695E-1
4.98800000000000043E9	9.49508435240660731E-1
4.98899999999999988E9	9.49503583899016945E-1
4.99000000000000021E9	9.49498729935291230E-1
4.99100000000000055E9	9.49493873227762464E-1
4.99199999999999999E9	9.49489013818545402E-1
4.99300000000000033E9	9.49484151708326785E-1
4.99399999999999977E9	9.49479286933855171E-1
4.99500000000000011E9	9.49474419395163949E-1
4.99600000000000044E9	9.49469549124019352E-1
4.99699999999999989E9	9.49464676195833412E-1
4.99800000000000022E9	9.49459800510159724E-1
4.99899999999999967E9	9.49454922040660421E-1
5.00000000000000000E9	9.49450040892409852E-1
5.00100000000000033E9	9.49445156989179928E-1
5.00199999999999978E9	9.49440270289244381E-1
5.00300000000000011E9	9.49435380870061429E-1
5.00399999999999956E9	9.49430488737951350E-1
5.00499999999999989E9	9.49425593791709943E-1
5.00600000000000023E9	9.49420696132607489E-1
5.00699999999999967E9	9.49415795623986014E-1
5.00800000000000001E9	9.49410892339568946E-1
5.00899999999999945E9	9.49405986259300505E-1
5.00999999999999979E9	9.49401077468881383E-1
5.01100000000000012E9	9.49396165799301350E-1
5.01199999999999957E9	9.49391251346115794E-1
5.01299999999999990E9	9.49386334110992003E-1
5.01400000000000023E9	9.49381414086666453E-1
5.01499999999999968E9	9.49376491201540595E-1
5.01600000000000001E9	9.49371565481773061E-1
5.01700000000000035E9	9.49366636981354972E-1
5.01799999999999979E9	9.49361705615052998E-1
5.01900000000000013E9	9.49356771447463110E-1
5.02000000000000046E9	9.49351834404385464E-1
5.02099999999999991E9	9.49346894538693675E-1
5.02200000000000024E9	9.49341951786724891E-1
5.02300000000000058E9	9.49337006197035116E-1
5.02399999999999913E9	9.49332057762564219E-1
5.02500000000000036E9	9.49327106451682745E-1
5.02600000000000069E9	9.49322152244181083E-1
5.02699999999999925E9	9.49317195150308457E-1
5.02800000000000047E9	9.49312235192602927E-1
5.02899999999999991E9	9.49307272330008267E-1
5.02999999999999936E9	9.49302306603673252E-1
5.03100000000000058E9	9.49297337976203437E-1
5.03200000000000003E9	9.49292366423188838E-1
5.03299999999999947E9	9.49287391963609828E-1
5.03399999999999981E9	9.49282414561568899E-1
5.03500000000000014E9	9.49277434293048827E-1
5.03599999999999959E9	9.49272451102630122E-1
5.03699999999999992E9	9.49267464977743458E-1
5.03800000000000026E9	9.49262475834043329E-1
5.03899999999999970E9	9.49257483849095074E-1
5.04000000000000004E9	9.49252488871858269E-1
5.04100000000000037E9	9.49247490951682593E-1
5.04199999999999982E9	9.49242490104423098E-1
5.04300000000000015E9	9.49237486242146744E-1
5.04399999999999959E9	9.49232479446614086E-1
5.04499999999999993E9	9.49227469634129051E-1
5.04600000000000026E9	9.49222456889294364E-1
5.04699999999999971E9	9.49217441139713713E-1
5.04800000000000004E9	9.49212422426874980E-1
5.04899999999999949E9	9.49207400705853033E-1
5.04999999999999982E9	9.49202375966422451E-1
5.05100000000000016E9	9.49197348268684493E-1
5.05199999999999960E9	9.49192317536103403E-1
5.05299999999999994E9	9.49187283800061188E-1
5.05400000000000027E9	9.49182247020329406E-1
5.05499999999999972E9	9.49177207176361826E-1
5.05600000000000005E9	9.49172164427226051E-1
5.05700000000000038E9	9.49167118592335335E-1
5.05799999999999983E9	9.49162069691793597E-1
5.05899999999999928E9	9.49157017784872892E-1
5.06000000000000050E9	9.49151962761710344E-1
5.06099999999999994E9	9.49146904716254802E-1
5.06199999999999939E9	9.49141843621949022E-1
5.06300000000000061E9	9.49136779457695745E-1
5.06400000000000006E9	9.49131712208714440E-1
5.06499999999999950E9	9.49126641873155386E-1
5.06600000000000072E9	9.49121568471364796E-1
5.06700000000000017E9	9.49116491981720856E-1
5.06799999999999962E9	9.49111412397076037E-1
5.06899999999999995E9	9.49106329738985544E-1
5.07000000000000028E9	9.49101243948171458E-1
5.07099999999999973E9	9.49096155042310308E-1
5.07200000000000006E9	9.49091063061030304E-1
5.07300000000000040E9	9.49085967922654383E-1
5.07399999999999984E9	9.49080869702435059E-1
5.07500000000000018E9	9.49075768346540904E-1
5.07600000000000051E9	9.49070663830284289E-1
5.07699999999999996E9	9.49065556118875442E-1
5.07800000000000029E9	9.49060445344507286E-1
5.07899999999999974E9	9.49055331451603656E-1
5.08000000000000007E9	9.49050214376211443E-1
5.08100000000000041E9	9.49045094115231258E-1
5.08199999999999985E9	9.49039970655783982E-1
5.08300000000000018E9	9.49034844095668895E-1
5.08399999999999963E9	9.49029714328915119E-1
5.08499999999999996E9	9.49024581361039843E-1
5.08600000000000030E9	9.49019445235487957E-1
5.08699999999999974E9	9.49014305897115307E-1
5.08800000000000008E9	9.49009163400781475E-1
5.08900000000000041E9	9.49004017638688779E-1
5.08999999999999986E9	9.48998868751831282E-1
5.09100000000000019E9	9.48993716618608296E-1
5.09200000000000053E9	9.48988561230571470E-1
5.09299999999999997E9	9.48983402649351504E-1
5.09399999999999942E9	9.48978240845983301E-1
5.09500000000000064E9	9.48973075787973741E-1
5.09600000000000009E9	9.48967907531853072E-1
5.09699999999999953E9	9.48962735919762146E-1
5.09800000000000075E9	9.48957561133302718E-1
5.09899999999999931E9	9.48952383116958664E-1
5.09999999999999964E9	9.48947201837079035E-1
5.10100000000000087E9	9.48942017249711967E-1
5.10199999999999942E9	9.48936829447784369E-1
5.10299999999999976E9	9.48931638334323857E-1
5.10400000000000009E9	9.48926443941191344E-1
5.10499999999999954E9	9.48921246306047195E-1
5.10599999999999987E9	9.48916045252897256E-1
5.10700000000000021E9	9.48910841019042550E-1
5.10799999999999965E9	9.48905633457499853E-1
5.10899999999999999E9	9.48900422605910521E-1
5.11000000000000032E9	9.48895208402363011E-1
5.11099999999999977E9	9.48889990864431354E-1
5.11200000000000010E9	9.48884770065686034E-1
5.11300000000000043E9	9.48879545880172159E-1
5.11399999999999988E9	9.48874318451963283E-1
5.11500000000000021E9	9.48869087609432071E-1
5.11600000000000055E9	9.48863853393397072E-1
5.11699999999999999E9	9.48858615909196246E-1
5.11800000000000033E9	9.48853374987421461E-1
5.11899999999999977E9	9.48848130754040753E-1
5.12000000000000011E9	9.48842883118192226E-1
5.12100000000000044E9	9.48837632227072092E-1
5.12200000000000077E9	9.48832377820355255E-1
5.12299999999999933E9	9.48827120074188279E-1
5.12399999999999967E9	9.48821858964013565E-1
5.12500000000000000E9	9.48816594430714488E-1
5.12600000000000033E9	9.48811326529035881E-1
5.12700000000000067E9	9.48806055211400867E-1
5.12799999999999923E9	9.48800780521525233E-1
5.12899999999999956E9	9.48795502349434372E-1
5.12999999999999989E9	9.48790220783937777E-1
5.13100000000000023E9	9.48784935812255270E-1
5.13200000000000056E9	9.48779647376815127E-1
5.13300000000000001E9	9.48774355569709194E-1
5.13399999999999945E9	9.48769060313098223E-1
5.13499999999999979E9	9.48763761552389440E-1
5.13600000000000012E9	9.48758459348426086E-1
5.13700000000000045E9	9.48753153751729528E-1
5.13799999999999990E9	9.48747844659790118E-1
5.13900000000000023E9	9.48742532068959044E-1
5.13999999999999968E9	9.48737216007434014E-1
5.14100000000000001E9	9.48731896525939966E-1
5.14200000000000035E9	9.48726573556567132E-1
5.14299999999999891E9	9.48721247087634012E-1
5.14400000000000013E9	9.48715917081237592E-1
5.14500000000000046E9	9.48710583647728356E-1
5.14599999999999991E9	9.48705246652291834E-1
5.14700000000000024E9	9.48699906151270334E-1
5.14799999999999969E9	9.48694562174428313E-1
5.14899999999999913E9	9.48689214614941712E-1
5.15000000000000036E9	9.48683863581984177E-1
5.15100000000000069E9	9.48678509023925187E-1
5.15200000000000014E9	9.48673150861489312E-1
5.15299999999999958E9	9.48667789283956431E-1
5.15399999999999991E9	9.48662424114821512E-1
5.15499999999999936E9	9.48657055293895368E-1
5.15600000000000058E9	9.48651683039112825E-1
5.15700000000000092E9	9.48646307134269229E-1
5.15799999999999947E9	9.48640927700044934E-1
5.15899999999999981E9	9.48635544720438162E-1
5.16000000000000014E9	9.48630158159367731E-1
5.16099999999999959E9	9.48624767979467620E-1
5.16200000000000081E9	9.48619374192588616E-1
5.16299999999999937E9	9.48613976807923542E-1
5.16399999999999970E9	9.48608575910599505E-1
5.16500000000000004E9	9.48603171327736661E-1
5.16600000000000037E9	9.48597763157190599E-1
5.16699999999999982E9	9.48592351350207075E-1
5.16799999999999926E9	9.48586935983993662E-1
5.16899999999999959E9	9.48581516954527437E-1
5.16999999999999993E9	9.48576094250056201E-1
5.17100000000000026E9	9.48570667942640000E-1
5.17200000000000060E9	9.48565237991117094E-1
5.17300000000000004E9	9.48559804454592737E-1
5.17399999999999949E9	9.48554367202984317E-1
5.17499999999999982E9	9.48548926274837712E-1
5.17600000000000016E9	9.48543481741885053E-1
5.17700000000000049E9	9.48538033492842736E-1
5.17799999999999905E9	9.48532581544431252E-1
5.17900000000000027E9	9.48527125971430962E-1
5.17999999999999972E9	9.48521666647954653E-1
5.18100000000000005E9	9.48516203731713325E-1
5.18200000000000038E9	9.48510737024155048E-1
5.18299999999999983E9	9.48505266705892502E-1
5.18399999999999928E9	9.48499792583104018E-1
5.18500000000000050E9	9.48494314780368164E-1
5.18599999999999994E9	9.48488833325138359E-1
5.18700000000000028E9	9.48483348087004430E-1
5.18799999999999972E9	9.48477859151110358E-1
5.18900000000000006E9	9.48472366461320249E-1
5.18999999999999950E9	9.48466870020627262E-1
5.19100000000000072E9	9.48461369830291900E-1
5.19200000000000017E9	9.48455865916033503E-1
5.19299999999999962E9	9.48450358248162217E-1
5.19399999999999995E9	9.48444846780233242E-1
5.19500000000000028E9	9.48439331566330068E-1
5.19599999999999973E9	9.48433812581699165E-1
5.19700000000000095E9	9.48428289797982416E-1
5.19799999999999951E9	9.48422763283452142E-1
5.19899999999999984E9	9.48417232972143509E-1
5.20000000000000018E9	9.48411698830716432E-1
5.20100000000000051E9	9.48406160913281582E-1
5.20199999999999996E9	9.48400619208577922E-1
5.20299999999999940E9	9.48395073635488117E-1
5.20399999999999974E9	9.48389524328815092E-1
5.20500000000000007E9	9.48383971133441150E-1
5.20600000000000041E9	9.48378414136747061E-1
5.20700000000000074E9	9.48372853311666120E-1
5.20800000000000018E9	9.48367288663018115E-1
5.20899999999999963E9	9.48361720107172346E-1
5.20999999999999996E9	9.48356147759818313E-1
5.21100000000000030E9	9.48350571568761858E-1
5.21200000000000063E9	9.48344991514447955E-1
5.21299999999999919E9	9.48339407593832995E-1
5.21400000000000041E9	9.48333819740127915E-1
5.21499999999999986E9	9.48328228113379268E-1
5.21600000000000019E9	9.48322632555828093E-1
5.21700000000000053E9	9.48317033082037497E-1
5.21799999999999908E9	9.48311429751939805E-1
5.21899999999999942E9	9.48305822603585824E-1
5.22000000000000064E9	9.48300211418044903E-1
5.22100000000000009E9	9.48294596399347789E-1
5.22200000000000042E9	9.48288977438512859E-1
5.22299999999999986E9	9.48283354586789429E-1
5.22399999999999931E9	9.48277727811347049E-1
5.22499999999999964E9	9.48272097034769956E-1
5.22600000000000087E9	9.48266462390270704E-1
5.22700000000000031E9	9.48260823850091228E-1
5.22799999999999976E9	9.48255181277372827E-1
5.22900000000000009E9	9.48249534756022783E-1
5.22999999999999954E9	9.48243884323190755E-1
5.23099999999999987E9	9.48238229900193730E-1
5.23200000000000109E9	9.48232571529804247E-1
5.23299999999999965E9	9.48226909200257850E-1
5.23399999999999999E9	9.48221242844005729E-1
5.23500000000000032E9	9.48215572562058640E-1
5.23599999999999977E9	9.48209898256865991E-1
5.23700000000000010E9	9.48204219952788208E-1
5.23799999999999955E9	9.48198537694155164E-1
5.23899999999999988E9	9.48192851367229217E-1
5.24000000000000021E9	9.48187161055862582E-1
5.24100000000000055E9	9.48181466779551840E-1
5.24199999999999999E9	9.48175768384224860E-1
5.24299999999999944E9	9.48170066002542811E-1
5.24399999999999977E9	9.48164359549243230E-1
5.24500000000000011E9	9.48158649127335984E-1
5.24600000000000044E9	9.48152934647052348E-1
5.24700000000000077E9	9.48147216090945655E-1
5.24799999999999933E9	9.48141493511069733E-1
5.24899999999999967E9	9.48135766867296148E-1
5.25000000000000000E9	9.48130036099985851E-1
5.25100000000000033E9	9.48124301365502120E-1
5.25200000000000067E9	9.48118562436962620E-1
5.25299999999999923E9	9.48112819521802841E-1
5.25399999999999956E9	9.48107072435193743E-1
5.25499999999999989E9	9.48101321354564064E-1
5.25600000000000023E9	9.48095566072792550E-1
5.25700000000000056E9	9.48089806772467192E-1
5.25800000000000001E9	9.48084043325776804E-1
5.25899999999999945E9	9.48078275711818286E-1
5.25999999999999979E9	9.48072504054310627E-1
5.26100000000000012E9	9.48066728246151946E-1
5.26200000000000045E9	9.48060948262363823E-1
5.26299999999999990E9	9.48055164184645882E-1
5.26400000000000023E9	9.48049376002203203E-1
5.26499999999999968E9	9.48043583591871020E-1
5.26600000000000001E9	9.48037787059206671E-1
5.26700000000000035E9	9.48031986332693499E-1
5.26799999999999891E9	9.48026181541385426E-1
5.26900000000000013E9	9.48020372491594365E-1
5.27000000000000046E9	9.48014559299988413E-1
5.27099999999999991E9	9.48008741952588707E-1
5.27200000000000024E9	9.48002920379568081E-1
5.27299999999999969E9	9.47997094545096175E-1
5.27399999999999913E9	9.47991264642213238E-1
5.27500000000000036E9	9.47985430457508116E-1
5.27600000000000069E9	9.47979592088595524E-1
5.27700000000000014E9	9.47973749493356976E-1
5.27799999999999958E9	9.47967902692693087E-1
5.27899999999999991E9	9.47962051650141646E-1
5.27999999999999936E9	9.47956196402166817E-1
5.28100000000000058E9	9.47950336889811496E-1
5.28200000000000092E9	9.47944473100509200E-1
5.28299999999999947E9	9.47938605092792308E-1
5.28399999999999981E9	9.47932732877337614E-1
5.28500000000000014E9	9.47926856380138716E-1
5.28599999999999959E9	9.47920975609570249E-1
5.28700000000000081E9	9.47915090505456348E-1
5.28799999999999937E9	9.47909201250020850E-1
5.28899999999999970E9	9.47903307603194989E-1
5.29000000000000004E9	9.47897409762451026E-1
5.29100000000000037E9	9.47891507530689736E-1
5.29199999999999982E9	9.47885601028048619E-1
5.29299999999999926E9	9.47879690296665878E-1
5.29399999999999959E9	9.47873775210234903E-1
5.29499999999999993E9	9.47867855770607548E-1
5.29600000000000026E9	9.47861932044607869E-1
5.29700000000000060E9	9.47856003965243765E-1
5.29800000000000004E9	9.47850071623554413E-1
5.29899999999999949E9	9.47844134903139057E-1
5.29999999999999982E9	9.47838193798420470E-1
5.30100000000000016E9	9.47832248357670615E-1
5.30200000000000049E9	9.47826298609918894E-1
5.30299999999999905E9	9.47820344496905953E-1
5.30400000000000027E9	9.47814385950936611E-1
5.30499999999999972E9	9.47808423079426277E-1
5.30600000000000005E9	9.47802455839141800E-1
5.30700000000000038E9	9.47796484203283818E-1
5.30799999999999983E9	9.47790508180613678E-1
5.30899999999999928E9	9.47784527761949924E-1
5.31000000000000050E9	9.47778542990177009E-1
5.31099999999999994E9	9.47772553727981482E-1
5.31200000000000028E9	9.47766560139707614E-1
5.31299999999999972E9	9.47760562095013626E-1
5.31400000000000006E9	9.47754559602550550E-1
5.31499999999999950E9	9.47748552754866225E-1
5.31600000000000072E9	9.47742541426677221E-1
5.31700000000000017E9	9.47736525621667525E-1
5.31799999999999962E9	9.47730505419685798E-1
5.31899999999999995E9	9.47724480773802824E-1
5.32000000000000028E9	9.47718451674049689E-1
5.32099999999999973E9	9.47712418082191022E-1
5.32200000000000095E9	9.47706380050690100E-1
5.32299999999999951E9	9.47700337527664161E-1
5.32399999999999984E9	9.47694290553972607E-1
5.32500000000000018E9	9.47688239092980211E-1
5.32600000000000051E9	9.47682183163969150E-1
5.32699999999999996E9	9.47676122678907795E-1
5.32799999999999940E9	9.47670057682679889E-1
5.32899999999999974E9	9.47663988255937717E-1
5.33000000000000007E9	9.47657914249308675E-1
5.33100000000000041E9	9.47651835740473736E-1
5.33200000000000074E9	9.47645752787675022E-1
5.33300000000000018E9	9.47639665196944492E-1
5.33399999999999963E9	9.47633573119244588E-1
5.33499999999999996E9	9.47627476481801523E-1
5.33600000000000030E9	9.47621375327528703E-1
5.33700000000000063E9	9.47615269657458192E-1
5.33799999999999919E9	9.47609159327860517E-1
5.33900000000000041E9	9.47603044520170101E-1
5.33999999999999986E9	9.47596925106629584E-1
5.34100000000000019E9	9.47590801150116491E-1
5.34200000000000053E9	9.47584672586607013E-1
5.34299999999999908E9	9.47578539379789042E-1
5.34399999999999942E9	9.47572401665694386E-1
5.34500000000000064E9	9.47566259297480151E-1
5.34600000000000009E9	9.47560112380222463E-1
5.34700000000000042E9	9.47553960851008448E-1
5.34799999999999986E9	9.47547804656321269E-1
5.34899999999999931E9	9.47541643885676343E-1
5.34999999999999964E9	9.47535478472046400E-1
5.35100000000000087E9	9.47529308444631901E-1
5.35200000000000031E9	9.47523133751761293E-1
5.35299999999999976E9	9.47516954439254810E-1
5.35400000000000009E9	9.47510770511520128E-1
5.35499999999999954E9	9.47504581874710183E-1
5.35599999999999987E9	9.47498388529720792E-1
5.35700000000000109E9	9.47492190622676311E-1
5.35799999999999965E9	9.47485988006137880E-1
5.35899999999999999E9	9.47479780687207906E-1
5.36000000000000032E9	9.47473568738540450E-1
5.36099999999999977E9	9.47467352056906975E-1
5.36200000000000010E9	9.47461130732678569E-1
5.36299999999999955E9	9.47454904609437421E-1
5.36399999999999988E9	9.47448673931313401E-1
5.36500000000000021E9	9.47442438391981412E-1
5.36600000000000055E9	9.47436198233056537E-1
5.36699999999999999E9	9.47429953301919880E-1
5.36799999999999944E9	9.47423703620587609E-1
5.36899999999999977E9	9.47417449230212938E-1
5.37000000000000011E9	9.47411190101109035E-1
5.37100000000000044E9	9.47404926260844427E-1
5.37200000000000077E9	9.47398657676979283E-1
5.37299999999999933E9	9.47392384315457647E-1
5.37399999999999967E9	9.47386106140619333E-1
5.37500000000000000E9	9.47379823242875219E-1
5.37600000000000033E9	9.47373535534813449E-1
5.37700000000000067E9	9.47367243113806090E-1
5.37799999999999923E9	9.47360945839826840E-1
5.37899999999999956E9	9.47354643797258689E-1
5.37999999999999989E9	9.47348336981489325E-1
5.38100000000000023E9	9.47342025356122974E-1
5.38200000000000056E9	9.47335708843217894E-1
5.38300000000000001E9	9.47329387601322281E-1
5.38399999999999945E9	9.47323061510551945E-1
5.38499999999999979E9	9.47316730548297059E-1
5.38600000000000012E9	9.47310394828823910E-1
5.38700000000000045E9	9.47304054227618941E-1
5.38799999999999990E9	9.47297708806945593E-1
5.38900000000000023E9	9.47291358538183559E-1
5.38999999999999968E9	9.47285003381139390E-1
5.39100000000000001E9	9.47278643403637233E-1
5.39200000000000035E9	9.47272278552373059E-1
5.39299999999999891E9	9.47265908793669098E-1
5.39400000000000013E9	9.47259534161010031E-1
5.39500000000000046E9	9.47253154625840033E-1
5.39599999999999991E9	9.47246770249846648E-1
5.39700000000000024E9	9.47240380982205643E-1
5.39799999999999969E9	9.47233986840903341E-1
5.39899999999999913E9	9.47227587722495201E-1
5.40000000000000036E9	9.47221183641779518E-1
5.40100000000000069E9	9.47214774752502997E-1
5.40200000000000014E9	9.47208360866622634E-1
5.40299999999999958E9	9.47201942154731569E-1
5.40399999999999991E9	9.47195518386221025E-1
5.40499999999999936E9	9.47189089708520093E-1
5.40600000000000058E9	9.47182656088587294E-1
5.40700000000000092E9	9.47176217490080319E-1
5.40799999999999947E9	9.47169774037905476E-1
5.40899999999999981E9	9.47163325482593876E-1
5.41000000000000014E9	9.47156871995289151E-1
5.41099999999999959E9	9.47150413575500849E-1
5.41200000000000081E9	9.47143950109939858E-1
5.41299999999999937E9	9.47137481675105697E-1
5.41399999999999970E9	9.47131008286996234E-1
5.41500000000000004E9	9.47124529836774798E-1
5.41600000000000037E9	9.47118046418251680E-1
5.41699999999999982E9	9.47111557971324380E-1
5.41799999999999926E9	9.47105064524806295E-1
5.41899999999999959E9	9.47098566077230863E-1
5.41999999999999993E9	9.47092062462155759E-1
5.42100000000000026E9	9.47085553897740162E-1
5.42200000000000060E9	9.47079040356936197E-1
5.42300000000000004E9	9.47072521669614176E-1
5.42399999999999949E9	9.47065998008956988E-1
5.42499999999999982E9	9.47059469252778463E-1
5.42600000000000016E9	9.47052935377953808E-1
5.42700000000000049E9	9.47046396503398036E-1
5.42799999999999905E9	9.47039852542546257E-1
5.42900000000000027E9	9.47033303468753829E-1
5.42999999999999972E9	9.47026749335481099E-1
5.43100000000000005E9	9.47020190102662163E-1
5.43200000000000038E9	9.47013625708519768E-1
5.43299999999999983E9	9.47007056274181380E-1
5.43399999999999928E9	9.47000481652939108E-1
5.43500000000000050E9	9.46993901973243979E-1
5.43599999999999994E9	9.46987317136966134E-1
5.43700000000000028E9	9.46980727218360485E-1
5.43799999999999972E9	9.46974132085497544E-1
5.43900000000000006E9	9.46967531902845394E-1
5.43999999999999950E9	9.46960926535062875E-1
5.44100000000000072E9	9.46954315969792582E-1
5.44200000000000017E9	9.46947700284259319E-1
5.44299999999999962E9	9.46941079452156487E-1
5.44399999999999995E9	9.46934453395211406E-1
5.44500000000000028E9	9.46927822196515656E-1
5.44599999999999973E9	9.46921185764564655E-1
5.44700000000000095E9	9.46914544149805870E-1
5.44799999999999951E9	9.46907897391404063E-1
5.44899999999999984E9	9.46901245423448934E-1
5.45000000000000018E9	9.46894588250512470E-1
5.45100000000000051E9	9.46887925826079524E-1
5.45199999999999996E9	9.46881258131245218E-1
5.45299999999999940E9	9.46874585332147234E-1
5.45399999999999974E9	9.46867907253558094E-1
5.45500000000000007E9	9.46861223851038147E-1
5.45600000000000041E9	9.46854535370868788E-1
5.45700000000000074E9	9.46847841498378351E-1
5.45800000000000018E9	9.46841142423418169E-1
5.45899999999999963E9	9.46834438056525407E-1
5.45999999999999996E9	9.46827728461569507E-1
5.46100000000000030E9	9.46821013576917991E-1
5.46200000000000063E9	9.46814293369850191E-1
5.46299999999999919E9	9.46807567953170626E-1
5.46400000000000041E9	9.46800837187390698E-1
5.46499999999999986E9	9.46794101171509794E-1
5.46600000000000019E9	9.46787359763550995E-1
5.46700000000000053E9	9.46780613144741778E-1
5.46799999999999908E9	9.46773861126568583E-1
5.46899999999999942E9	9.46767103866603854E-1
5.47000000000000064E9	9.46760341185902377E-1
5.47100000000000009E9	9.46753573290796879E-1
5.47200000000000042E9	9.46746799946215845E-1
5.47299999999999986E9	9.46740021304335855E-1
5.47399999999999931E9	9.46733237284433216E-1
5.47499999999999964E9	9.46726447900056023E-1
5.47600000000000087E9	9.46719653224589308E-1
5.47700000000000031E9	9.46712853100881269E-1
5.47799999999999976E9	9.46706047652375915E-1
5.47900000000000009E9	9.46699236761470608E-1
5.47999999999999954E9	9.46692420548774294E-1
5.48099999999999987E9	9.46685598935122563E-1
5.48200000000000109E9	9.46678771807856734E-1
5.48299999999999965E9	9.46671939411971231E-1
5.48399999999999999E9	9.46665101515532115E-1
5.48500000000000032E9	9.46658258181088463E-1
5.48599999999999977E9	9.46651409533509103E-1
5.48700000000000010E9	9.46644555390297704E-1
5.48799999999999955E9	9.46637695798443524E-1
5.48899999999999988E9	9.46630830774121534E-1
5.49000000000000021E9	9.46623960383857899E-1
5.49100000000000055E9	9.46617084364355144E-1
5.49199999999999999E9	9.46610203013496943E-1
5.49299999999999944E9	9.46603316149189666E-1
5.49399999999999977E9	9.46596423791489627E-1
5.49500000000000011E9	9.46589526021338301E-1
5.49600000000000044E9	9.46582622781944671E-1
5.49700000000000077E9	9.46575713916588057E-1
5.49799999999999933E9	9.46568799663601901E-1
5.49899999999999967E9	9.46561879843847365E-1
5.50000000000000000E9	9.46554954489238831E-1
5.50100000000000033E9	9.46548023685033613E-1
5.50200000000000067E9	9.46541087386393798E-1
5.50299999999999923E9	9.46534145579217068E-1
5.50399999999999956E9	9.46527198087575350E-1
5.50499999999999989E9	9.46520245204734856E-1
5.50600000000000023E9	9.46513286656220743E-1
5.50700000000000056E9	9.46506322593773675E-1
5.50800000000000001E9	9.46499352954093354E-1
5.50899999999999945E9	9.46492377832804266E-1
5.50999999999999979E9	9.46485397077535495E-1
5.51100000000000012E9	9.46478410782115098E-1
5.51200000000000045E9	9.46471418792088315E-1
5.51299999999999990E9	9.46464421358789920E-1
5.51400000000000023E9	9.46457418260056116E-1
5.51499999999999968E9	9.46450409456020481E-1
5.51600000000000001E9	9.46443395237131213E-1
5.51700000000000035E9	9.46436375291776244E-1
5.51799999999999891E9	9.46429349747185356E-1
5.51900000000000013E9	9.46422318546852281E-1
5.52000000000000046E9	9.46415281794015151E-1
5.52099999999999991E9	9.46408239375655569E-1
5.52200000000000024E9	9.46401191188017066E-1
5.52299999999999969E9	9.46394137492570664E-1
5.52399999999999913E9	9.46387078128685744E-1
5.52500000000000036E9	9.46380013010354659E-1
5.52600000000000069E9	9.46372942277017160E-1
5.52700000000000014E9	9.46365865871783285E-1
5.52799999999999958E9	9.46358783802499914E-1
5.52899999999999991E9	9.46351695943561921E-1
5.52999999999999936E9	9.46344602539860347E-1
5.53100000000000058E9	9.46337503300103222E-1
5.53200000000000092E9	9.46330398379697435E-1
5.53299999999999947E9	9.46323287832874982E-1
5.53399999999999981E9	9.46316171473880452E-1
5.53500000000000014E9	9.46309049464992569E-1
5.53599999999999959E9	9.46301921693884296E-1
5.53700000000000081E9	9.46294788100975204E-1
5.53799999999999937E9	9.46287648878307941E-1
5.53899999999999970E9	9.46280503853847499E-1
5.54000000000000004E9	9.46273352987878624E-1
5.54100000000000037E9	9.46266196455525765E-1
5.54199999999999982E9	9.46259034180370939E-1
5.54299999999999926E9	9.46251866041710699E-1
5.54399999999999959E9	9.46244692222823680E-1
5.54499999999999993E9	9.46237512534713510E-1
5.54600000000000026E9	9.46230327091667434E-1
5.54700000000000060E9	9.46223135778927826E-1
5.54800000000000004E9	9.46215938709055315E-1
5.54899999999999949E9	9.46208735818364488E-1
5.54999999999999982E9	9.46201527141693965E-1
5.55100000000000016E9	9.46194312589902431E-1
5.55200000000000049E9	9.46187092217021153E-1
5.55299999999999905E9	9.46179866063794606E-1
5.55400000000000027E9	9.46172633951076669E-1
5.55499999999999972E9	9.46165396070629683E-1
5.55600000000000005E9	9.46158152317248380E-1
5.55700000000000038E9	9.46150902693809570E-1
5.55799999999999983E9	9.46143647236424989E-1
5.55899999999999928E9	9.46136385845328931E-1
5.56000000000000050E9	9.46129118542372183E-1
5.56099999999999994E9	9.46121845381287407E-1
5.56200000000000028E9	9.46114566358748732E-1
5.56299999999999972E9	9.46107281415836709E-1
5.56400000000000006E9	9.46099990568053428E-1
5.56499999999999950E9	9.46092693831815623E-1
5.56600000000000072E9	9.46085391065738257E-1
5.56700000000000017E9	9.46078082448907409E-1
5.56799999999999962E9	9.46070767893468023E-1
5.56899999999999995E9	9.46063447431893323E-1
5.57000000000000028E9	9.46056120995991812E-1
5.57099999999999973E9	9.46048788559529719E-1
5.57200000000000095E9	9.46041450230346825E-1
5.57299999999999951E9	9.46034105868883657E-1
5.57399999999999984E9	9.46026755635487504E-1
5.57500000000000018E9	9.46019399277039774E-1
5.57600000000000051E9	9.46012037107167991E-1
5.57699999999999996E9	9.46004668870877374E-1
5.57799999999999940E9	9.45997294532594246E-1
5.57899999999999974E9	9.45989914337390303E-1
5.58000000000000007E9	9.45982528058427263E-1
5.58100000000000041E9	9.45975135780921228E-1
5.58200000000000074E9	9.45967737521266372E-1
5.58300000000000018E9	9.45960333116777896E-1
5.58399999999999963E9	9.45952922794026563E-1
5.58499999999999996E9	9.45945506421412929E-1
5.58600000000000030E9	9.45938083953612008E-1
5.58700000000000063E9	9.45930655414023391E-1
5.58799999999999919E9	9.45923220810979259E-1
5.58900000000000041E9	9.45915780153855401E-1
5.58999999999999986E9	9.45908333460931061E-1
5.59100000000000019E9	9.45900880602280303E-1
5.59200000000000053E9	9.45893421753018693E-1
5.59299999999999908E9	9.45885956735137690E-1
5.59399999999999942E9	9.45878485676027481E-1
5.59500000000000064E9	9.45871008508345312E-1
5.59600000000000009E9	9.45863525221457380E-1
5.59700000000000042E9	9.45856035813573115E-1
5.59799999999999986E9	9.45848540259814641E-1
5.59899999999999931E9	9.45841038567787606E-1
5.59999999999999964E9	9.45833530743967010E-1
5.60100000000000087E9	9.45826016748020493E-1
5.60200000000000031E9	9.45818496640606554E-1
5.60299999999999976E9	9.45810970334499146E-1
5.60400000000000009E9	9.45803437932816848E-1
5.60499999999999954E9	9.45795899277517726E-1
5.60599999999999987E9	9.45788354469368286E-1
5.60700000000000109E9	9.45780803507429546E-1
5.60799999999999965E9	9.45773246341882690E-1
5.60899999999999999E9	9.45765682969300592E-1
5.61000000000000032E9	9.45758113474918538E-1
5.61099999999999977E9	9.45750537578280692E-1
5.61200000000000010E9	9.45742955590891832E-1
5.61299999999999955E9	9.45735367355547929E-1
5.61399999999999988E9	9.45727772907052788E-1
5.61500000000000021E9	9.45720172291863825E-1
5.61600000000000055E9	9.45712565289723628E-1
5.61699999999999999E9	9.45704952151804079E-1
5.61799999999999944E9	9.45697332736653351E-1
5.61899999999999977E9	9.45689707026905957E-1
5.62000000000000011E9	9.45682075120281063E-1
5.62100000000000044E9	9.45674436781078320E-1
5.62200000000000077E9	9.45666792274298018E-1
5.62299999999999933E9	9.45659141477098331E-1
5.62399999999999967E9	9.45651484378183937E-1
5.62500000000000000E9	9.45643820919254807E-1
5.62600000000000033E9	9.45636151214582732E-1
5.62700000000000067E9	9.45628475191560369E-1
5.62799999999999923E9	9.45620792846164804E-1
5.62899999999999956E9	9.45613104104114299E-1
5.62999999999999989E9	9.45605409074664038E-1
5.63100000000000023E9	9.45597707830700251E-1
5.63200000000000056E9	9.45590000017441135E-1
5.63300000000000001E9	9.45582285947699575E-1
5.63399999999999945E9	9.45574565530628952E-1
5.63499999999999979E9	9.45566838764110607E-1
5.63600000000000012E9	9.45559105578236725E-1
5.63700000000000045E9	9.45551366061894782E-1
5.63799999999999990E9	9.45543620037152799E-1
5.63900000000000023E9	9.45535867846207978E-1
5.63999999999999968E9	9.45528109065861955E-1
5.64100000000000001E9	9.45520343953817388E-1
5.64200000000000035E9	9.45512572421482744E-1
5.64299999999999891E9	9.45504794364817869E-1
5.64400000000000013E9	9.45497010005765759E-1
5.64500000000000046E9	9.45489219145468773E-1
5.64599999999999991E9	9.45481421839847158E-1
5.64700000000000024E9	9.45473618098508872E-1
5.64799999999999969E9	9.45465807997513785E-1
5.64899999999999913E9	9.45457991369699080E-1
5.65000000000000036E9	9.45450168207590025E-1
5.65100000000000069E9	9.45442338713383279E-1
5.65200000000000014E9	9.45434502656938136E-1
5.65299999999999958E9	9.45426659993787943E-1
5.65399999999999991E9	9.45418811003385606E-1
5.65499999999999936E9	9.45410955498432415E-1
5.65600000000000058E9	9.45403093443441023E-1
5.65700000000000092E9	9.45395224939229628E-1
5.65799999999999947E9	9.45387349830397028E-1
5.65899999999999981E9	9.45379468228583697E-1
5.66000000000000014E9	9.45371580033645031E-1
5.66099999999999959E9	9.45363685343730076E-1
5.66200000000000081E9	9.45355784150119050E-1
5.66299999999999937E9	9.45347876301707934E-1
5.66399999999999970E9	9.45339961999712663E-1
5.66500000000000004E9	9.45332041102302689E-1
5.66600000000000037E9	9.45324113666754862E-1
5.66699999999999982E9	9.45316179573379856E-1
5.66799999999999926E9	9.45308238876750373E-1
5.66899999999999959E9	9.45300291689368066E-1
5.66999999999999993E9	9.45292337711638808E-1
5.67100000000000026E9	9.45284377359818606E-1
5.67200000000000060E9	9.45276410260388644E-1
5.67300000000000004E9	9.45268436534528078E-1
5.67399999999999949E9	9.45260456181965125E-1
5.67499999999999982E9	9.45252469274298335E-1
5.67600000000000016E9	9.45244475692565267E-1
5.67700000000000049E9	9.45236475422622391E-1
5.67799999999999905E9	9.45228468556072521E-1
5.67900000000000027E9	9.45220454969132007E-1
5.67999999999999972E9	9.45212434705110915E-1
5.68100000000000005E9	9.45204407851409201E-1
5.68200000000000038E9	9.45196374258290462E-1
5.68299999999999983E9	9.45188333974986428E-1
5.68399999999999928E9	9.45180286933846858E-1
5.68500000000000050E9	9.45172233288931096E-1
5.68599999999999994E9	9.45164172885125353E-1
5.68700000000000028E9	9.45156105828287352E-1
5.68799999999999972E9	9.45148032009169015E-1
5.68900000000000006E9	9.45139951411577073E-1
5.68999999999999950E9	9.45131864126035026E-1
5.69100000000000072E9	9.45123770086898674E-1
5.69200000000000017E9	9.45115669299240757E-1
5.69299999999999962E9	9.45107561742301527E-1
5.69399999999999995E9	9.45099447479049992E-1
5.69500000000000028E9	9.45091326391686515E-1
5.69599999999999973E9	9.45083198527452950E-1
5.69700000000000095E9	9.45075063862265807E-1
5.69799999999999951E9	9.45066922442116919E-1
5.69899999999999984E9	9.45058774180403915E-1
5.70000000000000018E9	9.45050619132787695E-1
5.70100000000000051E9	9.45042457281692094E-1
5.70199999999999996E9	9.45034288657501342E-1
5.70299999999999940E9	9.45026113121164180E-1
5.70399999999999974E9	9.45017930795214944E-1
5.70500000000000007E9	9.45009741610719622E-1
5.70600000000000041E9	9.45001545556596589E-1
5.70700000000000074E9	9.44993342741314990E-1
5.70800000000000018E9	9.44985133032172264E-1
5.70899999999999963E9	9.44976916510583287E-1
5.70999999999999996E9	9.44968692982252456E-1
5.71100000000000030E9	9.44960462622161756E-1
5.71200000000000063E9	9.44952225341735108E-1
5.71299999999999919E9	9.44943981242165343E-1
5.71400000000000041E9	9.44935730220606729E-1
5.71499999999999986E9	9.44927472230718912E-1
5.71600000000000019E9	9.44919207397403937E-1
5.71700000000000053E9	9.44910935624596782E-1
5.71799999999999908E9	9.44902656791858853E-1
5.71899999999999942E9	9.44894371212012807E-1
5.72000000000000064E9	9.44886078641762950E-1
5.72100000000000009E9	9.44877779066090540E-1
5.72200000000000042E9	9.44869472626127838E-1
5.72299999999999986E9	9.44861159037912479E-1
5.72399999999999931E9	9.44852838610258239E-1
5.72499999999999964E9	9.44844511275375787E-1
5.72600000000000087E9	9.44836176842372488E-1
5.72700000000000031E9	9.44827835460010235E-1
5.72799999999999976E9	9.44819487019951865E-1
5.72900000000000009E9	9.44811131584337360E-1
5.72999999999999954E9	9.44802769163611345E-1
5.73099999999999987E9	9.44794399732322532E-1
5.73200000000000109E9	9.44786023324024349E-1
5.73299999999999965E9	9.44777639764710209E-1
5.73399999999999999E9	9.44769249316512827E-1
5.73500000000000032E9	9.44760851706386262E-1
5.73599999999999977E9	9.44752447036278120E-1
5.73700000000000010E9	9.44744035273990157E-1
5.73799999999999955E9	9.44735616556656055E-1
5.73899999999999988E9	9.44727190665804883E-1
5.74000000000000021E9	9.44718757761567041E-1
5.74100000000000055E9	9.44710317697231794E-1
5.74199999999999999E9	9.44701870630203544E-1
5.74299999999999944E9	9.44693416239594974E-1
5.74399999999999977E9	9.44684954987440229E-1
5.74500000000000011E9	9.44676486599536247E-1
5.74600000000000044E9	9.44668010899976629E-1
5.74700000000000077E9	9.44659528223727918E-1
5.74799999999999933E9	9.44651038330692572E-1
5.74899999999999967E9	9.44642541395934643E-1
5.75000000000000000E9	9.44634037164705020E-1
5.75100000000000033E9	9.44625525846022107E-1
5.75200000000000067E9	9.44617007330449709E-1
5.75299999999999923E9	9.44608481690936941E-1
5.75399999999999956E9	9.44599948851508131E-1
5.75499999999999989E9	9.44591408785035291E-1
5.75600000000000023E9	9.44582861389123352E-1
5.75700000000000056E9	9.44574307015184544E-1
5.75800000000000001E9	9.44565745448751670E-1
5.75899999999999945E9	9.44557176534168974E-1
5.75999999999999979E9	9.44548600423404494E-1
5.76100000000000012E9	9.44540017108306351E-1
5.76200000000000045E9	9.44531426453665901E-1
5.76299999999999990E9	9.44522828708594986E-1
5.76400000000000023E9	9.44514223563918343E-1
5.76499999999999968E9	9.44505611265501877E-1
5.76600000000000001E9	9.44496991650278694E-1
5.76700000000000035E9	9.44488364728624319E-1
5.76799999999999891E9	9.44479730581494437E-1
5.76900000000000013E9	9.44471088993927488E-1
5.77000000000000046E9	9.44462440343267140E-1
5.77099999999999991E9	9.44453784300494981E-1
5.77200000000000024E9	9.44445120918417658E-1
5.77299999999999969E9	9.44436450188477039E-1
5.77399999999999913E9	9.44427772136578625E-1
5.77500000000000036E9	9.44419086838336419E-1
5.77600000000000069E9	9.44410394082977511E-1
5.77700000000000014E9	9.44401694091927268E-1
5.77799999999999958E9	9.44392986615099339E-1
5.77899999999999991E9	9.44384271947904708E-1
5.77999999999999936E9	9.44375549724224683E-1
5.78100000000000058E9	9.44366820275303454E-1
5.78200000000000092E9	9.44358083371387380E-1
5.78299999999999947E9	9.44349339127958309E-1
5.78399999999999981E9	9.44340587376294849E-1
5.78500000000000014E9	9.44331828342494362E-1
5.78599999999999959E9	9.44323061816690057E-1
5.78700000000000081E9	9.44314287774780681E-1
5.78799999999999937E9	9.44305506542278472E-1
5.78899999999999970E9	9.44296717654878215E-1
5.79000000000000004E9	9.44287921460504620E-1
5.79100000000000037E9	9.44279117768130227E-1
5.79199999999999982E9	9.44270306611348964E-1
5.79299999999999926E9	9.44261487960353030E-1
5.79399999999999959E9	9.44252661970710072E-1
5.79499999999999993E9	9.44243828372701799E-1
5.79600000000000026E9	9.44234987295980233E-1
5.79700000000000060E9	9.44226138767795575E-1
5.79800000000000004E9	9.44217282779130684E-1
5.79899999999999949E9	9.44208419192289128E-1
5.79999999999999982E9	9.44199548120120014E-1
5.80100000000000016E9	9.44190669549609041E-1
5.80200000000000049E9	9.44181783403221964E-1
5.80299999999999905E9	9.44172889791030201E-1
5.80400000000000027E9	9.44163988559150269E-1
5.80499999999999972E9	9.44155079814846943E-1
5.80600000000000005E9	9.44146163489157786E-1
5.80700000000000038E9	9.44137239625962010E-1
5.80799999999999983E9	9.44128308116061810E-1
5.80899999999999928E9	9.44119369101858297E-1
5.81000000000000050E9	9.44110422447280229E-1
5.81099999999999994E9	9.44101468229183460E-1
5.81200000000000028E9	9.44092506372392748E-1
5.81299999999999972E9	9.44083536927820788E-1
5.81400000000000006E9	9.44074559905616617E-1
5.81499999999999950E9	9.44065575252926870E-1
5.81600000000000072E9	9.44056582916135412E-1
5.81700000000000017E9	9.44047582902476634E-1
5.81799999999999962E9	9.44038575283427406E-1
5.81899999999999995E9	9.44029559949848185E-1
5.82000000000000028E9	9.44020537047639330E-1
5.82099999999999973E9	9.44011506440951287E-1
5.82200000000000095E9	9.44002468081809276E-1
5.82299999999999951E9	9.43993422252369641E-1
5.82399999999999984E9	9.43984368470141533E-1
5.82500000000000018E9	9.43975307117310969E-1
5.82600000000000051E9	9.43966238103723221E-1
5.82699999999999996E9	9.43957161274860290E-1
5.82799999999999940E9	9.43948076716344886E-1
5.82899999999999974E9	9.43938984489068922E-1
5.83000000000000007E9	9.43929884498235161E-1
5.83100000000000041E9	9.43920776750890944E-1
5.83200000000000074E9	9.43911661266245616E-1
5.83300000000000018E9	9.43902537984385148E-1
5.83399999999999963E9	9.43893406935123203E-1
5.83499999999999996E9	9.43884268172459073E-1
5.83600000000000030E9	9.43875121609453593E-1
5.83700000000000063E9	9.43865967169475795E-1
5.83799999999999919E9	9.43856805031493629E-1
5.83900000000000041E9	9.43847635080079073E-1
5.83999999999999986E9	9.43838457210115322E-1
5.84100000000000019E9	9.43829271662334612E-1
5.84200000000000053E9	9.43820078072088720E-1
5.84299999999999908E9	9.43810876847911473E-1
5.84399999999999942E9	9.43801667699146485E-1
5.84500000000000064E9	9.43792450734983923E-1
5.84600000000000009E9	9.43783225882870447E-1
5.84700000000000042E9	9.43773993198598760E-1
5.84799999999999986E9	9.43764752620632486E-1
5.84899999999999931E9	9.43755504124619016E-1
5.84999999999999964E9	9.43746247827613871E-1
5.85100000000000087E9	9.43736983459170276E-1
5.85200000000000031E9	9.43727711404687497E-1
5.85299999999999976E9	9.43718431365368282E-1
5.85400000000000009E9	9.43709143300100450E-1
5.85499999999999954E9	9.43699847423689775E-1
5.85599999999999987E9	9.43690543498769330E-1
5.85700000000000109E9	9.43681231739203774E-1
5.85799999999999965E9	9.43671911917962625E-1
5.85899999999999999E9	9.43662584273184457E-1
5.86000000000000032E9	9.43653248549575707E-1
5.86099999999999977E9	9.43643904866829075E-1
5.86200000000000010E9	9.43634553226853789E-1
5.86299999999999955E9	9.43625193514655969E-1
5.86399999999999988E9	9.43615825976331024E-1
5.86500000000000021E9	9.43606450351297354E-1
5.86600000000000055E9	9.43597066690084674E-1
5.86699999999999999E9	9.43587675001722559E-1
5.86799999999999944E9	9.43578275336144401E-1
5.86899999999999977E9	9.43568867583265281E-1
5.87000000000000011E9	9.43559451802468629E-1
5.87100000000000044E9	9.43550028039416588E-1
5.87200000000000077E9	9.43540595999528975E-1
5.87299999999999933E9	9.43531156091366086E-1
5.87399999999999967E9	9.43521708070684362E-1
5.87500000000000000E9	9.43512252030282639E-1
5.87600000000000033E9	9.43502787790307451E-1
5.87700000000000067E9	9.43493315441025082E-1
5.87799999999999923E9	9.43483835009161176E-1
5.87899999999999956E9	9.43474346544852871E-1
5.87999999999999989E9	9.43464849967773844E-1
5.88100000000000023E9	9.43455345116778332E-1
5.88200000000000056E9	9.43445832184791122E-1
5.88300000000000001E9	9.43436311191659094E-1
5.88399999999999945E9	9.43426781922203972E-1
5.88499999999999979E9	9.43417244525113929E-1
5.88600000000000012E9	9.43407699045849490E-1
5.88700000000000045E9	9.43398145291164880E-1
5.88799999999999990E9	9.43388583329170416E-1
5.88900000000000023E9	9.43379013241359843E-1
5.88999999999999968E9	9.43369434988019329E-1
5.89100000000000001E9	9.43359848478763574E-1
5.89200000000000035E9	9.43350253803529881E-1
5.89299999999999891E9	9.43340650828944405E-1
5.89400000000000013E9	9.43331039684358785E-1
5.89500000000000046E9	9.43321420273608702E-1
5.89599999999999991E9	9.43311792643978642E-1
5.89700000000000024E9	9.43302156698224792E-1
5.89799999999999969E9	9.43292512560395657E-1
5.89899999999999913E9	9.43282860065959738E-1
5.90000000000000036E9	9.43273199363508752E-1
5.90100000000000069E9	9.43263530325106636E-1
5.90200000000000014E9	9.43253852980489604E-1
5.90299999999999958E9	9.43244167435041980E-1
5.90399999999999991E9	9.43234473480069546E-1
5.90499999999999936E9	9.43224771206190482E-1
5.90600000000000058E9	9.43215060719566267E-1
5.90700000000000092E9	9.43205341726126889E-1
5.90799999999999947E9	9.43195614540451999E-1
5.90899999999999981E9	9.43185879013452144E-1
5.91000000000000014E9	9.43176135060321208E-1
5.91099999999999959E9	9.43166382701012651E-1
5.91200000000000081E9	9.43156621969160014E-1
5.91299999999999937E9	9.43146852896085797E-1
5.91399999999999970E9	9.43137075406851011E-1
5.91500000000000004E9	9.43127289558676551E-1
5.91600000000000037E9	9.43117495380268878E-1
5.91699999999999982E9	9.43107692673337183E-1
5.91799999999999926E9	9.43097881598809806E-1
5.91899999999999959E9	9.43088062022842166E-1
5.91999999999999993E9	9.43078233944910060E-1
5.92100000000000026E9	9.43068397668333702E-1
5.92200000000000060E9	9.43058552724650667E-1
5.92300000000000004E9	9.43048699361771448E-1
5.92399999999999949E9	9.43038837615660697E-1
5.92499999999999982E9	9.43028967267023788E-1
5.92600000000000016E9	9.43019088575061915E-1
5.92700000000000049E9	9.43009201279043374E-1
5.92799999999999905E9	9.42999305476785565E-1
5.92900000000000027E9	9.42989401184484066E-1
5.92999999999999972E9	9.42979488512776598E-1
5.93100000000000005E9	9.42969567128854536E-1
5.93200000000000038E9	9.42959637220075919E-1
5.93299999999999983E9	9.42949698867845143E-1
5.93399999999999928E9	9.42939751896024525E-1
5.93500000000000050E9	9.42929796276513699E-1
5.93599999999999994E9	9.42919832286634829E-1
5.93700000000000028E9	9.42909859615662427E-1
5.93799999999999972E9	9.42899878418417536E-1
5.93900000000000006E9	9.42889888541863819E-1
5.93999999999999950E9	9.42879890127533216E-1
5.94100000000000072E9	9.42869883087074712E-1
5.94200000000000017E9	9.42859867410887276E-1
5.94299999999999962E9	9.42849843103225105E-1
5.94399999999999995E9	9.42839810195049743E-1
5.94500000000000028E9	9.42829768660172896E-1
5.94599999999999973E9	9.42819718447005783E-1
5.94700000000000095E9	9.42809659622293239E-1
5.94799999999999951E9	9.42799592009521703E-1
5.94899999999999984E9	9.42789515850774684E-1
5.95000000000000018E9	9.42779430980778521E-1
5.95100000000000051E9	9.42769337397295537E-1
5.95199999999999996E9	9.42759235053980582E-1
5.95299999999999940E9	9.42749124161547591E-1
5.95399999999999974E9	9.42739004389705038E-1
5.95500000000000007E9	9.42728875960861856E-1
5.95600000000000041E9	9.42718738826793512E-1
5.95700000000000074E9	9.42708592896305042E-1
5.95800000000000018E9	9.42698438281940554E-1
5.95899999999999963E9	9.42688274958405259E-1
5.95999999999999996E9	9.42678102642966209E-1
5.96100000000000030E9	9.42667921742905968E-1
5.96200000000000063E9	9.42657732040835405E-1
5.96299999999999919E9	9.42647533509548730E-1
5.96400000000000041E9	9.42637326239326256E-1
5.96499999999999986E9	9.42627110094430876E-1
5.96600000000000019E9	9.42616885204679278E-1
5.96700000000000053E9	9.42606651457819744E-1
5.96799999999999908E9	9.42596408819727216E-1
5.96899999999999942E9	9.42586157447117401E-1
5.97000000000000064E9	9.42575897196410040E-1
5.97100000000000009E9	9.42565628004436462E-1
5.97200000000000042E9	9.42555350093420685E-1
5.97299999999999986E9	9.42545063180427789E-1
5.97399999999999931E9	9.42534767430461606E-1
5.97499999999999964E9	9.42524462777625160E-1
5.97600000000000087E9	9.42514149330493467E-1
5.97700000000000031E9	9.42503826802851030E-1
5.97799999999999976E9	9.42493495438387718E-1
5.97900000000000009E9	9.42483155221383129E-1
5.97999999999999954E9	9.42472806040045619E-1
5.98099999999999987E9	9.42462447874378206E-1
5.98200000000000109E9	9.42452080762096855E-1
5.98299999999999965E9	9.42441704696860150E-1
5.98399999999999999E9	9.42431319671045031E-1
5.98500000000000032E9	9.42420925717659053E-1
5.98599999999999977E9	9.42410522719395694E-1
5.98700000000000010E9	9.42400110733916208E-1
5.98799999999999955E9	9.42389689751551174E-1
5.98899999999999988E9	9.42379259760215682E-1
5.99000000000000021E9	9.42368820774483495E-1
5.99100000000000055E9	9.42358372809068001E-1
5.99199999999999999E9	9.42347915698172756E-1
5.99299999999999944E9	9.42337449605640742E-1
5.99399999999999977E9	9.42326974487010460E-1
5.99500000000000011E9	9.42316490242608573E-1
5.99600000000000044E9	9.42305996951188263E-1
5.99700000000000077E9	9.42295494594189975E-1
5.99799999999999933E9	9.42284983205907167E-1
5.99899999999999967E9	9.42274462752491360E-1
6.00000000000000000E9	9.42263933018731947E-1
6.00100000000000033E9	9.42253394326540494E-1
6.00200000000000067E9	9.42242846418819724E-1
6.00299999999999923E9	9.42232289519106736E-1
6.00399999999999956E9	9.42221723324887250E-1
6.00499999999999989E9	9.42211148059807435E-1
6.00600000000000023E9	9.42200563626782817E-1
6.00700000000000056E9	9.42189970039098057E-1
6.00800000000000001E9	9.42179367281145375E-1
6.00899999999999945E9	9.42168755379184475E-1
6.00999999999999979E9	9.42158134260265889E-1
6.01100000000000012E9	9.42147504003493275E-1
6.01200000000000045E9	9.42136864492614912E-1
6.01299999999999990E9	9.42126215653062360E-1
6.01400000000000023E9	9.42115557684353533E-1
6.01499999999999968E9	9.42104890510801773E-1
6.01600000000000001E9	9.42094214178696632E-1
6.01700000000000035E9	9.42083528414291038E-1
6.01799999999999891E9	9.42072833485639904E-1
6.01900000000000013E9	9.42062129324956210E-1
6.02000000000000046E9	9.42051415794789371E-1
6.02099999999999991E9	9.42040693104799409E-1
6.02200000000000024E9	9.42029960976260305E-1
6.02299999999999969E9	9.42019219713877654E-1
6.02399999999999913E9	9.42008468954151823E-1
6.02500000000000036E9	9.41997708971879355E-1
6.02600000000000069E9	9.41986939777631882E-1
6.02700000000000014E9	9.41976161088076225E-1
6.02799999999999958E9	9.41965373133617767E-1
6.02899999999999991E9	9.41954575643660341E-1
6.02999999999999936E9	9.41943769000231335E-1
6.03100000000000058E9	9.41932953056576849E-1
6.03200000000000092E9	9.41922127578960300E-1
6.03299999999999947E9	9.41911292682967627E-1
6.03399999999999981E9	9.41900448428052606E-1
6.03500000000000014E9	9.41889594870836078E-1
6.03599999999999959E9	9.41878731789375934E-1
6.03700000000000081E9	9.41867859323206957E-1
6.03799999999999937E9	9.41856977416606256E-1
6.03899999999999970E9	9.41846086052736453E-1
6.04000000000000004E9	9.41835185215603765E-1
6.04100000000000037E9	9.41824274971597575E-1
6.04199999999999982E9	9.41813355330377533E-1
6.04299999999999926E9	9.41802426005670590E-1
6.04399999999999959E9	9.41791487398585936E-1
6.04499999999999993E9	9.41780539207547207E-1
6.04600000000000026E9	9.41769581592764382E-1
6.04700000000000060E9	9.41758614320188769E-1
6.04800000000000004E9	9.41747637605707766E-1
6.04899999999999949E9	9.41736651325398455E-1
6.04999999999999982E9	9.41725655581082144E-1
6.05100000000000016E9	9.41714650217562976E-1
6.05200000000000049E9	9.41703635322275012E-1
6.05299999999999905E9	9.41692610921820439E-1
6.05400000000000027E9	9.41681576804453435E-1
6.05499999999999972E9	9.41670533277634014E-1
6.05600000000000005E9	9.41659479999731808E-1
6.05700000000000038E9	9.41648417136600102E-1
6.05799999999999983E9	9.41637344782698982E-1
6.05899999999999928E9	9.41626262748911280E-1
6.06000000000000050E9	9.41615171084474945E-1
6.06099999999999994E9	9.41604069767948104E-1
6.06200000000000028E9	9.41592958806055513E-1
6.06299999999999972E9	9.41581838145957839E-1
6.06400000000000006E9	9.41570707918628713E-1
6.06499999999999950E9	9.41559568002003999E-1
6.06600000000000072E9	9.41548418354499006E-1
6.06700000000000017E9	9.41537259076223165E-1
6.06799999999999962E9	9.41526090041133834E-1
6.06899999999999995E9	9.41514911304177993E-1
6.07000000000000028E9	9.41503722793886411E-1
6.07099999999999973E9	9.41492524735659586E-1
6.07200000000000095E9	9.41481316827327674E-1
6.07299999999999951E9	9.41470099093310786E-1
6.07399999999999984E9	9.41458871685407139E-1
6.07500000000000018E9	9.41447634441203540E-1
6.07600000000000051E9	9.41436387524544038E-1
6.07699999999999996E9	9.41425130871004967E-1
6.07799999999999940E9	9.41413864344490570E-1
6.07899999999999974E9	9.41402587992041973E-1
6.08000000000000007E9	9.41391301774796396E-1
6.08100000000000041E9	9.41380005824346178E-1
6.08200000000000074E9	9.41368700128678704E-1
6.08300000000000018E9	9.41357384574231837E-1
6.08399999999999963E9	9.41346059005462799E-1
6.08499999999999996E9	9.41334723664094497E-1
6.08600000000000030E9	9.41323378605942551E-1
6.08700000000000063E9	9.41312023499795103E-1
6.08799999999999919E9	9.41300658528454726E-1
6.08900000000000041E9	9.41289283717049230E-1
6.08999999999999986E9	9.41277899016515107E-1
6.09100000000000019E9	9.41266504364651624E-1
6.09200000000000053E9	9.41255099697666786E-1
6.09299999999999908E9	9.41243685250051776E-1
6.09399999999999942E9	9.41232260742584081E-1
6.09500000000000064E9	9.41220826394258303E-1
6.09600000000000009E9	9.41209382080168844E-1
6.09700000000000042E9	9.41197927732010164E-1
6.09799999999999986E9	9.41186463566509701E-1
6.09899999999999931E9	9.41174989198982637E-1
6.09999999999999964E9	9.41163504943613916E-1
6.10100000000000087E9	9.41152010744518464E-1
6.10200000000000031E9	9.41140506483976758E-1
6.10299999999999976E9	9.41128992132295927E-1
6.10400000000000009E9	9.41117467786023987E-1
6.10499999999999954E9	9.41105933455811439E-1
6.10599999999999987E9	9.41094388935642812E-1
6.10700000000000109E9	9.41082834477832186E-1
6.10799999999999965E9	9.41071269933352106E-1
6.10899999999999999E9	9.41059695293365017E-1
6.11000000000000032E9	9.41048110549384198E-1
6.11099999999999977E9	9.41036515721609135E-1
6.11200000000000010E9	9.41024910886158850E-1
6.11299999999999955E9	9.41013295814850537E-1
6.11399999999999988E9	9.41001670596984319E-1
6.11500000000000021E9	9.40990035321661189E-1
6.11600000000000055E9	9.40978389901750489E-1
6.11699999999999999E9	9.40966734337617439E-1
6.11799999999999944E9	9.40955068555011920E-1
6.11899999999999977E9	9.40943392625202790E-1
6.12000000000000011E9	9.40931706515388910E-1
6.12100000000000044E9	9.40920010149782371E-1
6.12200000000000077E9	9.40908303698381232E-1
6.12299999999999933E9	9.40896586922447220E-1
6.12399999999999967E9	9.40884860032987014E-1
6.12500000000000000E9	9.40873122907333936E-1
6.12600000000000033E9	9.40861375479427053E-1
6.12700000000000067E9	9.40849617811476868E-1
6.12799999999999923E9	9.40837849865957487E-1
6.12899999999999956E9	9.40826071658910124E-1
6.12999999999999989E9	9.40814283210223579E-1
6.13100000000000023E9	9.40802484417116958E-1
6.13200000000000056E9	9.40790675471972548E-1
6.13300000000000001E9	9.40778856111858808E-1
6.13399999999999945E9	9.40767026378832050E-1
6.13499999999999979E9	9.40755186476374838E-1
6.13600000000000012E9	9.40743336139628461E-1
6.13700000000000045E9	9.40731475466155942E-1
6.13799999999999990E9	9.40719604437760637E-1
6.13900000000000023E9	9.40707723034308962E-1
6.13999999999999968E9	9.40695831263598592E-1
6.14100000000000001E9	9.40683929192834256E-1
6.14200000000000035E9	9.40672016622819918E-1
6.14299999999999891E9	9.40660093779394302E-1
6.14400000000000013E9	9.40648160316374948E-1
6.14500000000000046E9	9.40636216559978600E-1
6.14599999999999991E9	9.40624262365628994E-1
6.14700000000000024E9	9.40612297809961184E-1
6.14799999999999969E9	9.40600322674588618E-1
6.14899999999999913E9	9.40588337077020853E-1
6.15000000000000036E9	9.40576341089299106E-1
6.15100000000000069E9	9.40564334578842143E-1
6.15200000000000014E9	9.40552317631605028E-1
6.15299999999999958E9	9.40540290141358426E-1
6.15399999999999991E9	9.40528252118944152E-1
6.15499999999999936E9	9.40516203589308830E-1
6.15600000000000058E9	9.40504144545035103E-1
6.15700000000000092E9	9.40492075025485619E-1
6.15799999999999947E9	9.40479994949049924E-1
6.15899999999999981E9	9.40467904204423633E-1
6.16000000000000014E9	9.40455802942932451E-1
6.16099999999999959E9	9.40443691141142679E-1
6.16200000000000081E9	9.40431568697960252E-1
6.16299999999999937E9	9.40419435632848888E-1
6.16399999999999970E9	9.40407292049123811E-1
6.16500000000000004E9	9.40395137815682247E-1
6.16600000000000037E9	9.40382972947131179E-1
6.16699999999999982E9	9.40370797486784227E-1
6.16799999999999926E9	9.40358611330273142E-1
6.16899999999999959E9	9.40346414489570925E-1
6.16999999999999993E9	9.40334207062825733E-1
6.17100000000000026E9	9.40321988959325594E-1
6.17200000000000060E9	9.40309760054373811E-1
6.17300000000000004E9	9.40297520608033821E-1
6.17399999999999949E9	9.40285270318132937E-1
6.17499999999999982E9	9.40273009367851564E-1
6.17600000000000016E9	9.40260737763331989E-1
6.17700000000000049E9	9.40248455333111366E-1
6.17799999999999905E9	9.40236162096241301E-1
6.17900000000000027E9	9.40223858304632110E-1
6.17999999999999972E9	9.40211543609074596E-1
6.18100000000000005E9	9.40199218112596569E-1
6.18200000000000038E9	9.40186881875098379E-1
6.18299999999999983E9	9.40174534897214009E-1
6.18399999999999928E9	9.40162177072901173E-1
6.18500000000000050E9	9.40149808431151968E-1
6.18599999999999994E9	9.40137428908119865E-1
6.18700000000000028E9	9.40125038723143192E-1
6.18799999999999972E9	9.40112637530908657E-1
6.18900000000000006E9	9.40100225488064822E-1
6.18999999999999950E9	9.40087802544024598E-1
6.19100000000000072E9	9.40075368854089000E-1
6.19200000000000017E9	9.40062924157803081E-1
6.19299999999999962E9	9.40050468668918349E-1
6.19399999999999995E9	9.40038002243259108E-1
6.19500000000000028E9	9.40025524811275304E-1
6.19599999999999973E9	9.40013036553141745E-1
6.19700000000000095E9	9.40000537411562931E-1
6.19799999999999951E9	9.39988027210270261E-1
6.19899999999999984E9	9.39975506097648505E-1
6.20000000000000018E9	9.39962973998954077E-1
6.20100000000000051E9	9.39950430867698294E-1
6.20199999999999996E9	9.39937876909229075E-1
6.20299999999999940E9	9.39925311884567982E-1
6.20399999999999974E9	9.39912735771955177E-1
6.20500000000000007E9	9.39900148716411898E-1
6.20600000000000041E9	9.39887550533214444E-1
6.20700000000000074E9	9.39874941528623964E-1
6.20800000000000018E9	9.39862321382372379E-1
6.20899999999999963E9	9.39849690083832101E-1
6.20999999999999996E9	9.39837047775652401E-1
6.21100000000000030E9	9.39824394444276656E-1
6.21200000000000063E9	9.39811729901242110E-1
6.21299999999999919E9	9.39799054387870925E-1
6.21400000000000041E9	9.39786367577345594E-1
6.21499999999999986E9	9.39773669858608862E-1
6.21600000000000019E9	9.39760960888806451E-1
6.21700000000000053E9	9.39748240845934113E-1
6.21799999999999908E9	9.39735509564127902E-1
6.21899999999999942E9	9.39722767144975357E-1
6.22000000000000064E9	9.39710013690238810E-1
6.22100000000000009E9	9.39697248836556298E-1
6.22200000000000042E9	9.39684472906882107E-1
6.22299999999999986E9	9.39671685850922778E-1
6.22399999999999931E9	9.39658887422537603E-1
6.22499999999999964E9	9.39646077911670119E-1
6.22600000000000087E9	9.39633257056463655E-1
6.22700000000000031E9	9.39620425026190986E-1
6.22799999999999976E9	9.39607581675165804E-1
6.22900000000000009E9	9.39594727081996339E-1
6.22999999999999954E9	9.39581861263443407E-1
6.23099999999999987E9	9.39568984118321282E-1
6.23200000000000109E9	9.39556095811028236E-1
6.23299999999999965E9	9.39543196070726339E-1
6.23399999999999999E9	9.39530284852075326E-1
6.23500000000000032E9	9.39517362617604057E-1
6.23599999999999977E9	9.39504428841148354E-1
6.23700000000000010E9	9.39491483757329782E-1
6.23799999999999955E9	9.39478527302371624E-1
6.23899999999999988E9	9.39465559589954680E-1
6.24000000000000021E9	9.39452580465199460E-1
6.24100000000000055E9	9.39439589768519667E-1
6.24199999999999999E9	9.39426587808740265E-1
6.24299999999999944E9	9.39413574440728283E-1
6.24399999999999977E9	9.39400549595037759E-1
6.24500000000000011E9	9.39387513424986054E-1
6.24600000000000044E9	9.39374465679299142E-1
6.24700000000000077E9	9.39361406570888313E-1
6.24799999999999933E9	9.39348335965912540E-1
6.24899999999999967E9	9.39335253833814043E-1
6.25000000000000000E9	9.39322160310242182E-1
6.25100000000000033E9	9.39309055259379377E-1
6.25200000000000067E9	9.39295938662610652E-1
6.25299999999999923E9	9.39282810638332144E-1
6.25399999999999956E9	9.39269671001365225E-1
6.25499999999999989E9	9.39256519852683525E-1
6.25600000000000023E9	9.39243357202215456E-1
6.25700000000000056E9	9.39230182846175943E-1
6.25800000000000001E9	9.39216997033451229E-1
6.25899999999999945E9	9.39203799712129417E-1
6.25999999999999979E9	9.39190590508688317E-1
6.26100000000000012E9	9.39177370048122384E-1
6.26200000000000045E9	9.39164137744760907E-1
6.26299999999999990E9	9.39150893935373787E-1
6.26400000000000023E9	9.39137638378222839E-1
6.26499999999999968E9	9.39124371273022263E-1
6.26600000000000001E9	9.39111092513896928E-1
6.26700000000000035E9	9.39097802023706230E-1
6.26799999999999891E9	9.39084499923761840E-1
6.26900000000000013E9	9.39071186073916309E-1
6.27000000000000046E9	9.39057860548294343E-1
6.27099999999999991E9	9.39044523340879245E-1
6.27200000000000024E9	9.39031174372995636E-1
6.27299999999999969E9	9.39017813606788110E-1
6.27399999999999913E9	9.39004441217682206E-1
6.27500000000000036E9	9.38991057108149718E-1
6.27600000000000069E9	9.38977660933830371E-1
6.27700000000000014E9	9.38964253294345852E-1
6.27799999999999958E9	9.38950833722354083E-1
6.27899999999999991E9	9.38937402526929965E-1
6.27999999999999936E9	9.38923959298972122E-1
6.28100000000000058E9	9.38910504314775807E-1
6.28200000000000092E9	9.38897037531129008E-1
6.28299999999999947E9	9.38883558930340634E-1
6.28399999999999981E9	9.38870068485062426E-1
6.28500000000000014E9	9.38856566083538802E-1
6.28599999999999959E9	9.38843051786856719E-1
6.28700000000000081E9	9.38829525788000119E-1
6.28799999999999937E9	9.38815987762981763E-1
6.28899999999999970E9	9.38802437890917219E-1
6.29000000000000004E9	9.38788876056743504E-1
6.29100000000000037E9	9.38775302285754520E-1
6.29199999999999982E9	9.38761716554139092E-1
6.29299999999999926E9	9.38748118882748450E-1
6.29399999999999959E9	9.38734509248331506E-1
6.29499999999999993E9	9.38720887699883200E-1
6.29600000000000026E9	9.38707254087900722E-1
6.29700000000000060E9	9.38693608539522195E-1
6.29800000000000004E9	9.38679950963183352E-1
6.29899999999999949E9	9.38666281299369132E-1
6.29999999999999982E9	9.38652599746305505E-1
6.30100000000000016E9	9.38638906028270448E-1
6.30200000000000049E9	9.38625200327658504E-1
6.30299999999999905E9	9.38611482533358554E-1
6.30400000000000027E9	9.38597752566041166E-1
6.30499999999999972E9	9.38584010727928941E-1
6.30600000000000005E9	9.38570256629686739E-1
6.30700000000000038E9	9.38556490571744817E-1
6.30799999999999983E9	9.38542712194438344E-1
6.30899999999999928E9	9.38528921826367224E-1
6.31000000000000050E9	9.38515119274566523E-1
6.31099999999999994E9	9.38501304621989085E-1
6.31200000000000028E9	9.38487477780275725E-1
6.31299999999999972E9	9.38473638706521740E-1
6.31400000000000006E9	9.38459787526656086E-1
6.31499999999999950E9	9.38445923980333419E-1
6.31600000000000072E9	9.38432048330159319E-1
6.31700000000000017E9	9.38418160530507528E-1
6.31799999999999962E9	9.38404260425678771E-1
6.31899999999999995E9	9.38390348120951145E-1
6.32000000000000028E9	9.38376423505919632E-1
6.32099999999999973E9	9.38362486732389911E-1
6.32200000000000095E9	9.38348537607853572E-1
6.32299999999999951E9	9.38334576174499624E-1
6.32399999999999984E9	9.38320602410111348E-1
6.32500000000000018E9	9.38306616461637866E-1
6.32600000000000051E9	9.38292618104003928E-1
6.32699999999999996E9	9.38278607296002676E-1
6.32799999999999940E9	9.38264584353752618E-1
6.32899999999999974E9	9.38250548924911243E-1
6.33000000000000007E9	9.38236501181758697E-1
6.33100000000000041E9	9.38222441112963246E-1
6.33200000000000074E9	9.38208368533726045E-1
6.33300000000000018E9	9.38194283645285942E-1
6.33399999999999963E9	9.38180186276638572E-1
6.33499999999999996E9	9.38166076442372976E-1
6.33600000000000030E9	9.38151954280095346E-1
6.33700000000000063E9	9.38137819661350214E-1
6.33799999999999919E9	9.38123672582528023E-1
6.33900000000000041E9	9.38109512945530177E-1
6.33999999999999986E9	9.38095340868035699E-1
6.34100000000000019E9	9.38081156267284122E-1
6.34200000000000053E9	9.38066959271553458E-1
6.34299999999999908E9	9.38052749704426780E-1
6.34399999999999942E9	9.38038527445801940E-1
6.34500000000000064E9	9.38024292842079710E-1
6.34600000000000009E9	9.38010045556218408E-1
6.34700000000000042E9	9.37995785838665164E-1
6.34799999999999986E9	9.37981513443489057E-1
6.34899999999999931E9	9.37967228464275493E-1
6.34999999999999964E9	9.37952930995714595E-1
6.35100000000000087E9	9.37938620833672410E-1
6.35200000000000031E9	9.37924298007455093E-1
6.35299999999999976E9	9.37909962514654794E-1
6.35400000000000009E9	9.37895614523170806E-1
6.35499999999999954E9	9.37881253887200828E-1
6.35599999999999987E9	9.37866880384219570E-1
6.35700000000000109E9	9.37852494365217382E-1
6.35799999999999965E9	9.37838095651659387E-1
6.35899999999999999E9	9.37823684001592994E-1
6.36000000000000032E9	9.37809259982456744E-1
6.36099999999999977E9	9.37794823007097023E-1
6.36200000000000010E9	9.37780373312225102E-1
6.36299999999999955E9	9.37765910919166679E-1
6.36399999999999988E9	9.37751435797684785E-1
6.36500000000000021E9	9.37736947887588279E-1
6.36600000000000055E9	9.37722447032695428E-1
6.36699999999999999E9	9.37707933420350770E-1
6.36799999999999944E9	9.37693407268154644E-1
6.36899999999999977E9	9.37678868011114730E-1
6.37000000000000011E9	9.37664316004866905E-1
6.37100000000000044E9	9.37649751136769716E-1
6.37200000000000077E9	9.37635173432590818E-1
6.37299999999999933E9	9.37620582885262444E-1
6.37399999999999967E9	9.37605979411023327E-1
6.37500000000000000E9	9.37591363000814759E-1
6.37600000000000033E9	9.37576733755710556E-1
6.37700000000000067E9	9.37562091540142895E-1
6.37799999999999923E9	9.37547436391264633E-1
6.37899999999999956E9	9.37532768373819714E-1
6.37999999999999989E9	9.37518087335237027E-1
6.38100000000000023E9	9.37503393370685956E-1
6.38200000000000056E9	9.37488686308495822E-1
6.38300000000000001E9	9.37473966432733619E-1
6.38399999999999945E9	9.37459233489415666E-1
6.38499999999999979E9	9.37444487445519670E-1
6.38600000000000012E9	9.37429728597786394E-1
6.38700000000000045E9	9.37414956516945708E-1
6.38799999999999990E9	9.37400171403126414E-1
6.38900000000000023E9	9.37385373233567876E-1
6.38999999999999968E9	9.37370562081237679E-1
6.39100000000000001E9	9.37355737655683896E-1
6.39200000000000035E9	9.37340900262407217E-1
6.39299999999999891E9	9.37326049732929256E-1
6.39400000000000013E9	9.37311186059506873E-1
6.39500000000000046E9	9.37296309243535219E-1
6.39599999999999991E9	9.37281419305373120E-1
6.39700000000000024E9	9.37266516230503299E-1
6.39799999999999969E9	9.37251599973978600E-1
6.39899999999999913E9	9.37236670488870516E-1
6.40000000000000036E9	9.37221727898669243E-1
6.40100000000000069E9	9.37206772014516076E-1
6.40200000000000102E9	9.37191802927077511E-1
6.40300000000000047E9	9.37176820632867802E-1
6.40399999999999903E9	9.37161825096745993E-1
6.40499999999999936E9	9.37146816296166740E-1
6.40600000000000058E9	9.37131794130375795E-1
6.40700000000000092E9	9.37116758718004661E-1
6.40799999999999947E9	9.37101710097291019E-1
6.40900000000000070E9	9.37086648148982704E-1
6.40999999999999925E9	9.37071572830282484E-1
6.41099999999999959E9	9.37056484256910416E-1
6.41200000000000081E9	9.37041382194333750E-1
6.41299999999999937E9	9.37026266850391920E-1
6.41399999999999970E9	9.37011138147616229E-1
6.41500000000000092E9	9.36995996197182635E-1
6.41599999999999948E9	9.36980840698474360E-1
6.41699999999999982E9	9.36965671742630413E-1
6.41799999999999926E9	9.36950489456109992E-1
6.41899999999999959E9	9.36935293707712979E-1
6.41999999999999993E9	9.36920084445332080E-1
6.42100000000000115E9	9.36904861726555005E-1
6.42199999999999971E9	9.36889625750543154E-1
6.42299999999999915E9	9.36874376161786060E-1
6.42399999999999949E9	9.36859112983376541E-1
6.42499999999999982E9	9.36843836538123398E-1
6.42600000000000016E9	9.36828546404539075E-1
6.42700000000000138E9	9.36813242759654408E-1
6.42799999999999994E9	9.36797925622979122E-1
6.42899999999999938E9	9.36782594664379076E-1
6.42999999999999972E9	9.36767250424766296E-1
6.43100000000000005E9	9.36751892555020937E-1
6.43200000000000038E9	9.36736521085477136E-1
6.43299999999999983E9	9.36721135952117478E-1
6.43400000000000016E9	9.36705737263072002E-1
6.43499999999999961E9	9.36690324918264849E-1
6.43599999999999994E9	9.36674898882819562E-1
6.43700000000000028E9	9.36659459246233794E-1
6.43799999999999972E9	9.36644005968069493E-1
6.43900000000000006E9	9.36628538979629610E-1
6.44000000000000039E9	9.36613058255196052E-1
6.44099999999999984E9	9.36597563768584962E-1
6.44200000000000017E9	9.36582055652847423E-1
6.44299999999999962E9	9.36566533864613682E-1
6.44399999999999995E9	9.36550998167349391E-1
6.44500000000000028E9	9.36535448850896834E-1
6.44600000000000062E9	9.36519885645211403E-1
6.44700000000000006E9	9.36504308709834632E-1
6.44799999999999862E9	9.36488717995622011E-1
6.44899999999999984E9	9.36473113357252096E-1
6.45000000000000018E9	9.36457495000029816E-1
6.45100000000000051E9	9.36441862839291517E-1
6.45200000000000085E9	9.36426216726600913E-1
6.45300000000000029E9	9.36410556863765642E-1
6.45399999999999885E9	9.36394883115235288E-1
6.45500000000000007E9	9.36379195332217229E-1
6.45600000000000041E9	9.36363493820944370E-1
6.45700000000000074E9	9.36347778286597077E-1
6.45800000000000018E9	9.36332048892852242E-1
6.45900000000000052E9	9.36316305435467022E-1
6.45999999999999908E9	9.36300548173670322E-1
6.46100000000000030E9	9.36284776949927888E-1
6.46200000000000063E9	9.36268991636043069E-1
6.46299999999999919E9	9.36253192392010014E-1
6.46400000000000041E9	9.36237379167683059E-1
6.46500000000000075E9	9.36221551818642617E-1
6.46599999999999930E9	9.36205710565275595E-1
6.46700000000000053E9	9.36189855145385508E-1
6.46799999999999908E9	9.36173985698666833E-1
6.46899999999999942E9	9.36158102251062374E-1
6.47000000000000064E9	9.36142204714637494E-1
6.47100000000000097E9	9.36126293033042245E-1
6.47199999999999953E9	9.36110367259630927E-1
6.47299999999999898E9	9.36094427193917511E-1
6.47399999999999931E9	9.36078473334254113E-1
6.47499999999999964E9	9.36062505188614580E-1
6.47600000000000087E9	9.36046522839352590E-1
6.47700000000000120E9	9.36030526175671085E-1
6.47799999999999976E9	9.36014515565848626E-1
6.47899999999999920E9	9.35998490705403086E-1
6.47999999999999954E9	9.35982451575033281E-1
6.48099999999999987E9	9.35966398123926346E-1
6.48200000000000109E9	9.35950330526022256E-1
6.48299999999999965E9	9.35934248695101800E-1
6.48399999999999999E9	9.35918152527969127E-1
6.48499999999999943E9	9.35902042146417656E-1
6.48599999999999977E9	9.35885917462218764E-1
6.48700000000000010E9	9.35869778450507184E-1
6.48799999999999955E9	9.35853625115895937E-1
6.48899999999999988E9	9.35837457399686201E-1
6.49000000000000021E9	9.35821275433582223E-1
6.49099999999999966E9	9.35805079091579906E-1
6.49199999999999999E9	9.35788868327646739E-1
6.49299999999999944E9	9.35772643222186495E-1
6.49399999999999977E9	9.35756403709314455E-1
6.49500000000000011E9	9.35740149804594878E-1
6.49600000000000044E9	9.35723881312516426E-1
6.49699999999999989E9	9.35707598534118645E-1
6.49799999999999933E9	9.35691301270956544E-1
6.49899999999999967E9	9.35674989566302528E-1
6.50000000000000000E9	9.35658663300825388E-1
6.50100000000000033E9	9.35642322513954383E-1
6.50200000000000067E9	9.35625967309683482E-1
6.50300000000000011E9	9.35609597580366525E-1
6.50399999999999956E9	9.35593213234570520E-1
6.50499999999999989E9	9.35576814390039324E-1
6.50600000000000023E9	9.35560400965841232E-1
6.50700000000000056E9	9.35543972998758555E-1
6.50800000000000001E9	9.35527530440108812E-1
6.50900000000000034E9	9.35511073192684250E-1
6.50999999999999979E9	9.35494601398606918E-1
6.51100000000000012E9	9.35478115023928325E-1
6.51200000000000045E9	9.35461613967805050E-1
6.51299999999999990E9	9.35445098176900736E-1
6.51400000000000023E9	9.35428567855629112E-1
6.51500000000000057E9	9.35412022770953300E-1
6.51600000000000001E9	9.35395462896323870E-1
6.51700000000000035E9	9.35378888370826189E-1
6.51799999999999891E9	9.35362299149568877E-1
6.51900000000000013E9	9.35345695190516579E-1
6.52000000000000046E9	9.35329076544999971E-1
6.52100000000000080E9	9.35312442922562148E-1
6.52200000000000024E9	9.35295794700122229E-1
6.52299999999999880E9	9.35279131649740592E-1
6.52399999999999913E9	9.35262453689014173E-1
6.52500000000000036E9	9.35245760996043884E-1
6.52600000000000069E9	9.35229053468380300E-1
6.52700000000000102E9	9.35212331087631021E-1
6.52800000000000047E9	9.35195593783921097E-1
6.52899999999999903E9	9.35178841645793746E-1
6.52999999999999936E9	9.35162074667829302E-1
6.53100000000000058E9	9.35145292630781810E-1
6.53200000000000092E9	9.35128495816653427E-1
6.53299999999999947E9	9.35111684036554358E-1
6.53400000000000070E9	9.35094857228049037E-1
6.53499999999999925E9	9.35078015462765677E-1
6.53599999999999959E9	9.35061158755745758E-1
6.53700000000000081E9	9.35044287207330349E-1
6.53799999999999937E9	9.35027400475937753E-1
6.53899999999999970E9	9.35010498706858506E-1
6.54000000000000092E9	9.34993581961795073E-1
6.54099999999999948E9	9.34976650173006973E-1
6.54199999999999982E9	9.34959703384465968E-1
6.54299999999999926E9	9.34942741412594991E-1
6.54399999999999959E9	9.34925764460522757E-1
6.54499999999999993E9	9.34908772276782685E-1
6.54600000000000115E9	9.34891765048194756E-1
6.54699999999999971E9	9.34874742698985450E-1
6.54799999999999915E9	9.34857705152130869E-1
6.54899999999999949E9	9.34840652477003076E-1
6.54999999999999982E9	9.34823584692667531E-1
6.55100000000000016E9	9.34806501653855726E-1
6.55200000000000138E9	9.34789403344546166E-1
6.55299999999999994E9	9.34772289992416638E-1
6.55399999999999938E9	9.34755161318259731E-1
6.55499999999999972E9	9.34738017303484980E-1
6.55600000000000005E9	9.34720858170461177E-1
6.55700000000000038E9	9.34703683671144070E-1
6.55799999999999983E9	9.34686493911925353E-1
6.55900000000000016E9	9.34669288885197425E-1
6.55999999999999961E9	9.34652068468704478E-1
6.56099999999999994E9	9.34634832831384443E-1
6.56200000000000028E9	9.34617581831304989E-1
6.56299999999999972E9	9.34600315392822445E-1
6.56400000000000006E9	9.34583033597666102E-1
6.56500000000000039E9	9.34565736384512036E-1
6.56599999999999984E9	9.34548423866715083E-1
6.56700000000000017E9	9.34531095880589113E-1
6.56799999999999962E9	9.34513752360596150E-1
6.56899999999999995E9	9.34496393465427566E-1
6.57000000000000028E9	9.34479019175640602E-1
6.57100000000000062E9	9.34461629501279134E-1
6.57200000000000006E9	9.34444224078439944E-1
6.57299999999999862E9	9.34426803370486958E-1
6.57399999999999984E9	9.34409367012404601E-1
6.57500000000000018E9	9.34391915171013743E-1
6.57600000000000051E9	9.34374447821490151E-1
6.57700000000000085E9	9.34356964818448255E-1
6.57800000000000029E9	9.34339466199462265E-1
6.57899999999999885E9	9.34321952095435115E-1
6.58000000000000007E9	9.34304422360682452E-1
6.58100000000000041E9	9.34286877011234829E-1
6.58200000000000074E9	9.34269316157671881E-1
6.58300000000000018E9	9.34251739358427713E-1
6.58400000000000052E9	9.34234147064775655E-1
6.58499999999999908E9	9.34216539108093080E-1
6.58600000000000030E9	9.34198915532184948E-1
6.58700000000000063E9	9.34181276099245217E-1
6.58799999999999919E9	9.34163620980116782E-1
6.58900000000000041E9	9.34145950115290091E-1
6.59000000000000075E9	9.34128263527766833E-1
6.59099999999999930E9	9.34110561105303816E-1
6.59200000000000053E9	9.34092842948625446E-1
6.59299999999999908E9	9.34075109009643434E-1
6.59399999999999942E9	9.34057359289981903E-1
6.59500000000000064E9	9.34039593656791034E-1
6.59600000000000097E9	9.34021812255683237E-1
6.59699999999999953E9	9.34004015082201100E-1
6.59799999999999898E9	9.33986201789151416E-1
6.59899999999999931E9	9.33968372795065349E-1
6.59999999999999964E9	9.33950527912991291E-1
6.60100000000000087E9	9.33932666988325622E-1
6.60200000000000120E9	9.33914790191223076E-1
6.60299999999999976E9	9.33896897510599011E-1
6.60399999999999920E9	9.33878988770347718E-1
6.60499999999999954E9	9.33861063991290585E-1
6.60599999999999987E9	9.33843123371083728E-1
6.60700000000000109E9	9.33825166697928921E-1
6.60799999999999965E9	9.33807194036652355E-1
6.60899999999999999E9	9.33789205319984283E-1
6.60999999999999943E9	9.33771200594210171E-1
6.61099999999999977E9	9.33753179626113727E-1
6.61200000000000010E9	9.33735142753633163E-1
6.61299999999999955E9	9.33717089790722454E-1
6.61399999999999988E9	9.33699020565655680E-1
6.61500000000000021E9	9.33680935363985398E-1
6.61599999999999966E9	9.33662833896160116E-1
6.61699999999999999E9	9.33644716250436701E-1
6.61799999999999944E9	9.33626582559656626E-1
6.61899999999999977E9	9.33608432615313788E-1
6.62000000000000011E9	9.33590266481672160E-1
6.62100000000000044E9	9.33572084177165706E-1
6.62199999999999989E9	9.33553885650341009E-1
6.62299999999999933E9	9.33535670734101686E-1
6.62399999999999967E9	9.33517439686982442E-1
6.62500000000000000E9	9.33499192357149887E-1
6.62600000000000033E9	9.33480928638706864E-1
6.62700000000000067E9	9.33462648639641479E-1
6.62800000000000011E9	9.33444352285114043E-1
6.62899999999999956E9	9.33426039761340576E-1
6.62999999999999989E9	9.33407710778038968E-1
6.63100000000000023E9	9.33389365339967902E-1
6.63200000000000056E9	9.33371003613124728E-1
6.63300000000000001E9	9.33352625482653053E-1
6.63400000000000034E9	9.33334230933557230E-1
6.63499999999999979E9	9.33315819946205139E-1
6.63600000000000012E9	9.33297392487308386E-1
6.63700000000000045E9	9.33278948469997793E-1
6.63799999999999990E9	9.33260488151135092E-1
6.63900000000000023E9	9.33242011262233895E-1
6.64000000000000057E9	9.33223517795464019E-1
6.64100000000000001E9	9.33205007922259711E-1
6.64200000000000035E9	9.33186481499647158E-1
6.64299999999999891E9	9.33167938387599172E-1
6.64400000000000013E9	9.33149378735242863E-1
6.64500000000000046E9	9.33130802561066020E-1
6.64600000000000080E9	9.33112209866854414E-1
6.64700000000000024E9	9.33093600455575611E-1
6.64799999999999880E9	9.33074974405607449E-1
6.64899999999999913E9	9.33056331634117875E-1
6.65000000000000036E9	9.33037672300630128E-1
6.65100000000000069E9	9.33018996299736791E-1
6.65200000000000102E9	9.33000303395811237E-1
6.65300000000000047E9	9.32981594122842317E-1
6.65399999999999903E9	9.32962867895809467E-1
6.65499999999999936E9	9.32944124950674158E-1
6.65600000000000058E9	9.32925365226221004E-1
6.65700000000000092E9	9.32906588724144115E-1
6.65799999999999947E9	9.32887795513531692E-1
6.65900000000000070E9	9.32868985495859704E-1
6.65999999999999925E9	9.32850158669769947E-1
6.66099999999999959E9	9.32831314918396970E-1
6.66200000000000081E9	9.32812454335896390E-1
6.66299999999999937E9	9.32793576736604635E-1
6.66399999999999970E9	9.32774682493409024E-1
6.66500000000000092E9	9.32755771270340617E-1
6.66599999999999948E9	9.32736842942865785E-1
6.66699999999999982E9	9.32717897877701674E-1
6.66799999999999926E9	9.32698935917277794E-1
6.66899999999999959E9	9.32679956865298543E-1
6.66999999999999993E9	9.32660960842578213E-1
6.67100000000000115E9	9.32641947912047975E-1
6.67199999999999971E9	9.32622917829836062E-1
6.67299999999999915E9	9.32603870739729146E-1
6.67399999999999949E9	9.32584806639843578E-1
6.67499999999999982E9	9.32565725377708787E-1
6.67600000000000016E9	9.32546627159838692E-1
6.67700000000000138E9	9.32527511850370061E-1
6.67799999999999994E9	9.32508379421827982E-1
6.67899999999999938E9	9.32489229832399680E-1
6.67999999999999972E9	9.32470063020292983E-1
6.68100000000000005E9	9.32450879072305838E-1
6.68200000000000038E9	9.32431678123795571E-1
6.68299999999999983E9	9.32412459878040423E-1
6.68400000000000016E9	9.32393224401334031E-1
6.68499999999999961E9	9.32373971708354254E-1
6.68599999999999994E9	9.32354701829813770E-1
6.68700000000000028E9	9.32335414610488478E-1
6.68799999999999972E9	9.32316110079774063E-1
6.68900000000000006E9	9.32296788345826677E-1
6.69000000000000039E9	9.32277449268610603E-1
6.69099999999999984E9	9.32258092886386436E-1
6.69200000000000017E9	9.32238719106512193E-1
6.69299999999999962E9	9.32219328015047211E-1
6.69399999999999995E9	9.32199919597026927E-1
6.69500000000000028E9	9.32180493772603569E-1
6.69600000000000062E9	9.32161050540255687E-1
6.69700000000000006E9	9.32141589798986914E-1
6.69799999999999862E9	9.32122111662270925E-1
6.69899999999999984E9	9.32102616059867017E-1
6.70000000000000018E9	9.32083103050653605E-1
6.70100000000000051E9	9.32063572495063930E-1
6.70200000000000085E9	9.32044024468275900E-1
6.70300000000000029E9	9.32024458892498942E-1
6.70399999999999885E9	9.32004875856286397E-1
6.70500000000000007E9	9.31985275265124713E-1
6.70600000000000041E9	9.31965656970069567E-1
6.70700000000000074E9	9.31946021204538155E-1
6.70800000000000018E9	9.31926367769263031E-1
6.70900000000000052E9	9.31906696743828888E-1
6.70999999999999908E9	9.31887008060349231E-1
6.71100000000000030E9	9.31867301679989346E-1
6.71200000000000063E9	9.31847577794296278E-1
6.71299999999999919E9	9.31827836097370010E-1
6.71400000000000041E9	9.31808076581133271E-1
6.71500000000000075E9	9.31788299631021033E-1
6.71599999999999930E9	9.31768504772355222E-1
6.71700000000000053E9	9.31748692122912381E-1
6.71799999999999908E9	9.31728861667370012E-1
6.71899999999999942E9	9.31709013506148054E-1
6.72000000000000064E9	9.31689147571482934E-1
6.72100000000000097E9	9.31669263826694660E-1
6.72199999999999953E9	9.31649362169871864E-1
6.72299999999999898E9	9.31629442691153642E-1
6.72399999999999931E9	9.31609505370162871E-1
6.72499999999999964E9	9.31589549997505273E-1
6.72600000000000087E9	9.31569576977779334E-1
6.72700000000000120E9	9.31549585868076946E-1
6.72799999999999976E9	9.31529576821481520E-1
6.72899999999999920E9	9.31509549806938608E-1
6.72999999999999954E9	9.31489504808716084E-1
6.73099999999999987E9	9.31469441890285665E-1
6.73200000000000109E9	9.31449361066163029E-1
6.73299999999999965E9	9.31429262036869154E-1
6.73399999999999999E9	9.31409144944170642E-1
6.73499999999999943E9	9.31389009928747846E-1
6.73599999999999977E9	9.31368856686473023E-1
6.73700000000000010E9	9.31348685437965429E-1
6.73799999999999955E9	9.31328496155452967E-1
6.73899999999999988E9	9.31308288593658418E-1
6.74000000000000021E9	9.31288062971988140E-1
6.74099999999999966E9	9.31267819156344778E-1
6.74199999999999999E9	9.31247557147148974E-1
6.74299999999999944E9	9.31227276974429685E-1
6.74399999999999977E9	9.31206978535500873E-1
6.74500000000000011E9	9.31186661890792422E-1
6.74600000000000044E9	9.31166327017606577E-1
6.74699999999999989E9	9.31145973873345767E-1
6.74799999999999933E9	9.31125602398564389E-1
6.74899999999999967E9	9.31105212698762941E-1
6.75000000000000000E9	9.31084804693177048E-1
6.75100000000000033E9	9.31064378235989842E-1
6.75200000000000067E9	9.31043933443566374E-1
6.75300000000000011E9	9.31023470364418060E-1
6.75399999999999956E9	9.31002988911649254E-1
6.75499999999999989E9	9.30982488901336858E-1
6.75600000000000023E9	9.30961970558128726E-1
6.75700000000000056E9	9.30941433777572769E-1
6.75800000000000001E9	9.30920878581831346E-1
6.75900000000000034E9	9.30900304844222681E-1
6.75999999999999979E9	9.30879712621342570E-1
6.76100000000000012E9	9.30859101932387922E-1
6.76200000000000045E9	9.30838472778733461E-1
6.76299999999999990E9	9.30817824828875651E-1
6.76400000000000023E9	9.30797158478539366E-1
6.76500000000000057E9	9.30776473593228104E-1
6.76600000000000001E9	9.30755769985418269E-1
6.76700000000000035E9	9.30735047831124973E-1
6.76799999999999891E9	9.30714306974596184E-1
6.76900000000000013E9	9.30693547537870103E-1
6.77000000000000046E9	9.30672769509974174E-1
6.77100000000000080E9	9.30651972680392703E-1
6.77200000000000024E9	9.30631157117101893E-1
6.77299999999999880E9	9.30610322854782268E-1
6.77399999999999913E9	9.30589469827514293E-1
6.77500000000000036E9	9.30568598163073446E-1
6.77600000000000069E9	9.30547707627350995E-1
6.77700000000000102E9	9.30526798280872569E-1
6.77800000000000047E9	9.30505870099623422E-1
6.77899999999999903E9	9.30484923192245716E-1
6.77999999999999936E9	9.30463957365203598E-1
6.78100000000000058E9	9.30442972638820187E-1
6.78200000000000092E9	9.30421969051831432E-1
6.78299999999999947E9	9.30400946537504936E-1
6.78400000000000070E9	9.30379905228928195E-1
6.78499999999999925E9	9.30358844958102438E-1
6.78599999999999959E9	9.30337765557829499E-1
6.78700000000000081E9	9.30316667402691344E-1
6.78799999999999937E9	9.30295550021636863E-1
6.78899999999999970E9	9.30274413854312776E-1
6.79000000000000092E9	9.30253258429337393E-1
6.79099999999999948E9	9.30232084195159281E-1
6.79199999999999982E9	9.30210890710543836E-1
6.79299999999999926E9	9.30189678257714014E-1
6.79399999999999959E9	9.30168446721816622E-1
6.79499999999999993E9	9.30147195869086829E-1
6.79600000000000115E9	9.30125926059499264E-1
6.79699999999999971E9	9.30104637009644897E-1
6.79799999999999915E9	9.30083328843836377E-1
6.79899999999999949E9	9.30062001354623114E-1
6.79999999999999982E9	9.30040654780816389E-1
6.80100000000000016E9	9.30019288913570463E-1
6.80200000000000138E9	9.29997903937236536E-1
6.80299999999999994E9	9.29976499490320485E-1
6.80399999999999938E9	9.29955075820878463E-1
6.80499999999999972E9	9.29933632861357751E-1
6.80600000000000005E9	9.29912170640906410E-1
6.80700000000000038E9	9.29890689073840093E-1
6.80799999999999983E9	9.29869188118275503E-1
6.80900000000000016E9	9.29847667783402798E-1
6.80999999999999961E9	9.29826128043300493E-1
6.81099999999999994E9	9.29804568868176951E-1
6.81200000000000028E9	9.29782990263399967E-1
6.81299999999999972E9	9.29761392229581674E-1
6.81400000000000006E9	9.29739774648574091E-1
6.81500000000000039E9	9.29718137655621213E-1
6.81599999999999984E9	9.29696481144679332E-1
6.81700000000000017E9	9.29674805143789129E-1
6.81799999999999962E9	9.29653109580772252E-1
6.81899999999999995E9	9.29631394461420335E-1
6.82000000000000028E9	9.29609659762611251E-1
6.82100000000000062E9	9.29587905385714741E-1
6.82200000000000006E9	9.29566131367673876E-1
6.82299999999999862E9	9.29544337843888613E-1
6.82399999999999984E9	9.29522524595119215E-1
6.82500000000000018E9	9.29500691654160249E-1
6.82600000000000051E9	9.29478838900581472E-1
6.82700000000000085E9	9.29456966659569339E-1
6.82800000000000029E9	9.29435074691793872E-1
6.82899999999999885E9	9.29413162871422571E-1
6.83000000000000007E9	9.29391231220333047E-1
6.83100000000000041E9	9.29369279792988756E-1
6.83200000000000074E9	9.29347308656323534E-1
6.83300000000000018E9	9.29325317645040272E-1
6.83400000000000052E9	9.29303306792112771E-1
6.83499999999999908E9	9.29281275959756492E-1
6.83600000000000030E9	9.29259225391523991E-1
6.83700000000000063E9	9.29237154916401309E-1
6.83799999999999919E9	9.29215064492068343E-1
6.83900000000000041E9	9.29192954155597484E-1
6.84000000000000075E9	9.29170823715370986E-1
6.84099999999999930E9	9.29148673388290192E-1
6.84200000000000053E9	9.29126503091474198E-1
6.84299999999999908E9	9.29104312741723248E-1
6.84399999999999942E9	9.29082102288616341E-1
6.84500000000000064E9	9.29059871856576081E-1
6.84600000000000097E9	9.29037621440216022E-1
6.84699999999999953E9	9.29015350784319160E-1
6.84799999999999898E9	9.28993059993435111E-1
6.84899999999999931E9	9.28970749156643372E-1
6.84999999999999964E9	9.28948418208991633E-1
6.85100000000000087E9	9.28926067018985080E-1
6.85200000000000120E9	9.28903695587652578E-1
6.85299999999999976E9	9.28881304092745275E-1
6.85399999999999920E9	9.28858892300651640E-1
6.85499999999999954E9	9.28836460236242623E-1
6.85599999999999987E9	9.28814007857687507E-1
6.85700000000000109E9	9.28791535273516367E-1
6.85799999999999965E9	9.28769042304370096E-1
6.85899999999999999E9	9.28746529087977457E-1
6.85999999999999943E9	9.28723995358858367E-1
6.86099999999999977E9	9.28701441431861774E-1
6.86200000000000010E9	9.28678867088050097E-1
6.86299999999999955E9	9.28656272241955705E-1
6.86399999999999988E9	9.28633657135811674E-1
6.86500000000000021E9	9.28611021379389356E-1
6.86599999999999966E9	9.28588365327504484E-1
6.86699999999999999E9	9.28565688753489304E-1
6.86799999999999944E9	9.28542991677023366E-1
6.86899999999999977E9	9.28520273966640630E-1
6.87000000000000011E9	9.28497535902627469E-1
6.87100000000000044E9	9.28474777167437360E-1
6.87199999999999989E9	9.28451997822759267E-1
6.87299999999999933E9	9.28429197896834602E-1
6.87399999999999967E9	9.28406377429064023E-1
6.87500000000000000E9	9.28383536228426820E-1
6.87600000000000033E9	9.28360674430837030E-1
6.87700000000000067E9	9.28337791857022943E-1
6.87800000000000011E9	9.28314888673986971E-1
6.87899999999999956E9	9.28291964713028683E-1
6.87999999999999989E9	9.28269020006083778E-1
6.88100000000000023E9	9.28246054614025873E-1
6.88200000000000056E9	9.28223068229835846E-1
6.88300000000000001E9	9.28200061293554768E-1
6.88400000000000034E9	9.28177033429764720E-1
6.88499999999999979E9	9.28153984757093298E-1
6.88600000000000012E9	9.28130915130873468E-1
6.88700000000000045E9	9.28107824763507594E-1
6.88799999999999990E9	9.28084713423093532E-1
6.88900000000000023E9	9.28061581120189949E-1
6.89000000000000057E9	9.28038427999077697E-1
6.89100000000000001E9	9.28015253688240627E-1
6.89200000000000035E9	9.27992058592234947E-1
6.89299999999999891E9	9.27968842399038962E-1
6.89400000000000013E9	9.27945605245149352E-1
6.89500000000000046E9	9.27922346967256928E-1
6.89600000000000080E9	9.27899067628550611E-1
6.89700000000000024E9	9.27875767425882181E-1
6.89799999999999880E9	9.27852445855273977E-1
6.89899999999999913E9	9.27829103277399270E-1
6.90000000000000036E9	9.27805739515109451E-1
6.90100000000000069E9	9.27782354658791419E-1
6.90200000000000102E9	9.27758948510992454E-1
6.90300000000000047E9	9.27735521192002821E-1
6.90399999999999903E9	9.27712072616153272E-1
6.90499999999999936E9	9.27688602930758677E-1
6.90600000000000058E9	9.27665111785772822E-1
6.90700000000000092E9	9.27641599552452867E-1
6.90799999999999947E9	9.27618065942735370E-1
6.90900000000000070E9	9.27594510798788008E-1
6.90999999999999925E9	9.27570934651010859E-1
6.91099999999999959E9	9.27547336991269944E-1
6.91200000000000081E9	9.27523717767941314E-1
6.91299999999999937E9	9.27500077409688117E-1
6.91399999999999970E9	9.27476415468229831E-1
6.91500000000000092E9	9.27452732084164921E-1
6.91599999999999948E9	9.27429027217303670E-1
6.91699999999999982E9	9.27405300839318869E-1
6.91799999999999926E9	9.27381552957454147E-1
6.91899999999999959E9	9.27357783539284064E-1
6.91999999999999993E9	9.27333992667047191E-1
6.92100000000000115E9	9.27310180110153581E-1
6.92199999999999971E9	9.27286345961575620E-1
6.92299999999999915E9	9.27262490216893376E-1
6.92399999999999949E9	9.27238612899996717E-1
6.92499999999999982E9	9.27214713853871686E-1
6.92600000000000016E9	9.27190793148498926E-1
6.92700000000000138E9	9.27166850653090613E-1
6.92799999999999994E9	9.27142886484062245E-1
6.92899999999999938E9	9.27118900623482034E-1
6.92999999999999972E9	9.27094892935764037E-1
6.93100000000000005E9	9.27070863463825567E-1
6.93200000000000038E9	9.27046812216705973E-1
6.93299999999999983E9	9.27022739051759181E-1
6.93400000000000016E9	9.26998644088914148E-1
6.93499999999999961E9	9.26974527396608217E-1
6.93599999999999994E9	9.26950388643908596E-1
6.93700000000000028E9	9.26926227978590589E-1
6.93799999999999972E9	9.26902045528114904E-1
6.93900000000000006E9	9.26877841038458428E-1
6.94000000000000039E9	9.26853614568255679E-1
6.94099999999999984E9	9.26829366088256634E-1
6.94200000000000017E9	9.26805095587736538E-1
6.94299999999999962E9	9.26780802935674686E-1
6.94399999999999995E9	9.26756488478776141E-1
6.94500000000000028E9	9.26732151703019014E-1
6.94600000000000062E9	9.26707792965079236E-1
6.94700000000000006E9	9.26683411913499810E-1
6.94799999999999862E9	9.26659008984206878E-1
6.94899999999999984E9	9.26634583720614735E-1
6.95000000000000018E9	9.26610136338825185E-1
6.95100000000000051E9	9.26585666677756237E-1
6.95200000000000085E9	9.26561174816523980E-1
6.95300000000000029E9	9.26536660638515208E-1
6.95399999999999885E9	9.26512124218944777E-1
6.95500000000000007E9	9.26487565600334939E-1
6.95600000000000041E9	9.26462984590481575E-1
6.95700000000000074E9	9.26438381227540120E-1
6.95800000000000018E9	9.26413755548065865E-1
6.95900000000000052E9	9.26389107336427919E-1
6.95999999999999908E9	9.26364436770315081E-1
6.96100000000000030E9	9.26339743914201108E-1
6.96200000000000063E9	9.26315028578941835E-1
6.96299999999999919E9	9.26290290707188824E-1
6.96400000000000041E9	9.26265530367935419E-1
6.96500000000000075E9	9.26240747386714425E-1
6.96599999999999930E9	9.26215942075311460E-1
6.96700000000000053E9	9.26191113988955017E-1
6.96799999999999908E9	9.26166263519804644E-1
6.96899999999999942E9	9.26141390314340995E-1
6.97000000000000064E9	9.26116494580377747E-1
6.97100000000000097E9	9.26091576177365994E-1
6.97199999999999953E9	9.26066635107308933E-1
6.97299999999999898E9	9.26041671307504011E-1
6.97399999999999931E9	9.26016684776148225E-1
6.97499999999999964E9	9.25991675612204546E-1
6.97600000000000087E9	9.25966643676387768E-1
6.97700000000000120E9	9.25941588929735637E-1
6.97799999999999976E9	9.25916511346210491E-1
6.97899999999999920E9	9.25891410932314685E-1
6.97999999999999954E9	9.25866287654568332E-1
6.98099999999999987E9	9.25841141681212321E-1
6.98200000000000109E9	9.25815972677582977E-1
6.98299999999999965E9	9.25790780775162325E-1
6.98399999999999999E9	9.25765565881288843E-1
6.98499999999999943E9	9.25740328153520409E-1
6.98599999999999977E9	9.25715067316460072E-1
6.98700000000000010E9	9.25689783587434611E-1
6.98799999999999955E9	9.25664476886593235E-1
6.98899999999999988E9	9.25639146930262946E-1
6.99000000000000021E9	9.25613794078704188E-1
6.99099999999999966E9	9.25588418091607146E-1
6.99199999999999999E9	9.25563019013594612E-1
6.99299999999999944E9	9.25537596733545342E-1
6.99399999999999977E9	9.25512151352418400E-1
6.99500000000000011E9	9.25486682806649874E-1
6.99600000000000044E9	9.25461190979686421E-1
6.99699999999999989E9	9.25435676080688019E-1
6.99799999999999933E9	9.25410137694363222E-1
6.99899999999999967E9	9.25384576236986689E-1
7.00000000000000000E9	9.25358991469308023E-1
7.00100000000000033E9	9.25333383345246574E-1
7.00200000000000067E9	9.25307751847973492E-1
7.00300000000000011E9	9.25282097060197906E-1
7.00399999999999956E9	9.25256418828216276E-1
7.00499999999999989E9	9.25230717196558672E-1
7.00600000000000023E9	9.25204992187970099E-1
7.00700000000000056E9	9.25179243694697107E-1
7.00800000000000001E9	9.25153471653471549E-1
7.00900000000000034E9	9.25127676244693298E-1
7.00999999999999979E9	9.25101857271813799E-1
7.01100000000000012E9	9.25076014777419253E-1
7.01200000000000045E9	9.25050148689417107E-1
7.01299999999999990E9	9.25024258936154631E-1
7.01400000000000023E9	9.24998345651740372E-1
7.01500000000000057E9	9.24972408773967381E-1
7.01600000000000001E9	9.24946448104012653E-1
7.01700000000000035E9	9.24920463857330333E-1
7.01799999999999891E9	9.24894455927584147E-1
7.01900000000000013E9	9.24868424128782607E-1
7.02000000000000046E9	9.24842368647587421E-1
7.02100000000000080E9	9.24816289506011735E-1
7.02200000000000024E9	9.24790186572245965E-1
7.02299999999999880E9	9.24764059685537632E-1
7.02399999999999913E9	9.24737908938440967E-1
7.02500000000000036E9	9.24711734411875597E-1
7.02600000000000069E9	9.24685536060351687E-1
7.02700000000000102E9	9.24659313647099879E-1
7.02800000000000047E9	9.24633067339594561E-1
7.02899999999999903E9	9.24606797105947820E-1
7.02999999999999936E9	9.24580502929321391E-1
7.03100000000000058E9	9.24554184657437439E-1
7.03200000000000092E9	9.24527842367215058E-1
7.03299999999999947E9	9.24501476016575374E-1
7.03400000000000070E9	9.24475085611291725E-1
7.03499999999999925E9	9.24448671170935832E-1
7.03599999999999959E9	9.24422232547217071E-1
7.03700000000000081E9	9.24395769803159517E-1
7.03799999999999937E9	9.24369282839880135E-1
7.03899999999999970E9	9.24342771760875337E-1
7.04000000000000092E9	9.24316236360473020E-1
7.04099999999999948E9	9.24289676823592110E-1
7.04199999999999982E9	9.24263092922910268E-1
7.04299999999999926E9	9.24236484755530974E-1
7.04399999999999959E9	9.24209852285110500E-1
7.04499999999999993E9	9.24183195604544494E-1
7.04600000000000115E9	9.24156514410803531E-1
7.04699999999999971E9	9.24129808905240679E-1
7.04799999999999915E9	9.24103078927343802E-1
7.04899999999999949E9	9.24076324525791293E-1
7.04999999999999982E9	9.24049545700363417E-1
7.05100000000000016E9	9.24022742394829955E-1
7.05200000000000138E9	9.23995914668041429E-1
7.05299999999999994E9	9.23969062232827198E-1
7.05399999999999938E9	9.23942185371658553E-1
7.05499999999999972E9	9.23915283984376678E-1
7.05600000000000005E9	9.23888357959993733E-1
7.05700000000000038E9	9.23861407224839581E-1
7.05799999999999983E9	9.23834431807646617E-1
7.05900000000000016E9	9.23807431879678909E-1
7.05999999999999961E9	9.23780407200367293E-1
7.06099999999999994E9	9.23753357785596485E-1
7.06200000000000028E9	9.23726283638581869E-1
7.06299999999999972E9	9.23699184753909819E-1
7.06400000000000006E9	9.23672060981442122E-1
7.06500000000000039E9	9.23644912471829826E-1
7.06599999999999984E9	9.23617739071286969E-1
7.06700000000000017E9	9.23590540863450293E-1
7.06799999999999962E9	9.23563317701556130E-1
7.06899999999999995E9	9.23536069712902119E-1
7.07000000000000028E9	9.23508796632229689E-1
7.07100000000000062E9	9.23481498728400929E-1
7.07200000000000006E9	9.23454175844626413E-1
7.07299999999999862E9	9.23426827953268869E-1
7.07399999999999984E9	9.23399454955679388E-1
7.07500000000000018E9	9.23372056898668703E-1
7.07600000000000051E9	9.23344633764900635E-1
7.07700000000000085E9	9.23317185557821496E-1
7.07800000000000029E9	9.23289712157184184E-1
7.07899999999999885E9	9.23262213664201425E-1
7.08000000000000007E9	9.23234689997145175E-1
7.08100000000000041E9	9.23207141092056105E-1
7.08200000000000074E9	9.23179566909269766E-1
7.08300000000000018E9	9.23151967556708186E-1
7.08400000000000052E9	9.23124342943641452E-1
7.08499999999999908E9	9.23096692912469230E-1
7.08600000000000030E9	9.23069017594250951E-1
7.08700000000000063E9	9.23041316905877807E-1
7.08799999999999919E9	9.23013590859816979E-1
7.08900000000000041E9	9.22985839350507753E-1
7.09000000000000075E9	9.22958062565871096E-1
7.09099999999999930E9	9.22930260232801380E-1
7.09200000000000053E9	9.22902432351603785E-1
7.09299999999999908E9	9.22874579085215885E-1
7.09399999999999942E9	9.22846700201066739E-1
7.09500000000000064E9	9.22818795807314807E-1
7.09600000000000097E9	9.22790865860438991E-1
7.09699999999999953E9	9.22762910205180908E-1
7.09799999999999898E9	9.22734928968951351E-1
7.09899999999999931E9	9.22706922054916490E-1
7.09999999999999964E9	9.22678889572409666E-1
7.10100000000000087E9	9.22650831303731245E-1
7.10200000000000120E9	9.22622747369458018E-1
7.10299999999999976E9	9.22594637532420592E-1
7.10399999999999920E9	9.22566501982928600E-1
7.10499999999999954E9	9.22538340626509523E-1
7.10599999999999987E9	9.22510153489365692E-1
7.10700000000000109E9	9.22481940482883900E-1
7.10799999999999965E9	9.22453701502910128E-1
7.10899999999999999E9	9.22425436712117275E-1
7.10999999999999943E9	9.22397145982867528E-1
7.11099999999999977E9	9.22368829266080859E-1
7.11200000000000010E9	9.22340486538618620E-1
7.11299999999999955E9	9.22312117809255838E-1
7.11399999999999988E9	9.22283723099990382E-1
7.11500000000000021E9	9.22255302318882819E-1
7.11599999999999966E9	9.22226855384985988E-1
7.11699999999999999E9	9.22198382358774893E-1
7.11799999999999944E9	9.22169883219689623E-1
7.11899999999999977E9	9.22141357927721472E-1
7.12000000000000011E9	9.22112806407241514E-1
7.12100000000000044E9	9.22084228676600048E-1
7.12199999999999989E9	9.22055624671525997E-1
7.12299999999999933E9	9.22026994486256868E-1
7.12399999999999967E9	9.21998338032788212E-1
7.12500000000000000E9	9.21969655108109443E-1
7.12600000000000033E9	9.21940945977012838E-1
7.12700000000000067E9	9.21912210431037060E-1
7.12800000000000011E9	9.21883448469491640E-1
7.12899999999999956E9	9.21854660148947325E-1
7.12999999999999989E9	9.21825845326635651E-1
7.13100000000000023E9	9.21797004048757884E-1
7.13200000000000056E9	9.21768136273825789E-1
7.13300000000000001E9	9.21739241970668566E-1
7.13400000000000034E9	9.21710321009627975E-1
7.13499999999999979E9	9.21681373722171315E-1
7.13600000000000012E9	9.21652399475766337E-1
7.13700000000000045E9	9.21623398977910924E-1
7.13799999999999990E9	9.21594371545581836E-1
7.13900000000000023E9	9.21565317547779550E-1
7.14000000000000057E9	9.21536236692358912E-1
7.14100000000000001E9	9.21507129355644317E-1
7.14200000000000035E9	9.21477995114864257E-1
7.14299999999999891E9	9.21448834180801057E-1
7.14400000000000013E9	9.21419646317822405E-1
7.14500000000000046E9	9.21390431649643560E-1
7.14600000000000080E9	9.21361190140670416E-1
7.14700000000000024E9	9.21331921578297752E-1
7.14799999999999880E9	9.21302626270804659E-1
7.14899999999999913E9	9.21273304028998474E-1
7.15000000000000036E9	9.21243954710479862E-1
7.15100000000000069E9	9.21214578582911159E-1
7.15200000000000102E9	9.21185175243809162E-1
7.15300000000000047E9	9.21155744811200172E-1
7.15399999999999903E9	9.21126287450061909E-1
7.15499999999999936E9	9.21096802890633271E-1
7.15600000000000058E9	9.21067291180102288E-1
7.15700000000000092E9	9.21037752377459462E-1
7.15799999999999947E9	9.21008186335241774E-1
7.15900000000000070E9	9.20978593152566560E-1
7.15999999999999925E9	9.20948972658954190E-1
7.16099999999999959E9	9.20919324949651852E-1
7.16200000000000081E9	9.20889649848237468E-1
7.16299999999999937E9	9.20859947537707235E-1
7.16399999999999970E9	9.20830217903143655E-1
7.16500000000000092E9	9.20800460849372904E-1
7.16599999999999948E9	9.20770676286478462E-1
7.16699999999999982E9	9.20740864402539572E-1
7.16799999999999926E9	9.20711025049772047E-1
7.16899999999999959E9	9.20681158270621225E-1
7.16999999999999993E9	9.20651263958457733E-1
7.17100000000000115E9	9.20621342101403073E-1
7.17199999999999971E9	9.20591392732501568E-1
7.17299999999999915E9	9.20561415546504236E-1
7.17399999999999949E9	9.20531410886809809E-1
7.17499999999999982E9	9.20501378665058922E-1
7.17600000000000016E9	9.20471318602142574E-1
7.17700000000000138E9	9.20441230998779503E-1
7.17799999999999994E9	9.20411115570659533E-1
7.17899999999999938E9	9.20380972421426158E-1
7.17999999999999972E9	9.20350801531305329E-1
7.18100000000000005E9	9.20320602760225803E-1
7.18200000000000038E9	9.20290376114241582E-1
7.18299999999999983E9	9.20260121747576854E-1
7.18400000000000016E9	9.20229839343816458E-1
7.18499999999999961E9	9.20199529085215318E-1
7.18599999999999994E9	9.20169190930024072E-1
7.18700000000000028E9	9.20138824695031410E-1
7.18799999999999972E9	9.20108430584598658E-1
7.18900000000000006E9	9.20078008233461020E-1
7.19000000000000039E9	9.20047558015721734E-1
7.19099999999999984E9	9.20017079734322607E-1
7.19200000000000017E9	9.19986573251497575E-1
7.19299999999999962E9	9.19956038602296999E-1
7.19399999999999995E9	9.19925475830431338E-1
7.19500000000000028E9	9.19894884823361281E-1
7.19600000000000062E9	9.19864265700313055E-1
7.19700000000000006E9	9.19833618119970708E-1
7.19799999999999862E9	9.19802942429774717E-1
7.19899999999999984E9	9.19772238473458970E-1
7.20000000000000018E9	9.19741505998757702E-1
7.20100000000000051E9	9.19710745279676090E-1
7.20200000000000085E9	9.19679956215263594E-1
7.20300000000000029E9	9.19649138681615597E-1
7.20399999999999885E9	9.19618292616779875E-1
7.20500000000000007E9	9.19587418145524182E-1
7.20600000000000041E9	9.19556515229678872E-1
7.20700000000000074E9	9.19525583691293136E-1
7.20800000000000018E9	9.19494623625424268E-1
7.20900000000000052E9	9.19463634925671691E-1
7.20999999999999908E9	9.19432617686498155E-1
7.21100000000000030E9	9.19401571697645537E-1
7.21200000000000063E9	9.19370497155325062E-1
7.21299999999999919E9	9.19339393833313245E-1
7.21400000000000041E9	9.19308261841851859E-1
7.21500000000000075E9	9.19277101036808730E-1
7.21599999999999930E9	9.19245911419795014E-1
7.21700000000000053E9	9.19214693105531033E-1
7.21799999999999908E9	9.19183445820698353E-1
7.21899999999999942E9	9.19152169756621795E-1
7.22000000000000064E9	9.19120864709856988E-1
7.22100000000000097E9	9.19089530786211562E-1
7.22199999999999953E9	9.19058167996758790E-1
7.22299999999999898E9	9.19026775989421729E-1
7.22399999999999931E9	9.18995355113837498E-1
7.22499999999999964E9	9.18963905180654450E-1
7.22600000000000087E9	9.18932426141712178E-1
7.22700000000000120E9	9.18900918056283800E-1
7.22799999999999976E9	9.18869380836276228E-1
7.22899999999999920E9	9.18837814316692558E-1
7.22999999999999954E9	9.18806218749319292E-1
7.23099999999999987E9	9.18774593899095748E-1
7.23200000000000109E9	9.18742939932959324E-1
7.23299999999999965E9	9.18711256594150072E-1
7.23399999999999999E9	9.18679543919637176E-1
7.23499999999999943E9	9.18647801868019265E-1
7.23599999999999977E9	9.18616030559031671E-1
7.23700000000000010E9	9.18584229885097514E-1
7.23799999999999955E9	9.18552399727463964E-1
7.23899999999999988E9	9.18520540124793072E-1
7.24000000000000021E9	9.18488651081182539E-1
7.24099999999999966E9	9.18456732518413688E-1
7.24199999999999999E9	9.18424784281848972E-1
7.24299999999999944E9	9.18392806654725824E-1
7.24399999999999977E9	9.18360799354450208E-1
7.24500000000000011E9	9.18328762477921856E-1
7.24600000000000044E9	9.18296695854274603E-1
7.24699999999999989E9	9.18264599575302753E-1
7.24799999999999933E9	9.18232473620024869E-1
7.24899999999999967E9	9.18200317980453740E-1
7.25000000000000000E9	9.18168132464592546E-1
7.25100000000000033E9	9.18135917236956800E-1
7.25200000000000067E9	9.18103672040064644E-1
7.25300000000000011E9	9.18071397099908815E-1
7.25399999999999956E9	9.18039092207701479E-1
7.25499999999999989E9	9.18006757463198397E-1
7.25600000000000023E9	9.17974392759783164E-1
7.25700000000000056E9	9.17941997973895418E-1
7.25800000000000001E9	9.17909573258483036E-1
7.25900000000000034E9	9.17877118449821339E-1
7.25999999999999979E9	9.17844633664029885E-1
7.26100000000000012E9	9.17812118721225367E-1
7.26200000000000045E9	9.17779573633903034E-1
7.26299999999999990E9	9.17746998496248700E-1
7.26400000000000023E9	9.17714393067582357E-1
7.26500000000000057E9	9.17681757391129516E-1
7.26600000000000001E9	9.17649091528100591E-1
7.26700000000000035E9	9.17616395404128937E-1
7.26799999999999891E9	9.17583668973305144E-1
7.26900000000000013E9	9.17550912106280769E-1
7.27000000000000046E9	9.17518124979986283E-1
7.27100000000000080E9	9.17485307402410477E-1
7.27200000000000024E9	9.17452459433237344E-1
7.27299999999999880E9	9.17419581030725517E-1
7.27399999999999913E9	9.17386671988907842E-1
7.27500000000000036E9	9.17353732622389195E-1
7.27600000000000069E9	9.17320762617870855E-1
7.27700000000000102E9	9.17287762070842838E-1
7.27800000000000047E9	9.17254730793993645E-1
7.27899999999999903E9	9.17221669001802731E-1
7.27999999999999936E9	9.17188576429126456E-1
7.28100000000000058E9	9.17155453310722280E-1
7.28200000000000092E9	9.17122299346777048E-1
7.28299999999999947E9	9.17089114598452504E-1
7.28400000000000070E9	9.17055899034613020E-1
7.28499999999999925E9	9.17022652788401160E-1
7.28599999999999959E9	9.16989375621511016E-1
7.28700000000000081E9	9.16956067525847196E-1
7.28799999999999937E9	9.16922728518581565E-1
7.28899999999999970E9	9.16889358568032442E-1
7.29000000000000092E9	9.16855957704090407E-1
7.29099999999999948E9	9.16822525825695855E-1
7.29199999999999982E9	9.16789062865084681E-1
7.29299999999999926E9	9.16755568856817682E-1
7.29399999999999959E9	9.16722043799499531E-1
7.29499999999999993E9	9.16688487449770406E-1
7.29600000000000115E9	9.16654900104731496E-1
7.29699999999999971E9	9.16621281470487403E-1
7.29799999999999915E9	9.16587631655960244E-1
7.29899999999999949E9	9.16553950557893415E-1
7.29999999999999982E9	9.16520238207410998E-1
7.30100000000000016E9	9.16486494492454540E-1
7.30200000000000138E9	9.16452719528772164E-1
7.30299999999999994E9	9.16418913079763264E-1
7.30399999999999938E9	9.16385075285301198E-1
7.30499999999999972E9	9.16351206057253442E-1
7.30600000000000005E9	9.16317305238718482E-1
7.30700000000000038E9	9.16283373068858253E-1
7.30799999999999983E9	9.16249409223952327E-1
7.30900000000000016E9	9.16215413917065824E-1
7.30999999999999961E9	9.16181387000704461E-1
7.31099999999999994E9	9.16147328401431160E-1
7.31200000000000028E9	9.16113238128304985E-1
7.31299999999999972E9	9.16079116208054600E-1
7.31400000000000006E9	9.16044962567558407E-1
7.31500000000000039E9	9.16010777124663278E-1
7.31599999999999984E9	9.15976559924485834E-1
7.31700000000000017E9	9.15942310964605433E-1
7.31799999999999962E9	9.15908030058952427E-1
7.31899999999999995E9	9.15873717312216407E-1
7.32000000000000028E9	9.15839372647055150E-1
7.32100000000000062E9	9.15804996043000230E-1
7.32200000000000006E9	9.15770587436712979E-1
7.32299999999999862E9	9.15736146931759976E-1
7.32399999999999984E9	9.15701674268300891E-1
7.32500000000000018E9	9.15667169544949289E-1
7.32600000000000051E9	9.15632632691402115E-1
7.32700000000000085E9	9.15598063723685485E-1
7.32800000000000029E9	9.15563462571751074E-1
7.32899999999999885E9	9.15528829330495952E-1
7.33000000000000007E9	9.15494163775616698E-1
7.33100000000000041E9	9.15459465897654567E-1
7.33200000000000074E9	9.15424735838182002E-1
7.33300000000000018E9	9.15389973370864496E-1
7.33400000000000052E9	9.15355178559626737E-1
7.33499999999999908E9	9.15320351294614376E-1
7.33600000000000030E9	9.15285491750508307E-1
7.33700000000000063E9	9.15250599710726220E-1
7.33799999999999919E9	9.15215675062202116E-1
7.33900000000000041E9	9.15180717997787951E-1
7.34000000000000075E9	9.15145728266666048E-1
7.34099999999999930E9	9.15110706118016282E-1
7.34200000000000053E9	9.15075651161725467E-1
7.34299999999999908E9	9.15040563732137535E-1
7.34399999999999942E9	9.15005443476334790E-1
7.34500000000000064E9	9.14970290544574993E-1
7.34600000000000097E9	9.14935104883218564E-1
7.34699999999999953E9	9.14899886453334510E-1
7.34799999999999898E9	9.14864635210394894E-1
7.34899999999999931E9	9.14829350982516587E-1
7.34999999999999964E9	9.14794034135448797E-1
7.35100000000000087E9	9.14758684148847578E-1
7.35200000000000120E9	9.14723301277541445E-1
7.35299999999999976E9	9.14687885536734235E-1
7.35399999999999920E9	9.14652436638317212E-1
7.35499999999999954E9	9.14616954774857582E-1
7.35599999999999987E9	9.14581439858619305E-1
7.35700000000000109E9	9.14545891763032159E-1
7.35799999999999965E9	9.14510310506250157E-1
7.35899999999999999E9	9.14474696027723155E-1
7.35999999999999943E9	9.14439048504373986E-1
7.36099999999999977E9	9.14403367667298994E-1
7.36200000000000010E9	9.14367653549967585E-1
7.36299999999999955E9	9.14331906016692031E-1
7.36399999999999988E9	9.14296125273076399E-1
7.36500000000000021E9	9.14260311104729340E-1
7.36599999999999966E9	9.14224463521395236E-1
7.36699999999999999E9	9.14188582611089906E-1
7.36799999999999944E9	9.14152668060962270E-1
7.36899999999999977E9	9.14116720086729551E-1
7.37000000000000011E9	9.14080738501320411E-1
7.37100000000000044E9	9.14044723425047145E-1
7.37199999999999989E9	9.14008674614885130E-1
7.37299999999999933E9	9.13972592329828615E-1
7.37399999999999967E9	9.13936476326015779E-1
7.37500000000000000E9	9.13900326503340921E-1
7.37600000000000033E9	9.13864143066392209E-1
7.37700000000000067E9	9.13827925786169359E-1
7.37800000000000011E9	9.13791674681560018E-1
7.37899999999999956E9	9.13755389787386996E-1
7.37999999999999989E9	9.13719070939567324E-1
7.38100000000000023E9	9.13682718316957398E-1
7.38200000000000056E9	9.13646331637946574E-1
7.38300000000000001E9	9.13609911045001510E-1
7.38400000000000034E9	9.13573456293905473E-1
7.38499999999999979E9	9.13536967734416194E-1
7.38600000000000012E9	9.13500444809181289E-1
7.38700000000000045E9	9.13463887921085771E-1
7.38799999999999990E9	9.13427296909111952E-1
7.38900000000000023E9	9.13390671726649295E-1
7.39000000000000057E9	9.13354012257413395E-1
7.39100000000000001E9	9.13317318511468912E-1
7.39200000000000035E9	9.13280590615263499E-1
7.39299999999999891E9	9.13243828282591075E-1
7.39400000000000013E9	9.13207031580597217E-1
7.39500000000000046E9	9.13170200567831003E-1
7.39600000000000080E9	9.13133335104736332E-1
7.39700000000000024E9	9.13096435220954206E-1
7.39799999999999880E9	9.13059500840638982E-1
7.39899999999999913E9	9.13022531877470911E-1
7.40000000000000036E9	9.12985528441445382E-1
7.40100000000000069E9	9.12948490211583774E-1
7.40200000000000102E9	9.12911417525167934E-1
7.40300000000000047E9	9.12874310172532688E-1
7.40399999999999903E9	9.12837168029486179E-1
7.40499999999999936E9	9.12799991202132688E-1
7.40600000000000058E9	9.12762779632014087E-1
7.40700000000000092E9	9.12725533306360859E-1
7.40799999999999947E9	9.12688252021671609E-1
7.40900000000000070E9	9.12650935952419040E-1
7.40999999999999925E9	9.12613584975452063E-1
7.41099999999999959E9	9.12576198973071584E-1
7.41200000000000081E9	9.12538778071895607E-1
7.41299999999999937E9	9.12501322233006640E-1
7.41399999999999970E9	9.12463831160997252E-1
7.41500000000000092E9	9.12426305133634408E-1
7.41599999999999948E9	9.12388743986776518E-1
7.41699999999999982E9	9.12351147616457858E-1
7.41799999999999926E9	9.12313516202294572E-1
7.41899999999999959E9	9.12275849438163888E-1
7.41999999999999993E9	9.12238147442285907E-1
7.42100000000000115E9	9.12200410142477125E-1
7.42199999999999971E9	9.12162637561697132E-1
7.42299999999999915E9	9.12124829598312914E-1
7.42399999999999949E9	9.12086986263038924E-1
7.42499999999999982E9	9.12049107448763152E-1
7.42600000000000016E9	9.12011193223458783E-1
7.42700000000000138E9	9.11973243376769638E-1
7.42799999999999994E9	9.11935258118730374E-1
7.42899999999999938E9	9.11897237254997783E-1
7.42999999999999972E9	9.11859180714925799E-1
7.43100000000000005E9	9.11821088550681402E-1
7.43200000000000038E9	9.11782960806684173E-1
7.43299999999999983E9	9.11744797243463267E-1
7.43400000000000016E9	9.11706598034695403E-1
7.43499999999999961E9	9.11668362866286408E-1
7.43599999999999994E9	9.11630091957519717E-1
7.43700000000000028E9	9.11591785276966249E-1
7.43799999999999972E9	9.11553442582806284E-1
7.43900000000000006E9	9.11515064062691494E-1
7.44000000000000039E9	9.11476649469855360E-1
7.44099999999999984E9	9.11438198990288839E-1
7.44200000000000017E9	9.11399712323925115E-1
7.44299999999999962E9	9.11361189734788901E-1
7.44399999999999995E9	9.11322630983347359E-1
7.44500000000000028E9	9.11284036011251963E-1
7.44600000000000062E9	9.11245404922344093E-1
7.44700000000000006E9	9.11206737619926166E-1
7.44799999999999862E9	9.11168034056260545E-1
7.44899999999999984E9	9.11129294256062394E-1
7.45000000000000018E9	9.11090517947292255E-1
7.45100000000000051E9	9.11051705392604561E-1
7.45200000000000085E9	9.11012856508117608E-1
7.45300000000000029E9	9.10973971212457201E-1
7.45399999999999885E9	9.10935049195548707E-1
7.45500000000000007E9	9.10896090862645735E-1
7.45600000000000041E9	9.10857095968184183E-1
7.45700000000000074E9	9.10818064484011103E-1
7.45800000000000018E9	9.10778996429643151E-1
7.45900000000000052E9	9.10739891651550160E-1
7.45999999999999908E9	9.10700750085397104E-1
7.46100000000000030E9	9.10661571956825355E-1
7.46200000000000063E9	9.10622356955599521E-1
7.46299999999999919E9	9.10583105188567110E-1
7.46400000000000041E9	9.10543816599240863E-1
7.46500000000000075E9	9.10504491158407880E-1
7.46599999999999930E9	9.10465128822200143E-1
7.46700000000000053E9	9.10425729506862602E-1
7.46799999999999908E9	9.10386293170643945E-1
7.46899999999999942E9	9.10346819868347623E-1
7.47000000000000064E9	9.10307309492694650E-1
7.47100000000000097E9	9.10267762030644256E-1
7.47199999999999953E9	9.10228177368073865E-1
7.47299999999999898E9	9.10188555503855845E-1
7.47399999999999931E9	9.10148896547737785E-1
7.47499999999999964E9	9.10109200297952015E-1
7.47600000000000087E9	9.10069466814239902E-1
7.47700000000000120E9	9.10029695869217825E-1
7.47799999999999976E9	9.09989887804439768E-1
7.47899999999999920E9	9.09950042125197456E-1
7.47999999999999954E9	9.09910159081596071E-1
7.48099999999999987E9	9.09870238597822123E-1
7.48200000000000109E9	9.09830280689012305E-1
7.48299999999999965E9	9.09790285174258884E-1
7.48399999999999999E9	9.09750251954248768E-1
7.48499999999999943E9	9.09710181214854430E-1
7.48599999999999977E9	9.09670072848340538E-1
7.48700000000000010E9	9.09629926801734712E-1
7.48799999999999955E9	9.09589742929828482E-1
7.48899999999999988E9	9.09549521339510569E-1
7.49000000000000021E9	9.09509261953025749E-1
7.49099999999999966E9	9.09468964649443201E-1
7.49199999999999999E9	9.09428629601546135E-1
7.49299999999999944E9	9.09388256507310544E-1
7.49399999999999977E9	9.09347845536800037E-1
7.49500000000000011E9	9.09307396551145786E-1
7.49600000000000044E9	9.09266909467131867E-1
7.49699999999999989E9	9.09226384437479673E-1
7.49799999999999933E9	9.09185821199764987E-1
7.49899999999999967E9	9.09145219832299034E-1
7.50000000000000000E9	9.09104580324457601E-1
7.50100000000000033E9	9.09063902567537774E-1
7.50200000000000067E9	9.09023186537271322E-1
7.50300000000000011E9	9.08982432265896634E-1
7.50399999999999956E9	9.08941639683452962E-1
7.50499999999999989E9	9.08900808510701275E-1
7.50600000000000023E9	9.08859939064857159E-1
7.50700000000000056E9	9.08819031183866066E-1
7.50800000000000001E9	9.08778084826936450E-1
7.50900000000000034E9	9.08737099924539038E-1
7.50999999999999979E9	9.08696076388933704E-1
7.51100000000000012E9	9.08655014274450323E-1
7.51200000000000045E9	9.08613913485913294E-1
7.51299999999999990E9	9.08572774096622382E-1
7.51400000000000023E9	9.08531595976380224E-1
7.51500000000000057E9	9.08490379003569970E-1
7.51600000000000001E9	9.08449123392079905E-1
7.51700000000000035E9	9.08407828738035761E-1
7.51799999999999891E9	9.08366495341480373E-1
7.51900000000000013E9	9.08325123003185730E-1
7.52000000000000046E9	9.08283711742926769E-1
7.52100000000000080E9	9.08242261424278752E-1
7.52200000000000024E9	9.08200772045538862E-1
7.52299999999999880E9	9.08159243721232379E-1
7.52399999999999913E9	9.08117676230520132E-1
7.52500000000000036E9	9.08076069539056974E-1
7.52600000000000069E9	9.08034423705020544E-1
7.52700000000000102E9	9.07992738699957691E-1
7.52800000000000047E9	9.07951014330341621E-1
7.52899999999999903E9	9.07909250666679668E-1
7.52999999999999936E9	9.07867447723896603E-1
7.53100000000000058E9	9.07825605329862206E-1
7.53200000000000092E9	9.07783723505925089E-1
7.53299999999999947E9	9.07741802280891008E-1
7.53400000000000070E9	9.07699841535061935E-1
7.53499999999999925E9	9.07657841250118125E-1
7.53599999999999959E9	9.07615801383052023E-1
7.53700000000000081E9	9.07573721873705708E-1
7.53799999999999937E9	9.07531602700334794E-1
7.53899999999999970E9	9.07489443874532853E-1
7.54000000000000092E9	9.07447245238017075E-1
7.54099999999999948E9	9.07405006841952222E-1
7.54199999999999982E9	9.07362728628358362E-1
7.54299999999999926E9	9.07320410607910155E-1
7.54399999999999959E9	9.07278052581117045E-1
7.54499999999999993E9	9.07235654665085001E-1
7.54600000000000115E9	9.07193216880625641E-1
7.54699999999999971E9	9.07150739021958685E-1
7.54799999999999915E9	9.07108221071103316E-1
7.54899999999999949E9	9.07065663032578939E-1
7.54999999999999982E9	9.07023064789866851E-1
7.55100000000000016E9	9.06980426527045580E-1
7.55200000000000138E9	9.06937747936288297E-1
7.55299999999999994E9	9.06895029074104286E-1
7.55399999999999938E9	9.06852269934210575E-1
7.55499999999999972E9	9.06809470521147531E-1
7.55600000000000005E9	9.06766630627383918E-1
7.55700000000000038E9	9.06723750339008028E-1
7.55799999999999983E9	9.06680829590346882E-1
7.55900000000000016E9	9.06637868439347372E-1
7.55999999999999961E9	9.06594866603484562E-1
7.56099999999999994E9	9.06551824319170585E-1
7.56200000000000028E9	9.06508741412955388E-1
7.56299999999999972E9	9.06465617792395406E-1
7.56400000000000006E9	9.06422453393243188E-1
7.56500000000000039E9	9.06379248312919472E-1
7.56599999999999984E9	9.06336002498246174E-1
7.56700000000000017E9	9.06292715819267158E-1
7.56799999999999962E9	9.06249388334074801E-1
7.56899999999999995E9	9.06206019860233170E-1
7.57000000000000028E9	9.06162610490021692E-1
7.57100000000000062E9	9.06119160116269740E-1
7.57200000000000006E9	9.06075668714621152E-1
7.57299999999999862E9	9.06032136236847307E-1
7.57399999999999984E9	9.05988562676167852E-1
7.57500000000000018E9	9.05944947929239319E-1
7.57600000000000051E9	9.05901292076855214E-1
7.57700000000000085E9	9.05857594899645413E-1
7.57800000000000029E9	9.05813856482160951E-1
7.57899999999999885E9	9.05770076749331032E-1
7.58000000000000007E9	9.05726255687730486E-1
7.58100000000000041E9	9.05682393175394118E-1
7.58200000000000074E9	9.05638489276844894E-1
7.58300000000000018E9	9.05594543862106960E-1
7.58400000000000052E9	9.05550556907654425E-1
7.58499999999999908E9	9.05506528444758629E-1
7.58600000000000030E9	9.05462458388426938E-1
7.58700000000000063E9	9.05418346631820192E-1
7.58799999999999919E9	9.05374193239186020E-1
7.58900000000000041E9	9.05329998171266048E-1
7.59000000000000075E9	9.05285761189763072E-1
7.59099999999999930E9	9.05241482517818952E-1
7.59200000000000053E9	9.05197161880672851E-1
7.59299999999999908E9	9.05152799445440870E-1
7.59399999999999942E9	9.05108395063785309E-1
7.59500000000000064E9	9.05063948699826426E-1
7.59600000000000097E9	9.05019460303710055E-1
7.59699999999999953E9	9.04974929816805940E-1
7.59799999999999898E9	9.04930357312680300E-1
7.59899999999999931E9	9.04885742601036469E-1
7.59999999999999964E9	9.04841085684195789E-1
7.60100000000000087E9	9.04796386540339981E-1
7.60200000000000120E9	9.04751645172830088E-1
7.60299999999999976E9	9.04706861577040655E-1
7.60399999999999920E9	9.04662035427750233E-1
7.60499999999999954E9	9.04617166993791777E-1
7.60599999999999987E9	9.04572256103955041E-1
7.60700000000000109E9	9.04527302726271820E-1
7.60799999999999965E9	9.04482306914817435E-1
7.60899999999999999E9	9.04437268355114554E-1
7.60999999999999943E9	9.04392187299954031E-1
7.61099999999999977E9	9.04347063606877200E-1
7.61200000000000010E9	9.04301897226878104E-1
7.61299999999999955E9	9.04256688092374006E-1
7.61399999999999988E9	9.04211436111718747E-1
7.61500000000000021E9	9.04166141415441871E-1
7.61599999999999966E9	9.04120803792176453E-1
7.61699999999999999E9	9.04075423290913349E-1
7.61799999999999944E9	9.04029999822103036E-1
7.61899999999999977E9	9.03984533391963296E-1
7.62000000000000011E9	9.03939023858013968E-1
7.62100000000000044E9	9.03893471369805113E-1
7.62199999999999989E9	9.03847875735509554E-1
7.62299999999999933E9	9.03802236863307940E-1
7.62399999999999967E9	9.03756554766637343E-1
7.62500000000000000E9	9.03710829475650712E-1
7.62600000000000033E9	9.03665061015051307E-1
7.62700000000000067E9	9.03619249022321647E-1
7.62800000000000011E9	9.03573393711020856E-1
7.62899999999999956E9	9.03527494999541148E-1
7.62999999999999989E9	9.03481552853688541E-1
7.63100000000000023E9	9.03435567184875410E-1
7.63200000000000056E9	9.03389537972770107E-1
7.63300000000000001E9	9.03343465167144899E-1
7.63400000000000034E9	9.03297348667998179E-1
7.63499999999999979E9	9.03251188544340344E-1
7.63600000000000012E9	9.03204984672511380E-1
7.63700000000000045E9	9.03158737015738744E-1
7.63799999999999990E9	9.03112445603214553E-1
7.63900000000000023E9	9.03066110258846599E-1
7.64000000000000057E9	9.03019731141220561E-1
7.64100000000000001E9	9.02973307989920748E-1
7.64200000000000035E9	9.02926840973069744E-1
7.64299999999999891E9	9.02880329801206649E-1
7.64400000000000013E9	9.02833774624032515E-1
7.64500000000000046E9	9.02787175295033784E-1
7.64600000000000080E9	9.02740531786202993E-1
7.64700000000000024E9	9.02693844122316591E-1
7.64799999999999880E9	9.02647112187092304E-1
7.64899999999999913E9	9.02600335986859292E-1
7.65000000000000036E9	9.02553515378944304E-1
7.65100000000000069E9	9.02506650474319727E-1
7.65200000000000102E9	9.02459741077662159E-1
7.65300000000000047E9	9.02412787275214967E-1
7.65399999999999903E9	9.02365788929897406E-1
7.65499999999999936E9	9.02318746077606448E-1
7.65600000000000058E9	9.02271658616495031E-1
7.65700000000000092E9	9.02224526495533041E-1
7.65799999999999947E9	9.02177349670555273E-1
7.65900000000000070E9	9.02130128163421041E-1
7.65999999999999925E9	9.02082861863472729E-1
7.66099999999999959E9	9.02035550652336227E-1
7.66200000000000081E9	9.01988194653944220E-1
7.66299999999999937E9	9.01940793760226533E-1
7.66399999999999970E9	9.01893347881701146E-1
7.66500000000000092E9	9.01845857108889604E-1
7.66599999999999948E9	9.01798321123815860E-1
7.66699999999999982E9	9.01750740128412787E-1
7.66799999999999926E9	9.01703114008302897E-1
7.66899999999999959E9	9.01655442742845104E-1
7.66999999999999993E9	9.01607726192223780E-1
7.67100000000000115E9	9.01559964411373116E-1
7.67199999999999971E9	9.01512157367306699E-1
7.67299999999999915E9	9.01464304888574652E-1
7.67399999999999949E9	9.01416407063405245E-1
7.67499999999999982E9	9.01368463731603775E-1
7.67600000000000016E9	9.01320475004562027E-1
7.67700000000000138E9	9.01272440613174908E-1
7.67799999999999994E9	9.01224360770631883E-1
7.67899999999999938E9	9.01176235174147422E-1
7.67999999999999972E9	9.01128063968765680E-1
7.68100000000000005E9	9.01079847072566587E-1
7.68200000000000038E9	9.01031584458493917E-1
7.68299999999999983E9	9.00983275926142468E-1
7.68400000000000016E9	9.00934921566175539E-1
7.68499999999999961E9	9.00886521340589042E-1
7.68599999999999994E9	9.00838075177516551E-1
7.68700000000000028E9	9.00789582959892599E-1
7.68799999999999972E9	9.00741044869059948E-1
7.68900000000000006E9	9.00692460513268678E-1
7.69000000000000039E9	9.00643830145599189E-1
7.69099999999999984E9	9.00595153598660758E-1
7.69200000000000017E9	9.00546430792041619E-1
7.69299999999999962E9	9.00497661741225208E-1
7.69399999999999995E9	9.00448846377809886E-1
7.69500000000000028E9	9.00399984637637729E-1
7.69600000000000062E9	9.00351076624868796E-1
7.69700000000000006E9	9.00302122049227194E-1
7.69799999999999862E9	9.00253121001617274E-1
7.69899999999999984E9	9.00204073443196684E-1
7.70000000000000018E9	9.00154979327805904E-1
7.70100000000000051E9	9.00105838465761465E-1
7.70200000000000085E9	9.00056651066348579E-1
7.70300000000000029E9	9.00007416837120999E-1
7.70399999999999885E9	8.99958135858797093E-1
7.70500000000000007E9	8.99908808151651129E-1
7.70600000000000041E9	8.99859433522770402E-1
7.70700000000000074E9	8.99810011979514002E-1
7.70800000000000018E9	8.99760543586743466E-1
7.70900000000000052E9	8.99711028109682687E-1
7.70999999999999908E9	8.99661465584216380E-1
7.71100000000000030E9	8.99611855897922652E-1
7.71200000000000063E9	8.99562199206321012E-1
7.71299999999999919E9	8.99512495302893988E-1
7.71400000000000041E9	8.99462744077293408E-1
7.71500000000000075E9	8.99412945657827834E-1
7.71599999999999930E9	8.99363099937699495E-1
7.71700000000000053E9	8.99313206807605425E-1
7.71799999999999908E9	8.99263266279044693E-1
7.71899999999999942E9	8.99213278266010185E-1
7.72000000000000064E9	8.99163242761305881E-1
7.72100000000000097E9	8.99113159668570106E-1
7.72199999999999953E9	8.99063029011801440E-1
7.72299999999999898E9	8.99012850733719304E-1
7.72399999999999931E9	8.98962624665350418E-1
7.72499999999999964E9	8.98912350908902624E-1
7.72600000000000087E9	8.98862029346595826E-1
7.72700000000000120E9	8.98811659953784492E-1
7.72799999999999976E9	8.98761242663371718E-1
7.72899999999999920E9	8.98710777469312028E-1
7.72999999999999954E9	8.98660264269952691E-1
7.73099999999999987E9	8.98609703093156398E-1
7.73200000000000109E9	8.98559093790346530E-1
7.73299999999999965E9	8.98508436385842479E-1
7.73399999999999999E9	8.98457730746870098E-1
7.73499999999999943E9	8.98406976984331429E-1
7.73599999999999977E9	8.98356174969656784E-1
7.73700000000000010E9	8.98305324612813116E-1
7.73799999999999955E9	8.98254425777664167E-1
7.73899999999999988E9	8.98203478680658840E-1
7.74000000000000021E9	8.98152483103370081E-1
7.74099999999999966E9	8.98101439052350692E-1
7.74199999999999999E9	8.98050346404574817E-1
7.74299999999999944E9	8.97999205169454129E-1
7.74399999999999977E9	8.97948015263435018E-1
7.74500000000000011E9	8.97896776709856681E-1
7.74600000000000044E9	8.97845489413069053E-1
7.74699999999999989E9	8.97794153265440542E-1
7.74799999999999933E9	8.97742768410670777E-1
7.74899999999999967E9	8.97691334563693744E-1
7.75000000000000000E9	8.97639851843597825E-1
7.75100000000000033E9	8.97588320113873905E-1
7.75200000000000067E9	8.97536739275113504E-1
7.75300000000000011E9	8.97485109500923528E-1
7.75399999999999956E9	8.97433430566847612E-1
7.75499999999999989E9	8.97381702411139770E-1
7.75600000000000023E9	8.97329925056628142E-1
7.75700000000000056E9	8.97278098515353761E-1
7.75800000000000001E9	8.97226222479705982E-1
7.75900000000000034E9	8.97174297204066384E-1
7.75999999999999979E9	8.97122322479914835E-1
7.76100000000000012E9	8.97070298332164739E-1
7.76200000000000045E9	8.97018224709660572E-1
7.76299999999999990E9	8.96966101426980522E-1
7.76400000000000023E9	8.96913928561302498E-1
7.76500000000000057E9	8.96861706008568405E-1
7.76600000000000001E9	8.96809433817038304E-1
7.76700000000000035E9	8.96757111871214008E-1
7.76799999999999891E9	8.96704740162959624E-1
7.76900000000000013E9	8.96652318470787790E-1
7.77000000000000046E9	8.96599846996781302E-1
7.77100000000000080E9	8.96547325497781600E-1
7.77200000000000024E9	8.96494754124150539E-1
7.77299999999999880E9	8.96442132565430860E-1
7.77399999999999913E9	8.96389460994999787E-1
7.77500000000000036E9	8.96336739294775242E-1
7.77600000000000069E9	8.96283967309021357E-1
7.77700000000000102E9	8.96231145116280814E-1
7.77800000000000047E9	8.96178272630087491E-1
7.77899999999999903E9	8.96125349859645226E-1
7.77999999999999936E9	8.96072376623437350E-1
7.78100000000000058E9	8.96019353056910539E-1
7.78200000000000092E9	8.95966278889340906E-1
7.78299999999999947E9	8.95913154250505706E-1
7.78400000000000070E9	8.95859978944374191E-1
7.78499999999999925E9	8.95806753129770961E-1
7.78599999999999959E9	8.95753476565318962E-1
7.78700000000000081E9	8.95700149233148757E-1
7.78799999999999937E9	8.95646771083180404E-1
7.78899999999999970E9	8.95593342258561975E-1
7.79000000000000092E9	8.95539862372171491E-1
7.79099999999999948E9	8.95486331614624120E-1
7.79199999999999982E9	8.95432749935844008E-1
7.79299999999999926E9	8.95379117183451001E-1
7.79399999999999959E9	8.95325433323673892E-1
7.79499999999999993E9	8.95271698334523869E-1
7.79600000000000115E9	8.95217912225081669E-1
7.79699999999999971E9	8.95164074814860733E-1
7.79799999999999915E9	8.95110186160564147E-1
7.79899999999999949E9	8.95056246176993930E-1
7.79999999999999982E9	8.95002254806472841E-1
7.80100000000000016E9	8.94948211940179661E-1
7.80200000000000138E9	8.94894117694723334E-1
7.80299999999999994E9	8.94839971861460270E-1
7.80399999999999938E9	8.94785774445677795E-1
7.80499999999999972E9	8.94731525444070108E-1
7.80600000000000005E9	8.94677224710578223E-1
7.80700000000000038E9	8.94622872297613370E-1
7.80799999999999983E9	8.94568468023724428E-1
7.80900000000000016E9	8.94514011957764765E-1
7.80999999999999961E9	8.94459503978136716E-1
7.81099999999999994E9	8.94404944056380558E-1
7.81200000000000028E9	8.94350332253615043E-1
7.81299999999999972E9	8.94295668367907659E-1
7.81400000000000006E9	8.94240952336522277E-1
7.81500000000000039E9	8.94186184218807156E-1
7.81599999999999984E9	8.94131363919472477E-1
7.81700000000000017E9	8.94076491365163939E-1
7.81799999999999962E9	8.94021566488997976E-1
7.81899999999999995E9	8.93966589343227014E-1
7.82000000000000028E9	8.93911559783856191E-1
7.82100000000000062E9	8.93856477717443987E-1
7.82200000000000006E9	8.93801343282486904E-1
7.82299999999999862E9	8.93746156178383266E-1
7.82399999999999984E9	8.93690916613270403E-1
7.82500000000000018E9	8.93635624310156373E-1
7.82600000000000051E9	8.93580279314445924E-1
7.82700000000000085E9	8.93524881582547259E-1
7.82800000000000029E9	8.93469431057418539E-1
7.82899999999999885E9	8.93413927692066601E-1
7.83000000000000007E9	8.93358371435825127E-1
7.83100000000000041E9	8.93302762293220098E-1
7.83200000000000074E9	8.93247100096293067E-1
7.83300000000000018E9	8.93191384726362436E-1
7.83400000000000052E9	8.93135616376661368E-1
7.83499999999999908E9	8.93079794855221643E-1
7.83600000000000030E9	8.93023920147395778E-1
7.83700000000000063E9	8.92967992085194240E-1
7.83799999999999919E9	8.92912010851100746E-1
7.83900000000000041E9	8.92855976197019530E-1
7.84000000000000075E9	8.92799888075994197E-1
7.84099999999999930E9	8.92743746549468220E-1
7.84200000000000053E9	8.92687551455470718E-1
7.84299999999999908E9	8.92631302823602901E-1
7.84399999999999942E9	8.92575000594649559E-1
7.84500000000000064E9	8.92518644654548865E-1
7.84600000000000097E9	8.92462235015527838E-1
7.84699999999999953E9	8.92405771569951511E-1
7.84799999999999898E9	8.92349254371847067E-1
7.84899999999999931E9	8.92292683160031252E-1
7.84999999999999964E9	8.92236058132447951E-1
7.85100000000000087E9	8.92179379115075832E-1
7.85200000000000120E9	8.92122645969516803E-1
7.85299999999999976E9	8.92065858823896107E-1
7.85399999999999920E9	8.92009017503710488E-1
7.85499999999999954E9	8.91952122048823881E-1
7.85599999999999987E9	8.91895172296026928E-1
7.85700000000000109E9	8.91838168246277618E-1
7.85799999999999965E9	8.91781109890631285E-1
7.85899999999999999E9	8.91723997083464148E-1
7.85999999999999943E9	8.91666829868536226E-1
7.86099999999999977E9	8.91609608058548631E-1
7.86200000000000010E9	8.91552331835627498E-1
7.86299999999999955E9	8.91495000963139717E-1
7.86399999999999988E9	8.91437615344582568E-1
7.86500000000000021E9	8.91380175033751598E-1
7.86599999999999966E9	8.91322680005197832E-1
7.86699999999999999E9	8.91265130124094540E-1
7.86799999999999944E9	8.91207525394815647E-1
7.86899999999999977E9	8.91149865670159436E-1
7.87000000000000011E9	8.91092151033911861E-1
7.87100000000000044E9	8.91034381313368051E-1
7.87199999999999989E9	8.90976556616131354E-1
7.87299999999999933E9	8.90918676697436851E-1
7.87399999999999967E9	8.90860741579606952E-1
7.87500000000000000E9	8.90802751221280076E-1
7.87600000000000033E9	8.90744705612093668E-1
7.87700000000000067E9	8.90686604612621657E-1
7.87800000000000011E9	8.90628448225665537E-1
7.87899999999999956E9	8.90570236456452058E-1
7.87999999999999989E9	8.90511969094404243E-1
7.88100000000000023E9	8.90453646210775673E-1
7.88200000000000056E9	8.90395267699272175E-1
7.88300000000000001E9	8.90336833478255940E-1
7.88400000000000034E9	8.90278343612382450E-1
7.88499999999999979E9	8.90219797890381237E-1
7.88600000000000012E9	8.90161196417171219E-1
7.88700000000000045E9	8.90102539035320461E-1
7.88799999999999990E9	8.90043825716941583E-1
7.88900000000000023E9	8.89985056385586581E-1
7.89000000000000057E9	8.89926231095619436E-1
7.89100000000000001E9	8.89867349662400109E-1
7.89200000000000035E9	8.89808412086100908E-1
7.89299999999999891E9	8.89749418225774491E-1
7.89400000000000013E9	8.89690368212250071E-1
7.89500000000000046E9	8.89631261880502322E-1
7.89600000000000080E9	8.89572099188235832E-1
7.89700000000000024E9	8.89512880080611801E-1
7.89799999999999880E9	8.89453604425343691E-1
7.89899999999999913E9	8.89394272331094449E-1
7.90000000000000036E9	8.89334883573591206E-1
7.90100000000000069E9	8.89275438280479058E-1
7.90200000000000102E9	8.89215936245131644E-1
7.90300000000000047E9	8.89156377511104168E-1
7.90399999999999903E9	8.89096762017230802E-1
7.90499999999999936E9	8.89037089582152795E-1
7.90600000000000058E9	8.88977360262122218E-1
7.90700000000000092E9	8.88917573994083732E-1
7.90799999999999947E9	8.88857730806680557E-1
7.90900000000000070E9	8.88797830501978581E-1
7.90999999999999925E9	8.88737873055708150E-1
7.91099999999999959E9	8.88677858380999197E-1
7.91200000000000081E9	8.88617786599841608E-1
7.91299999999999937E9	8.88557657466319029E-1
7.91399999999999970E9	8.88497471026363073E-1
7.91500000000000092E9	8.88437227233300675E-1
7.91599999999999948E9	8.88376925939617124E-1
7.91699999999999982E9	8.88316567121873746E-1
7.91799999999999926E9	8.88256150832096836E-1
7.91899999999999959E9	8.88195676866366846E-1
7.91999999999999993E9	8.88135145251305502E-1
7.92100000000000115E9	8.88074555887348360E-1
7.92199999999999971E9	8.88013908816022202E-1
7.92299999999999915E9	8.87953203931625268E-1
7.92399999999999949E9	8.87892441167689306E-1
7.92499999999999982E9	8.87831620373701469E-1
7.92600000000000016E9	8.87770741699562294E-1
7.92700000000000138E9	8.87709804958321058E-1
7.92799999999999994E9	8.87648810090570706E-1
7.92899999999999938E9	8.87587757051353421E-1
7.92999999999999972E9	8.87526645789386848E-1
7.93100000000000005E9	8.87465476339343340E-1
7.93200000000000038E9	8.87404248506330440E-1
7.93299999999999983E9	8.87342962361379861E-1
7.93400000000000016E9	8.87281617738858586E-1
7.93499999999999961E9	8.87220214631953219E-1
7.93599999999999994E9	8.87158752980144172E-1
7.93700000000000028E9	8.87097232778605083E-1
7.93799999999999972E9	8.87035653890286646E-1
7.93900000000000006E9	8.86974016315563674E-1
7.94000000000000039E9	8.86912319952902983E-1
7.94099999999999984E9	8.86850564804838193E-1
7.94200000000000017E9	8.86788750794870495E-1
7.94299999999999962E9	8.86726877811032743E-1
7.94399999999999995E9	8.86664945893311263E-1
7.94500000000000028E9	8.86602954887534089E-1
7.94600000000000062E9	8.86540904854422251E-1
7.94700000000000006E9	8.86478795600710434E-1
7.94799999999999862E9	8.86416627210856767E-1
7.94899999999999984E9	8.86354399594955034E-1
7.95000000000000018E9	8.86292112553287126E-1
7.95100000000000051E9	8.86229766194361979E-1
7.95200000000000085E9	8.86167360438534324E-1
7.95300000000000029E9	8.86104895108264579E-1
7.95399999999999885E9	8.86042370334635443E-1
7.95500000000000007E9	8.85979785892275729E-1
7.95600000000000041E9	8.85917141897035698E-1
7.95700000000000074E9	8.85854438094308883E-1
7.95800000000000018E9	8.85791674597510692E-1
7.95900000000000052E9	8.85728851216798674E-1
7.95999999999999908E9	8.85665968058078512E-1
7.96100000000000030E9	8.85603024956695783E-1
7.96200000000000063E9	8.85540021870580141E-1
7.96299999999999919E9	8.85476958716109408E-1
7.96400000000000041E9	8.85413835371070057E-1
7.96500000000000075E9	8.85350652056801479E-1
7.96599999999999930E9	8.85287408374184892E-1
7.96700000000000053E9	8.85224104527316058E-1
7.96799999999999908E9	8.85160740304536020E-1
7.96899999999999942E9	8.85097315707751520E-1
7.97000000000000064E9	8.85033830710918146E-1
7.97100000000000097E9	8.84970285185946359E-1
7.97199999999999953E9	8.84906679166874355E-1
7.97299999999999898E9	8.84843012518832595E-1
7.97399999999999931E9	8.84779285219374145E-1
7.97499999999999964E9	8.84715497224687120E-1
7.97600000000000087E9	8.84651648354602216E-1
7.97700000000000120E9	8.84587738722851213E-1
7.97799999999999976E9	8.84523768246433661E-1
7.97899999999999920E9	8.84459736829008492E-1
7.97999999999999954E9	8.84395644299083727E-1
7.98099999999999987E9	8.84331490834100187E-1
7.98200000000000109E9	8.84267276209641295E-1
7.98299999999999965E9	8.84203000362843738E-1
7.98399999999999999E9	8.84138663379762413E-1
7.98499999999999943E9	8.84074265081720334E-1
7.98599999999999977E9	8.84009805484558342E-1
7.98700000000000010E9	8.83945284414510724E-1
7.98799999999999955E9	8.83880701983644812E-1
7.98899999999999988E9	8.83816057933772470E-1
7.99000000000000021E9	8.83751352444813776E-1
7.99099999999999966E9	8.83686585190540086E-1
7.99199999999999999E9	8.83621756334518160E-1
7.99299999999999944E9	8.83556865828913374E-1
7.99399999999999977E9	8.83491913377336857E-1
7.99500000000000011E9	8.83426899112780362E-1
7.99600000000000044E9	8.83361823010458025E-1
7.99699999999999989E9	8.83296684902311569E-1
7.99799999999999933E9	8.83231484743000195E-1
7.99899999999999967E9	8.83166222526312694E-1
8.00000000000000000E9	8.83100898152573777E-1
8.00100000000000122E9	8.83035511586495225E-1
8.00200000000000067E9	8.82970062815154222E-1
8.00300000000000011E9	8.82904551753705569E-1
8.00399999999999956E9	8.82838978278745579E-1
8.00499999999999901E9	8.82773342350259682E-1
8.00600000000000023E9	8.82707643958260491E-1
8.00700000000000145E9	8.82641883058529153E-1
8.00799999999999912E9	8.82576059583499095E-1
8.00900000000000034E9	8.82510173397901809E-1
8.00999999999999979E9	8.82444224521221443E-1
8.01099999999999923E9	8.82378212944356832E-1
8.01200000000000045E9	8.82312138433835891E-1
8.01299999999999990E9	8.82246001080061504E-1
8.01399999999999935E9	8.82179800783493384E-1
8.01500000000000057E9	8.82113537482150711E-1
8.01600000000000001E9	8.82047211173109247E-1
8.01699999999999946E9	8.81980821711473340E-1
8.01799999999999891E9	8.81914369112978846E-1
8.01900000000000013E9	8.81847853230745571E-1
8.01999999999999957E9	8.81781274092146106E-1
8.02100000000000080E9	8.81714631624713974E-1
8.02200000000000024E9	8.81647925720327308E-1
8.02299999999999969E9	8.81581156330964788E-1
8.02399999999999913E9	8.81514323522148935E-1
8.02500000000000036E9	8.81447427051176646E-1
8.02599999999999980E9	8.81380466947206642E-1
8.02700000000000102E9	8.81313443174704680E-1
8.02800000000000047E9	8.81246355647758151E-1
8.02899999999999991E9	8.81179204362774726E-1
8.02999999999999936E9	8.81111989129017914E-1
8.03100000000000058E9	8.81044709991369501E-1
8.03200000000000003E9	8.80977366940228102E-1
8.03299999999999947E9	8.80909959742283277E-1
8.03400000000000070E9	8.80842488510046451E-1
8.03500000000000014E9	8.80774953070192446E-1
8.03599999999999959E9	8.80707353486431543E-1
8.03700000000000081E9	8.80639689587510510E-1
8.03800000000000026E9	8.80571961380233148E-1
8.03899999999999970E9	8.80504168687536115E-1
8.04000000000000092E9	8.80436311638500513E-1
8.04100000000000037E9	8.80368390186036187E-1
8.04199999999999982E9	8.80300404013197735E-1
8.04299999999999926E9	8.80232353223365571E-1
8.04400000000000048E9	8.80164237778455139E-1
8.04499999999999993E9	8.80096057593865666E-1
8.04600000000000115E9	8.80027812643741036E-1
8.04700000000000060E9	8.79959502793347959E-1
8.04799999999999827E9	8.79891128051495564E-1
8.04899999999999949E9	8.79822688288663990E-1
8.05000000000000071E9	8.79754183534571510E-1
8.05100000000000016E9	8.79685613725017568E-1
8.05200000000000138E9	8.79616978706121877E-1
8.05300000000000082E9	8.79548278454009314E-1
8.05399999999999849E9	8.79479512958597098E-1
8.05499999999999972E9	8.79410682149709722E-1
8.05600000000000094E9	8.79341786032935602E-1
8.05700000000000038E9	8.79272824314329426E-1
8.05799999999999983E9	8.79203797207828153E-1
8.05900000000000105E9	8.79134704480205542E-1
8.05999999999999872E9	8.79065546143427667E-1
8.06099999999999994E9	8.78996322172959310E-1
8.06200000000000117E9	8.78927032421639254E-1
8.06299999999999883E9	8.78857676897774276E-1
8.06400000000000006E9	8.78788255492678161E-1
8.06500000000000128E9	8.78718768189404464E-1
8.06599999999999895E9	8.78649214905028053E-1
8.06700000000000017E9	8.78579595619472364E-1
8.06799999999999962E9	8.78509910174464714E-1
8.06899999999999906E9	8.78440158563901008E-1
8.07000000000000028E9	8.78370340841600061E-1
8.07100000000000151E9	8.78300456772305971E-1
8.07199999999999918E9	8.78230506419577850E-1
8.07299999999999862E9	8.78160489678320211E-1
8.07399999999999984E9	8.78090406485196873E-1
8.07499999999999929E9	8.78020256773222485E-1
8.07600000000000051E9	8.77950040455384162E-1
8.07700000000000173E9	8.77879757617603218E-1
8.07799999999999940E9	8.77809408018002202E-1
8.07899999999999885E9	8.77738991678126368E-1
8.08000000000000007E9	8.77668508533433211E-1
8.08099999999999952E9	8.77597958562417091E-1
8.08200000000000074E9	8.77527341671839700E-1
8.08300000000000018E9	8.77456657761624115E-1
8.08399999999999963E9	8.77385906893045586E-1
8.08499999999999908E9	8.77315088863035797E-1
8.08600000000000030E9	8.77244203649313370E-1
8.08699999999999974E9	8.77173251254455266E-1
8.08799999999999919E9	8.77102231568280466E-1
8.08900000000000041E9	8.77031144593164314E-1
8.08999999999999986E9	8.76959990120388433E-1
8.09099999999999930E9	8.76888768321193979E-1
8.09200000000000053E9	8.76817478914064985E-1
8.09299999999999997E9	8.76746121946322887E-1
8.09399999999999942E9	8.76674697367338318E-1
8.09500000000000064E9	8.76603205085198489E-1
8.09600000000000009E9	8.76531645063985643E-1
8.09699999999999953E9	8.76460017264029290E-1
8.09799999999999898E9	8.76388321497690015E-1
8.09900000000000020E9	8.76316557791426298E-1
8.09999999999999964E9	8.76244726184260614E-1
8.10100000000000087E9	8.76172826520376269E-1
8.10200000000000031E9	8.76100858709205177E-1
8.10299999999999976E9	8.76028822750296143E-1
8.10399999999999920E9	8.75956718498733622E-1
8.10500000000000043E9	8.75884546042134460E-1
8.10599999999999987E9	8.75812305172146743E-1
8.10700000000000109E9	8.75739995894498158E-1
8.10800000000000054E9	8.75667618185235064E-1
8.10899999999999999E9	8.75595171895428059E-1
8.10999999999999943E9	8.75522657071501165E-1
8.11100000000000065E9	8.75450073556501884E-1
8.11200000000000010E9	8.75377421360570018E-1
8.11299999999999955E9	8.75304700376011091E-1
8.11400000000000077E9	8.75231910559600657E-1
8.11500000000000021E9	8.75159051927832543E-1
8.11599999999999966E9	8.75086124276335120E-1
8.11700000000000088E9	8.75013127617463127E-1
8.11799999999999855E9	8.74940061894845122E-1
8.11899999999999977E9	8.74866927011269802E-1
8.12000000000000099E9	8.74793723000896684E-1
8.12100000000000044E9	8.74720449726551585E-1
8.12199999999999989E9	8.74647107137660562E-1
8.12299999999999933E9	8.74573695153567598E-1
8.12399999999999878E9	8.74500213752518718E-1
8.12500000000000000E9	8.74426662880530081E-1
8.12600000000000122E9	8.74353042478757914E-1
8.12700000000000067E9	8.74279352433203982E-1
8.12800000000000011E9	8.74205592738362292E-1
8.12899999999999956E9	8.74131763328682077E-1
8.12999999999999901E9	8.74057864064822176E-1
8.13100000000000023E9	8.73983894978690579E-1
8.13200000000000145E9	8.73909856026901721E-1
8.13299999999999912E9	8.73835746972853755E-1
8.13400000000000034E9	8.73761568056461080E-1
8.13499999999999979E9	8.73687318968043058E-1
8.13599999999999923E9	8.73612999747973973E-1
8.13700000000000045E9	8.73538610311077512E-1
8.13799999999999990E9	8.73464150602566214E-1
8.13899999999999935E9	8.73389620528796584E-1
8.14000000000000057E9	8.73315020088741711E-1
8.14100000000000001E9	8.73240349256007065E-1
8.14199999999999946E9	8.73165607827214885E-1
8.14299999999999891E9	8.73090795875808645E-1
8.14400000000000013E9	8.73015913240537778E-1
8.14499999999999957E9	8.72940959928361337E-1
8.14600000000000080E9	8.72865935895270439E-1
8.14700000000000024E9	8.72790841009692997E-1
8.14799999999999969E9	8.72715675323992279E-1
8.14899999999999913E9	8.72640438592349099E-1
8.15000000000000036E9	8.72565130940033029E-1
8.15099999999999980E9	8.72489752225667203E-1
8.15200000000000102E9	8.72414302380662576E-1
8.15300000000000047E9	8.72338781378451955E-1
8.15399999999999991E9	8.72263189084172730E-1
8.15499999999999936E9	8.72187525588178403E-1
8.15600000000000058E9	8.72111790649287499E-1
8.15700000000000003E9	8.72035984342039505E-1
8.15799999999999947E9	8.71960106535288659E-1
8.15900000000000070E9	8.71884157149449024E-1
8.16000000000000014E9	8.71808136251990895E-1
8.16099999999999959E9	8.71732043652121291E-1
8.16200000000000081E9	8.71655879303332881E-1
8.16300000000000026E9	8.71579643206368537E-1
8.16399999999999970E9	8.71503335300446125E-1
8.16500000000000092E9	8.71426955455854824E-1
8.16600000000000037E9	8.71350503623001771E-1
8.16699999999999982E9	8.71273979814251831E-1
8.16799999999999926E9	8.71197383890516086E-1
8.16900000000000048E9	8.71120715805988155E-1
8.16999999999999993E9	8.71043975536699122E-1
8.17100000000000115E9	8.70967163026549684E-1
8.17200000000000060E9	8.70890278149432362E-1
8.17299999999999827E9	8.70813320928590073E-1
8.17399999999999949E9	8.70736291271038709E-1
8.17500000000000071E9	8.70659189054754279E-1
8.17600000000000016E9	8.70582014336310905E-1
8.17700000000000138E9	8.70504766912402772E-1
8.17800000000000082E9	8.70427446763411083E-1
8.17899999999999849E9	8.70350054005348106E-1
8.17999999999999972E9	8.70272588360297128E-1
8.18100000000000094E9	8.70195049858852343E-1
8.18200000000000038E9	8.70117438397636889E-1
8.18299999999999983E9	8.70039753993601650E-1
8.18400000000000105E9	8.69961996492386547E-1
8.18499999999999872E9	8.69884165858355196E-1
8.18599999999999994E9	8.69806262165919009E-1
8.18700000000000117E9	8.69728285079119523E-1
8.18799999999999883E9	8.69650234828740487E-1
8.18900000000000006E9	8.69572111176327667E-1
8.19000000000000128E9	8.69493914089299480E-1
8.19099999999999895E9	8.69415643550164319E-1
8.19200000000000017E9	8.69337299508870487E-1
8.19299999999999962E9	8.69258881757468416E-1
8.19399999999999906E9	8.69180390443359485E-1
8.19500000000000028E9	8.69101825362757552E-1
8.19600000000000151E9	8.69023186536181313E-1
8.19699999999999918E9	8.68944473833204256E-1
8.19799999999999862E9	8.68865687310868751E-1
8.19899999999999984E9	8.68786826736603857E-1
8.19999999999999929E9	8.68707892121596181E-1
8.20100000000000051E9	8.68628883523109607E-1
8.20200000000000173E9	8.68549800718638210E-1
8.20299999999999940E9	8.68470643723303048E-1
8.20399999999999885E9	8.68391412490606918E-1
8.20500000000000007E9	8.68312106882842727E-1
8.20599999999999952E9	8.68232726949158895E-1
8.20700000000000074E9	8.68153272518281049E-1
8.20800000000000018E9	8.68073743607876658E-1
8.20899999999999963E9	8.67994140104706524E-1
8.20999999999999908E9	8.67914461992855379E-1
8.21100000000000030E9	8.67834709158516127E-1
8.21199999999999974E9	8.67754881596153460E-1
8.21299999999999919E9	8.67674979269678559E-1
8.21400000000000041E9	8.67595002053808528E-1
8.21499999999999986E9	8.67514949861411466E-1
8.21599999999999930E9	8.67434822673511263E-1
8.21700000000000053E9	8.67354620455382452E-1
8.21799999999999997E9	8.67274343112577206E-1
8.21899999999999942E9	8.67193990648997115E-1
8.22000000000000064E9	8.67113562935296045E-1
8.22100000000000009E9	8.67033059901732628E-1
8.22199999999999953E9	8.66952481478610792E-1
8.22299999999999898E9	8.66871827712250109E-1
8.22400000000000020E9	8.66791098399390592E-1
8.22499999999999964E9	8.66710293657449959E-1
8.22600000000000087E9	8.66629413197859400E-1
8.22700000000000031E9	8.66548457163619901E-1
8.22799999999999976E9	8.66467425365335409E-1
8.22899999999999920E9	8.66386317808914441E-1
8.23000000000000043E9	8.66305134400363031E-1
8.23099999999999987E9	8.66223875111075969E-1
8.23200000000000109E9	8.66142539828741675E-1
8.23300000000000054E9	8.66061128560348692E-1
8.23399999999999999E9	8.65979641214690510E-1
8.23499999999999943E9	8.65898077660994225E-1
8.23600000000000065E9	8.65816438025765933E-1
8.23700000000000010E9	8.65734722036495619E-1
8.23799999999999955E9	8.65652929768387125E-1
8.23900000000000077E9	8.65571061060788693E-1
8.24000000000000021E9	8.65489115985867663E-1
8.24099999999999966E9	8.65407094369719587E-1
8.24200000000000088E9	8.65324996143957215E-1
8.24299999999999855E9	8.65242821339470858E-1
8.24399999999999977E9	8.65160569879627239E-1
8.24500000000000099E9	8.65078241619458055E-1
8.24600000000000044E9	8.64995836579793398E-1
8.24699999999999989E9	8.64913354690543557E-1
8.24799999999999933E9	8.64830795927342422E-1
8.24899999999999878E9	8.64748160012626066E-1
8.25000000000000000E9	8.64665447202444248E-1
8.25100000000000122E9	8.64582657222365469E-1
8.25200000000000067E9	8.64499790097661958E-1
8.25300000000000011E9	8.64416845718664639E-1
8.25399999999999956E9	8.64333824081080593E-1
8.25499999999999901E9	8.64250725051723023E-1
8.25600000000000023E9	8.64167548657733064E-1
8.25700000000000145E9	8.64084294758965576E-1
8.25799999999999912E9	8.64000963366221342E-1
8.25900000000000034E9	8.63917554373990271E-1
8.25999999999999979E9	8.63834067740446265E-1
8.26099999999999923E9	8.63750503363774769E-1
8.26200000000000045E9	8.63666861237046746E-1
8.26299999999999990E9	8.63583141276955857E-1
8.26399999999999935E9	8.63499343461040070E-1
8.26500000000000057E9	8.63415467725263142E-1
8.26600000000000001E9	8.63331513934051031E-1
8.26699999999999946E9	8.63247482055488291E-1
8.26799999999999891E9	8.63163372093243275E-1
8.26900000000000013E9	8.63079183913172798E-1
8.26999999999999957E9	8.62994917457816157E-1
8.27100000000000080E9	8.62910572761462191E-1
8.27200000000000024E9	8.62826149655826313E-1
8.27299999999999969E9	8.62741648120311488E-1
8.27399999999999913E9	8.62657068092695667E-1
8.27500000000000036E9	8.62572409518753958E-1
8.27599999999999980E9	8.62487672335810984E-1
8.27700000000000102E9	8.62402856520572669E-1
8.27800000000000047E9	8.62317961984081727E-1
8.27899999999999991E9	8.62232988597618366E-1
8.27999999999999936E9	8.62147936378615398E-1
8.28100000000000058E9	8.62062805343049554E-1
8.28200000000000003E9	8.61977595183866185E-1
8.28299999999999947E9	8.61892306133956332E-1
8.28400000000000070E9	8.61806937956493435E-1
8.28500000000000014E9	8.61721490587001959E-1
8.28599999999999959E9	8.61635964027610513E-1
8.28700000000000081E9	8.61550358285730766E-1
8.28800000000000026E9	8.61464673125774638E-1
8.28899999999999970E9	8.61378908662375409E-1
8.29000000000000092E9	8.61293064702135958E-1
8.29100000000000037E9	8.61207141309768254E-1
8.29199999999999982E9	8.61121138232347860E-1
8.29299999999999926E9	8.61035055607297295E-1
8.29400000000000048E9	8.60948893320419373E-1
8.29499999999999993E9	8.60862651299006743E-1
8.29600000000000115E9	8.60776329466843393E-1
8.29700000000000060E9	8.60689927744016181E-1
8.29799999999999827E9	8.60603446126086169E-1
8.29899999999999949E9	8.60516884569456053E-1
8.30000000000000071E9	8.60430242898644160E-1
8.30100000000000016E9	8.60343521164960556E-1
8.30200000000000138E9	8.60256719315281337E-1
8.30300000000000082E9	8.60169837181319252E-1
8.30399999999999849E9	8.60082874806381703E-1
8.30499999999999972E9	8.59995832174432806E-1
8.30600000000000094E9	8.59908709050815467E-1
8.30700000000000038E9	8.59821505533137831E-1
8.30799999999999983E9	8.59734221498167095E-1
8.30900000000000105E9	8.59646856904882029E-1
8.30999999999999872E9	8.59559411669717832E-1
8.31099999999999994E9	8.59471885663016621E-1
8.31200000000000117E9	8.59384279064974876E-1
8.31299999999999883E9	8.59296591618529071E-1
8.31400000000000006E9	8.59208823270392763E-1
8.31500000000000128E9	8.59120974007226934E-1
8.31599999999999895E9	8.59033043804334895E-1
8.31700000000000017E9	8.58945032512031403E-1
8.31799999999999962E9	8.58856940227980914E-1
8.31899999999999906E9	8.58768766635956382E-1
8.32000000000000028E9	8.58680511980856842E-1
8.32100000000000151E9	8.58592175989776862E-1
8.32199999999999918E9	8.58503758588651777E-1
8.32299999999999862E9	8.58415259873660119E-1
8.32399999999999984E9	8.58326679781224655E-1
8.32499999999999929E9	8.58238018117371304E-1
8.32600000000000051E9	8.58149274896110192E-1
8.32700000000000173E9	8.58060450021537946E-1
8.32799999999999940E9	8.57971543532054071E-1
8.32899999999999885E9	8.57882555290001747E-1
8.33000000000000007E9	8.57793485175967163E-1
8.33099999999999952E9	8.57704333223375137E-1
8.33200000000000074E9	8.57615099394058156E-1
8.33300000000000018E9	8.57525783639776407E-1
8.33399999999999963E9	8.57436385786682820E-1
8.33499999999999908E9	8.57346905892718603E-1
8.33600000000000030E9	8.57257343853612497E-1
8.33699999999999974E9	8.57167699560456953E-1
8.33799999999999919E9	8.57077973085123723E-1
8.33900000000000041E9	8.56988164194638813E-1
8.33999999999999986E9	8.56898273024551926E-1
8.34099999999999930E9	8.56808299341554935E-1
8.34200000000000053E9	8.56718243220416120E-1
8.34299999999999997E9	8.56628104576993898E-1
8.34399999999999942E9	8.56537883281544232E-1
8.34500000000000064E9	8.56447579323363861E-1
8.34600000000000009E9	8.56357192627864627E-1
8.34699999999999953E9	8.56266723214535830E-1
8.34799999999999898E9	8.56176170972313422E-1
8.34900000000000020E9	8.56085535703657285E-1
8.34999999999999964E9	8.55994817613186676E-1
8.35100000000000087E9	8.55904016501827769E-1
8.35200000000000031E9	8.55813132286466249E-1
8.35299999999999976E9	8.55722164927105489E-1
8.35399999999999920E9	8.55631114489638378E-1
8.35500000000000043E9	8.55539980741106731E-1
8.35599999999999987E9	8.55448763751508778E-1
8.35700000000000109E9	8.55357463338192225E-1
8.35800000000000054E9	8.55266079585495298E-1
8.35899999999999999E9	8.55174612344379881E-1
8.35999999999999943E9	8.55083061560461744E-1
8.36100000000000065E9	8.54991427210648958E-1
8.36200000000000010E9	8.54899709226446092E-1
8.36299999999999955E9	8.54807907617824370E-1
8.36400000000000077E9	8.54716022173380097E-1
8.36500000000000021E9	8.54624052977765025E-1
8.36599999999999966E9	8.54531999908113171E-1
8.36700000000000088E9	8.54439862946610873E-1
8.36799999999999855E9	8.54347641996484342E-1
8.36899999999999977E9	8.54255336984548386E-1
8.37000000000000099E9	8.54162947944348616E-1
8.37100000000000044E9	8.54070474760852960E-1
8.37199999999999989E9	8.53977917349618920E-1
8.37299999999999933E9	8.53885275618902462E-1
8.37399999999999878E9	8.53792549752715857E-1
8.37500000000000000E9	8.53699739423840853E-1
8.37600000000000122E9	8.53606844620045280E-1
8.37700000000000067E9	8.53513865402885230E-1
8.37800000000000011E9	8.53420801649262550E-1
8.37899999999999956E9	8.53327653275028020E-1
8.37999999999999901E9	8.53234420247526693E-1
8.38100000000000023E9	8.53141102613052205E-1
8.38200000000000145E9	8.53047700175229373E-1
8.38299999999999912E9	8.52954212928740318E-1
8.38400000000000034E9	8.52860640804087033E-1
8.38499999999999979E9	8.52766983738180784E-1
8.38599999999999923E9	8.52673241777453583E-1
8.38700000000000045E9	8.52579414707840400E-1
8.38799999999999990E9	8.52485502623493119E-1
8.38899999999999935E9	8.52391505263108407E-1
8.39000000000000057E9	8.52297422871623844E-1
8.39100000000000001E9	8.52203255155581374E-1
8.39199999999999946E9	8.52109002114355008E-1
8.39299999999999891E9	8.52014663772402692E-1
8.39400000000000013E9	8.51920239959057568E-1
8.39499999999999957E9	8.51825730687353833E-1
8.39600000000000080E9	8.51731135939909123E-1
8.39700000000000024E9	8.51636455557376237E-1
8.39799999999999969E9	8.51541689498588283E-1
8.39899999999999913E9	8.51446837869705320E-1
8.40000000000000036E9	8.51351900376555548E-1
8.40099999999999980E9	8.51256877200682815E-1
8.40200000000000102E9	8.51161768143705544E-1
8.40300000000000047E9	8.51066573113651792E-1
8.40399999999999991E9	8.50971292211455577E-1
8.40499999999999936E9	8.50875925261852117E-1
8.40600000000000058E9	8.50780472203467397E-1
8.40700000000000003E9	8.50684933064158066E-1
8.40799999999999947E9	8.50589307775259584E-1
8.40900000000000070E9	8.50493596256520057E-1
8.41000000000000014E9	8.50397798455561116E-1
8.41099999999999959E9	8.50301914284253257E-1
8.41200000000000081E9	8.50205943718403212E-1
8.41300000000000026E9	8.50109886767108591E-1
8.41399999999999970E9	8.50013743275003009E-1
8.41500000000000092E9	8.49917513227009636E-1
8.41600000000000037E9	8.49821196581498484E-1
8.41699999999999982E9	8.49724793318767802E-1
8.41799999999999926E9	8.49628303325564538E-1
8.41900000000000048E9	8.49531726621026806E-1
8.41999999999999993E9	8.49435063083135944E-1
8.42100000000000115E9	8.49338312624184333E-1
8.42200000000000060E9	8.49241475347259822E-1
8.42299999999999827E9	8.49144551007884374E-1
8.42399999999999949E9	8.49047539683411578E-1
8.42500000000000071E9	8.48950441270812561E-1
8.42600000000000016E9	8.48853255755545000E-1
8.42700000000000138E9	8.48755983060689623E-1
8.42800000000000082E9	8.48658623111262678E-1
8.42899999999999849E9	8.48561175869486206E-1
8.42999999999999972E9	8.48463641351528253E-1
8.43100000000000094E9	8.48366019419991169E-1
8.43200000000000038E9	8.48268309979979485E-1
8.43299999999999983E9	8.48170513101426415E-1
8.43400000000000105E9	8.48072628691382668E-1
8.43499999999999872E9	8.47974656693332385E-1
8.43599999999999994E9	8.47876597063026516E-1
8.43700000000000117E9	8.47778449742950180E-1
8.43799999999999883E9	8.47680214599258086E-1
8.43900000000000006E9	8.47581891719918801E-1
8.44000000000000128E9	8.47483481014416640E-1
8.44099999999999895E9	8.47384982332068404E-1
8.44200000000000017E9	8.47286395714272800E-1
8.44299999999999962E9	8.47187721166539909E-1
8.44399999999999906E9	8.47088958456876640E-1
8.44500000000000028E9	8.46990107720021079E-1
8.44600000000000151E9	8.46891168831951902E-1
8.44699999999999918E9	8.46792141686189126E-1
8.44799999999999862E9	8.46693026339961108E-1
8.44899999999999984E9	8.46593822685274588E-1
8.44999999999999929E9	8.46494530656798538E-1
8.45100000000000051E9	8.46395150189379386E-1
8.45200000000000173E9	8.46295681314547110E-1
8.45299999999999940E9	8.46196123869409611E-1
8.45399999999999885E9	8.46096477978638717E-1
8.45500000000000007E9	8.45996743450660738E-1
8.45599999999999952E9	8.45896920268165076E-1
8.45700000000000074E9	8.45797008330897171E-1
8.45800000000000018E9	8.45697007712221804E-1
8.45899999999999963E9	8.45596918216664761E-1
8.45999999999999908E9	8.45496739899608230E-1
8.46100000000000030E9	8.45396472682959477E-1
8.46199999999999974E9	8.45296116557857324E-1
8.46299999999999919E9	8.45195671408144378E-1
8.46400000000000041E9	8.45095137207093927E-1
8.46499999999999986E9	8.44994513949883697E-1
8.46599999999999930E9	8.44893801445956782E-1
8.46700000000000053E9	8.44792999836986702E-1
8.46799999999999997E9	8.44692108987015366E-1
8.46899999999999942E9	8.44591128816823122E-1
8.47000000000000064E9	8.44490059364812495E-1
8.47100000000000009E9	8.44388900482699256E-1
8.47199999999999953E9	8.44287652150463508E-1
8.47299999999999898E9	8.44186314432325702E-1
8.47400000000000020E9	8.44084887111570659E-1
8.47499999999999964E9	8.43983370216877127E-1
8.47600000000000087E9	8.43881763767644166E-1
8.47700000000000031E9	8.43780067481238305E-1
8.47799999999999976E9	8.43678281711221345E-1
8.47899999999999920E9	8.43576406049537120E-1
8.48000000000000043E9	8.43474440635001166E-1
8.48099999999999987E9	8.43372385342505204E-1
8.48200000000000109E9	8.43270240061258214E-1
8.48300000000000054E9	8.43168004927893300E-1
8.48399999999999999E9	8.43065679756691289E-1
8.48499999999999943E9	8.42963264601679541E-1
8.48600000000000065E9	8.42860759263190040E-1
8.48700000000000010E9	8.42758163751908995E-1
8.48799999999999955E9	8.42655478259883672E-1
8.48900000000000077E9	8.42552702386877250E-1
8.49000000000000021E9	8.42449836325522128E-1
8.49099999999999966E9	8.42346879870738974E-1
8.49200000000000088E9	8.42243833138138243E-1
8.49299999999999855E9	8.42140695937006178E-1
8.49399999999999977E9	8.42037468309957049E-1
8.49500000000000099E9	8.41934150217490895E-1
8.49600000000000044E9	8.41830741518134218E-1
8.49699999999999989E9	8.41727242219694638E-1
8.49799999999999933E9	8.41623652305459657E-1
8.49899999999999878E9	8.41519971828090974E-1
8.50000000000000000E9	8.41416200387656765E-1
8.50100000000000122E9	8.41312338319506203E-1
8.50200000000000067E9	8.41208385490157617E-1
8.50300000000000011E9	8.41104341722360438E-1
8.50399999999999956E9	8.41000207072896266E-1
8.50499999999999901E9	8.40895981605558873E-1
8.50600000000000023E9	8.40791665026169355E-1
8.50700000000000145E9	8.40687257381879505E-1
8.50799999999999912E9	8.40582758747986780E-1
8.50900000000000034E9	8.40478168980206775E-1
8.50999999999999979E9	8.40373488046902040E-1
8.51099999999999923E9	8.40268716000996463E-1
8.51200000000000045E9	8.40163852540270462E-1
8.51299999999999990E9	8.40058897887705314E-1
8.51399999999999935E9	8.39953851870690826E-1
8.51500000000000057E9	8.39848714519898465E-1
8.51600000000000001E9	8.39743485835979619E-1
8.51699999999999946E9	8.39638165391909652E-1
8.51799999999999891E9	8.39532753818463107E-1
8.51900000000000013E9	8.39427250448437512E-1
8.51999999999999957E9	8.39321655640837072E-1
8.52100000000000080E9	8.39215969058223621E-1
8.52200000000000024E9	8.39110190991344140E-1
8.52299999999999969E9	8.39004321068857628E-1
8.52399999999999913E9	8.38898359446510433E-1
8.52500000000000036E9	8.38792306150550893E-1
8.52599999999999980E9	8.38686160907266398E-1
8.52700000000000102E9	8.38579923816879358E-1
8.52800000000000047E9	8.38473594780714393E-1
8.52899999999999991E9	8.38367173852740777E-1
8.52999999999999936E9	8.38260660960155946E-1
8.53100000000000058E9	8.38154055880191429E-1
8.53200000000000003E9	8.38047358766906036E-1
8.53299999999999947E9	8.37940569645521371E-1
8.53400000000000070E9	8.37833688295650170E-1
8.53500000000000014E9	8.37726714771538994E-1
8.53599999999999959E9	8.37619649096364149E-1
8.53700000000000081E9	8.37512491113331947E-1
8.53800000000000026E9	8.37405240841093601E-1
8.53899999999999970E9	8.37297898087632930E-1
8.54000000000000092E9	8.37190463090575498E-1
8.54100000000000037E9	8.37082935606943757E-1
8.54199999999999982E9	8.36975315616178683E-1
8.54299999999999926E9	8.36867603279886652E-1
8.54400000000000048E9	8.36759798265737231E-1
8.54499999999999993E9	8.36651900814858607E-1
8.54600000000000115E9	8.36543910582696348E-1
8.54700000000000060E9	8.36435827797629727E-1
8.54799999999999827E9	8.36327652309652869E-1
8.54899999999999949E9	8.36219384012151679E-1
8.55000000000000071E9	8.36111022953643968E-1
8.55100000000000016E9	8.36002569223832026E-1
8.55200000000000138E9	8.35894022607555698E-1
8.55300000000000082E9	8.35785383067958954E-1
8.55399999999999849E9	8.35676650596321480E-1
8.55499999999999972E9	8.35567825215585280E-1
8.55600000000000094E9	8.35458906944937318E-1
8.55700000000000038E9	8.35349895622926297E-1
8.55799999999999983E9	8.35240791171103680E-1
8.55900000000000105E9	8.35131593624803870E-1
8.55999999999999872E9	8.35022302995274046E-1
8.56099999999999994E9	8.34912919237917173E-1
8.56200000000000117E9	8.34803442203725687E-1
8.56299999999999883E9	8.34693871978540081E-1
8.56400000000000006E9	8.34584208453250298E-1
8.56500000000000128E9	8.34474451696261532E-1
8.56599999999999895E9	8.34364601588203314E-1
8.56700000000000017E9	8.34254658024365980E-1
8.56799999999999962E9	8.34144621131755670E-1
8.56899999999999906E9	8.34034490864588207E-1
8.57000000000000028E9	8.33924267073705394E-1
8.57100000000000151E9	8.33813949758400774E-1
8.57199999999999918E9	8.33703538874220840E-1
8.57299999999999862E9	8.33593034365354413E-1
8.57399999999999984E9	8.33482436434544383E-1
8.57499999999999929E9	8.33371744715411111E-1
8.57600000000000051E9	8.33260959465101436E-1
8.57700000000000173E9	8.33150080492543665E-1
8.57799999999999940E9	8.33039107564401426E-1
8.57899999999999885E9	8.32928041141637365E-1
8.58000000000000007E9	8.32816880808883653E-1
8.58099999999999952E9	8.32705626691264733E-1
8.58200000000000074E9	8.32594278744826433E-1
8.58300000000000018E9	8.32482836799120207E-1
8.58399999999999963E9	8.32371300971334982E-1
8.58499999999999908E9	8.32259671204374563E-1
8.58600000000000030E9	8.32147947448924086E-1
8.58699999999999974E9	8.32036129713733352E-1
8.58799999999999919E9	8.31924217897852358E-1
8.58900000000000041E9	8.31812212004095208E-1
8.58999999999999986E9	8.31700111978402035E-1
8.59099999999999930E9	8.31587917898290563E-1
8.59200000000000053E9	8.31475629642022973E-1
8.59299999999999997E9	8.31363247130520833E-1
8.59399999999999942E9	8.31250770459634403E-1
8.59500000000000064E9	8.31138199459637228E-1
8.59600000000000009E9	8.31025534236274233E-1
8.59699999999999953E9	8.30912774778046526E-1
8.59799999999999898E9	8.30799920987515961E-1
8.59900000000000020E9	8.30686972658592815E-1
8.59999999999999964E9	8.30573930121824056E-1
8.60100000000000087E9	8.30460792982094453E-1
8.60200000000000031E9	8.30347561578102322E-1
8.60299999999999976E9	8.30234235614760152E-1
8.60399999999999920E9	8.30120815136371348E-1
8.60500000000000043E9	8.30007300155139660E-1
8.60599999999999987E9	8.29893690673974405E-1
8.60700000000000109E9	8.29779986487912069E-1
8.60800000000000054E9	8.29666187787843867E-1
8.60899999999999999E9	8.29552294476528651E-1
8.60999999999999943E9	8.29438306451872265E-1
8.61100000000000065E9	8.29324223860631982E-1
8.61200000000000010E9	8.29210046370308085E-1
8.61299999999999955E9	8.29095774317409351E-1
8.61400000000000077E9	8.28981407416313765E-1
8.61500000000000021E9	8.28866945766498731E-1
8.61599999999999966E9	8.28752389230225894E-1
8.61700000000000088E9	8.28637738018310444E-1
8.61799999999999855E9	8.28522991764788763E-1
8.61899999999999977E9	8.28408150761721274E-1
8.62000000000000099E9	8.28293214936045707E-1
8.62100000000000044E9	8.28178183953909652E-1
8.62199999999999989E9	8.28063058340002556E-1
8.62299999999999933E9	8.27947837346841098E-1
8.62399999999999878E9	8.27832521616580763E-1
8.62500000000000000E9	8.27717110823847513E-1
8.62600000000000122E9	8.27601605098017856E-1
8.62700000000000067E9	8.27486004169535150E-1
8.62800000000000011E9	8.27370308210516470E-1
8.62899999999999956E9	8.27254517189198069E-1
8.62999999999999901E9	8.27138630893355220E-1
8.63100000000000023E9	8.27022649612230865E-1
8.63200000000000145E9	8.26906573136179546E-1
8.63299999999999912E9	8.26790401501792260E-1
8.63400000000000034E9	8.26674134551165807E-1
8.63499999999999979E9	8.26557772384397538E-1
8.63599999999999923E9	8.26441315164134238E-1
8.63700000000000045E9	8.26324762412652802E-1
8.63799999999999990E9	8.26208114531202042E-1
8.63899999999999935E9	8.26091371417741271E-1
8.64000000000000057E9	8.25974532833810215E-1
8.64100000000000001E9	8.25857598880074306E-1
8.64199999999999946E9	8.25740569628208121E-1
8.64299999999999891E9	8.25623445127595446E-1
8.64400000000000013E9	8.25506225183802833E-1
8.64499999999999957E9	8.25388909682620309E-1
8.64600000000000080E9	8.25271498875146037E-1
8.64700000000000024E9	8.25153992561542360E-1
8.64799999999999969E9	8.25036390726311275E-1
8.64899999999999913E9	8.24918693580474560E-1
8.65000000000000036E9	8.24800900882315702E-1
8.65099999999999980E9	8.24683012622512379E-1
8.65200000000000102E9	8.24565028833436031E-1
8.65300000000000047E9	8.24446949483542113E-1
8.65399999999999991E9	8.24328774675154463E-1
8.65499999999999936E9	8.24210504074945405E-1
8.65600000000000058E9	8.24092138214926173E-1
8.65700000000000003E9	8.23973676489605822E-1
8.65799999999999947E9	8.23855119244880640E-1
8.65900000000000070E9	8.23736466428561975E-1
8.66000000000000014E9	8.23617717948856942E-1
8.66099999999999959E9	8.23498873745184845E-1
8.66200000000000081E9	8.23379933896469041E-1
8.66300000000000026E9	8.23260898369542460E-1
8.66399999999999970E9	8.23141767133625457E-1
8.66500000000000092E9	8.23022540140112113E-1
8.66600000000000037E9	8.22903217473084858E-1
8.66699999999999982E9	8.22783799138212402E-1
8.66799999999999926E9	8.22664285080560376E-1
8.66900000000000048E9	8.22544675071126541E-1
8.66999999999999993E9	8.22424969562907648E-1
8.67100000000000115E9	8.22305168072165493E-1
8.67200000000000060E9	8.22185270761224984E-1
8.67299999999999827E9	8.22065277845326570E-1
8.67399999999999949E9	8.21945189026687473E-1
8.67500000000000071E9	8.21825004407747883E-1
8.67600000000000016E9	8.21704724069650716E-1
8.67700000000000138E9	8.21584347676338567E-1
8.67800000000000082E9	8.21463875521107489E-1
8.67899999999999849E9	8.21343307599325101E-1
8.67999999999999972E9	8.21222643675381825E-1
8.68100000000000094E9	8.21101883997829596E-1
8.68200000000000038E9	8.20981028453904038E-1
8.68299999999999983E9	8.20860076896899393E-1
8.68400000000000105E9	8.20739029492341565E-1
8.68499999999999872E9	8.20617886339787894E-1
8.68599999999999994E9	8.20496647150623382E-1
8.68700000000000117E9	8.20375312069301366E-1
8.68799999999999883E9	8.20253881172582844E-1
8.68900000000000006E9	8.20132354306352696E-1
8.69000000000000128E9	8.20010731494410194E-1
8.69099999999999895E9	8.19889012728203070E-1
8.69200000000000017E9	8.19767198050198687E-1
8.69299999999999962E9	8.19645287519558607E-1
8.69399999999999906E9	8.19523280856208736E-1
8.69500000000000028E9	8.19401178366373983E-1
8.69600000000000151E9	8.19278979980678201E-1
8.69699999999999918E9	8.19156685595095624E-1
8.69799999999999862E9	8.19034295223445952E-1
8.69899999999999984E9	8.18911808998729107E-1
8.69999999999999929E9	8.18789226673809978E-1
8.70100000000000051E9	8.18666548420521245E-1
8.70200000000000173E9	8.18543774090094267E-1
8.70299999999999940E9	8.18420904068819688E-1
8.70399999999999885E9	8.18297937963108168E-1
8.70500000000000007E9	8.18174875706398197E-1
8.70599999999999952E9	8.18051717683875879E-1
8.70700000000000074E9	8.17928463721530719E-1
8.70800000000000018E9	8.17805113687372476E-1
8.70899999999999963E9	8.17681667826499492E-1
8.70999999999999908E9	8.17558125886896470E-1
8.71100000000000030E9	8.17434488019121730E-1
8.71199999999999974E9	8.17310754081733037E-1
8.71299999999999919E9	8.17186924459307562E-1
8.71400000000000041E9	8.17062998577516808E-1
8.71499999999999986E9	8.16938977105838937E-1
8.71599999999999930E9	8.16814859365153723E-1
8.71700000000000053E9	8.16690645789170766E-1
8.71799999999999997E9	8.16566336320269492E-1
8.71899999999999942E9	8.16441930686686312E-1
8.72000000000000064E9	8.16317429368646685E-1
8.72100000000000009E9	8.16192831948552922E-1
8.72199999999999953E9	8.16068138771136553E-1
8.72299999999999898E9	8.15943349537048590E-1
8.72400000000000020E9	8.15818464415881195E-1
8.72499999999999964E9	8.15693483474522196E-1
8.72600000000000087E9	8.15568406489096631E-1
8.72700000000000031E9	8.15443233696516323E-1
8.72799999999999976E9	8.15317965066880213E-1
8.72899999999999920E9	8.15192600497983832E-1
8.73000000000000043E9	8.15067140015358049E-1
8.73099999999999987E9	8.14941583676007753E-1
8.73200000000000109E9	8.14815931546617733E-1
8.73300000000000054E9	8.14690183527235590E-1
8.73399999999999999E9	8.14564339591000675E-1
8.73499999999999943E9	8.14438400115465733E-1
8.73600000000000065E9	8.14312364298645797E-1
8.73700000000000010E9	8.14186233257693459E-1
8.73799999999999955E9	8.14060006087471422E-1
8.73900000000000077E9	8.13933683290639109E-1
8.74000000000000021E9	8.13807264412201903E-1
8.74099999999999966E9	8.13680750068841796E-1
8.74200000000000088E9	8.13554139949264332E-1
8.74299999999999855E9	8.13427433836151614E-1
8.74399999999999977E9	8.13300632323578654E-1
8.74500000000000099E9	8.13173734970152928E-1
8.74600000000000044E9	8.13046741621596603E-1
8.74699999999999989E9	8.12919652934230186E-1
8.74799999999999933E9	8.12792468547088731E-1
8.74899999999999878E9	8.12665188615073930E-1
8.75000000000000000E9	8.12537812779314628E-1
8.75100000000000122E9	8.12410341317537288E-1
8.75200000000000067E9	8.12282774480766179E-1
8.75300000000000011E9	8.12155111824411158E-1
8.75399999999999956E9	8.12027353650888806E-1
8.75499999999999901E9	8.11899499905439015E-1
8.75600000000000023E9	8.11771550584581192E-1
8.75700000000000145E9	8.11643505823402478E-1
8.75799999999999912E9	8.11515365474197381E-1
8.75900000000000034E9	8.11387129633082615E-1
8.75999999999999979E9	8.11258798397653180E-1
8.76099999999999923E9	8.11130371709367459E-1
8.76200000000000045E9	8.11001849415283615E-1
8.76299999999999990E9	8.10873231866485789E-1
8.76399999999999935E9	8.10744518811415205E-1
8.76500000000000057E9	8.10615710455187966E-1
8.76600000000000001E9	8.10486806779524294E-1
8.76699999999999946E9	8.10357807778193262E-1
8.76799999999999891E9	8.10228713489410524E-1
8.76900000000000013E9	8.10099523850411529E-1
8.76999999999999957E9	8.09970238792639030E-1
8.77100000000000080E9	8.09840858622212423E-1
8.77200000000000024E9	8.09711383378687088E-1
8.77299999999999969E9	8.09581812720891136E-1
8.77399999999999913E9	8.09452146987523591E-1
8.77500000000000036E9	8.09322386047813325E-1
8.77599999999999980E9	8.09192529946776062E-1
8.77700000000000102E9	8.09062578907064633E-1
8.77800000000000047E9	8.08932532740563559E-1
8.77899999999999991E9	8.08802391532848652E-1
8.77999999999999936E9	8.08672155218876298E-1
8.78100000000000058E9	8.08541823754751654E-1
8.78200000000000003E9	8.08411397691779321E-1
8.78299999999999947E9	8.08280876618139210E-1
8.78400000000000070E9	8.08150260605170345E-1
8.78500000000000014E9	8.08019549608241228E-1
8.78599999999999959E9	8.07888743876010906E-1
8.78700000000000081E9	8.07757843298971068E-1
8.78800000000000026E9	8.07626847706788453E-1
8.78899999999999970E9	8.07495757793510194E-1
8.79000000000000092E9	8.07364572670607394E-1
8.79100000000000037E9	8.07233293108485483E-1
8.79199999999999982E9	8.07101919075739360E-1
8.79299999999999926E9	8.06970450131287365E-1
8.79400000000000048E9	8.06838886542788813E-1
8.79499999999999993E9	8.06707228347110572E-1
8.79600000000000115E9	8.06575475891403748E-1
8.79700000000000060E9	8.06443628661683576E-1
8.79799999999999827E9	8.06311687090915186E-1
8.79899999999999949E9	8.06179651160015531E-1
8.80000000000000071E9	8.06047520675971008E-1
8.80100000000000016E9	8.05915296148698879E-1
8.80200000000000138E9	8.05782976932263395E-1
8.80300000000000082E9	8.05650563668921293E-1
8.80399999999999849E9	8.05518055853377923E-1
8.80499999999999972E9	8.05385454096241737E-1
8.80600000000000094E9	8.05252757862087520E-1
8.80700000000000038E9	8.05119967844438023E-1
8.80799999999999983E9	8.04987083556573246E-1
8.80900000000000105E9	8.04854105212186788E-1
8.80999999999999872E9	8.04721032804638270E-1
8.81099999999999994E9	8.04587866528994589E-1
8.81200000000000117E9	8.04454606287867868E-1
8.81299999999999883E9	8.04321252097226136E-1
8.81400000000000006E9	8.04187804020552655E-1
8.81500000000000128E9	8.04054262068732584E-1
8.81599999999999895E9	8.03920626524764437E-1
8.81700000000000017E9	8.03786896955038266E-1
8.81799999999999962E9	8.03653073976462551E-1
8.81899999999999906E9	8.03519157275972873E-1
8.82000000000000028E9	8.03385147047054460E-1
8.82100000000000151E9	8.03251043265651532E-1
8.82199999999999918E9	8.03116845698609971E-1
8.82299999999999862E9	8.02982555071939785E-1
8.82399999999999984E9	8.02848170641027004E-1
8.82499999999999929E9	8.02713692974390192E-1
8.82600000000000051E9	8.02579122078818052E-1
8.82700000000000173E9	8.02444458006154804E-1
8.82799999999999940E9	8.02309700394012104E-1
8.82899999999999885E9	8.02174849787796873E-1
8.83000000000000007E9	8.02039906038244332E-1
8.83099999999999952E9	8.01904869096687989E-1
8.83200000000000074E9	8.01769739224751987E-1
8.83300000000000018E9	8.01634516294322630E-1
8.83399999999999963E9	8.01499200524118116E-1
8.83499999999999908E9	8.01363791890572585E-1
8.83600000000000030E9	8.01228290293022383E-1
8.83699999999999974E9	8.01092695850579872E-1
8.83799999999999919E9	8.00957009007678167E-1
8.83900000000000041E9	8.00821229284359326E-1
8.83999999999999986E9	8.00685356848707208E-1
8.84099999999999930E9	8.00549392104105983E-1
8.84200000000000053E9	8.00413334511853769E-1
8.84299999999999997E9	8.00277184912320649E-1
8.84399999999999942E9	8.00140942508245345E-1
8.84500000000000064E9	8.00004607861941075E-1
8.84600000000000009E9	7.99868181104972020E-1
8.84699999999999953E9	7.99731661949804806E-1
8.84799999999999898E9	7.99595050614128411E-1
8.84900000000000020E9	7.99458347286347237E-1
8.84999999999999964E9	7.99321551841152456E-1
8.85100000000000087E9	7.99184664557569491E-1
8.85200000000000031E9	7.99047685080098713E-1
8.85299999999999976E9	7.98910614002682617E-1
8.85399999999999920E9	7.98773450876171776E-1
8.85500000000000043E9	7.98636195981959318E-1
8.85599999999999987E9	7.98498849617154249E-1
8.85700000000000109E9	7.98361411499384577E-1
8.85800000000000054E9	7.98223881921560796E-1
8.85899999999999999E9	7.98086260741242626E-1
8.85999999999999943E9	7.97948547998668900E-1
8.86100000000000065E9	7.97810744340641875E-1
8.86200000000000010E9	7.97672848849361849E-1
8.86299999999999955E9	7.97534862418961055E-1
8.86400000000000077E9	7.97396784815681592E-1
8.86500000000000021E9	7.97258616082711313E-1
8.86599999999999966E9	7.97120356218433113E-1
8.86700000000000088E9	7.96982005466656851E-1
8.86799999999999855E9	7.96843563927114840E-1
8.86899999999999977E9	7.96705031300454092E-1
8.87000000000000099E9	7.96566407958315903E-1
8.87100000000000044E9	7.96427694175652157E-1
8.87199999999999989E9	7.96288889545518241E-1
8.87299999999999933E9	7.96149994512984982E-1
8.87399999999999878E9	7.96011008737888837E-1
8.87500000000000000E9	7.95871932604542831E-1
8.87600000000000122E9	7.95732766306326411E-1
8.87700000000000067E9	7.95593509890354955E-1
8.87800000000000011E9	7.95454163019916116E-1
8.87899999999999956E9	7.95314725918251231E-1
8.87999999999999901E9	7.95175198952347895E-1
8.88100000000000023E9	7.95035582265729523E-1
8.88200000000000145E9	7.94895875317940614E-1
8.88299999999999912E9	7.94756078878298577E-1
8.88400000000000034E9	7.94616192548700084E-1
8.88499999999999979E9	7.94476216580571570E-1
8.88599999999999923E9	7.94336150800332152E-1
8.88700000000000045E9	7.94195995839199043E-1
8.88799999999999990E9	7.94055751391183939E-1
8.88899999999999935E9	7.93915417639090037E-1
8.89000000000000057E9	7.93774994379202870E-1
8.89100000000000001E9	7.93634482370172645E-1
8.89199999999999946E9	7.93493880986372613E-1
8.89299999999999891E9	7.93353190730097158E-1
8.89400000000000013E9	7.93212411389321836E-1
8.89499999999999957E9	7.93071543243696730E-1
8.89600000000000080E9	7.92930586215746125E-1
8.89700000000000024E9	7.92789540640598389E-1
8.89799999999999969E9	7.92648406698174668E-1
8.89899999999999913E9	7.92507184367440232E-1
8.90000000000000036E9	7.92365872977841512E-1
8.90099999999999980E9	7.92224473497532955E-1
8.90200000000000102E9	7.92082985921272353E-1
8.90300000000000047E9	7.91941410075363983E-1
8.90399999999999991E9	7.91799746371718527E-1
8.90499999999999936E9	7.91657994848470992E-1
8.90600000000000058E9	7.91516154914243408E-1
8.90700000000000003E9	7.91374227363046501E-1
8.90799999999999947E9	7.91232212110635569E-1
8.90900000000000070E9	7.91090109399421415E-1
8.91000000000000014E9	7.90947919061878135E-1
8.91099999999999959E9	7.90805641251296088E-1
8.91200000000000081E9	7.90663276222397648E-1
8.91300000000000026E9	7.90520823910806048E-1
8.91399999999999970E9	7.90378284472764125E-1
8.91500000000000092E9	7.90235658102783667E-1
8.91600000000000037E9	7.90092944561001431E-1
8.91699999999999982E9	7.89950144200206772E-1
8.91799999999999926E9	7.89807257157193199E-1
8.91900000000000048E9	7.89664283565415559E-1
8.91999999999999993E9	7.89521223329118094E-1
8.92100000000000115E9	7.89378076563021924E-1
8.92200000000000060E9	7.89234843334032909E-1
8.92299999999999827E9	7.89091524184881088E-1
8.92399999999999949E9	7.88948118412603883E-1
8.92500000000000071E9	7.88804627432179029E-1
8.92600000000000016E9	7.88661049901110545E-1
8.92700000000000138E9	7.88517386414904031E-1
8.92800000000000082E9	7.88373637697176743E-1
8.92899999999999849E9	7.88229802676400837E-1
8.92999999999999972E9	7.88085882459054510E-1
8.93100000000000094E9	7.87941876799456242E-1
8.93200000000000038E9	7.87797785661584449E-1
8.93299999999999983E9	7.87653609355511541E-1
8.93400000000000105E9	7.87509348187401592E-1
8.93499999999999872E9	7.87365001712457246E-1
8.93599999999999994E9	7.87220570620866500E-1
8.93700000000000117E9	7.87076054715576934E-1
8.93799999999999883E9	7.86931454016111775E-1
8.93900000000000006E9	7.86786768707445638E-1
8.94000000000000128E9	7.86641999054960728E-1
8.94099999999999895E9	7.86497145357446215E-1
8.94200000000000017E9	7.86352207010728943E-1
8.94299999999999962E9	7.86207184510827073E-1
8.94399999999999906E9	7.86062078482910209E-1
8.94500000000000028E9	7.85916888267875358E-1
8.94600000000000151E9	7.85771614457199696E-1
8.94699999999999918E9	7.85626256775949461E-1
8.94799999999999862E9	7.85480815351837247E-1
8.94899999999999984E9	7.85335291060933827E-1
8.94999999999999929E9	7.85189683142411532E-1
8.95100000000000051E9	7.85043992244051747E-1
8.95200000000000173E9	7.84898218279110527E-1
8.95299999999999940E9	7.84752361134823495E-1
8.95399999999999885E9	7.84606421458922565E-1
8.95500000000000007E9	7.84460398805423864E-1
8.95599999999999952E9	7.84314293875463342E-1
8.95700000000000074E9	7.84168106627212680E-1
8.95800000000000018E9	7.84021836348006751E-1
8.95899999999999963E9	7.83875484858600924E-1
8.95999999999999908E9	7.83729050618399814E-1
8.96100000000000030E9	7.83582534523438667E-1
8.96199999999999974E9	7.83435936855536497E-1
8.96299999999999919E9	7.83289257282567952E-1
8.96400000000000041E9	7.83142496390424103E-1
8.96499999999999986E9	7.82995653741107578E-1
8.96599999999999930E9	7.82848730027722173E-1
8.96700000000000053E9	7.82701724815726685E-1
8.96799999999999997E9	7.82554638952000925E-1
8.96899999999999942E9	7.82407471900343321E-1
8.97000000000000064E9	7.82260224209885102E-1
8.97100000000000009E9	7.82112896099364008E-1
8.97199999999999953E9	7.81965487208824417E-1
8.97299999999999898E9	7.81817997704136314E-1
8.97400000000000020E9	7.81670428497734626E-1
8.97499999999999964E9	7.81522778739469093E-1
8.97600000000000087E9	7.81375049340101668E-1
8.97700000000000031E9	7.81227239850352539E-1
8.97799999999999976E9	7.81079350988164389E-1
8.97899999999999920E9	7.80931382186690914E-1
8.98000000000000043E9	7.80783334585614419E-1
8.98099999999999987E9	7.80635206986987384E-1
8.98200000000000109E9	7.80487000367694073E-1
8.98300000000000054E9	7.80338715314291331E-1
8.98399999999999999E9	7.80190351015257555E-1
8.98499999999999943E9	7.80041907893110853E-1
8.98600000000000065E9	7.79893386347781270E-1
8.98700000000000010E9	7.79744786589442818E-1
8.98799999999999955E9	7.79596108590216730E-1
8.98900000000000077E9	7.79447351913452380E-1
8.99000000000000021E9	7.79298517541326596E-1
8.99099999999999966E9	7.79149605676636980E-1
8.99200000000000088E9	7.79000615797792229E-1
8.99299999999999855E9	7.78851548370100488E-1
8.99399999999999977E9	7.78702403677281030E-1
8.99500000000000099E9	7.78553181800446215E-1
8.99600000000000044E9	7.78403882466679597E-1
8.99699999999999989E9	7.78254506748814823E-1
8.99799999999999933E9	7.78105054088363080E-1
8.99899999999999878E9	7.77955524785494479E-1
9.00000000000000000E9	7.77805918770892823E-1
9.00100000000000122E9	7.77656236499114506E-1
9.00200000000000067E9	7.77506478457880146E-1
9.00300000000000011E9	7.77356644432274368E-1
9.00399999999999956E9	7.77206734450471615E-1
9.00499999999999901E9	7.77056748069380721E-1
9.00600000000000023E9	7.76906687219768965E-1
9.00700000000000145E9	7.76756550942825008E-1
9.00799999999999912E9	7.76606338860222145E-1
9.00900000000000034E9	7.76456051865525687E-1
9.00999999999999979E9	7.76305690141150606E-1
9.01099999999999923E9	7.76155253665174527E-1
9.01200000000000045E9	7.76004742849451734E-1
9.01299999999999990E9	7.75854157319499116E-1
9.01399999999999935E9	7.75703497763101524E-1
9.01500000000000057E9	7.75552764265100336E-1
9.01600000000000001E9	7.75401956759509048E-1
9.01699999999999946E9	7.75251075376727172E-1
9.01799999999999891E9	7.75100120334265430E-1
9.01900000000000013E9	7.74949092578515408E-1
9.01999999999999957E9	7.74797991327819524E-1
9.02100000000000080E9	7.74646816880925382E-1
9.02200000000000024E9	7.74495569796703975E-1
9.02299999999999969E9	7.74344249299674825E-1
9.02399999999999913E9	7.74192857199678208E-1
9.02500000000000036E9	7.74041392531124917E-1
9.02599999999999980E9	7.73889855437807661E-1
9.02700000000000102E9	7.73738246734282598E-1
9.02800000000000047E9	7.73586565658690262E-1
9.02899999999999991E9	7.73434813992130632E-1
9.02999999999999936E9	7.73282990054203090E-1
9.03100000000000058E9	7.73131094723899537E-1
9.03200000000000003E9	7.72979128301911622E-1
9.03299999999999947E9	7.72827091305781266E-1
9.03400000000000070E9	7.72674983489637945E-1
9.03500000000000014E9	7.72522805489433750E-1
9.03599999999999959E9	7.72370556371745387E-1
9.03700000000000081E9	7.72218237448117506E-1
9.03800000000000026E9	7.72065848831683699E-1
9.03899999999999970E9	7.71913389794939153E-1
9.04000000000000092E9	7.71760861803061005E-1
9.04100000000000037E9	7.71608263813927753E-1
9.04199999999999982E9	7.71455596678480848E-1
9.04299999999999926E9	7.71302860838835436E-1
9.04400000000000048E9	7.71150055960963421E-1
9.04499999999999993E9	7.70997182426431671E-1
9.04600000000000115E9	7.70844240266894243E-1
9.04700000000000060E9	7.70691229672673916E-1
9.04799999999999827E9	7.70538151122602777E-1
9.04899999999999949E9	7.70385004739345547E-1
9.05000000000000071E9	7.70231791071525151E-1
9.05100000000000016E9	7.70078509345309037E-1
9.05200000000000138E9	7.69925160487203719E-1
9.05300000000000082E9	7.69771744367062993E-1
9.05399999999999849E9	7.69618261463279119E-1
9.05499999999999972E9	7.69464712096926284E-1
9.05600000000000094E9	7.69311095384246357E-1
9.05700000000000038E9	7.69157413539494517E-1
9.05799999999999983E9	7.69003664892759708E-1
9.05900000000000105E9	7.68849850487143627E-1
9.05999999999999872E9	7.68695970615469903E-1
9.06099999999999994E9	7.68542024417484981E-1
9.06200000000000117E9	7.68388013974163098E-1
9.06299999999999883E9	7.68233937960538604E-1
9.06400000000000006E9	7.68079796673355908E-1
9.06500000000000128E9	7.67925590980770956E-1
9.06599999999999895E9	7.67771321523407124E-1
9.06700000000000017E9	7.67616986832987003E-1
9.06799999999999962E9	7.67462588760504349E-1
9.06899999999999906E9	7.67308126778172372E-1
9.07000000000000028E9	7.67153600867229191E-1
9.07100000000000151E9	7.66999012051223250E-1
9.07199999999999918E9	7.66844359297268330E-1
9.07299999999999862E9	7.66689644122416247E-1
9.07399999999999984E9	7.66534866107549373E-1
9.07499999999999929E9	7.66380025686926558E-1
9.07600000000000051E9	7.66225122994277896E-1
9.07700000000000173E9	7.66070157927156270E-1
9.07799999999999940E9	7.65915131175940367E-1
9.07899999999999885E9	7.65760042712632671E-1
9.08000000000000007E9	7.65604892757118627E-1
9.08099999999999952E9	7.65449681987658792E-1
9.08200000000000074E9	7.65294409865945191E-1
9.08300000000000018E9	7.65139077080676966E-1
9.08399999999999963E9	7.64983683521581437E-1
9.08499999999999908E9	7.64828230035166889E-1
9.08600000000000030E9	7.64672716169401312E-1
9.08699999999999974E9	7.64517142855732246E-1
9.08799999999999919E9	7.64361510009647915E-1
9.08900000000000041E9	7.64205817153835820E-1
9.08999999999999986E9	7.64050065064601647E-1
9.09099999999999930E9	7.63894254646556448E-1
9.09200000000000053E9	7.63738385185264690E-1
9.09299999999999997E9	7.63582457747906229E-1
9.09399999999999942E9	7.63426471415307439E-1
9.09500000000000064E9	7.63270427633393567E-1
9.09600000000000009E9	7.63114325860202225E-1
9.09699999999999953E9	7.62958166839382734E-1
9.09799999999999898E9	7.62801950331666845E-1
9.09900000000000020E9	7.62645676879670553E-1
9.09999999999999964E9	7.62489346634616627E-1
9.10100000000000087E9	7.62332959568051383E-1
9.10200000000000031E9	7.62176516810213567E-1
9.10299999999999976E9	7.62020017617248602E-1
9.10399999999999920E9	7.61863463068579172E-1
9.10500000000000043E9	7.61706851758209780E-1
9.10599999999999987E9	7.61550186140972674E-1
9.10700000000000109E9	7.61393465357609145E-1
9.10800000000000054E9	7.61236689490348972E-1
9.10899999999999999E9	7.61079859049285989E-1
9.10999999999999943E9	7.60922974294330867E-1
9.11100000000000065E9	7.60766035537797514E-1
9.11200000000000010E9	7.60609043140964225E-1
9.11299999999999955E9	7.60451996908072658E-1
9.11400000000000077E9	7.60294897457969654E-1
9.11500000000000021E9	7.60137745464511294E-1
9.11599999999999966E9	7.59980539501760077E-1
9.11700000000000088E9	7.59823282119331012E-1
9.11799999999999855E9	7.59665971760041270E-1
9.11899999999999977E9	7.59508609471326235E-1
9.12000000000000099E9	7.59351195652868149E-1
9.12100000000000044E9	7.59193730298301173E-1
9.12199999999999989E9	7.59036213846957519E-1
9.12299999999999933E9	7.58878646477456176E-1
9.12399999999999878E9	7.58721027633717426E-1
9.12500000000000000E9	7.58563359267251691E-1
9.12600000000000122E9	7.58405640143866489E-1
9.12700000000000067E9	7.58247871302820009E-1
9.12800000000000011E9	7.58090052893459543E-1
9.12899999999999956E9	7.57932184879093462E-1
9.12999999999999901E9	7.57774268645091809E-1
9.13100000000000023E9	7.57616302591299906E-1
9.13200000000000145E9	7.57458288138238434E-1
9.13299999999999912E9	7.57300225489778356E-1
9.13400000000000034E9	7.57142115149958883E-1
9.13499999999999979E9	7.56983956470338892E-1
9.13599999999999923E9	7.56825750316398516E-1
9.13700000000000045E9	7.56667497871700423E-1
9.13799999999999990E9	7.56509198176422348E-1
9.13899999999999935E9	7.56350851146229530E-1
9.14000000000000057E9	7.56192458315939309E-1
9.14100000000000001E9	7.56034018990463252E-1
9.14199999999999946E9	7.55875534099715640E-1
9.14299999999999891E9	7.55717004642181056E-1
9.14400000000000013E9	7.55558428783028546E-1
9.14499999999999957E9	7.55399808398078410E-1
9.14600000000000080E9	7.55241143103575929E-1
9.14700000000000024E9	7.55082434252670254E-1
9.14799999999999969E9	7.54923681094384413E-1
9.14899999999999913E9	7.54764883352420135E-1
9.15000000000000036E9	7.54606043094287315E-1
9.15099999999999980E9	7.54447159511990950E-1
9.15200000000000102E9	7.54288232447607765E-1
9.15300000000000047E9	7.54129263343169320E-1
9.15399999999999991E9	7.53970252354329684E-1
9.15499999999999936E9	7.53811197907434405E-1
9.15600000000000058E9	7.53652102517755029E-1
9.15700000000000003E9	7.53492966126658992E-1
9.15799999999999947E9	7.53333788395379234E-1
9.15900000000000070E9	7.53174569575988606E-1
9.16000000000000014E9	7.53015310247807967E-1
9.16099999999999959E9	7.52856010633827033E-1
9.16200000000000081E9	7.52696671294784281E-1
9.16300000000000026E9	7.52537292686837844E-1
9.16399999999999970E9	7.52377874475858999E-1
9.16500000000000092E9	7.52218417267121264E-1
9.16600000000000037E9	7.52058921483767850E-1
9.16699999999999982E9	7.51899386655466451E-1
9.16799999999999926E9	7.51739814952636287E-1
9.16900000000000048E9	7.51580204993431700E-1
9.16999999999999993E9	7.51420557157589819E-1
9.17100000000000115E9	7.51260872790233325E-1
9.17200000000000060E9	7.51101151182491655E-1
9.17299999999999827E9	7.50941393306929683E-1
9.17399999999999949E9	7.50781599235527963E-1
9.17500000000000071E9	7.50621769390581584E-1
9.17600000000000016E9	7.50461903909824368E-1
9.17700000000000138E9	7.50302002834357573E-1
9.17800000000000082E9	7.50142067193628304E-1
9.17899999999999849E9	7.49982097011698023E-1
9.17999999999999972E9	7.49822092394185447E-1
9.18100000000000094E9	7.49662054263289512E-1
9.18200000000000038E9	7.49501981789257954E-1
9.18299999999999983E9	7.49341876986075572E-1
9.18400000000000105E9	7.49181738915707562E-1
9.18499999999999872E9	7.49021567552335288E-1
9.18599999999999994E9	7.48861364717306621E-1
9.18700000000000117E9	7.48701128977867292E-1
9.18799999999999883E9	7.48540862619484049E-1
9.18900000000000006E9	7.48380564941974580E-1
9.19000000000000128E9	7.48220235885738383E-1
9.19099999999999895E9	7.48059876046275640E-1
9.19200000000000017E9	7.47899485919538520E-1
9.19299999999999962E9	7.47739066381637052E-1
9.19399999999999906E9	7.47578616786140149E-1
9.19500000000000028E9	7.47418137619642575E-1
9.19600000000000151E9	7.47257629750399577E-1
9.19699999999999918E9	7.47097093088852393E-1
9.19799999999999862E9	7.46936529271479710E-1
9.19899999999999984E9	7.46775936765442871E-1
9.19999999999999929E9	7.46615316330376455E-1
9.20100000000000051E9	7.46454669320367170E-1
9.20200000000000173E9	7.46293994954261830E-1
9.20299999999999940E9	7.46133294389384183E-1
9.20399999999999885E9	7.45972567521152286E-1
9.20500000000000007E9	7.45811814730077849E-1
9.20599999999999952E9	7.45651036300292258E-1
9.20700000000000074E9	7.45490233203992769E-1
9.20800000000000018E9	7.45329404938957651E-1
9.20899999999999963E9	7.45168552680838481E-1
9.20999999999999908E9	7.45007676425597065E-1
9.21100000000000030E9	7.44846775466351918E-1
9.21199999999999974E9	7.44685852081636135E-1
9.21299999999999919E9	7.44524905680085780E-1
9.21400000000000041E9	7.44363936352379518E-1
9.21499999999999986E9	7.44202945307976549E-1
9.21599999999999930E9	7.44041931845764370E-1
9.21700000000000053E9	7.43880897082225712E-1
9.21799999999999997E9	7.43719840825375833E-1
9.21899999999999942E9	7.43558764102203362E-1
9.22000000000000064E9	7.43397666526604439E-1
9.22100000000000009E9	7.43236549752951525E-1
9.22199999999999953E9	7.43075412998493778E-1
9.22299999999999898E9	7.42914256189784084E-1
9.22400000000000020E9	7.42753081009075267E-1
9.22499999999999964E9	7.42591887712176124E-1
9.22600000000000087E9	7.42430675321972977E-1
9.22700000000000031E9	7.42269446068011174E-1
9.22799999999999976E9	7.42108198570126021E-1
9.22899999999999920E9	7.41946934144858972E-1
9.23000000000000043E9	7.41785653296989533E-1
9.23099999999999987E9	7.41624355909994648E-1
9.23200000000000109E9	7.41463042500807035E-1
9.23300000000000054E9	7.41301714230662689E-1
9.23399999999999999E9	7.41140370697451889E-1
9.23499999999999943E9	7.40979010972313912E-1
9.23600000000000065E9	7.40817638362262620E-1
9.23700000000000010E9	7.40656251226037554E-1
9.23799999999999955E9	7.40494850464412657E-1
9.23900000000000077E9	7.40333436997242433E-1
9.24000000000000021E9	7.40172010161184701E-1
9.24099999999999966E9	7.40010571326991595E-1
9.24200000000000088E9	7.39849119849065140E-1
9.24299999999999855E9	7.39687657241269214E-1
9.24399999999999977E9	7.39526182772917551E-1
9.24500000000000099E9	7.39364698206967574E-1
9.24600000000000044E9	7.39203203269527442E-1
9.24699999999999989E9	7.39041697265113040E-1
9.24799999999999933E9	7.38880182337462621E-1
9.24899999999999878E9	7.38718658145558482E-1
9.25000000000000000E9	7.38557124360646799E-1
9.25100000000000122E9	7.38395583301203917E-1
9.25200000000000067E9	7.38234033349840502E-1
9.25300000000000011E9	7.38072475657959615E-1
9.25399999999999956E9	7.37910910947644005E-1
9.25499999999999901E9	7.37749339971635276E-1
9.25600000000000023E9	7.37587762498654698E-1
9.25700000000000145E9	7.37426178086676742E-1
9.25799999999999912E9	7.37264589439173967E-1
9.25900000000000034E9	7.37102994588360438E-1
9.25999999999999979E9	7.36941395165579216E-1
9.26099999999999923E9	7.36779791591418132E-1
9.26200000000000045E9	7.36618184647206320E-1
9.26299999999999990E9	7.36456573438298001E-1
9.26399999999999935E9	7.36294958558691004E-1
9.26500000000000057E9	7.36133342676166968E-1
9.26600000000000001E9	7.35971723017339041E-1
9.26699999999999946E9	7.35810102416274070E-1
9.26799999999999891E9	7.35648480420425344E-1
9.26900000000000013E9	7.35486857171160047E-1
9.26999999999999957E9	7.35325233061073913E-1
9.27100000000000080E9	7.35163609314500377E-1
9.27200000000000024E9	7.35001985569327498E-1
9.27299999999999969E9	7.34840362986742157E-1
9.27399999999999913E9	7.34678741018787829E-1
9.27500000000000036E9	7.34517121348369173E-1
9.27599999999999980E9	7.34355503592550107E-1
9.27700000000000102E9	7.34193888440821496E-1
9.27800000000000047E9	7.34032275207188700E-1
9.27899999999999991E9	7.33870666281058881E-1
9.27999999999999936E9	7.33709061028939935E-1
9.28100000000000058E9	7.33547460020431430E-1
9.28200000000000003E9	7.33385863259615078E-1
9.28299999999999947E9	7.33224271971431563E-1
9.28400000000000070E9	7.33062686575563749E-1
9.28500000000000014E9	7.32901106690372117E-1
9.28599999999999959E9	7.32739533031060475E-1
9.28700000000000081E9	7.32577967192035384E-1
9.28800000000000026E9	7.32416407676638759E-1
9.28899999999999970E9	7.32254856379540353E-1
9.29000000000000092E9	7.32093312945818031E-1
9.29100000000000037E9	7.31931779226217305E-1
9.29199999999999982E9	7.31770253595606679E-1
9.29299999999999926E9	7.31608739068962066E-1
9.29400000000000048E9	7.31447232857951235E-1
9.29499999999999993E9	7.31285737565107752E-1
9.29600000000000115E9	7.31124253517368139E-1
9.29700000000000060E9	7.30962782429961511E-1
9.29799999999999827E9	7.30801320877899485E-1
9.29899999999999949E9	7.30639873607715273E-1
9.30000000000000071E9	7.30478437621249732E-1
9.30100000000000016E9	7.30317015276510251E-1
9.30200000000000138E9	7.30155607116436567E-1
9.30300000000000082E9	7.29994212595410019E-1
9.30399999999999849E9	7.29832833202654285E-1
9.30499999999999972E9	7.29671469346195778E-1
9.30600000000000094E9	7.29510121342506235E-1
9.30700000000000038E9	7.29348787784159747E-1
9.30799999999999983E9	7.29187472342814669E-1
9.30900000000000105E9	7.29026173687881940E-1
9.30999999999999872E9	7.28864891913283053E-1
9.31099999999999994E9	7.28703629570362033E-1
9.31200000000000117E9	7.28542384032761170E-1
9.31299999999999883E9	7.28381159475718754E-1
9.31400000000000006E9	7.28219952448312746E-1
9.31500000000000128E9	7.28058765941564801E-1
9.31599999999999895E9	7.27897599914289462E-1
9.31700000000000017E9	7.27736454882732620E-1
9.31799999999999962E9	7.27575331668182201E-1
9.31899999999999906E9	7.27414228930360363E-1
9.32000000000000028E9	7.27253150043025087E-1
9.32100000000000151E9	7.27092093755793911E-1
9.32199999999999918E9	7.26931060285993880E-1
9.32299999999999862E9	7.26770050681696489E-1
9.32399999999999984E9	7.26609065517418440E-1
9.32499999999999929E9	7.26448106072668942E-1
9.32600000000000051E9	7.26287171306756552E-1
9.32700000000000173E9	7.26126261272145523E-1
9.32799999999999940E9	7.25965379379142206E-1
9.32899999999999885E9	7.25804523534960921E-1
9.33000000000000007E9	7.25643694597038014E-1
9.33099999999999952E9	7.25482894683227286E-1
9.33200000000000074E9	7.25322121689932597E-1
9.33300000000000018E9	7.25161377164645060E-1
9.33399999999999963E9	7.25000663118330024E-1
9.33499999999999908E9	7.24839978931848705E-1
9.33600000000000030E9	7.24679324432759131E-1
9.33699999999999974E9	7.24518702066365172E-1
9.33799999999999919E9	7.24358110415281420E-1
9.33900000000000041E9	7.24197549999055212E-1
9.33999999999999986E9	7.24037021802688674E-1
9.34099999999999930E9	7.23876527962681315E-1
9.34200000000000053E9	7.23716066574671490E-1
9.34299999999999997E9	7.23555639474945256E-1
9.34399999999999942E9	7.23395246501249201E-1
9.34500000000000064E9	7.23234888786169883E-1
9.34600000000000009E9	7.23074566138370400E-1
9.34699999999999953E9	7.22914279805043236E-1
9.34799999999999898E9	7.22754030402217840E-1
9.34900000000000020E9	7.22593817767392377E-1
9.34999999999999964E9	7.22433642488863370E-1
9.35100000000000087E9	7.22273506056305781E-1
9.35200000000000031E9	7.22113407778615368E-1
9.35299999999999976E9	7.21953348282772023E-1
9.35399999999999920E9	7.21793329099389425E-1
9.35500000000000043E9	7.21633350557837527E-1
9.35599999999999987E9	7.21473410925056413E-1
9.35700000000000109E9	7.21313515176198994E-1
9.35800000000000054E9	7.21153659286003812E-1
9.35899999999999999E9	7.20993847377638186E-1
9.35999999999999943E9	7.20834077235922432E-1
9.36100000000000065E9	7.20674350127652907E-1
9.36200000000000010E9	7.20514669535842067E-1
9.36299999999999955E9	7.20355030838892674E-1
9.36400000000000077E9	7.20195438083010142E-1
9.36500000000000021E9	7.20035890640203213E-1
9.36599999999999966E9	7.19876389678742434E-1
9.36700000000000088E9	7.19716936147914588E-1
9.36799999999999855E9	7.19557529317399336E-1
9.36899999999999977E9	7.19398169682999900E-1
9.37000000000000099E9	7.19238859560201416E-1
9.37100000000000044E9	7.19079598123676256E-1
9.37199999999999989E9	7.18920385927657701E-1
9.37299999999999933E9	7.18761223446484898E-1
9.37399999999999878E9	7.18602112700181905E-1
9.37500000000000000E9	7.18443052386853154E-1
9.37600000000000122E9	7.18284044375524111E-1
9.37700000000000067E9	7.18125086898868936E-1
9.37800000000000011E9	7.17966184051029011E-1
9.37899999999999956E9	7.17807333907715339E-1
9.37999999999999901E9	7.17648538037162975E-1
9.38100000000000023E9	7.17489796286867865E-1
9.38200000000000145E9	7.17331109925619970E-1
9.38299999999999912E9	7.17172479096075310E-1
9.38400000000000034E9	7.17013904465389817E-1
9.38499999999999979E9	7.16855386471837353E-1
9.38599999999999923E9	7.16696926082192398E-1
9.38700000000000045E9	7.16538524039624125E-1
9.38799999999999990E9	7.16380180096338659E-1
9.38899999999999935E9	7.16221894838307538E-1
9.39000000000000057E9	7.16063669694161220E-1
9.39100000000000001E9	7.15905504334509857E-1
9.39199999999999946E9	7.15747400653374299E-1
9.39299999999999891E9	7.15589359247981172E-1
9.39400000000000013E9	7.15431377704985305E-1
9.39499999999999957E9	7.15273459236729803E-1
9.39600000000000080E9	7.15115605449970460E-1
9.39700000000000024E9	7.14957814310812800E-1
9.39799999999999969E9	7.14800086649020017E-1
9.39899999999999913E9	7.14642425405164960E-1
9.40000000000000036E9	7.14484828928210725E-1
9.40099999999999980E9	7.14327297980078590E-1
9.40200000000000102E9	7.14169834037170137E-1
9.40300000000000047E9	7.14012438192721888E-1
9.40399999999999991E9	7.13855110528260450E-1
9.40499999999999936E9	7.13697850244237664E-1
9.40600000000000058E9	7.13540659002735822E-1
9.40700000000000003E9	7.13383537441435323E-1
9.40799999999999947E9	7.13226486125051107E-1
9.40900000000000070E9	7.13069506345194615E-1
9.41000000000000014E9	7.12912598681635234E-1
9.41099999999999959E9	7.12755761079636319E-1
9.41200000000000081E9	7.12598997328543682E-1
9.41300000000000026E9	7.12442306345314780E-1
9.41399999999999970E9	7.12285690666878679E-1
9.41500000000000092E9	7.12129147600985313E-1
9.41600000000000037E9	7.11972679864948166E-1
9.41699999999999982E9	7.11816288332436020E-1
9.41799999999999926E9	7.11659972180980738E-1
9.41900000000000048E9	7.11503734905702157E-1
9.41999999999999993E9	7.11347573743469930E-1
9.42100000000000115E9	7.11191491565114742E-1
9.42200000000000060E9	7.11035487573098202E-1
9.42299999999999827E9	7.10879563191944364E-1
9.42399999999999949E9	7.10723718295249718E-1
9.42500000000000071E9	7.10567955986177324E-1
9.42600000000000016E9	7.10412272193401328E-1
9.42700000000000138E9	7.10256672195195815E-1
9.42800000000000082E9	7.10101154086365760E-1
9.42899999999999849E9	7.09945719036405354E-1
9.42999999999999972E9	7.09790367477560835E-1
9.43100000000000094E9	7.09635100609950076E-1
9.43200000000000038E9	7.09479919566210881E-1
9.43299999999999983E9	7.09324822047286396E-1
9.43400000000000105E9	7.09169812739540539E-1
9.43499999999999872E9	7.09014888353504791E-1
9.43599999999999994E9	7.08860053960990122E-1
9.43700000000000117E9	7.08705305606995406E-1
9.43799999999999883E9	7.08550647051129801E-1
9.43900000000000006E9	7.08396078260736317E-1
9.44000000000000128E9	7.08241597930548927E-1
9.44099999999999895E9	7.08087210145119528E-1
9.44200000000000017E9	7.07932912776515799E-1
9.44299999999999962E9	7.07778708070170737E-1
9.44399999999999906E9	7.07624595116417421E-1
9.44500000000000028E9	7.07470575858263917E-1
9.44600000000000151E9	7.07316650621052823E-1
9.44699999999999918E9	7.07162819313961855E-1
9.44799999999999862E9	7.07009083681541739E-1
9.44899999999999984E9	7.06855443493926039E-1
9.44999999999999929E9	7.06701901930562482E-1
9.45100000000000051E9	7.06548455137873077E-1
9.45200000000000173E9	7.06395106682820551E-1
9.45299999999999940E9	7.06241856404603041E-1
9.45399999999999885E9	7.06088706352259265E-1
9.45500000000000007E9	7.05935655525519756E-1
9.45599999999999952E9	7.05782705310678882E-1
9.45700000000000074E9	7.05629856326886262E-1
9.45800000000000018E9	7.05477108061278457E-1
9.45899999999999963E9	7.05324463121008449E-1
9.45999999999999908E9	7.05171920323726109E-1
9.46100000000000030E9	7.05019481972624362E-1
9.46199999999999974E9	7.04867147455747212E-1
9.46299999999999919E9	7.04714919131133932E-1
9.46400000000000041E9	7.04562796788938073E-1
9.46499999999999986E9	7.04410779424982181E-1
9.46599999999999930E9	7.04258869380841901E-1
9.46700000000000053E9	7.04107067139903098E-1
9.46799999999999997E9	7.03955374201966055E-1
9.46899999999999942E9	7.03803789286783044E-1
9.47000000000000064E9	7.03652313938944918E-1
9.47100000000000009E9	7.03500950012556103E-1
9.47199999999999953E9	7.03349697475403701E-1
9.47299999999999898E9	7.03198555676098014E-1
9.47400000000000020E9	7.03047525537635476E-1
9.47499999999999964E9	7.02896611408901784E-1
9.47600000000000087E9	7.02745808583276599E-1
9.47700000000000031E9	7.02595121098405073E-1
9.47799999999999976E9	7.02444549627729664E-1
9.47899999999999920E9	7.02294092186141405E-1
9.48000000000000043E9	7.02143752640991359E-1
9.48099999999999987E9	7.01993529240501957E-1
9.48200000000000109E9	7.01843425553462108E-1
9.48300000000000054E9	7.01693437823718735E-1
9.48399999999999999E9	7.01543572113921687E-1
9.48499999999999943E9	7.01393823775759984E-1
9.48600000000000065E9	7.01244197448423101E-1
9.48700000000000010E9	7.01094693597828922E-1
9.48799999999999955E9	7.00945310735792049E-1
9.48900000000000077E9	7.00796049562212975E-1
9.49000000000000021E9	7.00646912796613108E-1
9.49099999999999966E9	7.00497902352785040E-1
9.49200000000000088E9	7.00349014761627942E-1
9.49299999999999855E9	7.00200251606983848E-1
9.49399999999999977E9	7.00051615942324190E-1
9.49500000000000099E9	6.99903106183190626E-1
9.49600000000000044E9	6.99754726611325495E-1
9.49699999999999989E9	6.99606473975548226E-1
9.49799999999999933E9	6.99458349554879089E-1
9.49899999999999878E9	6.99310355726728083E-1
9.50000000000000000E9	6.99162491144124942E-1
9.50100000000000122E9	6.99014759420291920E-1
9.50200000000000067E9	6.98867160441454782E-1
9.50300000000000011E9	6.98719690713797625E-1
9.50399999999999956E9	6.98572356203524691E-1
9.50499999999999901E9	6.98425155431332811E-1
9.50600000000000023E9	6.98278090364134485E-1
9.50700000000000145E9	6.98131159580363292E-1
9.50799999999999912E9	6.97984365509269811E-1
9.50900000000000034E9	6.97837708372631571E-1
9.50999999999999979E9	6.97691187921740763E-1
9.51099999999999923E9	6.97544807009883350E-1
9.51200000000000045E9	6.97398564680377042E-1
9.51299999999999990E9	6.97252463274431467E-1
9.51399999999999935E9	6.97106500711461496E-1
9.51500000000000057E9	6.96960679010671935E-1
9.51600000000000001E9	6.96815001341157281E-1
9.51699999999999946E9	6.96669463426058577E-1
9.51799999999999891E9	6.96524071313319393E-1
9.51900000000000013E9	6.96378823399240066E-1
9.51999999999999957E9	6.96233718806372437E-1
9.52100000000000080E9	6.96088760618861357E-1
9.52200000000000024E9	6.95943948037156801E-1
9.52299999999999969E9	6.95799282824228271E-1
9.52399999999999913E9	6.95654766689948900E-1
9.52500000000000036E9	6.95510397431128524E-1
9.52599999999999980E9	6.95366177443408695E-1
9.52700000000000102E9	6.95222108263289229E-1
9.52800000000000047E9	6.95078190347039282E-1
9.52899999999999991E9	6.94934422660835072E-1
9.52999999999999936E9	6.94790806556081630E-1
9.53100000000000058E9	6.94647344566433933E-1
9.53200000000000003E9	6.94504035057775937E-1
9.53299999999999947E9	6.94360879829065247E-1
9.53400000000000070E9	6.94217882490217963E-1
9.53500000000000014E9	6.94075037910355341E-1
9.53599999999999959E9	6.93932352066271996E-1
9.53700000000000081E9	6.93789823221985102E-1
9.53800000000000026E9	6.93647451225736589E-1
9.53899999999999970E9	6.93505238791277101E-1
9.54000000000000092E9	6.93363185026687479E-1
9.54100000000000037E9	6.93221294423090750E-1
9.54199999999999982E9	6.93079561569292224E-1
9.54299999999999926E9	6.92937992523521640E-1
9.54400000000000048E9	6.92796585947550980E-1
9.54499999999999993E9	6.92655343175573890E-1
9.54600000000000115E9	6.92514263371316741E-1
9.54700000000000060E9	6.92373349659861947E-1
9.54799999999999827E9	6.92232600662538289E-1
9.54899999999999949E9	6.92092017698018935E-1
9.55000000000000071E9	6.91951603522015191E-1
9.55100000000000016E9	6.91811355508242265E-1
9.55200000000000138E9	6.91671276726751039E-1
9.55300000000000082E9	6.91531367850395817E-1
9.55399999999999849E9	6.91391627989544233E-1
9.55499999999999972E9	6.91252061567863407E-1
9.55600000000000094E9	6.91112664136435040E-1
9.55700000000000038E9	6.90973439795386479E-1
9.55799999999999983E9	6.90834387851293119E-1
9.55900000000000105E9	6.90695512312320314E-1
9.55999999999999872E9	6.90556810205787830E-1
9.56099999999999994E9	6.90418283913036390E-1
9.56200000000000117E9	6.90279932067116331E-1
9.56299999999999883E9	6.90141761314298297E-1
9.56400000000000006E9	6.90003765370002409E-1
9.56500000000000128E9	6.89865948591972256E-1
9.56599999999999895E9	6.89728310911842435E-1
9.56700000000000017E9	6.89590855284706006E-1
9.56799999999999962E9	6.89453578005928680E-1
9.56899999999999906E9	6.89316483682392978E-1
9.57000000000000028E9	6.89179571803449420E-1
9.57100000000000151E9	6.89042843787058779E-1
9.57199999999999918E9	6.88906297446324345E-1
9.57299999999999862E9	6.88769939426797073E-1
9.57399999999999984E9	6.88633764090033473E-1
9.57499999999999929E9	6.88497776872633338E-1
9.57600000000000051E9	6.88361975800251802E-1
9.57700000000000173E9	6.88226363313216893E-1
9.57799999999999940E9	6.88090938435942689E-1
9.57899999999999885E9	6.87955703730067469E-1
9.58000000000000007E9	6.87820659911152710E-1
9.58099999999999952E9	6.87685807188501386E-1
9.58200000000000074E9	6.87551145713917844E-1
9.58300000000000018E9	6.87416677847271895E-1
9.58399999999999963E9	6.87282402273070581E-1
9.58499999999999908E9	6.87148320565203807E-1
9.58600000000000030E9	6.87014433337247254E-1
9.58699999999999974E9	6.86880743434188901E-1
9.58799999999999919E9	6.86747250686595123E-1
9.58900000000000041E9	6.86613953717979175E-1
9.58999999999999986E9	6.86480855908164678E-1
9.59099999999999930E9	6.86347956919638236E-1
9.59200000000000053E9	6.86215255894105347E-1
9.59299999999999997E9	6.86082757682473598E-1
9.59399999999999942E9	6.85950460632767012E-1
9.59500000000000064E9	6.85818365342127478E-1
9.59600000000000009E9	6.85686470958947858E-1
9.59699999999999953E9	6.85554783781783694E-1
9.59799999999999898E9	6.85423298674199266E-1
9.59900000000000020E9	6.85292020212989161E-1
9.59999999999999964E9	6.85160947100571427E-1
9.60100000000000087E9	6.85030080552404996E-1
9.60200000000000031E9	6.84899422437666772E-1
9.60299999999999976E9	6.84768972231105533E-1
9.60399999999999920E9	6.84638731700314018E-1
9.60500000000000043E9	6.84508701627603156E-1
9.60599999999999987E9	6.84378882502486618E-1
9.60700000000000109E9	6.84249274054299406E-1
9.60800000000000054E9	6.84119877614014360E-1
9.60899999999999999E9	6.83990698266819663E-1
9.60999999999999943E9	6.83861729409862473E-1
9.61100000000000065E9	6.83732977219387994E-1
9.61200000000000010E9	6.83604439732131830E-1
9.61299999999999955E9	6.83476120421463573E-1
9.61400000000000077E9	6.83348017694179966E-1
9.61500000000000021E9	6.83220131086766269E-1
9.61599999999999966E9	6.83092466339038573E-1
9.61700000000000088E9	6.82965019285646413E-1
9.61799999999999855E9	6.82837793648178248E-1
9.61899999999999977E9	6.82710788522576095E-1
9.62000000000000099E9	6.82584006818141464E-1
9.62100000000000044E9	6.82457449226271695E-1
9.62199999999999989E9	6.82331113709685244E-1
9.62299999999999933E9	6.82205003767187534E-1
9.62399999999999878E9	6.82079117983698691E-1
9.62500000000000000E9	6.81953458791888778E-1
9.62600000000000122E9	6.81828027851432594E-1
9.62700000000000067E9	6.81702825552464109E-1
9.62800000000000011E9	6.81577850263648344E-1
9.62899999999999956E9	6.81453105460503750E-1
9.62999999999999901E9	6.81328589161053522E-1
9.63100000000000023E9	6.81204305985649494E-1
9.63200000000000145E9	6.81080253354400700E-1
9.63299999999999912E9	6.80956434813094535E-1
9.63400000000000034E9	6.80832850400677447E-1
9.63499999999999979E9	6.80709500102750020E-1
9.63599999999999923E9	6.80586383848953957E-1
9.63700000000000045E9	6.80463504511382933E-1
9.63799999999999990E9	6.80340860926244062E-1
9.63899999999999935E9	6.80218457627825757E-1
9.64000000000000057E9	6.80096290349241794E-1
9.64100000000000001E9	6.79974365040804507E-1
9.64199999999999946E9	6.79852678578636382E-1
9.64299999999999891E9	6.79731232304304811E-1
9.64400000000000013E9	6.79610028522535536E-1
9.64499999999999957E9	6.79489068238434513E-1
9.64600000000000080E9	6.79368352915683094E-1
9.64700000000000024E9	6.79247878642622283E-1
9.64799999999999969E9	6.79127650075192602E-1
9.64899999999999913E9	6.79007668281524879E-1
9.65000000000000036E9	6.78887935049935898E-1
9.65099999999999980E9	6.78768445737089632E-1
9.65200000000000102E9	6.78649207138428157E-1
9.65300000000000047E9	6.78530217319245121E-1
9.65399999999999991E9	6.78411477365602344E-1
9.65499999999999936E9	6.78292989346531350E-1
9.65600000000000058E9	6.78174753229750849E-1
9.65700000000000003E9	6.78056770479969551E-1
9.65799999999999947E9	6.77939037864939920E-1
9.65900000000000070E9	6.77821563475844879E-1
9.66000000000000014E9	6.77704340874796785E-1
9.66099999999999959E9	6.77587377565278892E-1
9.66200000000000081E9	6.77470668552097699E-1
9.66300000000000026E9	6.77354216576477430E-1
9.66399999999999970E9	6.77238025916859954E-1
9.66500000000000092E9	6.77122090098119411E-1
9.66600000000000037E9	6.77006419062504250E-1
9.66699999999999982E9	6.76891005703294724E-1
9.66799999999999926E9	6.76775854122100640E-1
9.66900000000000048E9	6.76660967870235908E-1
9.66999999999999993E9	6.76546344929723809E-1
9.67100000000000115E9	6.76431983748266852E-1
9.67200000000000060E9	6.76317890121196452E-1
9.67299999999999827E9	6.76204060290356512E-1
9.67399999999999949E9	6.76090497322268913E-1
9.67500000000000071E9	6.75977204787031027E-1
9.67600000000000016E9	6.75864178502257396E-1
9.67700000000000138E9	6.75751422476365082E-1
9.67800000000000082E9	6.75638934550945347E-1
9.67899999999999849E9	6.75526719191122460E-1
9.67999999999999972E9	6.75414774676849294E-1
9.68100000000000094E9	6.75303102984898462E-1
9.68200000000000038E9	6.75191708206756047E-1
9.68299999999999983E9	6.75080583364206621E-1
9.68400000000000105E9	6.74969734877507666E-1
9.68499999999999872E9	6.74859164021165636E-1
9.68599999999999994E9	6.74748868239839972E-1
9.68700000000000117E9	6.74638849521054595E-1
9.68799999999999883E9	6.74529109814295147E-1
9.68900000000000006E9	6.74419650761509715E-1
9.69000000000000128E9	6.74310470695390940E-1
9.69099999999999895E9	6.74201571163768598E-1
9.69200000000000017E9	6.74092954220139617E-1
9.69299999999999962E9	6.73984620789929689E-1
9.69399999999999906E9	6.73876569559281791E-1
9.69500000000000028E9	6.73768803551112772E-1
9.69600000000000151E9	6.73661321083410058E-1
9.69699999999999918E9	6.73554127851518381E-1
9.69799999999999862E9	6.73447220159297455E-1
9.69899999999999984E9	6.73340597828419618E-1
9.69999999999999929E9	6.73234267274237652E-1
9.70100000000000051E9	6.73128224647896189E-1
9.70200000000000173E9	6.73022471302895386E-1
9.70299999999999940E9	6.72917009386929532E-1
9.70399999999999885E9	6.72811841011190559E-1
9.70500000000000007E9	6.72706965465388507E-1
9.70599999999999952E9	6.72602381984894837E-1
9.70700000000000074E9	6.72498093389451768E-1
9.70800000000000018E9	6.72394100507965309E-1
9.70899999999999963E9	6.72290402442244606E-1
9.70999999999999908E9	6.72187002174558312E-1
9.71100000000000030E9	6.72083900970579240E-1
9.71199999999999974E9	6.71981095826961017E-1
9.71299999999999919E9	6.71878591578925288E-1
9.71400000000000041E9	6.71776387672250586E-1
9.71499999999999986E9	6.71674485767597940E-1
9.71599999999999930E9	6.71572885501977446E-1
9.71700000000000053E9	6.71471586749201244E-1
9.71799999999999997E9	6.71370593031402407E-1
9.71899999999999942E9	6.71269903286916847E-1
9.72000000000000064E9	6.71169517827879503E-1
9.72100000000000009E9	6.71069441494049812E-1
9.72199999999999953E9	6.70969668803131025E-1
9.72299999999999898E9	6.70870205373014006E-1
9.72400000000000020E9	6.70771050491823484E-1
9.72499999999999964E9	6.70672205412299238E-1
9.72600000000000087E9	6.70573671343597155E-1
9.72700000000000031E9	6.70475446864628744E-1
9.72799999999999976E9	6.70377536273425001E-1
9.72899999999999920E9	6.70279938930944752E-1
9.73000000000000043E9	6.70182652989681404E-1
9.73099999999999987E9	6.70085682345847999E-1
9.73200000000000109E9	6.69989026226018680E-1
9.73300000000000054E9	6.69892689914809125E-1
9.73399999999999999E9	6.69796667902583298E-1
9.73499999999999943E9	6.69700962770315478E-1
9.73600000000000065E9	6.69605579700699760E-1
9.73700000000000010E9	6.69510514493262576E-1
9.73799999999999955E9	6.69415767275774787E-1
9.73900000000000077E9	6.69321344882788694E-1
9.74000000000000021E9	6.69227244147320910E-1
9.74099999999999966E9	6.69133466549577971E-1
9.74200000000000088E9	6.69040010878990188E-1
9.74299999999999855E9	6.68946880008051448E-1
9.74399999999999977E9	6.68854076779516582E-1
9.74500000000000099E9	6.68761597788821938E-1
9.74600000000000044E9	6.68669446090818997E-1
9.74699999999999989E9	6.68577622041871678E-1
9.74799999999999933E9	6.68486128333993790E-1
9.74899999999999878E9	6.68394962268324289E-1
9.75000000000000000E9	6.68304128542771281E-1
9.75100000000000122E9	6.68213624071379542E-1
9.75200000000000067E9	6.68123449895157595E-1
9.75300000000000011E9	6.68033612706017443E-1
9.75399999999999956E9	6.67944108391655877E-1
9.75499999999999901E9	6.67854940583168943E-1
9.75600000000000023E9	6.67766103861375449E-1
9.75700000000000145E9	6.67677608097825637E-1
9.75799999999999912E9	6.67589443867298904E-1
9.75900000000000034E9	6.67501620076620394E-1
9.75999999999999979E9	6.67414136562634575E-1
9.76099999999999923E9	6.67326990390534114E-1
9.76200000000000045E9	6.67240187364359727E-1
9.76299999999999990E9	6.67153721730383431E-1
9.76399999999999935E9	6.67067602264113901E-1
9.76500000000000057E9	6.66981822513117795E-1
9.76600000000000001E9	6.66896388148381902E-1
9.76699999999999946E9	6.66811298107655581E-1
9.76799999999999891E9	6.66726552504191883E-1
9.76900000000000013E9	6.66642154470820536E-1
9.76999999999999957E9	6.66558098832954116E-1
9.77100000000000080E9	6.66474396010769077E-1
9.77200000000000024E9	6.66391041057551536E-1
9.77299999999999969E9	6.66308036041382579E-1
9.77399999999999913E9	6.66225379914987759E-1
9.77500000000000036E9	6.66143073125199514E-1
9.77599999999999980E9	6.66061122576225184E-1
9.77700000000000102E9	6.65979521536749708E-1
9.77800000000000047E9	6.65898274673442980E-1
9.77899999999999991E9	6.65817382287818660E-1
9.77999999999999936E9	6.65736843395390920E-1
9.78100000000000058E9	6.65656665062120201E-1
9.78200000000000003E9	6.65576840626873789E-1
9.78299999999999947E9	6.65497373032319395E-1
9.78400000000000070E9	6.65418265194023117E-1
9.78500000000000014E9	6.65339515930447245E-1
9.78599999999999959E9	6.65261126520653789E-1
9.78700000000000081E9	6.65183099463180660E-1
9.78800000000000026E9	6.65105432512783246E-1
9.78899999999999970E9	6.65028128092400550E-1
9.79000000000000092E9	6.64951188912078095E-1
9.79100000000000037E9	6.64874611339692034E-1
9.79199999999999982E9	6.64798402746231698E-1
9.79299999999999926E9	6.64722552775566911E-1
9.79400000000000048E9	6.64647076963387384E-1
9.79499999999999993E9	6.64571963910707453E-1
9.79600000000000115E9	6.64497221819267203E-1
9.79700000000000060E9	6.64422846800314915E-1
9.79799999999999827E9	6.64348839684298653E-1
9.79899999999999949E9	6.64275206687143438E-1
9.80000000000000071E9	6.64201941557076569E-1
9.80100000000000016E9	6.64129050764115902E-1
9.80200000000000138E9	6.64056533724573317E-1
9.80300000000000082E9	6.63984391734478052E-1
9.80399999999999849E9	6.63912620597657099E-1
9.80499999999999972E9	6.63841227307373138E-1
9.80600000000000094E9	6.63770208229465375E-1
9.80700000000000038E9	6.63699567405254420E-1
9.80799999999999983E9	6.63629304339314441E-1
9.80900000000000105E9	6.63559420108048048E-1
9.80999999999999872E9	6.63489916399312740E-1
9.81099999999999994E9	6.63420788713813536E-1
9.81200000000000117E9	6.63352044492404680E-1
9.81299999999999883E9	6.63283683051870110E-1
9.81400000000000006E9	6.63215703341174745E-1
9.81500000000000128E9	6.63148106542734350E-1
9.81599999999999895E9	6.63080893477375888E-1
9.81700000000000017E9	6.63014066237939570E-1
9.81799999999999962E9	6.62947622964054073E-1
9.81899999999999906E9	6.62881567637317737E-1
9.82000000000000028E9	6.62815899631192718E-1
9.82100000000000151E9	6.62750620902492482E-1
9.82199999999999918E9	6.62685726476114212E-1
9.82299999999999862E9	6.62621225460376095E-1
9.82399999999999984E9	6.62557112803565929E-1
9.82499999999999929E9	6.62493392955361493E-1
9.82600000000000051E9	6.62430064731941659E-1
9.82700000000000173E9	6.62367127568393244E-1
9.82799999999999940E9	6.62304586812791030E-1
9.82899999999999885E9	6.62242436202358231E-1
9.83000000000000007E9	6.62180684003471143E-1
9.83099999999999952E9	6.62119327188412221E-1
9.83200000000000074E9	6.62058366002217458E-1
9.83300000000000018E9	6.61997802649051970E-1
9.83399999999999963E9	6.61937637304448501E-1
9.83499999999999908E9	6.61877868770085254E-1
9.83600000000000030E9	6.61818500817403788E-1
9.83699999999999974E9	6.61759535187261783E-1
9.83799999999999919E9	6.61700971248607317E-1
9.83900000000000041E9	6.61642804968884146E-1
9.83999999999999986E9	6.61585045023087925E-1
9.84099999999999930E9	6.61527687983121115E-1
9.84200000000000053E9	6.61470733058943061E-1
9.84299999999999997E9	6.61414186159242501E-1
9.84399999999999942E9	6.61358044070585471E-1
9.84500000000000064E9	6.61302304540171004E-1
9.84600000000000009E9	6.61246975412938909E-1
9.84699999999999953E9	6.61192056743028012E-1
9.84799999999999898E9	6.61137542445426796E-1
9.84900000000000020E9	6.61083439944426310E-1
9.84999999999999964E9	6.61029747824575864E-1
9.85100000000000087E9	6.60976465307511329E-1
9.85200000000000031E9	6.60923594978356199E-1
9.85299999999999976E9	6.60871138033223104E-1
9.85399999999999920E9	6.60819092220578330E-1
9.85500000000000043E9	6.60767463101934549E-1
9.85599999999999987E9	6.60716246303557764E-1
9.85700000000000109E9	6.60665445957522479E-1
9.85800000000000054E9	6.60615060346739202E-1
9.85899999999999999E9	6.60565092859993719E-1
9.85999999999999943E9	6.60515542737409689E-1
9.86100000000000065E9	6.60466409522176612E-1
9.86200000000000010E9	6.60417697198070996E-1
9.86299999999999955E9	6.60369404553660999E-1
9.86400000000000077E9	6.60321534825448353E-1
9.86500000000000021E9	6.60274081198765206E-1
9.86599999999999966E9	6.60227051330453563E-1
9.86700000000000088E9	6.60180445249963466E-1
9.86799999999999855E9	6.60134261907821074E-1
9.86899999999999977E9	6.60088502297850344E-1
9.87000000000000099E9	6.60043168771248379E-1
9.87100000000000044E9	6.59998262260614066E-1
9.87199999999999989E9	6.59953777042119505E-1
9.87299999999999933E9	6.59909722334906590E-1
9.87399999999999878E9	6.59866096182853745E-1
9.87500000000000000E9	6.59822895185016467E-1
9.87600000000000122E9	6.59780125341443568E-1
9.87700000000000067E9	6.59737783879791451E-1
9.87800000000000011E9	6.59695876048361196E-1
9.87899999999999956E9	6.59654398300163614E-1
9.87999999999999901E9	6.59613350552748035E-1
9.88100000000000023E9	6.59572735150746503E-1
9.88200000000000145E9	6.59532554057813503E-1
9.88299999999999912E9	6.59492809212542586E-1
9.88400000000000034E9	6.59453496873788847E-1
9.88499999999999979E9	6.59414619256462942E-1
9.88599999999999923E9	6.59376179965407783E-1
9.88700000000000045E9	6.59338177978122086E-1
9.88799999999999990E9	6.59300609394653403E-1
9.88899999999999935E9	6.59263483752010604E-1
9.89000000000000057E9	6.59226793533537414E-1
9.89100000000000001E9	6.59190541116209783E-1
9.89199999999999946E9	6.59154735258722901E-1
9.89299999999999891E9	6.59119367611846751E-1
9.89400000000000013E9	6.59084438315479026E-1
9.89499999999999957E9	6.59049952838136832E-1
9.89600000000000080E9	6.59015913054457592E-1
9.89700000000000024E9	6.58982314011367976E-1
9.89799999999999969E9	6.58949161090713442E-1
9.89899999999999913E9	6.58916452486357507E-1
9.90000000000000036E9	6.58884190657916946E-1
9.90099999999999980E9	6.58852368693050749E-1
9.90200000000000102E9	6.58821000486257713E-1
9.90300000000000047E9	6.58790076899308019E-1
9.90399999999999991E9	6.58759603865731691E-1
9.90499999999999936E9	6.58729577560458779E-1
9.90600000000000058E9	6.58700002419543651E-1
9.90700000000000003E9	6.58670876348916412E-1
9.90799999999999947E9	6.58642201194753785E-1
9.90900000000000070E9	6.58613978412132361E-1
9.91000000000000014E9	6.58586208700633780E-1
9.91099999999999959E9	6.58558888006252907E-1
9.91200000000000081E9	6.58532024582639686E-1
9.91300000000000026E9	6.58505615037139513E-1
9.91399999999999970E9	6.58479655563326460E-1
9.91500000000000092E9	6.58454155796609353E-1
9.91600000000000037E9	6.58429110043915333E-1
9.91699999999999982E9	6.58404523516416518E-1
9.91799999999999926E9	6.58380389341131167E-1
9.91900000000000048E9	6.58356715958419159E-1
9.91999999999999993E9	6.58333501179787639E-1
9.92100000000000115E9	6.58310748274426949E-1
9.92200000000000060E9	6.58288450210490783E-1
9.92299999999999827E9	6.58266616796836868E-1
9.92399999999999949E9	6.58245240190013092E-1
9.92500000000000071E9	6.58224327576561841E-1
9.92600000000000016E9	6.58203875816270934E-1
9.92700000000000138E9	6.58183890207644495E-1
9.92800000000000082E9	6.58164363848202871E-1
9.92899999999999849E9	6.58145302340107285E-1
9.92999999999999972E9	6.58126706834580499E-1
9.93100000000000094E9	6.58108576599402895E-1
9.93200000000000038E9	6.58090911977082893E-1
9.93299999999999983E9	6.58073712163825686E-1
9.93400000000000105E9	6.58056979659556252E-1
9.93499999999999872E9	6.58040716196109088E-1
9.93599999999999994E9	6.58024920128632473E-1
9.93700000000000117E9	6.58009594612494375E-1
9.93799999999999883E9	6.57994738307909888E-1
9.93900000000000006E9	6.57980347595346160E-1
9.94000000000000128E9	6.57966431132148699E-1
9.94099999999999895E9	6.57952986359446079E-1
9.94200000000000017E9	6.57940010299668288E-1
9.94299999999999962E9	6.57927507045831828E-1
9.94399999999999906E9	6.57915477671723714E-1
9.94500000000000028E9	6.57903921345565834E-1
9.94600000000000151E9	6.57892840952156455E-1
9.94699999999999918E9	6.57882231838094000E-1
9.94799999999999862E9	6.57872100580986086E-1
9.94899999999999984E9	6.57862441701728340E-1
9.94999999999999929E9	6.57853263232175944E-1
9.95100000000000051E9	6.57844559621021041E-1
9.95200000000000173E9	6.57836331680370812E-1
9.95299999999999940E9	6.57828582458459454E-1
9.95399999999999885E9	6.57821313844508726E-1
9.95500000000000007E9	6.57814520888485710E-1
9.95599999999999952E9	6.57808209194362892E-1
9.95700000000000074E9	6.57802376013219892E-1
9.95800000000000018E9	6.57797023102255807E-1
9.95899999999999963E9	6.57792156751307111E-1
9.95999999999999908E9	6.57787764610758519E-1
9.96100000000000030E9	6.57783858221643225E-1
9.96199999999999974E9	6.57780434663748181E-1
9.96299999999999919E9	6.57777493637636468E-1
9.96400000000000041E9	6.57775036718004102E-1
9.96499999999999986E9	6.57773065068622120E-1
9.96599999999999930E9	6.57771575620872628E-1
9.96700000000000053E9	6.57770570231284246E-1
9.96799999999999997E9	6.57770055706269829E-1
9.96899999999999942E9	6.57770024667538422E-1
9.97000000000000064E9	6.57770479646714534E-1
9.97100000000000009E9	6.57771423530838817E-1
9.97199999999999953E9	6.57772852275535591E-1
9.97299999999999898E9	6.57774773697514092E-1
9.97400000000000020E9	6.57777179071337414E-1
9.97499999999999964E9	6.57780076542934111E-1
9.97600000000000087E9	6.57783464236112092E-1
9.97700000000000031E9	6.57787341006849324E-1
9.97799999999999976E9	6.57791709144275760E-1
9.97899999999999920E9	6.57796565507198228E-1
9.98000000000000043E9	6.57801920048207123E-1
9.98099999999999987E9	6.57807760674106756E-1
9.98200000000000109E9	6.57814096894597444E-1
9.98300000000000054E9	6.57820923496207222E-1
9.98399999999999999E9	6.57828244130950957E-1
9.98499999999999943E9	6.57836062817443867E-1
9.98600000000000065E9	6.57844374234899831E-1
9.98700000000000010E9	6.57853176898318370E-1
9.98799999999999955E9	6.57862479004153844E-1
9.98900000000000077E9	6.57872273955760889E-1
9.99000000000000021E9	6.57882568730390460E-1
9.99099999999999966E9	6.57893355484683262E-1
9.99200000000000088E9	6.57904645038936753E-1
9.99299999999999855E9	6.57916428696322342E-1
9.99399999999999977E9	6.57928710200861300E-1
9.99500000000000099E9	6.57941491709507709E-1
9.99600000000000044E9	6.57954770267722466E-1
9.99699999999999989E9	6.57968548749706628E-1
9.99799999999999933E9	6.57982828438830403E-1
9.99899999999999878E9	6.57997607844530208E-1
1.00000000000000000E10	6.58012885043624074E-1
1.00010000000000021E10	6.58028667108535359E-1
1.00019999999999998E10	6.58044950486173530E-1
1.00029999999999997E10	6.58061733154374195E-1
1.00039999999999996E10	6.58079016199118261E-1
1.00049999999999994E10	6.58096806583865135E-1
1.00059999999999993E10	6.58115101012202164E-1
1.00070000000000014E10	6.58133895355392884E-1
1.00079999999999991E10	6.58153192938594422E-1
1.00090000000000012E10	6.58172995087185519E-1
1.00099999999999989E10	6.58193302308937866E-1
1.00109999999999988E10	6.58214117846049884E-1
1.00120000000000009E10	6.58235435813444525E-1
1.00130000000000008E10	6.58257258594919215E-1
1.00139999999999985E10	6.58279589735311976E-1
1.00150000000000006E10	6.58302427203161677E-1
1.00160000000000005E10	6.58325768135765443E-1
1.00170000000000003E10	6.58349617570514933E-1
1.00179999999999980E10	6.58373976154284080E-1
1.00190000000000001E10	6.58398844104545589E-1
1.00200000000000000E10	6.58424218820805240E-1
1.00209999999999999E10	6.58450102439639906E-1
1.00219999999999998E10	6.58476493086543435E-1
1.00229999999999997E10	6.58503397619221076E-1
1.00239999999999996E10	6.58530806921768264E-1
1.00249999999999995E10	6.58558730585431018E-1
1.00259999999999994E10	6.58587161012862410E-1
1.00270000000000015E10	6.58616102549017146E-1
1.00280000000000014E10	6.58645557914737267E-1
1.00289999999999990E10	6.58675523800569263E-1
1.00299999999999989E10	6.58705997657143971E-1
1.00310000000000010E10	6.58736987715249356E-1
1.00320000000000009E10	6.58768487756023013E-1
1.00329999999999986E10	6.58800502748398564E-1
1.00340000000000007E10	6.58833029608685283E-1
1.00350000000000006E10	6.58866068828290352E-1
1.00360000000000005E10	6.58899622876643498E-1
1.00370000000000004E10	6.58933690575020137E-1
1.00380000000000003E10	6.58968273527047366E-1
1.00390000000000001E10	6.59003368069137618E-1
1.00400000000000000E10	6.59038980975407807E-1
1.00409999999999999E10	6.59075106500163432E-1
1.00419999999999998E10	6.59111747729041131E-1
1.00429999999999997E10	6.59148904086369036E-1
1.00439999999999996E10	6.59186577790746320E-1
1.00449999999999995E10	6.59224767797524080E-1
1.00460000000000016E10	6.59263473026763513E-1
1.00470000000000015E10	6.59302696813998423E-1
1.00479999999999992E10	6.59342436800229326E-1
1.00489999999999990E10	6.59382691801851450E-1
1.00500000000000012E10	6.59423465058662917E-1
1.00510000000000010E10	6.59464757757532638E-1
1.00520000000000009E10	6.59506569023223133E-1
1.00530000000000008E10	6.59548897133405987E-1
1.00539999999999985E10	6.59591740733986409E-1
1.00550000000000006E10	6.59635109413219123E-1
1.00560000000000005E10	6.59678991590701891E-1
1.00570000000000004E10	6.59723395573348625E-1
1.00580000000000003E10	6.59768321099469368E-1
1.00590000000000002E10	6.59813764205315856E-1
1.00599999999999978E10	6.59859725369853756E-1
1.00609999999999999E10	6.59906206670566320E-1
1.00620000000000021E10	6.59953212197729400E-1
1.00629999999999997E10	6.60000732946863344E-1
1.00639999999999996E10	6.60048779065234115E-1
1.00650000000000017E10	6.60097344335114666E-1
1.00659999999999994E10	6.60146429854287398E-1
1.00669999999999993E10	6.60196037097681554E-1
1.00679999999999992E10	6.60246170376226971E-1
1.00689999999999991E10	6.60296816769597861E-1
1.00700000000000012E10	6.60347990758238002E-1
1.00710000000000011E10	6.60399685493359634E-1
1.00719999999999987E10	6.60451904747674945E-1
1.00729999999999986E10	6.60504643234649524E-1
1.00740000000000007E10	6.60557907944033396E-1
1.00749999999999984E10	6.60611691464557182E-1
1.00760000000000005E10	6.60665999903158863E-1
1.00770000000000026E10	6.60720831116567275E-1
1.00780000000000003E10	6.60776183336505873E-1
1.00789999999999980E10	6.60832062578296053E-1
1.00800000000000001E10	6.60888461241665315E-1
1.00810000000000000E10	6.60945389398266769E-1
1.00819999999999999E10	6.61002837314939384E-1
1.00829999999999997E10	6.61060812116333718E-1
1.00839999999999996E10	6.61119306876252999E-1
1.00849999999999995E10	6.61178328658198122E-1
1.00859999999999994E10	6.61237876242565825E-1
1.00869999999999993E10	6.61297945481184168E-1
1.00879999999999992E10	6.61358540038283227E-1
1.00890000000000013E10	6.61419660242587160E-1
1.00899999999999990E10	6.61481304730752040E-1
1.00909999999999989E10	6.61543472105929986E-1
1.00920000000000010E10	6.61606166729328216E-1
1.00930000000000009E10	6.61669385478494387E-1
1.00939999999999985E10	6.61733134310380677E-1
1.00950000000000006E10	6.61797402568716553E-1
1.00960000000000005E10	6.61862200287817526E-1
1.00970000000000004E10	6.61927519222651206E-1
1.00979999999999981E10	6.61993367272941224E-1
1.00990000000000002E10	6.62059739023625937E-1
1.01000000000000001E10	6.62126639405250828E-1
1.01010000000000000E10	6.62194061264328138E-1
1.01019999999999999E10	6.62262013205748534E-1
1.01029999999999998E10	6.62330488002627060E-1
1.01039999999999996E10	6.62399493365279035E-1
1.01049999999999995E10	6.62469019491329725E-1
1.01059999999999994E10	6.62539072359794545E-1
1.01070000000000015E10	6.62609653754096506E-1
1.01080000000000014E10	6.62680759589016066E-1
1.01089999999999991E10	6.62752391577329192E-1
1.01099999999999990E10	6.62824553483806334E-1
1.01110000000000011E10	6.62897239862585330E-1
1.01120000000000010E10	6.62970451068272837E-1
1.01129999999999987E10	6.63044190345108042E-1
1.01140000000000008E10	6.63118453384275242E-1
1.01150000000000007E10	6.63193244195999920E-1
1.01160000000000005E10	6.63268561742122742E-1
1.01170000000000004E10	6.63344406620562310E-1
1.01179999999999981E10	6.63420777301996356E-1
1.01190000000000002E10	6.63497674730408438E-1
1.01200000000000001E10	6.63575096884916693E-1
1.01210000000000000E10	6.63653047149701969E-1
1.01219999999999999E10	6.63731523011732349E-1
1.01229999999999998E10	6.63810525272963670E-1
1.01239999999999997E10	6.63890053860345919E-1
1.01249999999999996E10	6.63970109083941118E-1
1.01260000000000017E10	6.64050691638352575E-1
1.01270000000000016E10	6.64131798823967312E-1
1.01279999999999992E10	6.64213433779548001E-1
1.01289999999999991E10	6.64295592473200447E-1
1.01299999999999990E10	6.64378280910639951E-1
1.01310000000000011E10	6.64461494566045197E-1
1.01320000000000010E10	6.64545231812323500E-1
1.01329999999999987E10	6.64629498551676612E-1
1.01340000000000008E10	6.64714288880975523E-1
1.01350000000000007E10	6.64799607791034575E-1
1.01359999999999983E10	6.64885447197804780E-1
1.01370000000000005E10	6.64971818330941655E-1
1.01380000000000003E10	6.65058710503706596E-1
1.01390000000000002E10	6.65146129825927002E-1
1.01400000000000001E10	6.65234076478944392E-1
1.01410000000000000E10	6.65322547236227102E-1
1.01419999999999999E10	6.65411543467708899E-1
1.01429999999999998E10	6.65501060603270300E-1
1.01439999999999997E10	6.65591110900170690E-1
1.01449999999999996E10	6.65681683390090662E-1
1.01460000000000017E10	6.65772775917420034E-1
1.01469999999999994E10	6.65864399368236093E-1
1.01479999999999992E10	6.65956546451282083E-1
1.01489999999999991E10	6.66049214051380378E-1
1.01500000000000012E10	6.66142408304949729E-1
1.01509999999999989E10	6.66236126444717325E-1
1.01520000000000010E10	6.66330369464990113E-1
1.01530000000000009E10	6.66425140437244146E-1
1.01540000000000008E10	6.66520429292418015E-1
1.01549999999999985E10	6.66616246631656928E-1
1.01560000000000006E10	6.66712586111341388E-1
1.01570000000000005E10	6.66809448958141449E-1
1.01580000000000004E10	6.66906833822431722E-1
1.01590000000000003E10	6.67004741853168159E-1
1.01600000000000001E10	6.67103172893265040E-1
1.01610000000000000E10	6.67202125899131548E-1
1.01619999999999999E10	6.67301606137833048E-1
1.01629999999999998E10	6.67401605715729573E-1
1.01639999999999997E10	6.67502127704525794E-1
1.01650000000000018E10	6.67603170480705366E-1
1.01659999999999995E10	6.67704734921467224E-1
1.01669999999999994E10	6.67806824832685297E-1
1.01679999999999993E10	6.67909434233861177E-1
1.01690000000000014E10	6.68012564732949254E-1
1.01699999999999990E10	6.68116217050211159E-1
1.01710000000000012E10	6.68220391867815877E-1
1.01720000000000010E10	6.68325083041068524E-1
1.01729999999999987E10	6.68430297533249362E-1
1.01739999999999986E10	6.68536031664192087E-1
1.01750000000000007E10	6.68642285531259617E-1
1.01760000000000006E10	6.68749059615773778E-1
1.01770000000000005E10	6.68856352237052931E-1
1.01780000000000004E10	6.68964167191406034E-1
1.01789999999999980E10	6.69072499745454508E-1
1.01800000000000002E10	6.69181348520647035E-1
1.01810000000000000E10	6.69290718890911052E-1
1.01819999999999999E10	6.69400607697732219E-1
1.01829999999999998E10	6.69511014289869344E-1
1.01840000000000019E10	6.69621933725429574E-1
1.01849999999999996E10	6.69733376739382535E-1
1.01859999999999995E10	6.69845335335193059E-1
1.01870000000000016E10	6.69957812094917138E-1
1.01879999999999993E10	6.70070801910594671E-1
1.01889999999999992E10	6.70184308131030004E-1
1.01900000000000013E10	6.70298335340315532E-1
1.01909999999999989E10	6.70412874478942467E-1
1.01920000000000011E10	6.70527931323082971E-1
1.01929999999999987E10	6.70643501403828690E-1
1.01939999999999986E10	6.70759587862965745E-1
1.01950000000000007E10	6.70876186572541044E-1
1.01960000000000006E10	6.70993303140864139E-1
1.01969999999999983E10	6.71110934631179390E-1
1.01979999999999982E10	6.71229075511375761E-1
1.01990000000000003E10	6.71347733389965651E-1
1.02000000000000002E10	6.71466899671279016E-1
1.02010000000000001E10	6.71586581029377605E-1
1.02020000000000022E10	6.71706774736902190E-1
1.02029999999999998E10	6.71827480150858314E-1
1.02039999999999997E10	6.71948698711548698E-1
1.02049999999999996E10	6.72070429689649096E-1
1.02059999999999995E10	6.72192671034937028E-1
1.02070000000000016E10	6.72315422355919701E-1
1.02079999999999993E10	6.72438679388037208E-1
1.02089999999999992E10	6.72562450587262717E-1
1.02099999999999991E10	6.72686729047883869E-1
1.02110000000000012E10	6.72811517607868836E-1
1.02119999999999989E10	6.72936814803707684E-1
1.02129999999999987E10	6.73062622958680912E-1
1.02140000000000009E10	6.73188937543467336E-1
1.02150000000000007E10	6.73315758664023001E-1
1.02159999999999984E10	6.73443090211901740E-1
1.02170000000000005E10	6.73570922842979947E-1
1.02180000000000004E10	6.73699262060225923E-1
1.02190000000000003E10	6.73828114172935067E-1
1.02200000000000002E10	6.73957465872552319E-1
1.02210000000000001E10	6.74087322951844925E-1
1.02220000000000000E10	6.74217687329575455E-1
1.02229999999999999E10	6.74348554069526429E-1
1.02239999999999998E10	6.74479927126501266E-1
1.02249999999999996E10	6.74611801047832582E-1
1.02260000000000018E10	6.74744179270668987E-1
1.02269999999999994E10	6.74877059228199716E-1
1.02279999999999993E10	6.75010441712228726E-1
1.02289999999999992E10	6.75144324914453176E-1
1.02300000000000013E10	6.75278707832355440E-1
1.02309999999999990E10	6.75413596220004742E-1
1.02320000000000011E10	6.75548982601305692E-1
1.02330000000000010E10	6.75684866257306815E-1
1.02340000000000009E10	6.75821251950422663E-1
1.02349999999999985E10	6.75958138867219027E-1
1.02360000000000007E10	6.76095515518618306E-1
1.02370000000000005E10	6.76233398851416734E-1
1.02380000000000004E10	6.76371772606526100E-1
1.02390000000000003E10	6.76510648531957770E-1
1.02400000000000002E10	6.76650018350752980E-1
1.02410000000000001E10	6.76789887762010434E-1
1.02420000000000000E10	6.76930247119204243E-1
1.02429999999999977E10	6.77071104148826031E-1
1.02440000000000020E10	6.77212458879017465E-1
1.02450000000000019E10	6.77354301520693980E-1
1.02459999999999996E10	6.77496640076101997E-1
1.02469999999999994E10	6.77639472302313361E-1
1.02479999999999993E10	6.77782797183630770E-1
1.02490000000000014E10	6.77926609833781857E-1
1.02499999999999991E10	6.78070916353903108E-1
1.02509999999999990E10	6.78215716002870650E-1
1.02520000000000011E10	6.78361005442780218E-1
1.02530000000000010E10	6.78506779590636988E-1
1.02540000000000009E10	6.78653047738970816E-1
1.02549999999999986E10	6.78799800037183587E-1
1.02559999999999985E10	6.78947038039713480E-1
1.02570000000000006E10	6.79094772578169081E-1
1.02579999999999982E10	6.79242989411887521E-1
1.02590000000000003E10	6.79391689095178641E-1
1.02600000000000002E10	6.79540876789932291E-1
1.02610000000000001E10	6.79690553367824268E-1
1.02620000000000000E10	6.79840707783526099E-1
1.02629999999999999E10	6.79991350551275442E-1
1.02640000000000020E10	6.80142475607711017E-1
1.02649999999999997E10	6.80294083616891587E-1
1.02659999999999996E10	6.80446175188966773E-1
1.02669999999999995E10	6.80598746648310993E-1
1.02679999999999993E10	6.80751795538626947E-1
1.02690000000000015E10	6.80905329929049152E-1
1.02699999999999991E10	6.81059341331525037E-1
1.02709999999999990E10	6.81213832630772487E-1
1.02720000000000011E10	6.81368801156627679E-1
1.02729999999999988E10	6.81524249684018368E-1
1.02740000000000009E10	6.81680174591411525E-1
1.02750000000000008E10	6.81836577275892530E-1
1.02760000000000007E10	6.81993452319629068E-1
1.02770000000000006E10	6.82150804813006939E-1
1.02780000000000005E10	6.82308631342089722E-1
1.02790000000000004E10	6.82466931395579213E-1
1.02800000000000002E10	6.82625704828840885E-1
1.02809999999999979E10	6.82784952285194002E-1
1.02820000000000000E10	6.82944668446895253E-1
1.02829999999999999E10	6.83104859329958813E-1
1.02839999999999998E10	6.83265518662798410E-1
1.02849999999999997E10	6.83426653608517221E-1
1.02859999999999974E10	6.83588250623552529E-1
1.02870000000000017E10	6.83750318022296533E-1
1.02879999999999994E10	6.83912856052222740E-1
1.02890000000000015E10	6.84075857747192373E-1
1.02900000000000014E10	6.84239329557045561E-1
1.02910000000000013E10	6.84403261039488875E-1
1.02919999999999989E10	6.84567660630697894E-1
1.02929999999999988E10	6.84732525346326693E-1
1.02940000000000009E10	6.84897857610739536E-1
1.02950000000000008E10	6.85063647182531188E-1
1.02959999999999985E10	6.85229902253900658E-1
1.02970000000000006E10	6.85396618350606168E-1
1.02979999999999983E10	6.85563794303451601E-1
1.02990000000000004E10	6.85731431820640669E-1
1.03000000000000003E10	6.85899527515323459E-1
1.03009999999999979E10	6.86068080460291263E-1
1.03020000000000023E10	6.86237092603255050E-1
1.03029999999999999E10	6.86406560380753383E-1
1.03039999999999998E10	6.86576488970275811E-1
1.03049999999999997E10	6.86746870080132599E-1
1.03059999999999996E10	6.86917706671198047E-1
1.03069999999999995E10	6.87088996616287861E-1
1.03079999999999994E10	6.87260740239396917E-1
1.03090000000000015E10	6.87432935711274506E-1
1.03099999999999992E10	6.87605585739072822E-1
1.03109999999999991E10	6.87778683772811128E-1
1.03120000000000012E10	6.87952236989611521E-1
1.03129999999999988E10	6.88126234541899784E-1
1.03140000000000009E10	6.88300683061781804E-1
1.03150000000000008E10	6.88475577009811079E-1
1.03159999999999985E10	6.88650920798835564E-1
1.03170000000000006E10	6.88826710015895927E-1
1.03180000000000005E10	6.89002945191669802E-1
1.03190000000000004E10	6.89179626789133781E-1
1.03200000000000003E10	6.89356748129514862E-1
1.03210000000000002E10	6.89534316210887877E-1
1.03220000000000001E10	6.89712324642791685E-1
1.03229999999999977E10	6.89890774880548197E-1
1.03240000000000021E10	6.90069667893101180E-1
1.03249999999999997E10	6.90248995443309621E-1
1.03259999999999996E10	6.90428767510304908E-1
1.03270000000000017E10	6.90608974481750515E-1
1.03279999999999994E10	6.90789622873857212E-1
1.03290000000000015E10	6.90970704196310681E-1
1.03299999999999992E10	6.91152219851382110E-1
1.03309999999999991E10	6.91334173657163209E-1
1.03320000000000012E10	6.91516562316403327E-1
1.03330000000000011E10	6.91699382468553203E-1
1.03339999999999987E10	6.91882636895148018E-1
1.03349999999999986E10	6.92066318379571221E-1
1.03359999999999985E10	6.92250433699643697E-1
1.03370000000000006E10	6.92434977571195454E-1
1.03379999999999983E10	6.92619948778468775E-1
1.03390000000000026E10	6.92805353052152295E-1
1.03400000000000003E10	6.92991179129141877E-1
1.03410000000000002E10	6.93177435486490623E-1
1.03420000000000001E10	6.93364115676548121E-1
1.03430000000000000E10	6.93551215665731924E-1
1.03440000000000021E10	6.93738749878075023E-1
1.03449999999999998E10	6.93926697253858382E-1
1.03459999999999996E10	6.94115071243982396E-1
1.03469999999999995E10	6.94303862594490795E-1
1.03479999999999994E10	6.94493076783397711E-1
1.03489999999999993E10	6.94682706477689038E-1
1.03499999999999992E10	6.94872759056004696E-1
1.03509999999999991E10	6.95063225811656515E-1
1.03520000000000012E10	6.95254111099131489E-1
1.03529999999999989E10	6.95445409765478750E-1
1.03540000000000010E10	6.95637123552332870E-1
1.03550000000000009E10	6.95829252485454752E-1
1.03559999999999985E10	6.96021792015331187E-1
1.03570000000000007E10	6.96214744882410663E-1
1.03580000000000005E10	6.96408108025382155E-1
1.03590000000000004E10	6.96601879128220425E-1
1.03600000000000003E10	6.96796063146451417E-1
1.03609999999999980E10	6.96990652712585934E-1
1.03620000000000001E10	6.97185645696438527E-1
1.03630000000000000E10	6.97381051295955068E-1
1.03639999999999999E10	6.97576859071849942E-1
1.03649999999999998E10	6.97773073172691216E-1
1.03659999999999997E10	6.97969687088616553E-1
1.03670000000000018E10	6.98166706025771777E-1
1.03679999999999994E10	6.98364123728262065E-1
1.03690000000000015E10	6.98561944424563386E-1
1.03700000000000014E10	6.98760163329456851E-1
1.03709999999999991E10	6.98958780451116191E-1
1.03719999999999990E10	6.99157792879126383E-1
1.03729999999999989E10	6.99357204914363351E-1
1.03740000000000010E10	6.99557010650262079E-1
1.03750000000000009E10	6.99757213005120615E-1
1.03759999999999986E10	6.99957809958268928E-1
1.03770000000000007E10	7.00158792547588416E-1
1.03780000000000006E10	7.00360171516137164E-1
1.03790000000000004E10	7.00561940964464913E-1
1.03799999999999981E10	7.00764101369637959E-1
1.03809999999999980E10	7.00966646278018057E-1
1.03820000000000023E10	7.01169582843707140E-1
1.03830000000000000E10	7.01372900024505785E-1
1.03839999999999999E10	7.01576608012806879E-1
1.03849999999999998E10	7.01780696813546889E-1
1.03859999999999997E10	7.01985172015965020E-1
1.03869999999999996E10	7.02190027078644619E-1
1.03879999999999995E10	7.02395266606450974E-1
1.03890000000000016E10	7.02600885894459282E-1
1.03900000000000015E10	7.02806881762229185E-1
1.03909999999999991E10	7.03013260140692875E-1
1.03919999999999990E10	7.03220012074735745E-1
1.03929999999999989E10	7.03427141715397219E-1
1.03940000000000010E10	7.03634646728956525E-1
1.03949999999999987E10	7.03842523101447526E-1
1.03959999999999986E10	7.04050776297379421E-1
1.03970000000000007E10	7.04259398936703196E-1
1.03980000000000006E10	7.04468395498497557E-1
1.03990000000000005E10	7.04677758035586344E-1
1.04000000000000004E10	7.04887492428289608E-1
1.04010000000000002E10	7.05097592540752238E-1
1.04020000000000001E10	7.05308065244971161E-1
1.04030000000000000E10	7.05518897883635621E-1
1.04039999999999999E10	7.05730093972523065E-1
1.04049999999999998E10	7.05941658106297787E-1
1.04059999999999997E10	7.06153584096654274E-1
1.04069999999999996E10	7.06365870416891717E-1
1.04079999999999995E10	7.06578516630780662E-1
1.04090000000000016E10	7.06791522598340194E-1
1.04099999999999993E10	7.07004884536765488E-1
1.04109999999999969E10	7.07218606447160081E-1
1.04120000000000013E10	7.07432685532215721E-1
1.04130000000000011E10	7.07647116152359068E-1
1.04140000000000010E10	7.07861902793860320E-1
1.04150000000000009E10	7.08077040019086912E-1
1.04160000000000008E10	7.08292532890694204E-1
1.04170000000000007E10	7.08508373817046611E-1
1.04179999999999984E10	7.08724562957350201E-1
1.04190000000000005E10	7.08941102711584570E-1
1.04200000000000004E10	7.09157985991725770E-1
1.04210000000000003E10	7.09375218120441353E-1
1.04220000000000002E10	7.09592795716195290E-1
1.04229999999999978E10	7.09810717252675882E-1
1.04240000000000022E10	7.10028979934076965E-1
1.04249999999999998E10	7.10247586701728473E-1
1.04259999999999975E10	7.10466533385199384E-1
1.04270000000000018E10	7.10685818438476069E-1
1.04280000000000017E10	7.10905442539380772E-1
1.04289999999999994E10	7.11125405092292606E-1
1.04299999999999993E10	7.11345701909711181E-1
1.04309999999999992E10	7.11566334124576461E-1
1.04320000000000013E10	7.11787299276471686E-1
1.04329999999999989E10	7.12008599823866817E-1
1.04340000000000011E10	7.12230226528822641E-1
1.04349999999999987E10	7.12452187421330052E-1
1.04359999999999986E10	7.12674478836126823E-1
1.04370000000000007E10	7.12897097006919722E-1
1.04379999999999984E10	7.13120041528733672E-1
1.04390000000000027E10	7.13343311496903887E-1
1.04400000000000004E10	7.13566905129828299E-1
1.04409999999999981E10	7.13790827052226362E-1
1.04420000000000002E10	7.14015068734923464E-1
1.04430000000000001E10	7.14239633806260166E-1
1.04440000000000000E10	7.14464516208041900E-1
1.04449999999999998E10	7.14689713224066026E-1
1.04459999999999997E10	7.14915236525090059E-1
1.04469999999999996E10	7.15141069797363649E-1
1.04479999999999995E10	7.15367224463833029E-1
1.04490000000000016E10	7.15593688199739208E-1
1.04499999999999993E10	7.15820467606279021E-1
1.04509999999999992E10	7.16047555471239239E-1
1.04520000000000013E10	7.16274958140720486E-1
1.04529999999999990E10	7.16502668173417590E-1
1.04540000000000011E10	7.16730688252276416E-1
1.04550000000000010E10	7.16959013364184727E-1
1.04559999999999986E10	7.17187648587739535E-1
1.04570000000000007E10	7.17416584895937870E-1
1.04580000000000006E10	7.17645826363267769E-1
1.04590000000000005E10	7.17875369390527762E-1
1.04599999999999982E10	7.18105215530501884E-1
1.04609999999999981E10	7.18335359814405017E-1
1.04620000000000002E10	7.18565803920780155E-1
1.04630000000000001E10	7.18796545266213283E-1
1.04640000000000022E10	7.19027583396105729E-1
1.04649999999999999E10	7.19258916602909437E-1
1.04659999999999997E10	7.19490543055137710E-1
1.04669999999999996E10	7.19722465649446441E-1
1.04679999999999995E10	7.19954675949541656E-1
1.04690000000000016E10	7.20187179203077488E-1
1.04700000000000015E10	7.20419968966984126E-1
1.04709999999999992E10	7.20653050211689283E-1
1.04719999999999991E10	7.20886418096562309E-1
1.04729999999999990E10	7.21120071374139648E-1
1.04740000000000011E10	7.21354009035602317E-1
1.04749999999999988E10	7.21588229937810244E-1
1.04759999999999986E10	7.21822732803352718E-1
1.04770000000000008E10	7.22057516590295556E-1
1.04780000000000006E10	7.22292581226772867E-1
1.04790000000000005E10	7.22527923921268211E-1
1.04800000000000004E10	7.22763542856387975E-1
1.04809999999999981E10	7.22999435713246719E-1
1.04820000000000002E10	7.23235607748690779E-1
1.04830000000000001E10	7.23472053049995178E-1
1.04840000000000000E10	7.23708767051761459E-1
1.04849999999999999E10	7.23945754575874734E-1
1.04859999999999998E10	7.24183009677326872E-1
1.04869999999999997E10	7.24420534321630338E-1
1.04879999999999995E10	7.24658330315546273E-1
1.04890000000000017E10	7.24896388385564094E-1
1.04899999999999993E10	7.25134714062451913E-1
1.04909999999999992E10	7.25373304345524250E-1
1.04920000000000013E10	7.25612152830650281E-1
1.04929999999999990E10	7.25851264951211128E-1
1.04940000000000011E10	7.26090636911694709E-1
1.04950000000000010E10	7.26330267311594469E-1
1.04959999999999987E10	7.26570157130638705E-1
1.04970000000000008E10	7.26810304300707788E-1
1.04979999999999984E10	7.27050700125258320E-1
1.04990000000000006E10	7.27291355938774942E-1
1.05000000000000004E10	7.27532261661787860E-1
1.05010000000000003E10	7.27773421100584539E-1
1.05020000000000002E10	7.28014827488998861E-1
1.05030000000000001E10	7.28256485030262724E-1
1.05040000000000022E10	7.28498389521897494E-1
1.05049999999999999E10	7.28740540903626144E-1
1.05059999999999976E10	7.28982936456811181E-1
1.05070000000000019E10	7.29225578652885087E-1
1.05079999999999996E10	7.29468458402838849E-1
1.05089999999999995E10	7.29711584971387239E-1
1.05099999999999993E10	7.29954947893827999E-1
1.05109999999999992E10	7.30198555370635738E-1
1.05120000000000013E10	7.30442393805394108E-1
1.05129999999999990E10	7.30686471411717697E-1
1.05140000000000011E10	7.30930784896404973E-1
1.05150000000000010E10	7.31175330457920936E-1
1.05160000000000009E10	7.31420112943072986E-1
1.05169999999999986E10	7.31665123638375903E-1
1.05179999999999985E10	7.31910365288985609E-1
1.05190000000000028E10	7.32155831682869085E-1
1.05200000000000005E10	7.32401531170178899E-1
1.05209999999999981E10	7.32647454745427584E-1
1.05220000000000002E10	7.32893603398148219E-1
1.05230000000000001E10	7.33139975840607416E-1
1.05240000000000000E10	7.33386568870337019E-1
1.05249999999999999E10	7.33633386770170404E-1
1.05259999999999998E10	7.33880424240321094E-1
1.05270000000000019E10	7.34127679640155151E-1
1.05279999999999996E10	7.34375156002592266E-1
1.05289999999999995E10	7.34622842667968889E-1
1.05299999999999994E10	7.34870745773179124E-1
1.05309999999999993E10	7.35118865713554825E-1
1.05319999999999991E10	7.35367196149060742E-1
1.05329999999999990E10	7.35615739183366646E-1
1.05340000000000011E10	7.35864491221123451E-1
1.05350000000000010E10	7.36113448494901057E-1
1.05359999999999987E10	7.36362617339298620E-1
1.05370000000000008E10	7.36611991204269501E-1
1.05380000000000007E10	7.36861572601261017E-1
1.05390000000000006E10	7.37111353260692681E-1
1.05400000000000005E10	7.37361339742811950E-1
1.05410000000000004E10	7.37611525451378292E-1
1.05420000000000003E10	7.37861911097303036E-1
1.05430000000000001E10	7.38112494472427549E-1
1.05440000000000000E10	7.38363277242475924E-1
1.05449999999999999E10	7.38614255450536028E-1
1.05459999999999998E10	7.38865428332631780E-1
1.05469999999999997E10	7.39116794249268239E-1
1.05479999999999974E10	7.39368350690586507E-1
1.05490000000000017E10	7.39620101672759045E-1
1.05500000000000016E10	7.39872039235756862E-1
1.05509999999999993E10	7.40124165640906817E-1
1.05520000000000014E10	7.40376480916352619E-1
1.05530000000000013E10	7.40628980536053483E-1
1.05540000000000012E10	7.40881667788805842E-1
1.05549999999999988E10	7.41134534406045464E-1
1.05559999999999987E10	7.41387582924934208E-1
1.05570000000000008E10	7.41640815648155183E-1
1.05580000000000007E10	7.41894225363773963E-1
1.05590000000000006E10	7.42147812625879499E-1
1.05599999999999983E10	7.42401577101844090E-1
1.05609999999999982E10	7.42655518237293055E-1
1.05620000000000003E10	7.42909634598073598E-1
1.05629999999999979E10	7.43163923216201816E-1
1.05640000000000023E10	7.43418383543151862E-1
1.05650000000000022E10	7.43673015458794140E-1
1.05659999999999998E10	7.43927815669358150E-1
1.05669999999999997E10	7.44182784590128854E-1
1.05679999999999996E10	7.44437918160917089E-1
1.05690000000000017E10	7.44693218626855913E-1
1.05699999999999994E10	7.44948683430525005E-1
1.05709999999999993E10	7.45204311741989667E-1
1.05719999999999992E10	7.45460102173115047E-1
1.05729999999999991E10	7.45716049869439157E-1
1.05740000000000012E10	7.45972160429887232E-1
1.05749999999999988E10	7.46228427559350838E-1
1.05759999999999987E10	7.46484850235267672E-1
1.05770000000000008E10	7.46741428484146486E-1
1.05779999999999985E10	7.46998161761194446E-1
1.05790000000000006E10	7.47255046394483635E-1
1.05800000000000005E10	7.47512082645170128E-1
1.05810000000000004E10	7.47769271799078972E-1
1.05820000000000003E10	7.48026605631624708E-1
1.05830000000000002E10	7.48284091956000452E-1
1.05840000000000001E10	7.48541721749674061E-1
1.05850000000000000E10	7.48799499119730960E-1
1.05859999999999976E10	7.49057415848913699E-1
1.05869999999999997E10	7.49315479009990426E-1
1.05879999999999996E10	7.49573683054996565E-1
1.05890000000000017E10	7.49832024413941411E-1
1.05899999999999994E10	7.50090509659633664E-1
1.05909999999999993E10	7.50349128092521944E-1
1.05920000000000014E10	7.50607885120940921E-1
1.05929999999999991E10	7.50866775831390587E-1
1.05940000000000012E10	7.51125801320129227E-1
1.05950000000000011E10	7.51384959283975107E-1
1.05960000000000010E10	7.51644247472327010E-1
1.05969999999999986E10	7.51903666480843214E-1
1.05979999999999985E10	7.52163215071755520E-1
1.05990000000000006E10	7.52422892045225833E-1
1.06000000000000005E10	7.52682692527701391E-1
1.06009999999999982E10	7.52942619111576406E-1
1.06020000000000003E10	7.53202667000256287E-1
1.06030000000000002E10	7.53462840061710803E-1
1.06040000000000001E10	7.53723135095442842E-1
1.06050000000000000E10	7.53983546181217879E-1
1.06059999999999977E10	7.54244080300991016E-1
1.06070000000000020E10	7.54504730048490657E-1
1.06079999999999997E10	7.54765496917794998E-1
1.06089999999999995E10	7.55026376010210498E-1
1.06099999999999994E10	7.55287372790760081E-1
1.06109999999999993E10	7.55548479047738297E-1
1.06119999999999992E10	7.55809696309596646E-1
1.06129999999999991E10	7.56071026392291046E-1
1.06140000000000012E10	7.56332461146803325E-1
1.06150000000000011E10	7.56594006013957898E-1
1.06159999999999988E10	7.56855654673407852E-1
1.06170000000000009E10	7.57117411328660150E-1
1.06179999999999986E10	7.57379269666010568E-1
1.06190000000000007E10	7.57641230866278992E-1
1.06200000000000006E10	7.57903292802297290E-1
1.06209999999999982E10	7.58165455421939782E-1
1.06220000000000003E10	7.58427716570590160E-1
1.06230000000000002E10	7.58690075563040711E-1
1.06240000000000001E10	7.58952528435110718E-1
1.06250000000000000E10	7.59215078599487558E-1
1.06259999999999999E10	7.59477722630555618E-1
1.06269999999999998E10	7.59740457384746470E-1
1.06279999999999997E10	7.60003287038679964E-1
1.06290000000000018E10	7.60266203097266224E-1
1.06299999999999994E10	7.60529209070578638E-1
1.06309999999999993E10	7.60792300515877873E-1
1.06320000000000014E10	7.61055481998382710E-1
1.06329999999999991E10	7.61318746078947406E-1
1.06340000000000012E10	7.61582096630288330E-1
1.06349999999999989E10	7.61845528461662802E-1
1.06359999999999988E10	7.62109040693265705E-1
1.06370000000000009E10	7.62372633252286924E-1
1.06380000000000008E10	7.62636305709427553E-1
1.06390000000000007E10	7.62900054983837972E-1
1.06400000000000006E10	7.63163882243633473E-1
1.06410000000000005E10	7.63427783707937380E-1
1.06420000000000003E10	7.63691758687274991E-1
1.06429999999999980E10	7.63955806698799300E-1
1.06440000000000023E10	7.64219926325287346E-1
1.06450000000000000E10	7.64484116924390733E-1
1.06459999999999999E10	7.64748376916883643E-1
1.06469999999999998E10	7.65012706619936012E-1
1.06479999999999997E10	7.65277101458242370E-1
1.06490000000000018E10	7.65541559324973697E-1
1.06499999999999995E10	7.65806083362370948E-1
1.06509999999999994E10	7.66070670696271971E-1
1.06520000000000015E10	7.66335320882824078E-1
1.06530000000000014E10	7.66600030858449699E-1
1.06539999999999990E10	7.66864799974336986E-1
1.06549999999999989E10	7.67129627747342724E-1
1.06559999999999988E10	7.67394513852278592E-1
1.06570000000000009E10	7.67659455352809772E-1
1.06579999999999986E10	7.67924450587920049E-1
1.06590000000000007E10	7.68189500259933133E-1
1.06600000000000006E10	7.68454602455172875E-1
1.06609999999999983E10	7.68719754316489645E-1
1.06620000000000004E10	7.68984957522381052E-1
1.06630000000000003E10	7.69250208949248027E-1
1.06640000000000024E10	7.69515508350816368E-1
1.06650000000000000E10	7.69780852883379474E-1
1.06659999999999999E10	7.70046242559459504E-1
1.06669999999999998E10	7.70311676962477954E-1
1.06679999999999997E10	7.70577156869271640E-1
1.06689999999999996E10	7.70842673447835480E-1
1.06699999999999995E10	7.71108232573206909E-1
1.06709999999999994E10	7.71373832648604019E-1
1.06720000000000015E10	7.71639470042194020E-1
1.06729999999999992E10	7.71905142310667447E-1
1.06740000000000013E10	7.72170852451735534E-1
1.06750000000000012E10	7.72436596597954761E-1
1.06759999999999988E10	7.72702374179443296E-1
1.06770000000000009E10	7.72968184702571293E-1
1.06780000000000008E10	7.73234022989738001E-1
1.06790000000000007E10	7.73499894521057207E-1
1.06800000000000006E10	7.73765793210236907E-1
1.06809999999999983E10	7.74031721481534696E-1
1.06820000000000004E10	7.74297673930884933E-1
1.06830000000000003E10	7.74563654657144252E-1
1.06840000000000002E10	7.74829656813886203E-1
1.06849999999999978E10	7.75095683539781710E-1
1.06859999999999977E10	7.75361728635067138E-1
1.06870000000000021E10	7.75627796343551079E-1
1.06879999999999997E10	7.75893885727294563E-1
1.06890000000000018E10	7.76159990207991513E-1
1.06900000000000017E10	7.76426113054456657E-1
1.06909999999999994E10	7.76692252384411930E-1
1.06919999999999993E10	7.76958406341702545E-1
1.06929999999999992E10	7.77224573087987647E-1
1.06940000000000013E10	7.77490754366296244E-1
1.06950000000000012E10	7.77756946304436614E-1
1.06959999999999988E10	7.78023148097759165E-1
1.06969999999999987E10	7.78289357920741587E-1
1.06979999999999986E10	7.78555577980254832E-1
1.06990000000000007E10	7.78821805905656461E-1
1.06999999999999984E10	7.79088037308868486E-1
1.07009999999999983E10	7.79354276325296436E-1
1.07020000000000026E10	7.79620515514386625E-1
1.07030000000000003E10	7.79886758929241175E-1
1.07040000000000002E10	7.80153002078222269E-1
1.07050000000000001E10	7.80419247899959778E-1
1.07060000000000000E10	7.80685491326193937E-1
1.07069999999999999E10	7.80951734182810142E-1
1.07079999999999997E10	7.81217971314629267E-1
1.07089999999999996E10	7.81484206875017939E-1
1.07099999999999995E10	7.81750435094357510E-1
1.07109999999999994E10	7.82016658486075045E-1
1.07119999999999993E10	7.82282873106914689E-1
1.07129999999999992E10	7.82549077876443899E-1
1.07140000000000013E10	7.82815275506700736E-1
1.07149999999999990E10	7.83081460830046439E-1
1.07159999999999989E10	7.83347635379562490E-1
1.07170000000000010E10	7.83613796220719294E-1
1.07180000000000009E10	7.83879941287597859E-1
1.07190000000000007E10	7.84146071761082997E-1
1.07200000000000006E10	7.84412187722233512E-1
1.07210000000000005E10	7.84678286251363133E-1
1.07220000000000004E10	7.84944364789243032E-1
1.07229999999999981E10	7.85210425398117984E-1
1.07240000000000002E10	7.85476465231774057E-1
1.07250000000000001E10	7.85742483200322894E-1
1.07260000000000000E10	7.86008476646345233E-1
1.07269999999999999E10	7.86274446524299897E-1
1.07279999999999998E10	7.86540392664374011E-1
1.07290000000000019E10	7.86806310978493872E-1
1.07299999999999995E10	7.87072206083582415E-1
1.07309999999999972E10	7.87338068877635688E-1
1.07320000000000015E10	7.87603905447040731E-1
1.07330000000000014E10	7.87869709589727041E-1
1.07339999999999991E10	7.88135484637280559E-1
1.07349999999999990E10	7.88401226310221404E-1
1.07359999999999989E10	7.88666933360668843E-1
1.07370000000000010E10	7.88932607066510627E-1
1.07379999999999987E10	7.89198244806891491E-1
1.07390000000000008E10	7.89463847839423138E-1
1.07400000000000007E10	7.89729411715016738E-1
1.07410000000000005E10	7.89994936754582966E-1
1.07420000000000004E10	7.90260423013394053E-1
1.07429999999999981E10	7.90525868478647009E-1
1.07440000000000024E10	7.90791271781840521E-1
1.07450000000000001E10	7.91056631289505496E-1
1.07459999999999978E10	7.91321950009313291E-1
1.07469999999999999E10	7.91587220827908222E-1
1.07479999999999998E10	7.91852447508818891E-1
1.07489999999999997E10	7.92117625056204666E-1
1.07499999999999996E10	7.92382757487780154E-1
1.07509999999999994E10	7.92647839650616781E-1
1.07520000000000016E10	7.92912873147489172E-1
1.07529999999999992E10	7.93177855289403766E-1
1.07540000000000013E10	7.93442784823788738E-1
1.07549999999999990E10	7.93707660600487230E-1
1.07559999999999989E10	7.93972482865148876E-1
1.07570000000000010E10	7.94237251067324657E-1
1.07579999999999987E10	7.94501962135097717E-1
1.07590000000000008E10	7.94766618685765813E-1
1.07600000000000007E10	7.95031215624204535E-1
1.07609999999999983E10	7.95295752662642563E-1
1.07620000000000005E10	7.95560232109448062E-1
1.07630000000000003E10	7.95824648604495977E-1
1.07640000000000002E10	7.96089005778765646E-1
1.07650000000000001E10	7.96353297489434908E-1
1.07660000000000000E10	7.96617526525752773E-1
1.07669999999999999E10	7.96881688056180959E-1
1.07679999999999998E10	7.97145786097677522E-1
1.07690000000000019E10	7.97409819569453404E-1
1.07699999999999996E10	7.97673782774575102E-1
1.07709999999999995E10	7.97937675859668794E-1
1.07719999999999994E10	7.98201501817227577E-1
1.07729999999999992E10	7.98465256094387321E-1
1.07740000000000014E10	7.98728938241347919E-1
1.07750000000000012E10	7.98992548140950998E-1
1.07759999999999989E10	7.99256084764637187E-1
1.07770000000000010E10	7.99519547812673004E-1
1.07780000000000009E10	7.99782933615435265E-1
1.07790000000000008E10	8.00046244929311001E-1
1.07799999999999985E10	8.00309477459340002E-1
1.07809999999999984E10	8.00572632478542801E-1
1.07820000000000005E10	8.00835707872908387E-1
1.07830000000000004E10	8.01098702599793810E-1
1.07840000000000003E10	8.01361617062574894E-1
1.07850000000000001E10	8.01624449086216906E-1
1.07859999999999978E10	8.01887199915858595E-1
1.07869999999999999E10	8.02149863443083433E-1
1.07879999999999998E10	8.02412445685932418E-1
1.07890000000000019E10	8.02674941331623160E-1
1.07900000000000018E10	8.02937347263657664E-1
1.07909999999999995E10	8.03199669569204922E-1
1.07919999999999994E10	8.03461901903213516E-1
1.07929999999999993E10	8.03724044360618883E-1
1.07940000000000014E10	8.03986097154786528E-1
1.07949999999999990E10	8.04248059443432162E-1
1.07959999999999989E10	8.04509927403832847E-1
1.07970000000000010E10	8.04771704268039834E-1
1.07979999999999987E10	8.05033386400486961E-1
1.07990000000000008E10	8.05294975621192322E-1
1.08000000000000007E10	8.05556466917701641E-1
1.08009999999999984E10	8.05817862214968628E-1
1.08020000000000005E10	8.06079159650539090E-1
1.08030000000000004E10	8.06340359663710338E-1
1.08040000000000003E10	8.06601459677056454E-1
1.08050000000000002E10	8.06862460134566639E-1
1.08060000000000000E10	8.07123360327179284E-1
1.08069999999999999E10	8.07384157655443957E-1
1.08079999999999998E10	8.07644851358811167E-1
1.08090000000000019E10	8.07905442846514532E-1
1.08099999999999996E10	8.08165929742833811E-1
1.08109999999999973E10	8.08426309982264790E-1
1.08120000000000016E10	8.08686585824695925E-1
1.08129999999999993E10	8.08946753538319108E-1
1.08140000000000014E10	8.09206814412284814E-1
1.08150000000000013E10	8.09466764858126631E-1
1.08159999999999989E10	8.09726608055855657E-1
1.08170000000000011E10	8.09986339401925903E-1
1.08179999999999987E10	8.10245959564366913E-1
1.08190000000000008E10	8.10505466141707487E-1
1.08200000000000007E10	8.10764862269766695E-1
1.08210000000000006E10	8.11024143701604849E-1
1.08219999999999983E10	8.11283310268413516E-1
1.08229999999999982E10	8.11542360492707360E-1
1.08240000000000025E10	8.11801294766817350E-1
1.08250000000000002E10	8.12060113902292535E-1
1.08259999999999978E10	8.12318811757619486E-1
1.08270000000000022E10	8.12577394174995504E-1
1.08279999999999998E10	8.12835854430298355E-1
1.08289999999999997E10	8.13094195947716969E-1
1.08299999999999996E10	8.13352414849020811E-1
1.08309999999999995E10	8.13610511761102906E-1
1.08320000000000016E10	8.13868488293469916E-1
1.08329999999999993E10	8.14126339829768497E-1
1.08339999999999992E10	8.14384065832758886E-1
1.08349999999999991E10	8.14641666705542100E-1
1.08359999999999990E10	8.14899142743175631E-1
1.08369999999999989E10	8.15156491084008827E-1
1.08379999999999987E10	8.15413712464539131E-1
1.08390000000000031E10	8.15670804446212827E-1
1.08400000000000007E10	8.15927769457805496E-1
1.08409999999999984E10	8.16184603060058755E-1
1.08420000000000005E10	8.16441304977302273E-1
1.08430000000000004E10	8.16697876036949388E-1
1.08440000000000003E10	8.16954314842536533E-1
1.08450000000000002E10	8.17210621072041654E-1
1.08460000000000001E10	8.17466793481515097E-1
1.08470000000000000E10	8.17722830877361595E-1
1.08479999999999999E10	8.17978733394628321E-1
1.08489999999999998E10	8.18234499223978418E-1
1.08499999999999996E10	8.18490127844571447E-1
1.08509999999999995E10	8.18745619020807247E-1
1.08519999999999994E10	8.19000972776446190E-1
1.08529999999999993E10	8.19256186824226873E-1
1.08540000000000014E10	8.19511261343079234E-1
1.08550000000000013E10	8.19766195439998668E-1
1.08559999999999990E10	8.20020987146358671E-1
1.08570000000000011E10	8.20275637182643180E-1
1.08580000000000010E10	8.20530144824954988E-1
1.08590000000000009E10	8.20784507286900045E-1
1.08599999999999985E10	8.21038728113933658E-1
1.08609999999999984E10	8.21292802824662971E-1
1.08620000000000005E10	8.21546731664493635E-1
1.08630000000000004E10	8.21800514280623240E-1
1.08640000000000003E10	8.22054148486636116E-1
1.08650000000000002E10	8.22307636366371142E-1
1.08660000000000001E10	8.22560974765342401E-1
1.08670000000000000E10	8.22814166246202738E-1
1.08679999999999977E10	8.23067205409618197E-1
1.08690000000000020E10	8.23320094316713735E-1
1.08700000000000019E10	8.23572830673282041E-1
1.08709999999999996E10	8.23825416518201337E-1
1.08719999999999994E10	8.24077848628830090E-1
1.08729999999999993E10	8.24330127458805784E-1
1.08740000000000014E10	8.24582252922276382E-1
1.08749999999999991E10	8.24834222913698767E-1
1.08759999999999990E10	8.25086037409835527E-1
1.08770000000000011E10	8.25337696076627125E-1
1.08780000000000010E10	8.25589197089968962E-1
1.08790000000000009E10	8.25840540313936877E-1
1.08799999999999986E10	8.26091725802259980E-1
1.08809999999999985E10	8.26342752911329370E-1
1.08820000000000006E10	8.26593621139622670E-1
1.08829999999999982E10	8.26844326121457129E-1
1.08840000000000003E10	8.27094872409726634E-1
1.08850000000000002E10	8.27345257205257134E-1
1.08860000000000001E10	8.27595478615590530E-1
1.08870000000000000E10	8.27845538124428160E-1
1.08879999999999999E10	8.28095434369562788E-1
1.08890000000000020E10	8.28345164555313573E-1
1.08899999999999997E10	8.28594733018879914E-1
1.08909999999999996E10	8.28844133443633524E-1
1.08919999999999995E10	8.29093369051370921E-1
1.08929999999999993E10	8.29342437640287322E-1
1.08940000000000015E10	8.29591338456896743E-1
1.08949999999999991E10	8.29840072139256790E-1
1.08959999999999990E10	8.30088636878536512E-1
1.08970000000000011E10	8.30337031393470504E-1
1.08979999999999988E10	8.30585257024750234E-1
1.08990000000000009E10	8.30833312323010986E-1
1.09000000000000008E10	8.31081195459149313E-1
1.09010000000000007E10	8.31328907104820480E-1
1.09020000000000006E10	8.31576447716602551E-1
1.09030000000000005E10	8.31823814623363234E-1
1.09040000000000004E10	8.32071007536538332E-1
1.09050000000000002E10	8.32318026905214126E-1
1.09059999999999979E10	8.32564871278580476E-1
1.09070000000000000E10	8.32811540916970827E-1
1.09079999999999999E10	8.33058034384582768E-1
1.09089999999999998E10	8.33304350335897936E-1
1.09099999999999997E10	8.33550490274943989E-1
1.09109999999999974E10	8.33796452125948306E-1
1.09120000000000017E10	8.34042236322901864E-1
1.09129999999999994E10	8.34287840947428627E-1
1.09140000000000015E10	8.34533266239995619E-1
1.09150000000000014E10	8.34778511776699794E-1
1.09160000000000013E10	8.35023575698705933E-1
1.09169999999999989E10	8.35268459392965745E-1
1.09179999999999988E10	8.35513161238379531E-1
1.09190000000000009E10	8.35757681032616340E-1
1.09200000000000008E10	8.36002017727525626E-1
1.09209999999999985E10	8.36246171831175644E-1
1.09220000000000006E10	8.36490140742097132E-1
1.09229999999999983E10	8.36733925986348837E-1
1.09240000000000004E10	8.36977525187182003E-1
1.09250000000000003E10	8.37220939728082669E-1
1.09259999999999979E10	8.37464168696153166E-1
1.09270000000000023E10	8.37707210069182118E-1
1.09279999999999999E10	8.37950064218887647E-1
1.09289999999999998E10	8.38192731472524954E-1
1.09299999999999997E10	8.38435208803573317E-1
1.09309999999999996E10	8.38677498441862390E-1
1.09319999999999995E10	8.38919598241077935E-1
1.09329999999999994E10	8.39161508622094487E-1
1.09340000000000015E10	8.39403228120791844E-1
1.09349999999999992E10	8.39644757478492565E-1
1.09359999999999991E10	8.39886095235017471E-1
1.09370000000000012E10	8.40127239982692053E-1
1.09379999999999988E10	8.40368193909986871E-1
1.09390000000000009E10	8.40608952825843048E-1
1.09400000000000008E10	8.40849519831340864E-1
1.09409999999999985E10	8.41089892912453685E-1
1.09420000000000006E10	8.41330070736973745E-1
1.09430000000000005E10	8.41570054121230449E-1
1.09440000000000004E10	8.41809841990071206E-1
1.09450000000000003E10	8.42049433757737731E-1
1.09460000000000002E10	8.42288828610133855E-1
1.09470000000000001E10	8.42528027389405310E-1
1.09479999999999977E10	8.42767028424635001E-1
1.09490000000000021E10	8.43005831371179859E-1
1.09499999999999997E10	8.43244435845632623E-1
1.09509999999999996E10	8.43482842210794459E-1
1.09520000000000017E10	8.43721048552424335E-1
1.09529999999999994E10	8.43959054856003732E-1
1.09540000000000015E10	8.44196861649871089E-1
1.09549999999999992E10	8.44434467439851133E-1
1.09559999999999991E10	8.44671871992644796E-1
1.09570000000000012E10	8.44909074804668414E-1
1.09580000000000011E10	8.45146075857539714E-1
1.09589999999999987E10	8.45382873710174465E-1
1.09599999999999986E10	8.45619468499231530E-1
1.09609999999999985E10	8.45855860221575817E-1
1.09620000000000006E10	8.46092048065118441E-1
1.09629999999999983E10	8.46328031955024329E-1
1.09640000000000026E10	8.46563810476694911E-1
1.09650000000000003E10	8.46799383997231736E-1
1.09660000000000002E10	8.47034751599385949E-1
1.09670000000000001E10	8.47269912603104380E-1
1.09680000000000000E10	8.47504868039078474E-1
1.09690000000000021E10	8.47739615693328119E-1
1.09699999999999998E10	8.47974157038721366E-1
1.09709999999999996E10	8.48208489021673273E-1
1.09719999999999995E10	8.48442613622519204E-1
1.09729999999999994E10	8.48676529495769749E-1
1.09739999999999993E10	8.48910236876729130E-1
1.09749999999999992E10	8.49143734267913608E-1
1.09759999999999991E10	8.49377021572578883E-1
1.09770000000000012E10	8.49610098859349527E-1
1.09779999999999989E10	8.49842965532635297E-1
1.09790000000000010E10	8.50075620997413139E-1
1.09800000000000009E10	8.50308064386543094E-1
1.09809999999999985E10	8.50540296480225066E-1
1.09820000000000007E10	8.50772315590627670E-1
1.09830000000000005E10	8.51004122392565598E-1
1.09840000000000004E10	8.51235716009277787E-1
1.09850000000000003E10	8.51467096272722301E-1
1.09859999999999980E10	8.51698262900383085E-1
1.09870000000000001E10	8.51929214871685758E-1
1.09880000000000000E10	8.52159952626590744E-1
1.09889999999999999E10	8.52390475487513832E-1
1.09899999999999998E10	8.52620782452025239E-1
1.09909999999999997E10	8.52850874169437745E-1
1.09920000000000018E10	8.53080749017866502E-1
1.09929999999999994E10	8.53310407495375856E-1
1.09940000000000015E10	8.53539849848076138E-1
1.09950000000000014E10	8.53769074450985954E-1
1.09959999999999991E10	8.53998081774221518E-1
1.09969999999999990E10	8.54226871377946217E-1
1.09979999999999989E10	8.54455441988573305E-1
1.09990000000000010E10	8.54683794212700931E-1
1.10000000000000009E10	8.54911927741664179E-1
1.10009999999999986E10	8.55139841912295751E-1
1.10020000000000007E10	8.55367536406452089E-1
1.10030000000000006E10	8.55595010797413558E-1
1.10040000000000004E10	8.55822264268133637E-1
1.10049999999999981E10	8.56049297732391423E-1
1.10059999999999980E10	8.56276110165047122E-1
1.10070000000000023E10	8.56502701212473561E-1
1.10080000000000000E10	8.56729069785059849E-1
1.10089999999999999E10	8.56955217222567889E-1
1.10099999999999998E10	8.57181141816644754E-1
1.10109999999999997E10	8.57406843848588274E-1
1.10119999999999996E10	8.57632323554670783E-1
1.10129999999999995E10	8.57857579461520459E-1
1.10140000000000016E10	8.58082611171943199E-1
1.10150000000000015E10	8.58307419792076232E-1
1.10159999999999991E10	8.58532003994890758E-1
1.10169999999999990E10	8.58756363664584477E-1
1.10179999999999989E10	8.58980498376820734E-1
1.10190000000000010E10	8.59204408285050114E-1
1.10199999999999987E10	8.59428092190271187E-1
1.10209999999999986E10	8.59651550331816594E-1
1.10220000000000007E10	8.59874782593450782E-1
1.10230000000000006E10	8.60097788350882730E-1
1.10240000000000005E10	8.60320567605189623E-1
1.10250000000000004E10	8.60543120087436186E-1
1.10260000000000002E10	8.60765445376545024E-1
1.10270000000000001E10	8.60987542871789202E-1
1.10280000000000000E10	8.61209412875854241E-1
1.10289999999999999E10	8.61431054587488276E-1
1.10299999999999998E10	8.61652468157321216E-1
1.10309999999999997E10	8.61873653241407744E-1
1.10319999999999996E10	8.62094609101526999E-1
1.10329999999999995E10	8.62315335915097236E-1
1.10340000000000016E10	8.62535833208600877E-1
1.10349999999999993E10	8.62756101151285648E-1
1.10359999999999969E10	8.62976139008330279E-1
1.10370000000000013E10	8.63195946681278237E-1
1.10380000000000011E10	8.63415523564923326E-1
1.10390000000000010E10	8.63634870177338954E-1
1.10400000000000009E10	8.63853985583535433E-1
1.10410000000000008E10	8.64072869925190545E-1
1.10420000000000007E10	8.64291522380041499E-1
1.10429999999999984E10	8.64509943507243328E-1
1.10440000000000005E10	8.64728132456273180E-1
1.10450000000000004E10	8.64946089287806075E-1
1.10460000000000003E10	8.65163813839316909E-1
1.10470000000000002E10	8.65381305248591737E-1
1.10479999999999978E10	8.65598564192197095E-1
1.10490000000000022E10	8.65815589783210982E-1
1.10499999999999998E10	8.66032382162465630E-1
1.10509999999999975E10	8.66248940525674982E-1
1.10520000000000018E10	8.66465265290468700E-1
1.10530000000000017E10	8.66681356130829172E-1
1.10539999999999994E10	8.66897212208130163E-1
1.10549999999999993E10	8.67112834029988555E-1
1.10559999999999992E10	8.67328221382875952E-1
1.10570000000000013E10	8.67543373539657203E-1
1.10579999999999989E10	8.67758290603580384E-1
1.10590000000000011E10	8.67972972391463848E-1
1.10599999999999987E10	8.68187418831557345E-1
1.10609999999999986E10	8.68401628758809707E-1
1.10620000000000007E10	8.68615603454563967E-1
1.10629999999999984E10	8.68829340808327366E-1
1.10640000000000027E10	8.69042842846045538E-1
1.10650000000000004E10	8.69256107925298593E-1
1.10659999999999981E10	8.69469136087617755E-1
1.10670000000000002E10	8.69681928023096162E-1
1.10680000000000001E10	8.69894481918764839E-1
1.10690000000000000E10	8.70106798962325456E-1
1.10699999999999998E10	8.70318878125191020E-1
1.10709999999999997E10	8.70530719985714363E-1
1.10719999999999996E10	8.70742323287171871E-1
1.10729999999999995E10	8.70953689090514160E-1
1.10740000000000016E10	8.71164816205587123E-1
1.10749999999999993E10	8.71375704977634413E-1
1.10759999999999992E10	8.71586355020184733E-1
1.10770000000000013E10	8.71796766360101572E-1
1.10779999999999990E10	8.72006938422530631E-1
1.10790000000000011E10	8.72216872126120002E-1
1.10800000000000010E10	8.72426565967802148E-1
1.10809999999999986E10	8.72636020675470725E-1
1.10820000000000007E10	8.72845235106227335E-1
1.10830000000000006E10	8.73054210502853856E-1
1.10840000000000005E10	8.73262945466534823E-1
1.10849999999999982E10	8.73471440251724474E-1
1.10859999999999981E10	8.73679695113421495E-1
1.10870000000000002E10	8.73887709089970777E-1
1.10880000000000001E10	8.74095482631573795E-1
1.10890000000000022E10	8.74303015955908869E-1
1.10899999999999999E10	8.74510308011232240E-1
1.10909999999999997E10	8.74717359103309633E-1
1.10919999999999996E10	8.74924168889238096E-1
1.10929999999999995E10	8.75130737842203388E-1
1.10940000000000016E10	8.75337065002103998E-1
1.10950000000000015E10	8.75543150564392292E-1
1.10959999999999992E10	8.75748994669715763E-1
1.10969999999999991E10	8.75954596581371270E-1
1.10979999999999990E10	8.76159957063797279E-1
1.10990000000000011E10	8.76365074925200105E-1
1.10999999999999988E10	8.76569951060918662E-1
1.11009999999999986E10	8.76774584407229618E-1
1.11020000000000008E10	8.76978975390839643E-1
1.11030000000000006E10	8.77183123833600042E-1
1.11040000000000005E10	8.77387029804464547E-1
1.11050000000000004E10	8.77590692626031732E-1
1.11059999999999981E10	8.77794112892225442E-1
1.11070000000000002E10	8.77997289495205457E-1
1.11080000000000001E10	8.78200223513872302E-1
1.11090000000000000E10	8.78402914269120494E-1
1.11099999999999999E10	8.78605361242352068E-1
1.11109999999999998E10	8.78807565260853352E-1
1.11119999999999997E10	8.79009525158681626E-1
1.11129999999999995E10	8.79211241573073288E-1
1.11140000000000017E10	8.79412714275611584E-1
1.11149999999999993E10	8.79613943050929059E-1
1.11159999999999992E10	8.79814927841945504E-1
1.11170000000000013E10	8.80015668570075782E-1
1.11179999999999990E10	8.80216165451163057E-1
1.11190000000000011E10	8.80416417679754559E-1
1.11200000000000010E10	8.80616425666123526E-1
1.11209999999999987E10	8.80816189440023578E-1
1.11220000000000008E10	8.81015708376580520E-1
1.11229999999999984E10	8.81214982932938362E-1
1.11240000000000006E10	8.81414012600956376E-1
1.11250000000000004E10	8.81612797708355345E-1
1.11260000000000003E10	8.81811338310914117E-1
1.11270000000000002E10	8.82009633448625330E-1
1.11280000000000001E10	8.82207683547659371E-1
1.11290000000000022E10	8.82405488828065465E-1
1.11299999999999999E10	8.82603049007088103E-1
1.11309999999999976E10	8.82800364220493350E-1
1.11320000000000019E10	8.82997433928664677E-1
1.11329999999999996E10	8.83194258207565852E-1
1.11339999999999995E10	8.83390837353917036E-1
1.11349999999999993E10	8.83587170784481124E-1
1.11359999999999992E10	8.83783259000056454E-1
1.11370000000000013E10	8.83979101405537193E-1
1.11379999999999990E10	8.84174698291535321E-1
1.11390000000000011E10	8.84370049468228459E-1
1.11400000000000010E10	8.84565154964179357E-1
1.11410000000000009E10	8.84760014696482955E-1
1.11419999999999986E10	8.84954628584886649E-1
1.11429999999999985E10	8.85148996612707606E-1
1.11440000000000028E10	8.85343118436663090E-1
1.11450000000000005E10	8.85536994508497344E-1
1.11459999999999981E10	8.85730624882940631E-1
1.11470000000000002E10	8.85924008881387692E-1
1.11480000000000001E10	8.86117146826104118E-1
1.11490000000000000E10	8.86310038663181210E-1
1.11499999999999999E10	8.86502684236652883E-1
1.11509999999999998E10	8.86695083652540283E-1
1.11520000000000019E10	8.86887236819150004E-1
1.11529999999999996E10	8.87079144059771529E-1
1.11539999999999995E10	8.87270804701493709E-1
1.11549999999999994E10	8.87462219036419775E-1
1.11559999999999993E10	8.87653387141977923E-1
1.11569999999999991E10	8.87844308764753976E-1
1.11579999999999990E10	8.88034984045076925E-1
1.11590000000000011E10	8.88225412938678538E-1
1.11600000000000010E10	8.88415595434521599E-1
1.11609999999999987E10	8.88605531394390979E-1
1.11620000000000008E10	8.88795220853504198E-1
1.11630000000000007E10	8.88984663797266528E-1
1.11640000000000006E10	8.89173860480964251E-1
1.11650000000000005E10	8.89362810485014066E-1
1.11660000000000004E10	8.89551514042297775E-1
1.11670000000000003E10	8.89739971102434168E-1
1.11680000000000001E10	8.89928181533293028E-1
1.11690000000000000E10	8.90116145572860695E-1
1.11699999999999999E10	8.90303862968045223E-1
1.11709999999999998E10	8.90491333853667655E-1
1.11719999999999997E10	8.90678558095754802E-1
1.11729999999999974E10	8.90865536019754245E-1
1.11740000000000017E10	8.91052267173032497E-1
1.11750000000000016E10	8.91238751886433356E-1
1.11759999999999993E10	8.91424989986202121E-1
1.11770000000000014E10	8.91610981789946422E-1
1.11780000000000013E10	8.91796726944487617E-1
1.11790000000000012E10	8.91982225600804668E-1
1.11799999999999988E10	8.92167477730679437E-1
1.11809999999999987E10	8.92352483481142222E-1
1.11820000000000008E10	8.92537242522983476E-1
1.11830000000000007E10	8.92721755540058126E-1
1.11840000000000006E10	8.92906021758100366E-1
1.11849999999999983E10	8.93090041530836842E-1
1.11859999999999982E10	8.93273815187328424E-1
1.11870000000000003E10	8.93457342340186855E-1
1.11879999999999979E10	8.93640623184433558E-1
1.11890000000000023E10	8.93823657769239688E-1
1.11900000000000022E10	8.94006445841585240E-1
1.11909999999999998E10	8.94188987757278930E-1
1.11919999999999997E10	8.94371283574619369E-1
1.11929999999999996E10	8.94553332991958783E-1
1.11940000000000017E10	8.94735136316402269E-1
1.11949999999999994E10	8.94916693484467451E-1
1.11959999999999993E10	8.95098004426327520E-1
1.11969999999999992E10	8.95279069438212893E-1
1.11979999999999991E10	8.95459888415196126E-1
1.11990000000000012E10	8.95640461367078267E-1
1.11999999999999988E10	8.95820788221420550E-1
1.12009999999999987E10	8.96000869388908860E-1
1.12020000000000008E10	8.96180704529422911E-1
1.12029999999999985E10	8.96360293886355031E-1
1.12040000000000006E10	8.96539637435550496E-1
1.12050000000000005E10	8.96718735217702445E-1
1.12060000000000004E10	8.96897587347586445E-1
1.12070000000000003E10	8.97076193797415655E-1
1.12080000000000002E10	8.97254554870968590E-1
1.12090000000000001E10	8.97432670195155602E-1
1.12100000000000000E10	8.97610540051948824E-1
1.12109999999999976E10	8.97788164478680528E-1
1.12119999999999997E10	8.97965543639212527E-1
1.12129999999999996E10	8.98142677375426146E-1
1.12140000000000017E10	8.98319565823540067E-1
1.12149999999999994E10	8.98496209149394964E-1
1.12159999999999993E10	8.98672607230993137E-1
1.12170000000000014E10	8.98848760315669182E-1
1.12179999999999991E10	8.99024668408551975E-1
1.12190000000000012E10	8.99200331611780079E-1
1.12200000000000011E10	8.99375749907944488E-1
1.12210000000000010E10	8.99550923331310059E-1
1.12219999999999986E10	8.99725851989511938E-1
1.12229999999999985E10	8.99900535947974411E-1
1.12240000000000006E10	9.00074975508090702E-1
1.12250000000000005E10	9.00249170284628519E-1
1.12259999999999982E10	9.00423120818985367E-1
1.12270000000000003E10	9.00596826952119756E-1
1.12280000000000002E10	9.00770288678384290E-1
1.12290000000000001E10	9.00943506141825168E-1
1.12300000000000000E10	9.01116479621654243E-1
1.12309999999999977E10	9.01289208906306882E-1
1.12320000000000020E10	9.01461694299336713E-1
1.12329999999999997E10	9.01633935634192341E-1
1.12339999999999995E10	9.01805933308867758E-1
1.12349999999999994E10	9.01977687215353896E-1
1.12359999999999993E10	9.02149197462378361E-1
1.12369999999999992E10	9.02320464133475397E-1
1.12379999999999991E10	9.02491487342921594E-1
1.12390000000000012E10	9.02662267097463022E-1
1.12400000000000011E10	9.02832803659633143E-1
1.12409999999999988E10	9.03003097046970282E-1
1.12420000000000009E10	9.03173147111674268E-1
1.12429999999999986E10	9.03342954332911496E-1
1.12440000000000007E10	9.03512518687814570E-1
1.12450000000000006E10	9.03681840080576038E-1
1.12459999999999982E10	9.03850918784225144E-1
1.12470000000000003E10	9.04019754848760115E-1
1.12480000000000002E10	9.04188348445920909E-1
1.12490000000000001E10	9.04356699598430502E-1
1.12500000000000000E10	9.04524808392584312E-1
1.12509999999999999E10	9.04692674956055853E-1
1.12519999999999998E10	9.04860299397958379E-1
1.12529999999999997E10	9.05027681854678079E-1
1.12540000000000018E10	9.05194822384801157E-1
1.12549999999999994E10	9.05361721114660334E-1
1.12559999999999993E10	9.05528378195540462E-1
1.12570000000000014E10	9.05694793633482220E-1
1.12579999999999991E10	9.05860967618213664E-1
1.12590000000000012E10	9.06026900266855506E-1
1.12599999999999989E10	9.06192591627928934E-1
1.12609999999999988E10	9.06358041856919527E-1
1.12620000000000009E10	9.06523251108510664E-1
1.12630000000000008E10	9.06688219380296445E-1
1.12640000000000007E10	9.06852946912285063E-1
1.12650000000000006E10	9.07017433759083680E-1
1.12660000000000005E10	9.07181680045953165E-1
1.12670000000000003E10	9.07345685939137603E-1
1.12679999999999980E10	9.07509451485322671E-1
1.12690000000000023E10	9.07672976837235623E-1
1.12700000000000000E10	9.07836262123753102E-1
1.12709999999999999E10	9.07999307438649872E-1
1.12719999999999998E10	9.08162112998646620E-1
1.12729999999999997E10	9.08324678817602305E-1
1.12740000000000018E10	9.08487005087651767E-1
1.12749999999999995E10	9.08649091923503249E-1
1.12759999999999994E10	9.08810939458685318E-1
1.12770000000000015E10	9.08972547799457864E-1
1.12780000000000014E10	9.09133917064430186E-1
1.12789999999999990E10	9.09295047443449533E-1
1.12799999999999989E10	9.09455939019377624E-1
1.12809999999999988E10	9.09616591976114286E-1
1.12820000000000009E10	9.09777006354577544E-1
1.12829999999999986E10	9.09937182404682510E-1
1.12840000000000007E10	9.10097120174331309E-1
1.12850000000000006E10	9.10256819863155897E-1
1.12859999999999983E10	9.10416281547579231E-1
1.12870000000000004E10	9.10575505416127129E-1
1.12880000000000003E10	9.10734491581553485E-1
1.12890000000000024E10	9.10893240212618593E-1
1.12900000000000000E10	9.11051751439416435E-1
1.12909999999999999E10	9.11210025367042142E-1
1.12919999999999998E10	9.11368062177090188E-1
1.12929999999999997E10	9.11525861999444587E-1
1.12939999999999996E10	9.11683425029548467E-1
1.12949999999999995E10	9.11840751311600961E-1
1.12959999999999994E10	9.11997841093450212E-1
1.12970000000000015E10	9.12154694489270845E-1
1.12979999999999992E10	9.12311311604051589E-1
1.12990000000000013E10	9.12467692650151818E-1
1.13000000000000012E10	9.12623837750408740E-1
1.13009999999999988E10	9.12779747023694910E-1
1.13020000000000009E10	9.12935420675876586E-1
1.13030000000000008E10	9.13090858844707576E-1
1.13040000000000007E10	9.13246061683942756E-1
1.13050000000000006E10	9.13401029342552917E-1
1.13059999999999983E10	9.13555761953430867E-1
1.13070000000000004E10	9.13710259710629202E-1
1.13080000000000003E10	9.13864522762088782E-1
1.13090000000000002E10	9.14018551249558087E-1
1.13099999999999978E10	9.14172345343805759E-1
1.13109999999999977E10	9.14325905209376977E-1
1.13120000000000021E10	9.14479230992172809E-1
1.13129999999999997E10	9.14632322870788705E-1
1.13140000000000018E10	9.14785180996150871E-1
1.13150000000000017E10	9.14937805513186220E-1
1.13159999999999994E10	9.15090196635017961E-1
1.13169999999999993E10	9.15242354458201390E-1
1.13179999999999992E10	9.15394279211973760E-1
1.13190000000000013E10	9.15545971033203188E-1
1.13200000000000012E10	9.15697430076127894E-1
1.13209999999999988E10	9.15848656525069771E-1
1.13219999999999987E10	9.15999650550199007E-1
1.13229999999999986E10	9.16150412315369067E-1
1.13240000000000007E10	9.16300941995922535E-1
1.13249999999999984E10	9.16451239735777889E-1
1.13259999999999983E10	9.16601305742825900E-1
1.13270000000000026E10	9.16751140174316426E-1
1.13280000000000003E10	9.16900743188803169E-1
1.13290000000000002E10	9.17050114969776331E-1
1.13300000000000001E10	9.17199255704235306E-1
1.13310000000000000E10	9.17348165539521965E-1
1.13319999999999999E10	9.17496844677321022E-1
1.13329999999999997E10	9.17645293278288676E-1
1.13339999999999996E10	9.17793511527282746E-1
1.13349999999999995E10	9.17941499593990429E-1
1.13359999999999994E10	9.18089257660231439E-1
1.13369999999999993E10	9.18236785912190534E-1
1.13379999999999992E10	9.18384084511325582E-1
1.13390000000000013E10	9.18531153656577182E-1
1.13399999999999990E10	9.18677993512920565E-1
1.13409999999999989E10	9.18824604267971345E-1
1.13420000000000010E10	9.18970986107833809E-1
1.13430000000000009E10	9.19117139225355295E-1
1.13440000000000007E10	9.19263063777041012E-1
1.13450000000000006E10	9.19408759966195888E-1
1.13460000000000005E10	9.19554227969819848E-1
1.13470000000000004E10	9.19699467980468732E-1
1.13479999999999981E10	9.19844480183698288E-1
1.13490000000000002E10	9.19989264751949598E-1
1.13500000000000001E10	9.20133821890503611E-1
1.13510000000000000E10	9.20278151780495435E-1
1.13519999999999999E10	9.20422254601065681E-1
1.13529999999999998E10	9.20566130557940632E-1
1.13540000000000019E10	9.20709779834824538E-1
1.13549999999999995E10	9.20853202614678423E-1
1.13559999999999972E10	9.20996399094809881E-1
1.13570000000000015E10	9.21139369462682112E-1
1.13580000000000014E10	9.21282113928375068E-1
1.13589999999999991E10	9.21424632656994369E-1
1.13599999999999990E10	9.21566925852352270E-1
1.13609999999999989E10	9.21708993715778568E-1
1.13620000000000010E10	9.21850836438179044E-1
1.13629999999999987E10	9.21992454213695112E-1
1.13640000000000008E10	9.22133847240318438E-1
1.13650000000000007E10	9.22275015718075863E-1
1.13660000000000005E10	9.22415959818927078E-1
1.13670000000000004E10	9.22556679774887556E-1
1.13679999999999981E10	9.22697175767668121E-1
1.13690000000000024E10	9.22837447985342685E-1
1.13700000000000001E10	9.22977496642835149E-1
1.13709999999999978E10	9.23117321937496449E-1
1.13719999999999999E10	9.23256924064267892E-1
1.13729999999999998E10	9.23396303232893700E-1
1.13739999999999997E10	9.23535459630176803E-1
1.13749999999999996E10	9.23674393479428524E-1
1.13759999999999994E10	9.23813104962245824E-1
1.13770000000000016E10	9.23951594263946774E-1
1.13779999999999992E10	9.24089861640304377E-1
1.13790000000000013E10	9.24227907262123516E-1
1.13799999999999990E10	9.24365731332511764E-1
1.13809999999999989E10	9.24503334068259441E-1
1.13820000000000010E10	9.24640715663801771E-1
1.13829999999999987E10	9.24777876344985650E-1
1.13840000000000008E10	9.24914816281571106E-1
1.13850000000000007E10	9.25051535713404149E-1
1.13859999999999983E10	9.25188034834431150E-1
1.13870000000000005E10	9.25324313849630364E-1
1.13880000000000003E10	9.25460372972654532E-1
1.13890000000000002E10	9.25596212416131081E-1
1.13900000000000001E10	9.25731832401518062E-1
1.13910000000000000E10	9.25867233120377975E-1
1.13919999999999999E10	9.26002414753016900E-1
1.13929999999999998E10	9.26137377565348707E-1
1.13940000000000019E10	9.26272121742628940E-1
1.13949999999999996E10	9.26406647488609813E-1
1.13959999999999995E10	9.26540955033268432E-1
1.13969999999999994E10	9.26675044574906082E-1
1.13979999999999992E10	9.26808916349349943E-1
1.13990000000000014E10	9.26942570528859910E-1
1.14000000000000012E10	9.27076007378521183E-1
1.14009999999999989E10	9.27209227064056662E-1
1.14020000000000010E10	9.27342229811529606E-1
1.14030000000000009E10	9.27475015883738862E-1
1.14040000000000008E10	9.27607585438156335E-1
1.14049999999999985E10	9.27739938718864465E-1
1.14059999999999984E10	9.27872075951548148E-1
1.14070000000000005E10	9.28003997287316906E-1
1.14080000000000004E10	9.28135703008786095E-1
1.14090000000000003E10	9.28267193361007692E-1
1.14100000000000001E10	9.28398468454574477E-1
1.14109999999999978E10	9.28529528600447307E-1
1.14119999999999999E10	9.28660374006885014E-1
1.14129999999999998E10	9.28791004832456935E-1
1.14140000000000019E10	9.28921421363340194E-1
1.14150000000000018E10	9.29051623782983427E-1
1.14159999999999995E10	9.29181612346001984E-1
1.14169999999999994E10	9.29311387244399256E-1
1.14179999999999993E10	9.29440948688387181E-1
1.14190000000000014E10	9.29570296912355865E-1
1.14199999999999990E10	9.29699432138739823E-1
1.14209999999999989E10	9.29828354643747623E-1
1.14220000000000010E10	9.29957064546040790E-1
1.14229999999999987E10	9.30085562140157762E-1
1.14240000000000008E10	9.30213847622745682E-1
1.14250000000000007E10	9.30341921251112680E-1
1.14259999999999984E10	9.30469783194434008E-1
1.14270000000000005E10	9.30597433683414543E-1
1.14280000000000004E10	9.30724873020992227E-1
1.14290000000000003E10	9.30852101376459728E-1
1.14300000000000002E10	9.30979118919673354E-1
1.14310000000000000E10	9.31105925972670434E-1
1.14319999999999999E10	9.31232522726924650E-1
1.14329999999999998E10	9.31358909413566316E-1
1.14340000000000019E10	9.31485086215593583E-1
1.14349999999999996E10	9.31611053407119449E-1
1.14359999999999973E10	9.31736811186680214E-1
1.14370000000000016E10	9.31862359753544389E-1
1.14379999999999993E10	9.31987699449737050E-1
1.14390000000000014E10	9.32112830383342938E-1
1.14400000000000013E10	9.32237752880373627E-1
1.14409999999999989E10	9.32362467113334148E-1
1.14420000000000011E10	9.32486973317504919E-1
1.14429999999999987E10	9.32611271634540451E-1
1.14440000000000008E10	9.32735362530595857E-1
1.14450000000000007E10	9.32859245984810670E-1
1.14460000000000006E10	9.32982922348635491E-1
1.14469999999999983E10	9.33106391836278881E-1
1.14479999999999982E10	9.33229654745732873E-1
1.14490000000000025E10	9.33352711176248917E-1
1.14500000000000002E10	9.33475561405478338E-1
1.14509999999999978E10	9.33598205766886480E-1
1.14520000000000022E10	9.33720644248007403E-1
1.14529999999999998E10	9.33842877357759704E-1
1.14539999999999997E10	9.33964905212866725E-1
1.14549999999999996E10	9.34086728046785097E-1
1.14559999999999995E10	9.34208346031505776E-1
1.14570000000000016E10	9.34329759564973550E-1
1.14579999999999993E10	9.34450968683535166E-1
1.14589999999999992E10	9.34571973746047568E-1
1.14599999999999991E10	9.34692774878297783E-1
1.14609999999999990E10	9.34813372482731531E-1
1.14619999999999989E10	9.34933766567145597E-1
1.14629999999999987E10	9.35053957748074183E-1
1.14640000000000031E10	9.35173945809652452E-1
1.14650000000000007E10	9.35293731221060121E-1
1.14659999999999984E10	9.35413314174218513E-1
1.14670000000000005E10	9.35532695050473606E-1
1.14680000000000004E10	9.35651873725269212E-1
1.14690000000000003E10	9.35770850862769343E-1
1.14700000000000002E10	9.35889626389601226E-1
1.14710000000000001E10	9.36008200679844293E-1
1.14720000000000000E10	9.36126573932442518E-1
1.14729999999999999E10	9.36244746410439355E-1
1.14739999999999998E10	9.36362718295309904E-1
1.14749999999999996E10	9.36480489885030032E-1
1.14759999999999995E10	9.36598061428076356E-1
1.14769999999999994E10	9.36715433046752466E-1
1.14779999999999993E10	9.36832605153576736E-1
1.14790000000000014E10	9.36949577787332366E-1
1.14800000000000013E10	9.37066351369928796E-1
1.14809999999999990E10	9.37182926062191157E-1
1.14820000000000011E10	9.37299302014018743E-1
1.14830000000000010E10	9.37415479701947518E-1
1.14840000000000009E10	9.37531459083149343E-1
1.14849999999999985E10	9.37647240635475931E-1
1.14859999999999984E10	9.37762824343698753E-1
1.14870000000000005E10	9.37878210706783655E-1
1.14880000000000004E10	9.37993399794782867E-1
1.14890000000000003E10	9.38108392020454573E-1
1.14900000000000002E10	9.38223187282876303E-1
1.14910000000000001E10	9.38337786437526411E-1
1.14920000000000000E10	9.38452189095337985E-1
1.14929999999999977E10	9.38566395651159802E-1
1.14940000000000020E10	9.38680406540598966E-1
1.14950000000000019E10	9.38794221851520483E-1
1.14959999999999996E10	9.38907841931444942E-1
1.14969999999999994E10	9.39021266842562952E-1
1.14979999999999993E10	9.39134497090956799E-1
1.14990000000000014E10	9.39247532533505058E-1
1.14999999999999991E10	9.39360373880305488E-1
1.15009999999999990E10	9.39473021146615039E-1
1.15020000000000011E10	9.39585474372946372E-1
1.15030000000000010E10	9.39697734248794347E-1
1.15040000000000009E10	9.39809800634387926E-1
1.15049999999999986E10	9.39921673944160219E-1
1.15059999999999985E10	9.40033354292403089E-1
1.15070000000000006E10	9.40144842037535078E-1
1.15079999999999982E10	9.40256137498242950E-1
1.15090000000000003E10	9.40367240704835616E-1
1.15100000000000002E10	9.40478151943797691E-1
1.15110000000000001E10	9.40588871601345033E-1
1.15120000000000000E10	9.40699399867406427E-1
1.15129999999999999E10	9.40809736838097521E-1
1.15140000000000020E10	9.40919883062423423E-1
1.15149999999999997E10	9.41029838412393715E-1
1.15159999999999996E10	9.41139603550178805E-1
1.15169999999999995E10	9.41249178126596675E-1
1.15179999999999993E10	9.41358562980365399E-1
1.15190000000000015E10	9.41467758203312144E-1
1.15199999999999991E10	9.41576763849907117E-1
1.15209999999999990E10	9.41685580251026089E-1
1.15220000000000011E10	9.41794207750628232E-1
1.15229999999999988E10	9.41902646507691443E-1
1.15240000000000009E10	9.42010896500822881E-1
1.15250000000000008E10	9.42118958457864153E-1
1.15260000000000007E10	9.42226832480495347E-1
1.15270000000000006E10	9.42334518505746743E-1
1.15280000000000005E10	9.42442017250126263E-1
1.15290000000000004E10	9.42549328574931877E-1
1.15300000000000002E10	9.42656453091684021E-1
1.15309999999999979E10	9.42763390523074385E-1
1.15320000000000000E10	9.42870141561884445E-1
1.15329999999999999E10	9.42976706164909828E-1
1.15339999999999998E10	9.43083084925648230E-1
1.15349999999999997E10	9.43189277881717381E-1
1.15359999999999974E10	9.43295285254282767E-1
1.15370000000000017E10	9.43401107221704294E-1
1.15379999999999994E10	9.43506744121537544E-1
1.15390000000000015E10	9.43612196259745950E-1
1.15400000000000014E10	9.43717463687398350E-1
1.15410000000000013E10	9.43822547011012958E-1
1.15419999999999989E10	9.43927446026695449E-1
1.15429999999999988E10	9.44032161378795465E-1
1.15440000000000009E10	9.44136693103572533E-1
1.15450000000000008E10	9.44241041397700620E-1
1.15459999999999985E10	9.44345206558626060E-1
1.15470000000000006E10	9.44449188810016338E-1
1.15479999999999983E10	9.44552988530388227E-1
1.15490000000000004E10	9.44656605966415874E-1
1.15500000000000003E10	9.44760041089415026E-1
1.15509999999999979E10	9.44863294513921836E-1
1.15520000000000023E10	9.44966366368055333E-1
1.15529999999999999E10	9.45069256575432171E-1
1.15539999999999998E10	9.45171965874006936E-1
1.15549999999999997E10	9.45274493909296254E-1
1.15559999999999996E10	9.45376841702467985E-1
1.15569999999999995E10	9.45479009024546890E-1
1.15579999999999994E10	9.45580996076839497E-1
1.15590000000000015E10	9.45682803385926896E-1
1.15599999999999992E10	9.45784430608360793E-1
1.15609999999999991E10	9.45885878739266772E-1
1.15620000000000012E10	9.45987147564509101E-1
1.15629999999999988E10	9.46088237639654750E-1
1.15640000000000009E10	9.46189148915597045E-1
1.15650000000000008E10	9.46289881679404132E-1
1.15659999999999985E10	9.46390436348421282E-1
1.15670000000000006E10	9.46490813096297146E-1
1.15680000000000005E10	9.46591011986731523E-1
1.15690000000000004E10	9.46691033582095542E-1
1.15700000000000003E10	9.46790877973641543E-1
1.15710000000000002E10	9.46890545323173605E-1
1.15720000000000001E10	9.46990035761204751E-1
1.15729999999999977E10	9.47089349962303828E-1
1.15740000000000021E10	9.47188487959522085E-1
1.15749999999999997E10	9.47287449910512080E-1
1.15759999999999996E10	9.47386236213199417E-1
1.15770000000000017E10	9.47484846797372526E-1
1.15779999999999994E10	9.47583282378900371E-1
1.15790000000000015E10	9.47681542759888629E-1
1.15799999999999992E10	9.47779628651326433E-1
1.15809999999999991E10	9.47877539764993848E-1
1.15820000000000012E10	9.47975276685656709E-1
1.15830000000000011E10	9.48072839514924937E-1
1.15839999999999987E10	9.48170228830752393E-1
1.15849999999999986E10	9.48267444319501429E-1
1.15859999999999985E10	9.48364486987165201E-1
1.15870000000000006E10	9.48461356167477376E-1
1.15879999999999983E10	9.48558052425544318E-1
1.15890000000000026E10	9.48654576463703592E-1
1.15900000000000003E10	9.48750928321290665E-1
1.15910000000000002E10	9.48847108016355811E-1
1.15920000000000001E10	9.48943115822743266E-1
1.15930000000000000E10	9.49038952161449956E-1
1.15940000000000021E10	9.49134616934866315E-1
1.15949999999999998E10	9.49230110508787917E-1
1.15959999999999996E10	9.49325433791770301E-1
1.15969999999999995E10	9.49420586343067363E-1
1.15979999999999994E10	9.49515568401932875E-1
1.15989999999999993E10	9.49610380372064888E-1
1.15999999999999992E10	9.49705022585593994E-1
1.16009999999999991E10	9.49799494884346096E-1
1.16020000000000012E10	9.49893798111366294E-1
1.16029999999999989E10	9.49987932388421008E-1
1.16040000000000010E10	9.50081897276597154E-1
1.16050000000000009E10	9.50175693757891082E-1
1.16059999999999985E10	9.50269322196589705E-1
1.16070000000000007E10	9.50362782130139827E-1
1.16080000000000005E10	9.50456074332063494E-1
1.16090000000000004E10	9.50549199023142677E-1
1.16100000000000003E10	9.50642155882638029E-1
1.16109999999999980E10	9.50734945783277752E-1
1.16120000000000001E10	9.50827568488871400E-1
1.16130000000000000E10	9.50920025248083434E-1
1.16139999999999999E10	9.51012314587595853E-1
1.16149999999999998E10	9.51104438341481107E-1
1.16159999999999997E10	9.51196396348397855E-1
1.16170000000000018E10	9.51288188507047749E-1
1.16179999999999994E10	9.51379815084507818E-1
1.16190000000000015E10	9.51471276574363500E-1
1.16200000000000014E10	9.51562572704889575E-1
1.16209999999999991E10	9.51653704277694956E-1
1.16219999999999990E10	9.51744671613010951E-1
1.16229999999999989E10	9.51835474239167212E-1
1.16240000000000010E10	9.51926113689026643E-1
1.16250000000000009E10	9.52016588671886588E-1
1.16259999999999986E10	9.52106900224016961E-1
1.16270000000000007E10	9.52197048839760463E-1
1.16280000000000006E10	9.52287034007808231E-1
1.16290000000000004E10	9.52376856663473603E-1
1.16299999999999981E10	9.52466516697616150E-1
1.16309999999999980E10	9.52556014432007103E-1
1.16320000000000023E10	9.52645350045221484E-1
1.16330000000000000E10	9.52734523874530481E-1
1.16339999999999999E10	9.52823536216416223E-1
1.16349999999999998E10	9.52912387417094386E-1
1.16359999999999997E10	9.53001076934408253E-1
1.16369999999999996E10	9.53089605970014730E-1
1.16379999999999995E10	9.53177974793746507E-1
1.16390000000000016E10	9.53266182466898471E-1
1.16400000000000015E10	9.53354230127558822E-1
1.16409999999999991E10	9.53442118359657620E-1
1.16419999999999990E10	9.53529846478439502E-1
1.16429999999999989E10	9.53617415536865032E-1
1.16440000000000010E10	9.53704825182627047E-1
1.16449999999999987E10	9.53792076251070320E-1
1.16459999999999986E10	9.53879168537591937E-1
1.16470000000000007E10	9.53966102104562097E-1
1.16480000000000006E10	9.54052877307210245E-1
1.16490000000000005E10	9.54139495148025851E-1
1.16500000000000004E10	9.54225955398901604E-1
1.16510000000000002E10	9.54312257691204024E-1
1.16520000000000001E10	9.54398402187178263E-1
1.16530000000000000E10	9.54484390501827562E-1
1.16539999999999999E10	9.54570221829150256E-1
1.16549999999999998E10	9.54655897007814680E-1
1.16559999999999997E10	9.54741415178415309E-1
1.16569999999999996E10	9.54826777560085738E-1
1.16579999999999995E10	9.54911984307365280E-1
1.16590000000000016E10	9.54997035622043988E-1
1.16599999999999993E10	9.55081930999483220E-1
1.16609999999999969E10	9.55166671673283751E-1
1.16620000000000013E10	9.55251257728491865E-1
1.16630000000000011E10	9.55335688737278765E-1
1.16640000000000010E10	9.55419965633396195E-1
1.16650000000000009E10	9.55504088973171939E-1
1.16660000000000008E10	9.55588057377379485E-1
1.16670000000000007E10	9.55671872236076148E-1
1.16679999999999984E10	9.55755533972939553E-1
1.16690000000000005E10	9.55839042437802000E-1
1.16700000000000004E10	9.55922397941036017E-1
1.16710000000000003E10	9.56005601303574970E-1
1.16720000000000002E10	9.56088651738899209E-1
1.16729999999999978E10	9.56171549404301580E-1
1.16740000000000022E10	9.56254295842698099E-1
1.16749999999999998E10	9.56336889637320198E-1
1.16759999999999975E10	9.56419333003203143E-1
1.16770000000000018E10	9.56501623774625997E-1
1.16780000000000017E10	9.56583764401861281E-1
1.16789999999999994E10	9.56665754001026336E-1
1.16799999999999993E10	9.56747593073678182E-1
1.16809999999999992E10	9.56829281541135046E-1
1.16820000000000013E10	9.56910820890009362E-1
1.16829999999999989E10	9.56992209201243327E-1
1.16840000000000011E10	9.57073448280429595E-1
1.16849999999999987E10	9.57154537725314114E-1
1.16859999999999986E10	9.57235478305053356E-1
1.16870000000000007E10	9.57316269903561512E-1
1.16879999999999984E10	9.57396912876992445E-1
1.16890000000000027E10	9.57477407212113185E-1
1.16900000000000004E10	9.57557753626873520E-1
1.16909999999999981E10	9.57637951302816681E-1
1.16920000000000002E10	9.57718001526069074E-1
1.16930000000000001E10	9.57797904711305748E-1
1.16940000000000000E10	9.57877659776704782E-1
1.16949999999999998E10	9.57957267981081984E-1
1.16959999999999997E10	9.58036729753950134E-1
1.16969999999999996E10	9.58116044639296760E-1
1.16979999999999995E10	9.58195213146940006E-1
1.16990000000000016E10	9.58274235704243615E-1
1.16999999999999993E10	9.58353112018812325E-1
1.17009999999999992E10	9.58431843404730444E-1
1.17020000000000013E10	9.58510428277111615E-1
1.17029999999999990E10	9.58588868966438845E-1
1.17040000000000011E10	9.58667163734860139E-1
1.17050000000000010E10	9.58745314543093841E-1
1.17059999999999986E10	9.58823320657609912E-1
1.17070000000000007E10	9.58901182527276674E-1
1.17080000000000006E10	9.58978899433167520E-1
1.17090000000000005E10	9.59056472821321293E-1
1.17099999999999982E10	9.59133903322349290E-1
1.17109999999999981E10	9.59211190667227953E-1
1.17120000000000002E10	9.59288334227252726E-1
1.17130000000000001E10	9.59365334841684714E-1
1.17140000000000022E10	9.59442192708403319E-1
1.17149999999999999E10	9.59518908418091776E-1
1.17159999999999997E10	9.59595481921039095E-1
1.17169999999999996E10	9.59671913406310573E-1
1.17179999999999995E10	9.59748202576096610E-1
1.17190000000000016E10	9.59824351333397985E-1
1.17200000000000015E10	9.59900357673815563E-1
1.17209999999999992E10	9.59976223924655159E-1
1.17219999999999991E10	9.60051948800667887E-1
1.17229999999999990E10	9.60127533561561641E-1
1.17240000000000011E10	9.60202977127200796E-1
1.17249999999999988E10	9.60278280808061346E-1
1.17259999999999986E10	9.60353444548575297E-1
1.17270000000000008E10	9.60428469177746713E-1
1.17280000000000006E10	9.60503353941651206E-1
1.17290000000000005E10	9.60578098939155289E-1
1.17300000000000004E10	9.60652705903787307E-1
1.17309999999999981E10	9.60727173808486334E-1
1.17320000000000002E10	9.60801502001902996E-1
1.17330000000000001E10	9.60875692384777835E-1
1.17340000000000000E10	9.60949745320988846E-1
1.17349999999999999E10	9.61023659842756217E-1
1.17359999999999998E10	9.61097436702587160E-1
1.17369999999999997E10	9.61171077050145506E-1
1.17379999999999995E10	9.61244578032080632E-1
1.17390000000000017E10	9.61317944271954339E-1
1.17399999999999993E10	9.61391172747933354E-1
1.17409999999999992E10	9.61464264656862788E-1
1.17420000000000013E10	9.61537220103167733E-1
1.17429999999999990E10	9.61610040147994738E-1
1.17440000000000011E10	9.61682723945881790E-1
1.17450000000000010E10	9.61755271901953712E-1
1.17459999999999987E10	9.61827684645476566E-1
1.17470000000000008E10	9.61899962157775157E-1
1.17479999999999984E10	9.61972104751028745E-1
1.17490000000000006E10	9.62044112002159402E-1
1.17500000000000004E10	9.62115985249887906E-1
1.17510000000000003E10	9.62187724077823603E-1
1.17520000000000002E10	9.62259328810914383E-1
1.17530000000000001E10	9.62330799626213462E-1
1.17540000000000022E10	9.62402137563042537E-1
1.17549999999999999E10	9.62473341887490541E-1
1.17559999999999976E10	9.62544412240283620E-1
1.17570000000000019E10	9.62615349866927694E-1
1.17579999999999996E10	9.62686154761949808E-1
1.17589999999999995E10	9.62756827462303910E-1
1.17599999999999993E10	9.62827367131533052E-1
1.17609999999999992E10	9.62897775349324370E-1
1.17620000000000013E10	9.62968051025975313E-1
1.17629999999999990E10	9.63038195200067015E-1
1.17640000000000011E10	9.63108208312704051E-1
1.17650000000000010E10	9.63178090846330370E-1
1.17660000000000009E10	9.63247842559784573E-1
1.17669999999999986E10	9.63317460681942528E-1
1.17679999999999985E10	9.63386950750238036E-1
1.17690000000000028E10	9.63456309976611003E-1
1.17700000000000005E10	9.63525538878032606E-1
1.17709999999999981E10	9.63594637451404878E-1
1.17720000000000002E10	9.63663607494090790E-1
1.17730000000000001E10	9.63732447038678863E-1
1.17740000000000000E10	9.63801157452259538E-1
1.17749999999999999E10	9.63869739331238229E-1
1.17759999999999998E10	9.63938192523970550E-1
1.17770000000000019E10	9.64006516155308013E-1
1.17779999999999996E10	9.64074712066194728E-1
1.17789999999999995E10	9.64142779763372992E-1
1.17799999999999994E10	9.64210719207808964E-1
1.17809999999999993E10	9.64278531509807912E-1
1.17819999999999991E10	9.64346215517217686E-1
1.17829999999999990E10	9.64413773472783831E-1
1.17840000000000011E10	9.64481203021529332E-1
1.17850000000000010E10	9.64548506383359694E-1
1.17859999999999987E10	9.64615682316791911E-1
1.17870000000000008E10	9.64682732731179371E-1
1.17880000000000007E10	9.64749656110814335E-1
1.17890000000000006E10	9.64816454851203531E-1
1.17900000000000005E10	9.64883125951304876E-1
1.17910000000000004E10	9.64949671974707890E-1
1.17920000000000003E10	9.65016093957870957E-1
1.17930000000000001E10	9.65082389822687503E-1
1.17940000000000000E10	9.65148559817360407E-1
1.17949999999999999E10	9.65214606137884523E-1
1.17959999999999998E10	9.65280527483609063E-1
1.17969999999999997E10	9.65346325246706449E-1
1.17979999999999974E10	9.65411997343498385E-1
1.17990000000000017E10	9.65477547245943413E-1
1.18000000000000016E10	9.65542971980449849E-1
1.18009999999999993E10	9.65608275157366513E-1
1.18020000000000014E10	9.65673454186573643E-1
1.18030000000000013E10	9.65738510108051784E-1
1.18040000000000012E10	9.65803442473417739E-1
1.18049999999999988E10	9.65868252918457237E-1
1.18059999999999987E10	9.65932940448992383E-1
1.18070000000000008E10	9.65997506219312996E-1
1.18080000000000007E10	9.66061950468114361E-1
1.18090000000000006E10	9.66126272286994059E-1
1.18099999999999983E10	9.66190473023883811E-1
1.18109999999999982E10	9.66254551966421538E-1
1.18120000000000003E10	9.66318509020253558E-1
1.18129999999999979E10	9.66382345728900560E-1
1.18140000000000023E10	9.66446062127026551E-1
1.18150000000000022E10	9.66509657972969904E-1
1.18159999999999998E10	9.66573133018706265E-1
1.18169999999999997E10	9.66636488280230033E-1
1.18179999999999996E10	9.66699722332996458E-1
1.18190000000000017E10	9.66762837821860543E-1
1.18199999999999994E10	9.66825834248561478E-1
1.18209999999999993E10	9.66888711227568365E-1
1.18219999999999992E10	9.66951468511513745E-1
1.18229999999999991E10	9.67014107802599554E-1
1.18240000000000012E10	9.67076627180841619E-1
1.18249999999999988E10	9.67139029024484387E-1
1.18259999999999987E10	9.67201312117065903E-1
1.18270000000000008E10	9.67263477299389862E-1
1.18279999999999985E10	9.67325524670580350E-1
1.18290000000000006E10	9.67387454640433830E-1
1.18300000000000005E10	9.67449265861883667E-1
1.18310000000000004E10	9.67510960212374549E-1
1.18320000000000003E10	9.67572539183663238E-1
1.18330000000000002E10	9.67634000188966503E-1
1.18340000000000001E10	9.67695343947307407E-1
1.18350000000000000E10	9.67756572432014828E-1
1.18359999999999976E10	9.67817684365028974E-1
1.18369999999999997E10	9.67878679743755654E-1
1.18379999999999996E10	9.67939559613783018E-1
1.18390000000000017E10	9.68000323944335506E-1
1.18399999999999994E10	9.68060973256894286E-1
1.18409999999999993E10	9.68121506747603355E-1
1.18420000000000014E10	9.68181925563122370E-1
1.18429999999999991E10	9.68242229563221102E-1
1.18440000000000012E10	9.68302418415831134E-1
1.18450000000000011E10	9.68362492995833257E-1
1.18460000000000010E10	9.68422453483183965E-1
1.18469999999999986E10	9.68482299367738264E-1
1.18479999999999985E10	9.68542032528670660E-1
1.18490000000000006E10	9.68601651408092579E-1
1.18500000000000005E10	9.68661157436596376E-1
1.18509999999999982E10	9.68720549741470549E-1
1.18520000000000003E10	9.68779829654616620E-1
1.18530000000000002E10	9.68838995936814840E-1
1.18540000000000001E10	9.68898050169185865E-1
1.18550000000000000E10	9.68956990521335193E-1
1.18559999999999977E10	9.69015820326245958E-1
1.18570000000000020E10	9.69074537521783697E-1
1.18579999999999997E10	9.69133142960737004E-1
1.18589999999999995E10	9.69191637284920304E-1
1.18599999999999994E10	9.69250019190383938E-1
1.18609999999999993E10	9.69308290961282104E-1
1.18619999999999992E10	9.69366450631457965E-1
1.18629999999999991E10	9.69424499869549905E-1
1.18640000000000012E10	9.69482439333525470E-1
1.18650000000000011E10	9.69540266595596378E-1
1.18659999999999988E10	9.69597984722657280E-1
1.18670000000000009E10	9.69655592843313840E-1
1.18679999999999986E10	9.69713090283564227E-1
1.18690000000000007E10	9.69770478386300638E-1
1.18700000000000006E10	9.69827757849256322E-1
1.18709999999999982E10	9.69884926914064671E-1
1.18720000000000003E10	9.69941986798405154E-1
1.18730000000000002E10	9.69998937500141167E-1
1.18740000000000001E10	9.70055780537833634E-1
1.18750000000000000E10	9.70112514701837370E-1
1.18759999999999999E10	9.70169140633022309E-1
1.18769999999999998E10	9.70225658398736712E-1
1.18779999999999997E10	9.70282068116531349E-1
1.18790000000000018E10	9.70338370278350304E-1
1.18799999999999994E10	9.70394564835287632E-1
1.18809999999999993E10	9.70450652139000525E-1
1.18820000000000014E10	9.70506632021203330E-1
1.18829999999999991E10	9.70562505369687756E-1
1.18840000000000012E10	9.70618271634096708E-1
1.18849999999999989E10	9.70673929765446886E-1
1.18859999999999988E10	9.70729482981983338E-1
1.18870000000000009E10	9.70784930250826683E-1
1.18880000000000008E10	9.70840271343714178E-1
1.18890000000000007E10	9.70895507503738564E-1
1.18900000000000006E10	9.70950635369475989E-1
1.18910000000000005E10	9.71005659819379652E-1
1.18920000000000003E10	9.71060578578662614E-1
1.18929999999999980E10	9.71115391857602361E-1
1.18940000000000023E10	9.71170100448028606E-1
1.18950000000000000E10	9.71224703130539702E-1
1.18959999999999999E10	9.71279204520687678E-1
1.18969999999999998E10	9.71333599715726237E-1
1.18979999999999997E10	9.71387889661258086E-1
1.18990000000000018E10	9.71442076290006362E-1
1.18999999999999995E10	9.71496160224612204E-1
1.19009999999999994E10	9.71550139434673454E-1
1.19020000000000015E10	9.71604014217838952E-1
1.19030000000000014E10	9.71657788251639332E-1
1.19039999999999990E10	9.71711457563539582E-1
1.19049999999999989E10	9.71765025258415527E-1
1.19059999999999988E10	9.71818489462818924E-1
1.19070000000000009E10	9.71871852418088089E-1
1.19079999999999986E10	9.71925111024519772E-1
1.19090000000000007E10	9.71978270083953788E-1
1.19100000000000006E10	9.72031323937930836E-1
1.19109999999999983E10	9.72084277614687053E-1
1.19120000000000004E10	9.72137130119881832E-1
1.19130000000000003E10	9.72189881264701405E-1
1.19140000000000024E10	9.72242532729119269E-1
1.19150000000000000E10	9.72295080795966093E-1
1.19159999999999999E10	9.72347527091785935E-1
1.19169999999999998E10	9.72399874829424427E-1
1.19179999999999997E10	9.72452121470542075E-1
1.19189999999999996E10	9.72504268151386597E-1
1.19199999999999995E10	9.72556315511781833E-1
1.19209999999999994E10	9.72608260507503708E-1
1.19220000000000015E10	9.72660108442501148E-1
1.19229999999999992E10	9.72711856713634404E-1
1.19240000000000013E10	9.72763503276161146E-1
1.19250000000000012E10	9.72815051679691045E-1
1.19259999999999988E10	9.72866501454183386E-1
1.19270000000000009E10	9.72917852023509333E-1
1.19280000000000008E10	9.72969103798025081E-1
1.19290000000000007E10	9.73020259285363132E-1
1.19300000000000006E10	9.73071312943825362E-1
1.19309999999999983E10	9.73122270773276377E-1
1.19320000000000004E10	9.73173130734265257E-1
1.19330000000000003E10	9.73223891812123298E-1
1.19340000000000002E10	9.73274555143741438E-1
1.19349999999999978E10	9.73325121842973040E-1
1.19359999999999977E10	9.73375591526688133E-1
1.19370000000000021E10	9.73425962671803369E-1
1.19379999999999997E10	9.73476240054493225E-1
1.19390000000000018E10	9.73526418042303021E-1
1.19400000000000017E10	9.73576499179769428E-1
1.19409999999999994E10	9.73626486048687489E-1
1.19419999999999993E10	9.73676374873191008E-1
1.19429999999999992E10	9.73726169412640985E-1
1.19440000000000013E10	9.73775867439071874E-1
1.19450000000000012E10	9.73825470155730422E-1
1.19459999999999988E10	9.73874976158258221E-1
1.19469999999999987E10	9.73924388282360098E-1
1.19479999999999986E10	9.73973704089942416E-1
1.19490000000000007E10	9.74022925025495390E-1
1.19499999999999984E10	9.74072051082134749E-1
1.19509999999999983E10	9.74121083106598640E-1
1.19520000000000026E10	9.74170020492919519E-1
1.19530000000000003E10	9.74218864666719142E-1
1.19540000000000002E10	9.74267614052512698E-1
1.19550000000000001E10	9.74316269120627432E-1
1.19560000000000000E10	9.74364830462173259E-1
1.19569999999999999E10	9.74413298010713724E-1
1.19579999999999997E10	9.74461673011401608E-1
1.19589999999999996E10	9.74509956463121974E-1
1.19599999999999995E10	9.74558142779518910E-1
1.19609999999999994E10	9.74606238784829237E-1
1.19619999999999993E10	9.74654242365970269E-1
1.19629999999999992E10	9.74702151948710949E-1
1.19640000000000013E10	9.74749970119285614E-1
1.19649999999999990E10	9.74797694441967799E-1
1.19659999999999989E10	9.74845329488576340E-1
1.19670000000000010E10	9.74892870773647147E-1
1.19680000000000009E10	9.74940320847151831E-1
1.19690000000000007E10	9.74987680456618122E-1
1.19700000000000006E10	9.75034947304500754E-1
1.19710000000000005E10	9.75082124186651811E-1
1.19720000000000004E10	9.75129208412830550E-1
1.19729999999999981E10	9.75176203652408446E-1
1.19740000000000002E10	9.75223106020790453E-1
1.19750000000000001E10	9.75269918439250638E-1
1.19760000000000000E10	9.75316642863269401E-1
1.19769999999999999E10	9.75363275290620457E-1
1.19779999999999998E10	9.75409816930877760E-1
1.19790000000000019E10	9.75456270105246226E-1
1.19799999999999995E10	9.75502633242649786E-1
1.19809999999999972E10	9.75548907549235800E-1
1.19820000000000015E10	9.75595092000138209E-1
1.19830000000000014E10	9.75641186691498774E-1
1.19839999999999991E10	9.75687192859586894E-1
1.19849999999999990E10	9.75733109932542497E-1
1.19859999999999989E10	9.75778937637095467E-1
1.19870000000000010E10	9.75824677288062325E-1
1.19879999999999987E10	9.75870330958658272E-1
1.19890000000000008E10	9.75915892919478267E-1
1.19900000000000007E10	9.75961368027331844E-1
1.19910000000000005E10	9.76006756783468887E-1
1.19920000000000004E10	9.76052054847212958E-1
1.19929999999999981E10	9.76097268578133459E-1
1.19940000000000024E10	9.76142393457983637E-1
1.19950000000000001E10	9.76187429198177625E-1
1.19959999999999978E10	9.76232381547738548E-1
1.19969999999999999E10	9.76277245736609345E-1
1.19979999999999998E10	9.76322022148228008E-1
1.19989999999999997E10	9.76366712429369521E-1
1.19999999999999996E10	9.76411318187692423E-1
1.20009999999999994E10	9.76455833916221572E-1
1.20020000000000016E10	9.76500266867290811E-1
1.20029999999999992E10	9.76544613206456091E-1
1.20040000000000013E10	9.76588871695623517E-1
1.20049999999999990E10	9.76633046860510845E-1
1.20059999999999989E10	9.76677136520204137E-1
1.20070000000000010E10	9.76721139343575295E-1
1.20079999999999987E10	9.76765058918360651E-1
1.20090000000000008E10	9.76808892077105817E-1
1.20100000000000007E10	9.76852641039044123E-1
1.20109999999999983E10	9.76896303951069456E-1
1.20120000000000005E10	9.76939886216157127E-1
1.20130000000000003E10	9.76983380973773663E-1
1.20140000000000002E10	9.77026792271347233E-1
1.20150000000000001E10	9.77070120078563420E-1
1.20160000000000000E10	9.77113361157238636E-1
1.20169999999999999E10	9.77156523309574077E-1
1.20179999999999998E10	9.77199599653444295E-1
1.20190000000000019E10	9.77242591131936322E-1
1.20199999999999996E10	9.77285500116892258E-1
1.20209999999999995E10	9.77328327172504530E-1
1.20219999999999994E10	9.77371072902604254E-1
1.20229999999999992E10	9.77413731407327191E-1
1.20240000000000014E10	9.77456311304402092E-1
1.20250000000000012E10	9.77498805832648188E-1
1.20259999999999989E10	9.77541220463517035E-1
1.20270000000000010E10	9.77583550856960848E-1
1.20280000000000009E10	9.77625799316131605E-1
1.20290000000000008E10	9.77667968227776285E-1
1.20299999999999985E10	9.77710053404772417E-1
1.20309999999999984E10	9.77752057365380267E-1
1.20320000000000005E10	9.77793980811619434E-1
1.20330000000000004E10	9.77835823090415346E-1
1.20340000000000003E10	9.77877583140459095E-1
1.20350000000000001E10	9.77919264308515856E-1
1.20359999999999978E10	9.77960861852245422E-1
1.20369999999999999E10	9.78002379301340241E-1
1.20379999999999998E10	9.78043818858020586E-1
1.20390000000000019E10	9.78085176034559645E-1
1.20400000000000018E10	9.78126453225626769E-1
1.20409999999999995E10	9.78167649044277354E-1
1.20419999999999994E10	9.78208767586228944E-1
1.20429999999999993E10	9.78249805241858361E-1
1.20440000000000014E10	9.78290763403949981E-1
1.20449999999999990E10	9.78331644583352578E-1
1.20459999999999989E10	9.78372442535436271E-1
1.20470000000000010E10	9.78413161986737379E-1
1.20479999999999987E10	9.78453803862915450E-1
1.20490000000000008E10	9.78494367735804182E-1
1.20500000000000007E10	9.78534850313727489E-1
1.20509999999999984E10	9.78575258921194546E-1
1.20520000000000005E10	9.78615584040356268E-1
1.20530000000000004E10	9.78655833303120914E-1
1.20540000000000003E10	9.78696003979333540E-1
1.20550000000000002E10	9.78736095991394173E-1
1.20560000000000000E10	9.78776112960298228E-1
1.20569999999999999E10	9.78816049058013959E-1
1.20579999999999998E10	9.78855908737008740E-1
1.20590000000000019E10	9.78895692068338619E-1
1.20599999999999996E10	9.78935397759469872E-1
1.20609999999999973E10	9.78975025701513424E-1
1.20620000000000016E10	9.79014578527373658E-1
1.20629999999999993E10	9.79054053411421243E-1
1.20640000000000014E10	9.79093452326015701E-1
1.20650000000000013E10	9.79132772276073382E-1
1.20659999999999989E10	9.79172020790518083E-1
1.20670000000000011E10	9.79211190596907244E-1
1.20679999999999987E10	9.79250283399207966E-1
1.20690000000000008E10	9.79289300071160085E-1
1.20700000000000007E10	9.79328242740294819E-1
1.20710000000000006E10	9.79367108515997131E-1
1.20719999999999983E10	9.79405899415530001E-1
1.20729999999999982E10	9.79444614525085555E-1
1.20740000000000025E10	9.79483254718036811E-1
1.20750000000000002E10	9.79521820562733758E-1
1.20759999999999978E10	9.79560311790923421E-1
1.20770000000000022E10	9.79598727291200611E-1
1.20779999999999998E10	9.79637069361628576E-1
1.20789999999999997E10	9.79675335211885034E-1
1.20799999999999996E10	9.79713526536108681E-1
1.20809999999999995E10	9.79751645277817751E-1
1.20820000000000016E10	9.79789689873227232E-1
1.20829999999999993E10	9.79827660599204187E-1
1.20839999999999992E10	9.79865555279797995E-1
1.20849999999999991E10	9.79903378996207586E-1
1.20859999999999990E10	9.79941130076065470E-1
1.20869999999999989E10	9.79978805997157565E-1
1.20879999999999987E10	9.80016408824034713E-1
1.20890000000000031E10	9.80053938168922301E-1
1.20900000000000007E10	9.80091397181588064E-1
1.20909999999999984E10	9.80128779436260444E-1
1.20920000000000005E10	9.80166092449023729E-1
1.20930000000000004E10	9.80203330858025090E-1
1.20940000000000003E10	9.80240496697754082E-1
1.20950000000000002E10	9.80277593401117464E-1
1.20960000000000001E10	9.80314614732172629E-1
1.20970000000000000E10	9.80351566898909965E-1
1.20979999999999999E10	9.80388444200590925E-1
1.20989999999999998E10	9.80425251770793160E-1
1.20999999999999996E10	9.80461988925757488E-1
1.21009999999999995E10	9.80498651345402017E-1
1.21019999999999994E10	9.80535245632817798E-1
1.21029999999999993E10	9.80571768616869299E-1
1.21040000000000014E10	9.80608220216760351E-1
1.21050000000000013E10	9.80644598392618505E-1
1.21059999999999990E10	9.80680909885942853E-1
1.21070000000000011E10	9.80717146479763002E-1
1.21080000000000010E10	9.80753316121303698E-1
1.21090000000000009E10	9.80789412889157397E-1
1.21099999999999985E10	9.80825440836282603E-1
1.21109999999999984E10	9.80861398644107751E-1
1.21120000000000005E10	9.80897288744638907E-1
1.21130000000000004E10	9.80933106440712343E-1
1.21140000000000003E10	9.80968855961678443E-1
1.21150000000000002E10	9.81004534973877007E-1
1.21160000000000001E10	9.81040145503849814E-1
1.21170000000000000E10	9.81075685290965183E-1
1.21179999999999977E10	9.81111155877462693E-1
1.21190000000000020E10	9.81146559157032705E-1
1.21200000000000019E10	9.81181893296887253E-1
1.21209999999999996E10	9.81217159130556560E-1
1.21219999999999994E10	9.81252355502112295E-1
1.21229999999999993E10	9.81287482768401098E-1
1.21240000000000014E10	9.81322545171168237E-1
1.21249999999999991E10	9.81357533781146429E-1
1.21259999999999990E10	9.81392457084345793E-1
1.21270000000000011E10	9.81427315115977983E-1
1.21280000000000010E10	9.81462102934070124E-1
1.21290000000000009E10	9.81496821864142532E-1
1.21299999999999986E10	9.81531474204771470E-1
1.21309999999999985E10	9.81566062046185728E-1
1.21320000000000006E10	9.81600580090579911E-1
1.21329999999999982E10	9.81635030563512956E-1
1.21340000000000003E10	9.81669413682581471E-1
1.21350000000000002E10	9.81703732453530087E-1
1.21360000000000001E10	9.81737981844795726E-1
1.21370000000000000E10	9.81772163814846444E-1
1.21379999999999999E10	9.81806283146688052E-1
1.21390000000000020E10	9.81840335342413262E-1
1.21399999999999997E10	9.81874318690013936E-1
1.21409999999999996E10	9.81908237340961776E-1
1.21419999999999995E10	9.81942090381585686E-1
1.21429999999999993E10	9.81975878512317379E-1
1.21440000000000015E10	9.82009597936347589E-1
1.21449999999999991E10	9.82043253828105733E-1
1.21459999999999990E10	9.82076841961933411E-1
1.21470000000000011E10	9.82110365269101138E-1
1.21479999999999988E10	9.82143825879550825E-1
1.21490000000000009E10	9.82177222018122720E-1
1.21500000000000008E10	9.82210550448828457E-1
1.21510000000000007E10	9.82243815165032075E-1
1.21520000000000006E10	9.82277015005819720E-1
1.21530000000000005E10	9.82310150471245969E-1
1.21540000000000004E10	9.82343220612791868E-1
1.21550000000000002E10	9.82376228661129147E-1
1.21559999999999979E10	9.82409172022427235E-1
1.21570000000000000E10	9.82442049771356452E-1
1.21579999999999999E10	9.82474862039106256E-1
1.21589999999999998E10	9.82507615078813501E-1
1.21599999999999997E10	9.82540299808514739E-1
1.21609999999999974E10	9.82572925904525363E-1
1.21620000000000017E10	9.82605485771362197E-1
1.21629999999999994E10	9.82637979201507328E-1
1.21640000000000015E10	9.82670412812125704E-1
1.21650000000000014E10	9.82702784133899776E-1
1.21660000000000013E10	9.82735091770777558E-1
1.21669999999999989E10	9.82767334769012280E-1
1.21679999999999988E10	9.82799515838100746E-1
1.21690000000000009E10	9.82831635590832420E-1
1.21700000000000008E10	9.82863691232261161E-1
1.21709999999999985E10	9.82895686228545529E-1
1.21720000000000006E10	9.82927618706604100E-1
1.21729999999999983E10	9.82959487894887474E-1
1.21740000000000004E10	9.82991293485681972E-1
1.21750000000000003E10	9.83023040201833886E-1
1.21759999999999979E10	9.83054721523687824E-1
1.21770000000000023E10	9.83086345749577717E-1
1.21779999999999999E10	9.83117906644482886E-1
1.21789999999999998E10	9.83149406942969506E-1
1.21799999999999997E10	9.83180843961032913E-1
1.21809999999999996E10	9.83212220753218524E-1
1.21819999999999995E10	9.83243537581235572E-1
1.21829999999999994E10	9.83274791227422185E-1
1.21840000000000015E10	9.83305986896889905E-1
1.21849999999999992E10	9.83337120363711392E-1
1.21859999999999991E10	9.83368191192632146E-1
1.21870000000000012E10	9.83399206777574797E-1
1.21879999999999988E10	9.83430156362417129E-1
1.21890000000000009E10	9.83461050360513767E-1
1.21900000000000008E10	9.83491879650327050E-1
1.21909999999999985E10	9.83522653015384307E-1
1.21920000000000006E10	9.83553363658936775E-1
1.21930000000000005E10	9.83584016708162956E-1
1.21940000000000004E10	9.83614609057263323E-1
1.21950000000000003E10	9.83645141476281992E-1
1.21960000000000002E10	9.83675613901269763E-1
1.21970000000000001E10	9.83706030863319825E-1
1.21979999999999977E10	9.83736384514179285E-1
1.21990000000000021E10	9.83766679745904682E-1
1.21999999999999997E10	9.83796918595265879E-1
1.22009999999999996E10	9.83827097480907753E-1
1.22020000000000017E10	9.83857215380787586E-1
1.22029999999999994E10	9.83887275231981207E-1
1.22040000000000015E10	9.83917277084862008E-1
1.22049999999999992E10	9.83947220146023227E-1
1.22059999999999991E10	9.83977108298747538E-1
1.22070000000000012E10	9.84006936304157875E-1
1.22080000000000011E10	9.84036704973581600E-1
1.22089999999999987E10	9.84066416362227869E-1
1.22099999999999986E10	9.84096069606171753E-1
1.22109999999999985E10	9.84125665079764644E-1
1.22120000000000006E10	9.84155203011010471E-1
1.22129999999999983E10	9.84184686280334198E-1
1.22140000000000026E10	9.84214110631205052E-1
1.22150000000000003E10	9.84243475843127769E-1
1.22160000000000002E10	9.84272786473114714E-1
1.22170000000000001E10	9.84302036392878676E-1
1.22180000000000000E10	9.84331234114163856E-1
1.22190000000000021E10	9.84360371795388467E-1
1.22199999999999998E10	9.84389452734632009E-1
1.22209999999999996E10	9.84418477981466467E-1
1.22219999999999995E10	9.84447447028348854E-1
1.22229999999999994E10	9.84476359935478307E-1
1.22239999999999993E10	9.84505215195991212E-1
1.22249999999999992E10	9.84534016872812145E-1
1.22259999999999991E10	9.84562758173220409E-1
1.22270000000000012E10	9.84591447188874724E-1
1.22279999999999989E10	9.84620080428480016E-1
1.22290000000000010E10	9.84648655678692819E-1
1.22300000000000009E10	9.84677178511434725E-1
1.22309999999999985E10	9.84705644283145887E-1
1.22320000000000007E10	9.84734054699191752E-1
1.22330000000000005E10	9.84762408440854031E-1
1.22340000000000004E10	9.84790707680325106E-1
1.22350000000000003E10	9.84818952288129701E-1
1.22359999999999980E10	9.84847142730381364E-1
1.22370000000000001E10	9.84875279345378374E-1
1.22380000000000000E10	9.84903356487917669E-1
1.22389999999999999E10	9.84931383004458638E-1
1.22399999999999998E10	9.84959355189810815E-1
1.22409999999999997E10	9.84987271390063235E-1
1.22420000000000018E10	9.85015134233307599E-1
1.22429999999999994E10	9.85042944761497274E-1
1.22440000000000015E10	9.85070694282654102E-1
1.22450000000000014E10	9.85098397623748312E-1
1.22459999999999991E10	9.85126042130997881E-1
1.22469999999999990E10	9.85153635752482337E-1
1.22479999999999989E10	9.85181173706241609E-1
1.22490000000000010E10	9.85208657767546114E-1
1.22500000000000009E10	9.85236091094517796E-1
1.22509999999999986E10	9.85263468509790385E-1
1.22520000000000007E10	9.85290794426021677E-1
1.22530000000000006E10	9.85318065652952058E-1
1.22540000000000004E10	9.85345284876511585E-1
1.22549999999999981E10	9.85372450911821396E-1
1.22559999999999980E10	9.85399562445468291E-1
1.22570000000000023E10	9.85426624086579395E-1
1.22580000000000000E10	9.85453631264959107E-1
1.22589999999999999E10	9.85480586850074047E-1
1.22599999999999998E10	9.85507489812033910E-1
1.22609999999999997E10	9.85534341281221060E-1
1.22619999999999996E10	9.85561141516138584E-1
1.22629999999999995E10	9.85587884547930670E-1
1.22640000000000016E10	9.85614579559772253E-1
1.22650000000000015E10	9.85641221881422069E-1
1.22659999999999991E10	9.85667812072384741E-1
1.22669999999999990E10	9.85694352889705350E-1
1.22679999999999989E10	9.85720836978098092E-1
1.22690000000000010E10	9.85747275345334195E-1
1.22699999999999987E10	9.85773658857410950E-1
1.22709999999999986E10	9.85799990599391229E-1
1.22720000000000007E10	9.85826272789797464E-1
1.22730000000000006E10	9.85852502888344695E-1
1.22740000000000005E10	9.85878686012017802E-1
1.22750000000000004E10	9.85904814726540302E-1
1.22760000000000002E10	9.85930890029859519E-1
1.22770000000000001E10	9.85956919076381411E-1
1.22780000000000000E10	9.85982897989442542E-1
1.22789999999999999E10	9.86008821189117768E-1
1.22799999999999998E10	9.86034697888848477E-1
1.22809999999999997E10	9.86060522294105191E-1
1.22819999999999996E10	9.86086297142546364E-1
1.22829999999999995E10	9.86112023503884139E-1
1.22840000000000016E10	9.86137698392959727E-1
1.22849999999999993E10	9.86163323455891749E-1
1.22859999999999969E10	9.86188900245973343E-1
1.22870000000000013E10	9.86214427836550378E-1
1.22880000000000011E10	9.86239902005086222E-1
1.22890000000000010E10	9.86265330367739423E-1
1.22900000000000009E10	9.86290709298718049E-1
1.22910000000000008E10	9.86316035046683659E-1
1.22920000000000007E10	9.86341314158626759E-1
1.22929999999999984E10	9.86366541075414816E-1
1.22940000000000005E10	9.86391722973546869E-1
1.22950000000000004E10	9.86416856500427031E-1
1.22960000000000003E10	9.86441936568297173E-1
1.22970000000000002E10	9.86466974125077556E-1
1.22979999999999978E10	9.86491958228804400E-1
1.22990000000000022E10	9.86516896422328671E-1
1.22999999999999998E10	9.86541783201658795E-1
1.23009999999999975E10	9.86566625135071007E-1
1.23020000000000018E10	9.86591414882184914E-1
1.23030000000000017E10	9.86616159651365265E-1
1.23039999999999994E10	9.86640857608458255E-1
1.23049999999999993E10	9.86665501898083086E-1
1.23059999999999992E10	9.86690102750661779E-1
1.23070000000000013E10	9.86714658044588688E-1
1.23079999999999989E10	9.86739158144651363E-1
1.23090000000000011E10	9.86763616336966365E-1
1.23099999999999987E10	9.86788027738446161E-1
1.23109999999999986E10	9.86812384034525003E-1
1.23120000000000007E10	9.86836700781022991E-1
1.23129999999999984E10	9.86860970316137376E-1
1.23140000000000027E10	9.86885191483715296E-1
1.23150000000000004E10	9.86909363028978603E-1
1.23159999999999981E10	9.86933489432102640E-1
1.23170000000000002E10	9.86957567598790675E-1
1.23180000000000001E10	9.86981602685155224E-1
1.23190000000000000E10	9.87005589742742018E-1
1.23199999999999998E10	9.87029530411248501E-1
1.23209999999999997E10	9.87053419532539600E-1
1.23219999999999996E10	9.87077267811547721E-1
1.23229999999999995E10	9.87101068238376911E-1
1.23240000000000016E10	9.87124821266262309E-1
1.23249999999999993E10	9.87148528109528556E-1
1.23259999999999992E10	9.87172190749816814E-1
1.23270000000000013E10	9.87195808550798937E-1
1.23279999999999990E10	9.87219379937167218E-1
1.23290000000000011E10	9.87242903237706848E-1
1.23300000000000010E10	9.87266377537887152E-1
1.23309999999999986E10	9.87289814629146356E-1
1.23320000000000007E10	9.87313201512490757E-1
1.23330000000000006E10	9.87336545562766688E-1
1.23340000000000005E10	9.87359839545915108E-1
1.23349999999999982E10	9.87383090692794596E-1
1.23359999999999981E10	9.87406301037874101E-1
1.23370000000000002E10	9.87429460489672373E-1
1.23380000000000001E10	9.87452577785641594E-1
1.23390000000000022E10	9.87475650406166672E-1
1.23399999999999999E10	9.87498676599619429E-1
1.23409999999999997E10	9.87521658854410411E-1
1.23419999999999996E10	9.87544598725642686E-1
1.23429999999999995E10	9.87567491613987336E-1
1.23440000000000016E10	9.87590340644895903E-1
1.23450000000000015E10	9.87613147140091741E-1
1.23459999999999992E10	9.87635902746507810E-1
1.23469999999999991E10	9.87658620839522605E-1
1.23479999999999990E10	9.87681294656748321E-1
1.23490000000000011E10	9.87703921701401910E-1
1.23499999999999988E10	9.87726507288074096E-1
1.23509999999999986E10	9.87749048769219051E-1
1.23520000000000008E10	9.87771542522609991E-1
1.23530000000000006E10	9.87793998944125917E-1
1.23540000000000005E10	9.87816404557409733E-1
1.23550000000000004E10	9.87838770507336505E-1
1.23559999999999981E10	9.87861095521987309E-1
1.23570000000000002E10	9.87883374695303473E-1
1.23580000000000001E10	9.87905611905956249E-1
1.23590000000000000E10	9.87927805639069412E-1
1.23599999999999999E10	9.87949956970457421E-1
1.23609999999999998E10	9.87972063336817818E-1
1.23619999999999997E10	9.87994127450169835E-1
1.23629999999999995E10	9.88016148383396065E-1
1.23640000000000017E10	9.88038126923575533E-1
1.23649999999999993E10	9.88060061993171779E-1
1.23659999999999992E10	9.88081959631687745E-1
1.23670000000000013E10	9.88103808724869381E-1
1.23679999999999990E10	9.88125618771963410E-1
1.23690000000000011E10	9.88147385702688297E-1
1.23700000000000010E10	9.88169108970826571E-1
1.23709999999999987E10	9.88190794299345932E-1
1.23720000000000008E10	9.88212433760322462E-1
1.23729999999999984E10	9.88234031124274637E-1
1.23740000000000006E10	9.88255587382743528E-1
1.23750000000000004E10	9.88277102551511888E-1
1.23760000000000003E10	9.88298574750779579E-1
1.23770000000000002E10	9.88320008419760043E-1
1.23780000000000001E10	9.88341400630359423E-1
1.23790000000000022E10	9.88362749284686259E-1
1.23799999999999999E10	9.88384054040848703E-1
1.23809999999999976E10	9.88405321843387163E-1
1.23820000000000019E10	9.88426546716365273E-1
1.23829999999999996E10	9.88447729959254318E-1
1.23839999999999995E10	9.88468872811646193E-1
1.23849999999999993E10	9.88489976453251984E-1
1.23859999999999992E10	9.88511035519679737E-1
1.23870000000000013E10	9.88532056608135967E-1
1.23879999999999990E10	9.88553035139817382E-1
1.23890000000000011E10	9.88573972025662506E-1
1.23900000000000010E10	9.88594872773886202E-1
1.23910000000000009E10	9.88615731663483466E-1
1.23919999999999986E10	9.88636546612564437E-1
1.23929999999999985E10	9.88657322947350359E-1
1.23940000000000028E10	9.88678060338376774E-1
1.23950000000000005E10	9.88698761204527088E-1
1.23959999999999981E10	9.88719415699040738E-1
1.23970000000000002E10	9.88740035498042857E-1
1.23980000000000001E10	9.88760611548847024E-1
1.23990000000000000E10	9.88781149783339686E-1
1.23999999999999999E10	9.88801643818317544E-1
1.24009999999999998E10	9.88822103260218732E-1
1.24020000000000019E10	9.88842521596089163E-1
1.24029999999999996E10	9.88862899806292184E-1
1.24039999999999995E10	9.88883236913907737E-1
1.24049999999999994E10	9.88903539488952177E-1
1.24059999999999993E10	9.88923798827217126E-1
1.24069999999999991E10	9.88944019476670100E-1
1.24079999999999990E10	9.88964204037887740E-1
1.24090000000000011E10	9.88984345494622730E-1
1.24100000000000010E10	9.89004451107313010E-1
1.24109999999999987E10	9.89024516599465642E-1
1.24120000000000008E10	9.89044543377541707E-1
1.24130000000000007E10	9.89064533758372022E-1
1.24140000000000006E10	9.89084479410515272E-1
1.24150000000000005E10	9.89104391199894906E-1
1.24160000000000004E10	9.89124262597030501E-1
1.24170000000000003E10	9.89144096655630634E-1
1.24180000000000001E10	9.89163888634550048E-1
1.24190000000000000E10	9.89183649236833062E-1
1.24199999999999999E10	9.89203368756728629E-1
1.24209999999999998E10	9.89223047109691933E-1
1.24219999999999997E10	9.89242691949864472E-1
1.24229999999999974E10	9.89262293349152699E-1
1.24240000000000017E10	9.89281863745583401E-1
1.24250000000000016E10	9.89301390144274606E-1
1.24259999999999993E10	9.89320886861442972E-1
1.24270000000000014E10	9.89340336833669021E-1
1.24280000000000013E10	9.89359758223408647E-1
1.24290000000000012E10	9.89379130860174172E-1
1.24299999999999988E10	9.89398473822147118E-1
1.24309999999999987E10	9.89417774661566618E-1
1.24320000000000008E10	9.89437044520771458E-1
1.24330000000000007E10	9.89456271791410913E-1
1.24340000000000006E10	9.89475464562500306E-1
1.24349999999999983E10	9.89494619006885934E-1
1.24359999999999982E10	9.89513738176897029E-1
1.24370000000000003E10	9.89532821107520988E-1
1.24379999999999979E10	9.89551867771431404E-1
1.24390000000000023E10	9.89570871104163707E-1
1.24400000000000022E10	9.89589842928427288E-1
1.24409999999999998E10	9.89608777073641832E-1
1.24419999999999997E10	9.89627675295259301E-1
1.24429999999999996E10	9.89646536296928048E-1
1.24440000000000017E10	9.89665359726629212E-1
1.24449999999999994E10	9.89684151211927166E-1
1.24459999999999993E10	9.89702903267727052E-1
1.24469999999999992E10	9.89721616383554803E-1
1.24479999999999991E10	9.89740297057523399E-1
1.24490000000000012E10	9.89758942671995356E-1
1.24499999999999988E10	9.89777550543971962E-1
1.24509999999999987E10	9.89796120965994319E-1
1.24520000000000008E10	9.89814656211501109E-1
1.24529999999999985E10	9.89833159531656293E-1
1.24540000000000006E10	9.89851621931222958E-1
1.24550000000000005E10	9.89870051641772974E-1
1.24560000000000004E10	9.89888442601604268E-1
1.24570000000000003E10	9.89906802973267652E-1
1.24580000000000002E10	9.89925125564106523E-1
1.24590000000000001E10	9.89943415389205050E-1
1.24600000000000000E10	9.89961662051442381E-1
1.24609999999999976E10	9.89979879704569399E-1
1.24619999999999997E10	9.89998064012765866E-1
1.24629999999999996E10	9.90016207478593380E-1
1.24640000000000017E10	9.90034322111880272E-1
1.24649999999999994E10	9.90052398250836774E-1
1.24659999999999993E10	9.90070441645402788E-1
1.24670000000000014E10	9.90088449744283494E-1
1.24679999999999991E10	9.90106419935306192E-1
1.24690000000000012E10	9.90124357849777859E-1
1.24700000000000011E10	9.90142259745887365E-1
1.24710000000000010E10	9.90160133264104836E-1
1.24719999999999986E10	9.90177963109520576E-1
1.24729999999999985E10	9.90195764123380151E-1
1.24740000000000006E10	9.90213527145208161E-1
1.24750000000000005E10	9.90231258613699872E-1
1.24759999999999982E10	9.90248957621789216E-1
1.24770000000000003E10	9.90266620064361192E-1
1.24780000000000002E10	9.90284247021005370E-1
1.24790000000000001E10	9.90301844789196295E-1
1.24800000000000000E10	9.90319407017339515E-1
1.24809999999999977E10	9.90336929383677855E-1
1.24820000000000020E10	9.90354427559355877E-1
1.24829999999999997E10	9.90371889765271440E-1
1.24839999999999995E10	9.90389313643323455E-1
1.24849999999999994E10	9.90406703137822220E-1
1.24859999999999993E10	9.90424069597109025E-1
1.24869999999999992E10	9.90441391443833297E-1
1.24879999999999991E10	9.90458684183311888E-1
1.24890000000000012E10	9.90475944181047474E-1
1.24900000000000011E10	9.90493165606974202E-1
1.24909999999999988E10	9.90510362849434323E-1
1.24920000000000009E10	9.90527520384506133E-1
1.24929999999999986E10	9.90544648263325200E-1
1.24940000000000007E10	9.90561742607927798E-1
1.24950000000000006E10	9.90578803771035155E-1
1.24959999999999982E10	9.90595830990014115E-1
1.24970000000000003E10	9.90612827760081061E-1
1.24980000000000002E10	9.90629790008857292E-1
1.24990000000000001E10	9.90646718995818354E-1
1.25000000000000000E10	9.90663617024522836E-1
1.25009999999999999E10	9.90680476633608720E-1
1.25019999999999998E10	9.90697309776248147E-1
1.25029999999999997E10	9.90714112158686788E-1
1.25040000000000018E10	9.90730877252600628E-1
1.25049999999999994E10	9.90747616935608733E-1
1.25059999999999993E10	9.90764319158455464E-1
1.25070000000000014E10	9.90780993566076873E-1
1.25079999999999991E10	9.90797632352151680E-1
1.25090000000000012E10	9.90814238555984161E-1
1.25099999999999989E10	9.90830813003917221E-1
1.25109999999999988E10	9.90847357580974908E-1
1.25120000000000009E10	9.90863866464818699E-1
1.25130000000000008E10	9.90880349135977667E-1
1.25140000000000007E10	9.90896798592069850E-1
1.25150000000000006E10	9.90913212158596579E-1
1.25160000000000005E10	9.90929601435334817E-1
1.25170000000000003E10	9.90945954867507339E-1
1.25179999999999980E10	9.90962277376356049E-1
1.25190000000000023E10	9.90978562805691965E-1
1.25200000000000000E10	9.90994823759146648E-1
1.25209999999999999E10	9.91011051793435804E-1
1.25219999999999998E10	9.91027248377672798E-1
1.25229999999999997E10	9.91043412726531692E-1
1.25240000000000018E10	9.91059549576859311E-1
1.25249999999999995E10	9.91075652507138116E-1
1.25259999999999994E10	9.91091729530460341E-1
1.25270000000000015E10	9.91107769670344574E-1
1.25280000000000014E10	9.91123783110063172E-1
1.25289999999999990E10	9.91139761006973430E-1
1.25299999999999989E10	9.91155710134963464E-1
1.25309999999999988E10	9.91171631650657403E-1
1.25320000000000009E10	9.91187519935102301E-1
1.25329999999999986E10	9.91203380557856661E-1
1.25340000000000007E10	9.91219204431898326E-1
1.25350000000000006E10	9.91235002693754375E-1
1.25359999999999983E10	9.91250769556110178E-1
1.25370000000000004E10	9.91266508213431763E-1
1.25380000000000003E10	9.91282218442213292E-1
1.25390000000000024E10	9.91297893180390766E-1
1.25400000000000000E10	9.91313542319464958E-1
1.25409999999999999E10	9.91329153604811353E-1
1.25419999999999998E10	9.91344740852693462E-1
1.25429999999999997E10	9.91360298547065000E-1
1.25439999999999996E10	9.91375823389994615E-1
1.25449999999999995E10	9.91391320595787562E-1
1.25459999999999994E10	9.91406790223792100E-1
1.25470000000000015E10	9.91422224859287304E-1
1.25479999999999992E10	9.91437636496747565E-1
1.25490000000000013E10	9.91453015929081616E-1
1.25500000000000012E10	9.91468364207311836E-1
1.25509999999999988E10	9.91483682928232923E-1
1.25520000000000009E10	9.91498974812572342E-1
1.25530000000000008E10	9.91514234490699131E-1
1.25540000000000007E10	9.91529463457427340E-1
1.25550000000000006E10	9.91544668957762099E-1
1.25559999999999983E10	9.91559844933438583E-1
1.25570000000000004E10	9.91574986421352023E-1
1.25580000000000003E10	9.91590105215183470E-1
1.25590000000000002E10	9.91605192233524591E-1
1.25599999999999978E10	9.91620245873277462E-1
1.25609999999999977E10	9.91635276708979418E-1
1.25620000000000021E10	9.91650273778389391E-1
1.25629999999999997E10	9.91665245280069563E-1
1.25640000000000018E10	9.91680188324228240E-1
1.25650000000000017E10	9.91695102897071123E-1
1.25659999999999994E10	9.91709990707689570E-1
1.25669999999999993E10	9.91724848752849653E-1
1.25679999999999992E10	9.91739675742312699E-1
1.25690000000000013E10	9.91754477395611111E-1
1.25700000000000012E10	9.91769248841648476E-1
1.25709999999999988E10	9.91783988686989915E-1
1.25719999999999987E10	9.91798706108508554E-1
1.25729999999999986E10	9.91813393771423790E-1
1.25740000000000007E10	9.91828052545490024E-1
1.25749999999999984E10	9.91842685638588506E-1
1.25759999999999983E10	9.91857287951632038E-1
1.25770000000000026E10	9.91871862037384666E-1
1.25780000000000003E10	9.91886409835028893E-1
1.25790000000000002E10	9.91900926725303655E-1
1.25800000000000001E10	9.91915419339143156E-1
1.25810000000000000E10	9.91929884182285271E-1
1.25819999999999999E10	9.91944320098175503E-1
1.25829999999999997E10	9.91958725893959681E-1
1.25839999999999996E10	9.91973110500565447E-1
1.25849999999999995E10	9.91987465507433086E-1
1.25859999999999994E10	9.92001793816464073E-1
1.25869999999999993E10	9.92016085118509849E-1
1.25879999999999992E10	9.92030361448222031E-1
1.25890000000000013E10	9.92044602234018846E-1
1.25899999999999990E10	9.92058821080941833E-1
1.25909999999999989E10	9.92073010540130795E-1
1.25920000000000010E10	9.92087173955325952E-1
1.25930000000000009E10	9.92101311636602468E-1
1.25940000000000007E10	9.92115419029602030E-1
1.25950000000000006E10	9.92129501212568954E-1
1.25960000000000005E10	9.92143557198840043E-1
1.25970000000000004E10	9.92157581114662968E-1
1.25979999999999981E10	9.92171582212737846E-1
1.25990000000000002E10	9.92185561854597431E-1
1.26000000000000001E10	9.92199508597253654E-1
1.26010000000000000E10	9.92213429197109242E-1
1.26019999999999999E10	9.92227321871814283E-1
1.26029999999999998E10	9.92241193352375639E-1
1.26040000000000019E10	9.92255033863126101E-1
1.26049999999999995E10	9.92268849470622705E-1
1.26059999999999972E10	9.92282637661093680E-1
1.26070000000000015E10	9.92296403242703207E-1
1.26080000000000014E10	9.92310139962155979E-1
1.26089999999999991E10	9.92323845813619698E-1
1.26099999999999990E10	9.92337530449850114E-1
1.26109999999999989E10	9.92351189981345172E-1
1.26120000000000010E10	9.92364825409142881E-1
1.26129999999999987E10	9.92378424740484277E-1
1.26140000000000008E10	9.92392008053665542E-1
1.26150000000000007E10	9.92405560825128141E-1
1.26160000000000005E10	9.92419090747664256E-1
1.26170000000000004E10	9.92432588150498418E-1
1.26179999999999981E10	9.92446065650851850E-1
1.26190000000000024E10	9.92459514755173622E-1
1.26200000000000001E10	9.92472946200873274E-1
1.26209999999999978E10	9.92486345820508653E-1
1.26219999999999999E10	9.92499716824015188E-1
1.26229999999999998E10	9.92513067404848570E-1
1.26239999999999997E10	9.92526389510737417E-1
1.26249999999999996E10	9.92539690674494857E-1
1.26259999999999994E10	9.92552962770933789E-1
1.26270000000000016E10	9.92566207649242571E-1
1.26279999999999992E10	9.92579428395975860E-1
1.26290000000000013E10	9.92592628085275663E-1
1.26299999999999990E10	9.92605799079588635E-1
1.26309999999999989E10	9.92618945652515450E-1
1.26320000000000010E10	9.92632072070363591E-1
1.26329999999999987E10	9.92645162386913782E-1
1.26340000000000008E10	9.92658234693999120E-1
1.26350000000000007E10	9.92671283723433540E-1
1.26359999999999983E10	9.92684308593030629E-1
1.26370000000000005E10	9.92697302048970620E-1
1.26380000000000003E10	9.92710275191642744E-1
1.26390000000000002E10	9.92723225798089715E-1
1.26400000000000001E10	9.92736147792495416E-1
1.26410000000000000E10	9.92749042690707562E-1
1.26419999999999999E10	9.92761922192369894E-1
1.26429999999999998E10	9.92774768021626386E-1
1.26440000000000019E10	9.92787593110204369E-1
1.26449999999999996E10	9.92800394428110167E-1
1.26459999999999995E10	9.92813171469433975E-1
1.26469999999999994E10	9.92825921136794598E-1
1.26479999999999992E10	9.92838655697552674E-1
1.26490000000000014E10	9.92851355966566729E-1
1.26500000000000012E10	9.92864036738975209E-1
1.26509999999999989E10	9.92876692246184867E-1
1.26520000000000010E10	9.92889323760405773E-1
1.26530000000000009E10	9.92901932535146159E-1
1.26540000000000008E10	9.92914515929638597E-1
1.26549999999999985E10	9.92927071914512283E-1
1.26559999999999984E10	9.92939608784638317E-1
1.26570000000000005E10	9.92952119942485645E-1
1.26580000000000004E10	9.92964607171794533E-1
1.26590000000000003E10	9.92977070941012485E-1
1.26600000000000001E10	9.92989514297932097E-1
1.26609999999999978E10	9.93001931819238592E-1
1.26619999999999999E10	9.93014326504314049E-1
1.26629999999999998E10	9.93026695472767962E-1
1.26640000000000019E10	9.93039039072503726E-1
1.26650000000000018E10	9.93051369393595884E-1
1.26659999999999995E10	9.93063661917601337E-1
1.26669999999999994E10	9.93075939153071552E-1
1.26679999999999993E10	9.93088193523227858E-1
1.26690000000000014E10	9.93100421989898230E-1
1.26699999999999990E10	9.93112632648658611E-1
1.26709999999999989E10	9.93124815191137600E-1
1.26720000000000010E10	9.93136973726926087E-1
1.26729999999999987E10	9.93149110383450484E-1
1.26740000000000008E10	9.93161227274801384E-1
1.26750000000000007E10	9.93173317254519894E-1
1.26759999999999984E10	9.93185385024929879E-1
1.26770000000000005E10	9.93197429990966363E-1
1.26780000000000004E10	9.93209456170664495E-1
1.26790000000000003E10	9.93221452322465126E-1
1.26800000000000002E10	9.93233429044982508E-1
1.26810000000000000E10	9.93245381673325411E-1
1.26819999999999999E10	9.93257313484779480E-1
1.26829999999999998E10	9.93269224418359897E-1
1.26840000000000019E10	9.93281111057973476E-1
1.26849999999999996E10	9.93292976625026292E-1
1.26859999999999973E10	9.93304821660470694E-1
1.26870000000000016E10	9.93316637323565743E-1
1.26879999999999993E10	9.93328432121098359E-1
1.26890000000000014E10	9.93340206532076131E-1
1.26900000000000013E10	9.93351960345108687E-1
1.26909999999999989E10	9.93363689969334729E-1
1.26920000000000011E10	9.93375392449518912E-1
1.26929999999999987E10	9.93387084312949042E-1
1.26940000000000008E10	9.93398745083830548E-1
1.26950000000000007E10	9.93410386548746693E-1
1.26960000000000006E10	9.93422004996817520E-1
1.26969999999999983E10	9.93433601410606570E-1
1.26979999999999982E10	9.93445175403391900E-1
1.26990000000000025E10	9.93456734014245590E-1
1.27000000000000002E10	9.93468263278895236E-1
1.27009999999999978E10	9.93479775616186700E-1
1.27020000000000022E10	9.93491260383454211E-1
1.27029999999999998E10	9.93502727949736908E-1
1.27039999999999997E10	9.93514167609030707E-1
1.27049999999999996E10	9.93525593797620310E-1
1.27059999999999995E10	9.93536993030675575E-1
1.27070000000000016E10	9.93548375640453507E-1
1.27079999999999993E10	9.93559734898235547E-1
1.27089999999999992E10	9.93571066763660404E-1
1.27099999999999991E10	9.93582390440720786E-1
1.27109999999999990E10	9.93593677897847094E-1
1.27119999999999989E10	9.93604950369900308E-1
1.27129999999999987E10	9.93616201685709832E-1
1.27140000000000031E10	9.93627434567055978E-1
1.27150000000000007E10	9.93638642092421875E-1
1.27159999999999984E10	9.93649831070401213E-1
1.27170000000000005E10	9.93660995905055877E-1
1.27180000000000004E10	9.93672141313115098E-1
1.27190000000000003E10	9.93683267864335384E-1
1.27200000000000002E10	9.93694367812065771E-1
1.27210000000000001E10	9.93705449283377007E-1
1.27220000000000000E10	9.93716518339591381E-1
1.27229999999999999E10	9.93727551909984363E-1
1.27239999999999998E10	9.93738575423022930E-1
1.27249999999999996E10	9.93749571291764511E-1
1.27259999999999995E10	9.93760550369067452E-1
1.27269999999999994E10	9.93771508208567234E-1
1.27279999999999993E10	9.93782445208008269E-1
1.27290000000000014E10	9.93793360352237798E-1
1.27300000000000013E10	9.93804256096165517E-1
1.27309999999999990E10	9.93815134886243357E-1
1.27320000000000011E10	9.93825983759682785E-1
1.27330000000000010E10	9.93836816310513882E-1
1.27340000000000009E10	9.93847632140088244E-1
1.27349999999999985E10	9.93858429425899104E-1
1.27359999999999984E10	9.93869196481078276E-1
1.27370000000000005E10	9.93879951803404005E-1
1.27380000000000004E10	9.93890684370602884E-1
1.27390000000000003E10	9.93901393671709954E-1
1.27400000000000002E10	9.93912089053399583E-1
1.27410000000000001E10	9.93922757987454730E-1
1.27420000000000000E10	9.93933411207528472E-1
1.27429999999999977E10	9.93944041072911055E-1
1.27440000000000020E10	9.93954652645174619E-1
1.27450000000000019E10	9.93965245315616741E-1
1.27459999999999996E10	9.93975818455483484E-1
1.27469999999999994E10	9.93986370705303912E-1
1.27479999999999993E10	9.93996901394219634E-1
1.27490000000000014E10	9.94007412677828839E-1
1.27499999999999991E10	9.94017906703178866E-1
1.27509999999999990E10	9.94028377762744597E-1
1.27520000000000011E10	9.94038830103897908E-1
1.27530000000000010E10	9.94049262971285685E-1
1.27540000000000009E10	9.94059676304512507E-1
1.27549999999999986E10	9.94070069309673876E-1
1.27559999999999985E10	9.94080441172742191E-1
1.27570000000000006E10	9.94090801102573529E-1
1.27579999999999982E10	9.94101135348461185E-1
1.27590000000000003E10	9.94111453808614165E-1
1.27600000000000002E10	9.94121743380022771E-1
1.27610000000000001E10	9.94132023298988976E-1
1.27620000000000000E10	9.94142278258441259E-1
1.27629999999999999E10	9.94152518851302069E-1
1.27640000000000020E10	9.94162738360594922E-1
1.27649999999999997E10	9.94172935087348897E-1
1.27659999999999996E10	9.94183118887636752E-1
1.27669999999999995E10	9.94193280806402946E-1
1.27679999999999993E10	9.94203424162803095E-1
1.27690000000000015E10	9.94213546466695419E-1
1.27699999999999991E10	9.94223648107723079E-1
1.27709999999999990E10	9.94233735277389385E-1
1.27720000000000011E10	9.94243798162712267E-1
1.27729999999999988E10	9.94253849481047425E-1
1.27740000000000009E10	9.94263880105535414E-1
1.27750000000000008E10	9.94273886697736486E-1
1.27760000000000007E10	9.94283877579902153E-1
1.27770000000000006E10	9.94293850851791206E-1
1.27780000000000005E10	9.94303803857952317E-1
1.27790000000000004E10	9.94313739045895240E-1
1.27800000000000002E10	9.94323654455820005E-1
1.27809999999999979E10	9.94333556913872307E-1
1.27820000000000000E10	9.94343435621613025E-1
1.27829999999999999E10	9.94353294433307155E-1
1.27839999999999998E10	9.94363132785207071E-1
1.27849999999999997E10	9.94372955253671975E-1
1.27859999999999974E10	9.94382758303766856E-1
1.27870000000000017E10	9.94392552398382712E-1
1.27879999999999994E10	9.94402317727422691E-1
1.27890000000000015E10	9.94412068414375838E-1
1.27900000000000014E10	9.94421801592746135E-1
1.27910000000000013E10	9.94431515851732684E-1
1.27919999999999989E10	9.94441209018420658E-1
1.27929999999999988E10	9.94450885578271304E-1
1.27940000000000009E10	9.94460543330046676E-1
1.27950000000000008E10	9.94470184512369393E-1
1.27959999999999985E10	9.94479809867811682E-1
1.27970000000000006E10	9.94489413419820600E-1
1.27979999999999983E10	9.94499003326728648E-1
1.27990000000000004E10	9.94508566857261478E-1
1.28000000000000003E10	9.94518119615438678E-1
1.28009999999999979E10	9.94527650320449474E-1
1.28020000000000023E10	9.94537169347105277E-1
1.28029999999999999E10	9.94546664611471698E-1
1.28040000000000020E10	9.94556142723032366E-1
1.28050000000000019E10	9.94565608799265988E-1
1.28060000000000018E10	9.94575046919959860E-1
1.28069999999999995E10	9.94584474188088485E-1
1.28079999999999972E10	9.94593887427047996E-1
1.28090000000000015E10	9.94603281927041571E-1
1.28099999999999992E10	9.94612651437583040E-1
1.28109999999999991E10	9.94622007035371425E-1
1.28120000000000012E10	9.94631344709985754E-1
1.28129999999999988E10	9.94640665716513261E-1
1.28140000000000009E10	9.94649967514947875E-1
1.28150000000000008E10	9.94659253604030091E-1
1.28159999999999985E10	9.94668522171611613E-1
1.28170000000000028E10	9.94677774421616689E-1
1.28180000000000005E10	9.94687010028421703E-1
1.28189999999999982E10	9.94696227890478468E-1
1.28199999999999981E10	9.94705424604691046E-1
1.28209999999999980E10	9.94714610456061088E-1
1.28220000000000001E10	9.94723775925182174E-1
1.28229999999999977E10	9.94732923656873425E-1
1.28240000000000021E10	9.94742055527849622E-1
1.28249999999999997E10	9.94751170349100278E-1
1.28259999999999996E10	9.94760265382278774E-1
1.28270000000000017E10	9.94769343228647962E-1
1.28279999999999994E10	9.94778406484958566E-1
1.28290000000000015E10	9.94787453138531141E-1
1.28300000000000014E10	9.94796483460805803E-1
1.28309999999999991E10	9.94805495403503670E-1
1.28319999999999990E10	9.94814493054440874E-1
1.28329999999999989E10	9.94823473570028938E-1
1.28339999999999987E10	9.94832433311738740E-1
1.28349999999999986E10	9.94841376331556404E-1
1.28359999999999985E10	9.94850306683035868E-1
1.28370000000000006E10	9.94859220689749435E-1
1.28379999999999983E10	9.94868115422625188E-1
1.28390000000000026E10	9.94876991801118571E-1
1.28400000000000003E10	9.94885856936632962E-1
1.28410000000000002E10	9.94894704762578996E-1
1.28420000000000023E10	9.94903529177513590E-1
1.28430000000000000E10	9.94912343477093764E-1
1.28439999999999999E10	9.94921138430281715E-1
1.28449999999999998E10	9.94929921112160009E-1
1.28459999999999974E10	9.94938683022586012E-1
1.28469999999999995E10	9.94947432779711249E-1
1.28479999999999994E10	9.94956157938808694E-1
1.28489999999999993E10	9.94964878038088685E-1
1.28499999999999992E10	9.94973575910848140E-1
1.28509999999999991E10	9.94982254670787647E-1
1.28520000000000012E10	9.94990919780795835E-1
1.28529999999999989E10	9.94999570436390002E-1
1.28540000000000032E10	9.95008207387505728E-1
1.28550000000000009E10	9.95016820374655531E-1
1.28560000000000008E10	9.95025425825933318E-1
1.28569999999999984E10	9.95034008732503850E-1
1.28579999999999983E10	9.95042578440467196E-1
1.28590000000000004E10	9.95051136432086913E-1
1.28600000000000003E10	9.95059672344885549E-1
1.28609999999999980E10	9.95068195513709242E-1
1.28620000000000001E10	9.95076698692707495E-1
1.28630000000000000E10	9.95085188840404911E-1
1.28639999999999999E10	9.95093668175842971E-1
1.28649999999999998E10	9.95102123060928712E-1
1.28659999999999997E10	9.95110561217567025E-1
1.28670000000000018E10	9.95118991176478929E-1
1.28679999999999994E10	9.95127403207609973E-1
1.28689999999999993E10	9.95135799465956161E-1
1.28699999999999992E10	9.95144178917454525E-1
1.28709999999999991E10	9.95152545293276170E-1
1.28719999999999990E10	9.95160891160762873E-1
1.28729999999999989E10	9.95169228205986656E-1
1.28740000000000010E10	9.95177542579066277E-1
1.28750000000000009E10	9.95185845957229276E-1
1.28759999999999986E10	9.95194133240378598E-1
1.28770000000000007E10	9.95202409711725267E-1
1.28780000000000006E10	9.95210663824969544E-1
1.28790000000000004E10	9.95218902437729547E-1
1.28800000000000003E10	9.95227130813433014E-1
1.28810000000000002E10	9.95235339753303272E-1
1.28820000000000001E10	9.95243534496434812E-1
1.28830000000000000E10	9.95251718678040120E-1
1.28839999999999999E10	9.95259879816069848E-1
1.28849999999999998E10	9.95268029572016388E-1
1.28859999999999997E10	9.95276165104596089E-1
1.28869999999999996E10	9.95284281935378168E-1
1.28879999999999995E10	9.95292385263436685E-1
1.28890000000000016E10	9.95300483531946156E-1
1.28900000000000015E10	9.95308551177613587E-1
1.28909999999999991E10	9.95316617672015269E-1
1.28920000000000012E10	9.95324659018123548E-1
1.28930000000000011E10	9.95332685237291237E-1
1.28940000000000010E10	9.95340699871048429E-1
1.28949999999999987E10	9.95348703207248420E-1
1.28959999999999964E10	9.95356690638109143E-1
1.28970000000000007E10	9.95364655898798389E-1
1.28980000000000006E10	9.95372609005583264E-1
1.28990000000000005E10	9.95380553467055762E-1
1.29000000000000004E10	9.95388478085147455E-1
1.29010000000000002E10	9.95396391239252054E-1
1.29020000000000001E10	9.95404286593784171E-1
1.29030000000000000E10	9.95412165972378205E-1
1.29040000000000021E10	9.95420037753179088E-1
1.29050000000000020E10	9.95427890637911617E-1
1.29059999999999997E10	9.95435729704524341E-1
1.29069999999999996E10	9.95443548529830835E-1
1.29079999999999973E10	9.95451359579574380E-1
1.29090000000000016E10	9.95459149826633016E-1
1.29099999999999993E10	9.95466938327455964E-1
1.29109999999999969E10	9.95474698830304838E-1
1.29120000000000013E10	9.95482449559002269E-1
1.29130000000000011E10	9.95490190612892789E-1
1.29140000000000010E10	9.95497913812264557E-1
1.29150000000000009E10	9.95505624180210980E-1
1.29160000000000008E10	9.95513313494238261E-1
1.29170000000000007E10	9.95520995046456036E-1
1.29180000000000006E10	9.95528663910805989E-1
1.29190000000000005E10	9.95536311812753105E-1
1.29199999999999982E10	9.95543952047011338E-1
1.29209999999999980E10	9.95551574653499394E-1
1.29220000000000002E10	9.95559184612401538E-1
1.29229999999999978E10	9.95566781911443144E-1
1.29240000000000022E10	9.95574359857098656E-1
1.29249999999999998E10	9.95581931752657567E-1
1.29259999999999975E10	9.95589482536827930E-1
1.29270000000000018E10	9.95597025510270583E-1
1.29280000000000017E10	9.95604550581640524E-1
1.29290000000000016E10	9.95612057663802474E-1
1.29300000000000015E10	9.95619556716256149E-1
1.29310000000000014E10	9.95627042623690883E-1
1.29319999999999991E10	9.95634511083413720E-1
1.29329999999999989E10	9.95641967009761153E-1
1.29340000000000011E10	9.95649409437663380E-1
1.29349999999999987E10	9.95656838230530639E-1
1.29359999999999986E10	9.95664254083164657E-1
1.29370000000000007E10	9.95671650096793570E-1
1.29379999999999984E10	9.95679045492522086E-1
1.29390000000000027E10	9.95686420705698083E-1
1.29400000000000004E10	9.95693778912900207E-1
1.29409999999999981E10	9.95701126674738823E-1
1.29420000000000024E10	9.95708465484788796E-1
1.29430000000000023E10	9.95715779889203390E-1
1.29440000000000000E10	9.95723084047604523E-1
1.29449999999999976E10	9.95730380277405303E-1
1.29459999999999975E10	9.95737654758218405E-1
1.29469999999999996E10	9.95744921662464577E-1
1.29479999999999995E10	9.95752177336301969E-1
1.29490000000000016E10	9.95759412996163285E-1
1.29499999999999993E10	9.95766637713023073E-1
1.29509999999999992E10	9.95773855461526125E-1
1.29520000000000013E10	9.95781053151048745E-1
1.29529999999999990E10	9.95788233013311874E-1
1.29540000000000033E10	9.95795411809780440E-1
1.29550000000000010E10	9.95802570415230193E-1
1.29559999999999986E10	9.95809721312922314E-1
1.29569999999999985E10	9.95816845311060561E-1
1.29579999999999984E10	9.95823972888466358E-1
1.29590000000000005E10	9.95831079681130049E-1
1.29599999999999982E10	9.95838170443077608E-1
1.29609999999999981E10	9.95845252513880830E-1
1.29620000000000002E10	9.95852322062136430E-1
1.29630000000000001E10	9.95859375234927313E-1
1.29640000000000022E10	9.95866416775640850E-1
1.29649999999999999E10	9.95873446259015083E-1
1.29659999999999997E10	9.95880464975672552E-1
1.29670000000000019E10	9.95887461252153727E-1
1.29679999999999995E10	9.95894458818126260E-1
1.29689999999999994E10	9.95901429551341622E-1
1.29699999999999993E10	9.95908393726972463E-1
1.29709999999999992E10	9.95915349141879780E-1
1.29719999999999991E10	9.95922284035010286E-1
1.29729999999999990E10	9.95929218719360243E-1
1.29740000000000011E10	9.95936124910039489E-1
1.29749999999999988E10	9.95943022045915427E-1
1.29759999999999986E10	9.95949914826056393E-1
1.29770000000000008E10	9.95956793149884589E-1
1.29780000000000006E10	9.95963655591753572E-1
1.29790000000000028E10	9.95970505946609208E-1
1.29800000000000004E10	9.95977345393751889E-1
1.29810000000000003E10	9.95984166370143953E-1
1.29820000000000002E10	9.95990977019702051E-1
1.29829999999999979E10	9.95997775877015279E-1
1.29840000000000000E10	9.96004567594449419E-1
1.29849999999999999E10	9.96011341052734167E-1
1.29859999999999998E10	9.96018108773717259E-1
1.29869999999999997E10	9.96024864874400251E-1
1.29879999999999995E10	9.96031594657741692E-1
1.29890000000000017E10	9.96038313268565112E-1
1.29899999999999993E10	9.96045035011326974E-1
1.29909999999999992E10	9.96051732833677228E-1
1.29920000000000013E10	9.96058420134027855E-1
1.29930000000000012E10	9.96065097112909825E-1
1.29939999999999989E10	9.96071762197816923E-1
1.29949999999999988E10	9.96078412918924982E-1
1.29959999999999987E10	9.96085053864226921E-1
1.29970000000000008E10	9.96091677238787909E-1
1.29979999999999984E10	9.96098298240897151E-1
1.29990000000000006E10	9.96104899314572201E-1
1.30000000000000004E10	9.96111492999060744E-1
1.30010000000000003E10	9.96118071447008724E-1
1.30020000000000002E10	9.96124635662549451E-1
1.30030000000000001E10	9.96131191090063162E-1
1.30040000000000022E10	9.96137735174606220E-1
1.30049999999999999E10	9.96144268016762879E-1
1.30059999999999998E10	9.96150789708928208E-1
1.30069999999999997E10	9.96157293200548288E-1
1.30079999999999996E10	9.96163791048235758E-1
1.30089999999999995E10	9.96170274400389388E-1
1.30099999999999993E10	9.96176745097813310E-1
1.30109999999999992E10	9.96183208557727617E-1
1.30120000000000013E10	9.96189654088963472E-1
1.30129999999999990E10	9.96196087088887694E-1
1.30140000000000011E10	9.96202510273332997E-1
1.30150000000000010E10	9.96208926358752755E-1
1.30160000000000009E10	9.96215326385070732E-1
1.30170000000000008E10	9.96221716638125798E-1
1.30180000000000007E10	9.96228097118104294E-1
1.30190000000000006E10	9.96234460614782691E-1
1.30200000000000005E10	9.96240811600662823E-1
1.30209999999999981E10	9.96247154554595404E-1
1.30220000000000002E10	9.96253485839632091E-1
1.30230000000000001E10	9.96259805412371868E-1
1.30240000000000000E10	9.96266112317355557E-1
1.30249999999999999E10	9.96272410111427220E-1
1.30259999999999998E10	9.96278694207367899E-1
1.30270000000000019E10	9.96284965431729219E-1
1.30279999999999996E10	9.96291231859035875E-1
1.30290000000000017E10	9.96297480712451033E-1
1.30300000000000016E10	9.96303720052625508E-1
1.30310000000000015E10	9.96309948870358930E-1
1.30319999999999991E10	9.96316163417347056E-1
1.30329999999999968E10	9.96322371757665870E-1
1.30340000000000011E10	9.96328559202359720E-1
1.30350000000000010E10	9.96334745647331310E-1
1.30359999999999987E10	9.96340915465567356E-1
1.30370000000000008E10	9.96347079449330941E-1
1.30380000000000007E10	9.96353224662269277E-1
1.30390000000000006E10	9.96359363721943048E-1
1.30400000000000005E10	9.96365490061560877E-1
1.30410000000000004E10	9.96371603497137137E-1
1.30420000000000025E10	9.96377709335036066E-1
1.30430000000000001E10	9.96383797299418461E-1
1.30440000000000000E10	9.96389881856951654E-1
1.30449999999999977E10	9.96395953629453857E-1
1.30459999999999976E10	9.96402011475934835E-1
1.30469999999999997E10	9.96408058844126288E-1
1.30479999999999974E10	9.96414097343711802E-1
1.30490000000000017E10	9.96420123975616079E-1
1.30500000000000016E10	9.96426134802021757E-1
1.30509999999999993E10	9.96432145243527678E-1
1.30520000000000014E10	9.96438141210469652E-1
1.30530000000000013E10	9.96444117804539253E-1
1.30540000000000012E10	9.96450094150994659E-1
1.30550000000000010E10	9.96456055181368860E-1
1.30560000000000009E10	9.96462003372666949E-1
1.30569999999999986E10	9.96467946764018819E-1
1.30579999999999985E10	9.96473872076177614E-1
1.30590000000000006E10	9.96479796617567004E-1
1.30599999999999983E10	9.96485699651690382E-1
1.30609999999999982E10	9.96491587334550211E-1
1.30620000000000003E10	9.96497479790095930E-1
1.30629999999999979E10	9.96503358088769708E-1
1.30640000000000023E10	9.96509220009512653E-1
1.30650000000000022E10	9.96515072643204469E-1
1.30659999999999998E10	9.96520914696031568E-1
1.30670000000000019E10	9.96526751400848276E-1
1.30680000000000018E10	9.96532569306588201E-1
1.30689999999999995E10	9.96538379233727234E-1
1.30699999999999994E10	9.96544178923788948E-1
1.30709999999999971E10	9.96549969851755790E-1
1.30719999999999992E10	9.96555751615090379E-1
1.30729999999999991E10	9.96561516298298855E-1
1.30740000000000012E10	9.96567276609765962E-1
1.30749999999999988E10	9.96573022740236780E-1
1.30759999999999987E10	9.96578765529580224E-1
1.30770000000000008E10	9.96584492319896498E-1
1.30779999999999985E10	9.96590204533312374E-1
1.30790000000000028E10	9.96595913955317059E-1
1.30800000000000027E10	9.96601612595917175E-1
1.30810000000000004E10	9.96607299040790195E-1
1.30819999999999981E10	9.96612969031550300E-1
1.30829999999999980E10	9.96618632467593812E-1
1.30840000000000001E10	9.96624290758538578E-1
1.30850000000000000E10	9.96629933006587088E-1
1.30859999999999976E10	9.96635568167002006E-1
1.30869999999999997E10	9.96641192891764938E-1
1.30879999999999996E10	9.96646808559903441E-1
1.30890000000000017E10	9.96652410851508286E-1
1.30899999999999994E10	9.96658003028068329E-1
1.30909999999999993E10	9.96663587403290663E-1
1.30920000000000014E10	9.96669166291412978E-1
1.30929999999999991E10	9.96674723915970517E-1
1.30939999999999990E10	9.96680278750331539E-1
1.30949999999999989E10	9.96685819755637148E-1
1.30959999999999988E10	9.96691354939409813E-1
1.30969999999999986E10	9.96696874181987091E-1
1.30979999999999985E10	9.96702391218851247E-1
1.30990000000000006E10	9.96707893998338079E-1
1.31000000000000005E10	9.96713386696487191E-1
1.31009999999999982E10	9.96718869664632301E-1
1.31020000000000003E10	9.96724340373164353E-1
1.31030000000000002E10	9.96729805870583974E-1
1.31040000000000023E10	9.96735262661079702E-1
1.31050000000000000E10	9.96740704350899698E-1
1.31059999999999999E10	9.96746139901294370E-1
1.31069999999999998E10	9.96751565788183669E-1
1.31079999999999997E10	9.96756978470848942E-1
1.31089999999999995E10	9.96762378245608360E-1
1.31099999999999994E10	9.96767773115846900E-1
1.31109999999999993E10	9.96773161454575352E-1
1.31119999999999992E10	9.96778538727400942E-1
1.31129999999999991E10	9.96783898448382111E-1
1.31140000000000012E10	9.96789256344506214E-1
1.31150000000000011E10	9.96794605928312727E-1
1.31159999999999988E10	9.96799938750867653E-1
1.31170000000000009E10	9.96805265711930488E-1
1.31180000000000008E10	9.96810583192061195E-1
1.31190000000000007E10	9.96815894347628806E-1
1.31199999999999983E10	9.96821192627359665E-1
1.31209999999999982E10	9.96826475342349205E-1
1.31220000000000003E10	9.96831756321850548E-1
1.31230000000000002E10	9.96837023153422841E-1
1.31240000000000001E10	9.96842280912515299E-1
1.31250000000000000E10	9.96847531759577699E-1
1.31259999999999999E10	9.96852771028551210E-1
1.31269999999999998E10	9.96858006721604006E-1
1.31279999999999997E10	9.96863232207707028E-1
1.31290000000000018E10	9.96868446695483534E-1
1.31300000000000017E10	9.96873647428996179E-1
1.31309999999999993E10	9.96878839468923772E-1
1.31319999999999992E10	9.96884022987169338E-1
1.31329999999999991E10	9.96889202071029246E-1
1.31340000000000012E10	9.96894364138784894E-1
1.31349999999999989E10	9.96899521106361419E-1
1.31359999999999988E10	9.96904670183846697E-1
1.31370000000000009E10	9.96909806601560078E-1
1.31380000000000008E10	9.96914932456289193E-1
1.31390000000000007E10	9.96920054766927421E-1
1.31400000000000006E10	9.96925163820242766E-1
1.31410000000000005E10	9.96930272542712004E-1
1.31420000000000003E10	9.96935356405516160E-1
1.31430000000000002E10	9.96940443125013331E-1
1.31440000000000001E10	9.96945519987690432E-1
1.31450000000000000E10	9.96950577203725885E-1
1.31459999999999977E10	9.96955634628736398E-1
1.31469999999999998E10	9.96960677519367877E-1
1.31479999999999997E10	9.96965712879932120E-1
1.31490000000000018E10	9.96970746737907909E-1
1.31499999999999995E10	9.96975767274244618E-1
1.31509999999999994E10	9.96980770573292574E-1
1.31520000000000015E10	9.96985776547026958E-1
1.31530000000000014E10	9.96990765389757705E-1
1.31540000000000012E10	9.96995749071693105E-1
1.31550000000000011E10	9.97000723661119892E-1
1.31560000000000010E10	9.97005685210115722E-1
1.31570000000000009E10	9.97010639724189929E-1
1.31579999999999986E10	9.97015595215579253E-1
1.31590000000000007E10	9.97020526766111281E-1
1.31600000000000006E10	9.97025464333351330E-1
1.31609999999999983E10	9.97030375965244531E-1
1.31620000000000004E10	9.97035292646821780E-1
1.31630000000000003E10	9.97040192380361567E-1
1.31640000000000024E10	9.97045093177734287E-1
1.31650000000000000E10	9.97049973993809857E-1
1.31659999999999999E10	9.97054854855341510E-1
1.31670000000000020E10	9.97059718691005337E-1
1.31680000000000019E10	9.97064579522562866E-1
1.31689999999999996E10	9.97069431297475006E-1
1.31699999999999973E10	9.97074272971423348E-1
1.31709999999999972E10	9.97079104499040270E-1
1.31720000000000015E10	9.97083925829114470E-1
1.31729999999999992E10	9.97088743962860846E-1
1.31740000000000013E10	9.97093552799742611E-1
1.31750000000000012E10	9.97098346217027043E-1
1.31759999999999988E10	9.97103139286321927E-1
1.31770000000000009E10	9.97107919818485122E-1
1.31780000000000008E10	9.97112693796462146E-1
1.31790000000000029E10	9.97117457089923143E-1
1.31800000000000006E10	9.97122212644312000E-1
1.31810000000000005E10	9.97126962393945071E-1
1.31819999999999982E10	9.97131700157261314E-1
1.31829999999999981E10	9.97136431913113164E-1
1.31840000000000002E10	9.97141149428783891E-1
1.31849999999999978E10	9.97145863759954487E-1
1.31859999999999977E10	9.97150564623273361E-1
1.31870000000000021E10	9.97155264099075467E-1
1.31879999999999997E10	9.97159952902365809E-1
1.31890000000000018E10	9.97164634970322972E-1
1.31900000000000017E10	9.97169306084469831E-1
1.31909999999999994E10	9.97173966093317254E-1
1.31920000000000015E10	9.97178616883100588E-1
1.31930000000000014E10	9.97183268518076815E-1
1.31939999999999991E10	9.97187904488519195E-1
1.31949999999999990E10	9.97192533825746708E-1
1.31959999999999988E10	9.97197160459067788E-1
1.31969999999999987E10	9.97201771922560454E-1
1.31979999999999986E10	9.97206372123636520E-1
1.31990000000000007E10	9.97210971134042268E-1
1.31999999999999984E10	9.97215564668012355E-1
1.32009999999999983E10	9.97220137116654115E-1
1.32020000000000026E10	9.97224712937329016E-1
1.32030000000000003E10	9.97229272391249033E-1
1.32040000000000024E10	9.97233830699556911E-1
1.32050000000000023E10	9.97238385598601162E-1
1.32060000000000000E10	9.97242912123893177E-1
1.32069999999999999E10	9.97247451290249209E-1
1.32079999999999975E10	9.97251963663512697E-1
1.32089999999999996E10	9.97256488241186112E-1
1.32099999999999995E10	9.97260993798037632E-1
1.32109999999999994E10	9.97265498693507624E-1
1.32119999999999993E10	9.97269981979909659E-1
1.32129999999999992E10	9.97274470317045036E-1
1.32140000000000013E10	9.97278946878850903E-1
1.32149999999999990E10	9.97283406203683498E-1
1.32159999999999989E10	9.97287871884862120E-1
1.32170000000000032E10	9.97292322894336181E-1
1.32180000000000009E10	9.97296757898435438E-1
1.32189999999999985E10	9.97301196364951004E-1
1.32199999999999984E10	9.97305621367967632E-1
1.32209999999999983E10	9.97310044062193057E-1
1.32220000000000004E10	9.97314461031438526E-1
1.32229999999999981E10	9.97318859456137119E-1
1.32240000000000002E10	9.97323257797382823E-1
1.32250000000000001E10	9.97327643220453552E-1
1.32260000000000000E10	9.97332021668632684E-1
1.32269999999999999E10	9.97336394912189306E-1
1.32279999999999998E10	9.97340756347151292E-1
1.32290000000000019E10	9.97345121344891083E-1
1.32299999999999995E10	9.97349463385056545E-1
1.32309999999999994E10	9.97353809366146216E-1
1.32319999999999993E10	9.97358141120728092E-1
1.32329999999999992E10	9.97362466686276328E-1
1.32339999999999991E10	9.97366794116979349E-1
1.32349999999999990E10	9.97371099932690619E-1
1.32359999999999989E10	9.97375404787600672E-1
1.32370000000000010E10	9.97379695686779577E-1
1.32379999999999987E10	9.97383986995316540E-1
1.32390000000000008E10	9.97388265694729803E-1
1.32400000000000007E10	9.97392531390138437E-1
1.32410000000000005E10	9.97396797407852986E-1
1.32420000000000004E10	9.97401057029830085E-1
1.32430000000000003E10	9.97405303515236419E-1
1.32440000000000002E10	9.97409542797590731E-1
1.32450000000000001E10	9.97413782939082871E-1
1.32459999999999978E10	9.97418005533165264E-1
1.32469999999999999E10	9.97422224984228833E-1
1.32479999999999998E10	9.97426436635370983E-1
1.32489999999999997E10	9.97430644305360481E-1
1.32499999999999996E10	9.97434836947551240E-1
1.32509999999999994E10	9.97439030054886189E-1
1.32520000000000016E10	9.97443214693478097E-1
1.32529999999999992E10	9.97447386158641969E-1
1.32540000000000013E10	9.97451562095150024E-1
1.32550000000000012E10	9.97455712231310621E-1
1.32560000000000011E10	9.97459868065399746E-1
1.32569999999999988E10	9.97464012085401386E-1
1.32579999999999987E10	9.97468148086109885E-1
1.32590000000000008E10	9.97472279867997536E-1
1.32600000000000007E10	9.97476401613927166E-1
1.32609999999999983E10	9.97480513907073529E-1
1.32620000000000005E10	9.97484628034554177E-1
1.32630000000000003E10	9.97488728524633395E-1
1.32640000000000002E10	9.97492829878752829E-1
1.32650000000000001E10	9.97496908012540828E-1
1.32660000000000000E10	9.97500989227555124E-1
1.32670000000000021E10	9.97505061219553113E-1
1.32679999999999998E10	9.97509126696414938E-1
1.32689999999999997E10	9.97513185142143399E-1
1.32699999999999996E10	9.97517240340408762E-1
1.32709999999999972E10	9.97521278848791049E-1
1.32719999999999994E10	9.97525311972596285E-1
1.32729999999999992E10	9.97529343493670417E-1
1.32740000000000014E10	9.97533364250557320E-1
1.32750000000000012E10	9.97537376931631847E-1
1.32759999999999989E10	9.97541387469586560E-1
1.32770000000000010E10	9.97545394240083994E-1
1.32780000000000009E10	9.97549390201120900E-1
1.32790000000000008E10	9.97553376948930293E-1
1.32800000000000007E10	9.97557344163766757E-1
1.32810000000000006E10	9.97561321603141948E-1
1.32820000000000005E10	9.97565288116449267E-1
1.32829999999999981E10	9.97569249629608734E-1
1.32840000000000003E10	9.97573194701898203E-1
1.32850000000000001E10	9.97577139029568727E-1
1.32859999999999978E10	9.97581080944967269E-1
1.32869999999999999E10	9.97585011154930967E-1
1.32879999999999998E10	9.97588933405102196E-1
1.32890000000000019E10	9.97592852536497432E-1
1.32900000000000018E10	9.97596759224638596E-1
1.32909999999999995E10	9.97600664846399710E-1
1.32920000000000016E10	9.97604555694382888E-1
1.32930000000000015E10	9.97608446425046758E-1
1.32940000000000014E10	9.97612328773000456E-1
1.32949999999999990E10	9.97616201010613501E-1
1.32959999999999967E10	9.97620081103523049E-1
1.32970000000000010E10	9.97623941059918629E-1
1.32979999999999987E10	9.97627792265718938E-1
1.32990000000000008E10	9.97631639552569638E-1
1.33000000000000007E10	9.97635475689850182E-1
1.33009999999999984E10	9.97639309895064841E-1
1.33020000000000005E10	9.97643139319636063E-1
1.33030000000000004E10	9.97646961103431984E-1
1.33040000000000025E10	9.97650777876360451E-1
1.33050000000000024E10	9.97654585665741322E-1
1.33060000000000000E10	9.97658382688300449E-1
1.33069999999999977E10	9.97662179277127770E-1
1.33079999999999976E10	9.97665974758363205E-1
1.33090000000000019E10	9.97669749690416729E-1
1.33099999999999996E10	9.97673522126631340E-1
1.33109999999999973E10	9.97677286956420950E-1
1.33120000000000016E10	9.97681049004104992E-1
1.33129999999999993E10	9.97684797612117080E-1
1.33140000000000014E10	9.97688549771449118E-1
1.33150000000000013E10	9.97692295923242689E-1
1.33159999999999989E10	9.97696029806696849E-1
1.33170000000000011E10	9.97699751796776013E-1
1.33180000000000009E10	9.97703470035984985E-1
1.33189999999999986E10	9.97707189351498513E-1
1.33199999999999985E10	9.97710901242330728E-1
1.33209999999999984E10	9.97714594958084433E-1
1.33219999999999983E10	9.97718294214503132E-1
1.33229999999999982E10	9.97721984924140060E-1
1.33240000000000025E10	9.97725669673780935E-1
1.33250000000000002E10	9.97729337674146777E-1
1.33259999999999978E10	9.97733011573195760E-1
1.33270000000000022E10	9.97736673885324876E-1
1.33279999999999998E10	9.97740332768528937E-1
1.33290000000000020E10	9.97743980749824111E-1
1.33300000000000018E10	9.97747629346661746E-1
1.33309999999999995E10	9.97751261005074852E-1
1.33319999999999994E10	9.97754896197052510E-1
1.33329999999999993E10	9.97758517345047302E-1
1.33339999999999992E10	9.97762134853838845E-1
1.33349999999999991E10	9.97765744566256174E-1
1.33359999999999990E10	9.97769358027870545E-1
1.33369999999999989E10	9.97772947492803652E-1
1.33379999999999987E10	9.97776540219966179E-1
1.33390000000000031E10	9.97780125292023712E-1
1.33400000000000007E10	9.97783704140532990E-1
1.33409999999999984E10	9.97787279323394927E-1
1.33420000000000027E10	9.97790848893925286E-1
1.33430000000000004E10	9.97794413152075066E-1
1.33440000000000003E10	9.97797964497540946E-1
1.33449999999999980E10	9.97801514499771791E-1
1.33459999999999979E10	9.97805056678919122E-1
1.33470000000000000E10	9.97808595839171630E-1
1.33479999999999999E10	9.97812118696460182E-1
1.33489999999999998E10	9.97815642487597643E-1
1.33499999999999996E10	9.97819156177442679E-1
1.33509999999999995E10	9.97822678161973720E-1
1.33519999999999994E10	9.97826183792778565E-1
1.33529999999999993E10	9.97829685797580801E-1
1.33540000000000036E10	9.97833173091351355E-1
1.33550000000000013E10	9.97836656142034784E-1
1.33559999999999990E10	9.97840145440049575E-1
1.33569999999999989E10	9.97843617376816638E-1
1.33579999999999988E10	9.97847082424660847E-1
1.33590000000000009E10	9.97850545384417664E-1
1.33599999999999985E10	9.97854003089046060E-1
1.33609999999999984E10	9.97857453500602354E-1
1.33620000000000005E10	9.97860899136228596E-1
1.33630000000000004E10	9.97864342516021630E-1
1.33640000000000003E10	9.97867777024392666E-1
1.33650000000000002E10	9.97871191454305162E-1
1.33660000000000001E10	9.97874612310227072E-1
1.33670000000000000E10	9.97878032970563034E-1
1.33679999999999999E10	9.97881443358711095E-1
1.33689999999999998E10	9.97884849411541985E-1
1.33699999999999997E10	9.97888239879340411E-1
1.33709999999999996E10	9.97891621837205456E-1
1.33719999999999994E10	9.97895017297329012E-1
1.33729999999999993E10	9.97898397783029445E-1
1.33740000000000014E10	9.97901770373608876E-1
1.33749999999999991E10	9.97905134112545511E-1
1.33759999999999990E10	9.97908494941890467E-1
1.33770000000000011E10	9.97911851906616221E-1
1.33780000000000010E10	9.97915195980947978E-1
1.33790000000000009E10	9.97918544629543014E-1
1.33800000000000008E10	9.97921878442688381E-1
1.33810000000000007E10	9.97925211433457449E-1
1.33820000000000006E10	9.97928541476674447E-1
1.33829999999999982E10	9.97931866438677950E-1
1.33840000000000003E10	9.97935174926554325E-1
1.33850000000000002E10	9.97938487914405847E-1
1.33860000000000001E10	9.97941784744378069E-1
1.33870000000000000E10	9.97945082935057215E-1
1.33879999999999999E10	9.97948376860710873E-1
1.33890000000000020E10	9.97951652759730301E-1
1.33899999999999997E10	9.97954937454405311E-1
1.33909999999999996E10	9.97958206732411490E-1
1.33920000000000017E10	9.97961488609007397E-1
1.33930000000000016E10	9.97964743728060100E-1
1.33939999999999992E10	9.97967997785391958E-1
1.33949999999999991E10	9.97971252089561212E-1
1.33959999999999968E10	9.97974502125452290E-1
1.33970000000000011E10	9.97977739867164004E-1
1.33979999999999988E10	9.97980974759761708E-1
1.33990000000000009E10	9.97984199931074834E-1
1.34000000000000008E10	9.97987424835894466E-1
1.34010000000000007E10	9.97990644929097570E-1
1.34020000000000006E10	9.97993855651451334E-1
1.34030000000000005E10	9.97997064126929700E-1
1.34040000000000026E10	9.98000265789401197E-1
1.34050000000000002E10	9.98003458400926213E-1
1.34060000000000001E10	9.98006646746249437E-1
1.34070000000000000E10	9.98009833273463443E-1
1.34079999999999977E10	9.98013013394174564E-1
1.34089999999999998E10	9.98016182505785032E-1
1.34099999999999997E10	9.98019353611596571E-1
1.34109999999999974E10	9.98022517411307497E-1
1.34120000000000017E10	9.98025675163929549E-1
1.34129999999999994E10	9.98028824598141284E-1
1.34140000000000015E10	9.98031962256741778E-1
1.34150000000000014E10	9.98035107056619886E-1
1.34160000000000013E10	9.98038242590742897E-1
1.34170000000000011E10	9.98041373642204910E-1
1.34180000000000010E10	9.98044495560475475E-1
1.34190000000000009E10	9.98047613128652955E-1
1.34199999999999986E10	9.98050728775255358E-1
1.34209999999999985E10	9.98053835472262385E-1
1.34220000000000006E10	9.98056942735481378E-1
1.34229999999999983E10	9.98060030505395801E-1
1.34240000000000004E10	9.98063127236515513E-1
1.34250000000000003E10	9.98066206928735511E-1
1.34259999999999979E10	9.98069288581567982E-1
1.34270000000000023E10	9.98072367504897784E-1
1.34279999999999999E10	9.98075437807005628E-1
1.34290000000000020E10	9.98078501895463255E-1
1.34300000000000019E10	9.98081563369513347E-1
1.34310000000000018E10	9.98084615129295649E-1
1.34319999999999995E10	9.98087660766268492E-1
1.34329999999999972E10	9.98090705068442929E-1
1.34340000000000015E10	9.98093740917161654E-1
1.34349999999999992E10	9.98096776672946895E-1
1.34359999999999991E10	9.98099805205090718E-1
1.34370000000000012E10	9.98102826525188114E-1
1.34379999999999988E10	9.98105840641836117E-1
1.34390000000000009E10	9.98108849951294985E-1
1.34400000000000008E10	9.98111859243831034E-1
1.34409999999999985E10	9.98114864943282676E-1
1.34420000000000028E10	9.98117862264921207E-1
1.34430000000000005E10	9.98120853597113289E-1
1.34439999999999982E10	9.98123840132764606E-1
1.34449999999999981E10	9.98126815869054695E-1
1.34459999999999980E10	9.98129790385842952E-1
1.34470000000000001E10	9.98132769680933407E-1
1.34479999999999977E10	9.98135734534295338E-1
1.34490000000000021E10	9.98138689719706385E-1
1.34499999999999997E10	9.98141646033492691E-1
1.34509999999999996E10	9.98144598649136228E-1
1.34520000000000017E10	9.98147537909179938E-1
1.34529999999999994E10	9.98150478229018390E-1
1.34540000000000015E10	9.98153414765218727E-1
1.34550000000000014E10	9.98156353517254047E-1
1.34559999999999991E10	9.98159265492322767E-1
1.34569999999999990E10	9.98162189259575072E-1
1.34579999999999989E10	9.98165101845973091E-1
1.34589999999999987E10	9.98168010450320331E-1
1.34599999999999986E10	9.98170917446159756E-1
1.34609999999999985E10	9.98173816736202468E-1
1.34620000000000006E10	9.98176713107445757E-1
1.34629999999999983E10	9.98179601659822247E-1
1.34640000000000026E10	9.98182487180277711E-1
1.34650000000000003E10	9.98185362330932513E-1
1.34660000000000002E10	9.98188240393108472E-1
1.34670000000000023E10	9.98191106736581268E-1
1.34680000000000000E10	9.98193968573336932E-1
1.34689999999999999E10	9.98196831912943594E-1
1.34699999999999998E10	9.98199686957187993E-1
1.34709999999999974E10	9.98202536058060019E-1
1.34719999999999995E10	9.98205387662007659E-1
1.34729999999999994E10	9.98208219757582071E-1
1.34739999999999993E10	9.98211059067674356E-1
1.34749999999999992E10	9.98213887219553087E-1
1.34759999999999991E10	9.98216711438671744E-1
1.34770000000000012E10	9.98219534077211179E-1
1.34779999999999989E10	9.98222351377888906E-1
1.34790000000000032E10	9.98225163241646030E-1
1.34800000000000009E10	9.98227964670955892E-1
1.34810000000000008E10	9.98230771472934286E-1
1.34819999999999984E10	9.98233563953971625E-1
1.34829999999999983E10	9.98236354249437596E-1
1.34840000000000004E10	9.98239145932911676E-1
1.34850000000000003E10	9.98241921717183800E-1
1.34859999999999980E10	9.98244703573290160E-1
1.34870000000000001E10	9.98247468053076759E-1
1.34880000000000000E10	9.98250234686135940E-1
1.34889999999999999E10	9.98253005820931172E-1
1.34899999999999998E10	9.98255760420330773E-1
1.34909999999999997E10	9.98258516810036234E-1
1.34920000000000018E10	9.98261260080963275E-1
1.34929999999999994E10	9.98264002415285034E-1
1.34939999999999993E10	9.98266746150322426E-1
1.34949999999999992E10	9.98269482515644668E-1
1.34959999999999991E10	9.98272207659335997E-1
1.34969999999999990E10	9.98274932548785365E-1
1.34979999999999989E10	9.98277650861693644E-1
1.34990000000000010E10	9.98280363682559368E-1
1.35000000000000009E10	9.98283083238010427E-1
1.35009999999999986E10	9.98285789573636251E-1
1.35020000000000007E10	9.98288482517709674E-1
1.35030000000000006E10	9.98291187938347413E-1
1.35040000000000004E10	9.98293877163591148E-1
1.35050000000000003E10	9.98296562424491185E-1
1.35060000000000002E10	9.98299248523953509E-1
1.35070000000000001E10	9.98301929087019957E-1
1.35080000000000000E10	9.98304600209100812E-1
1.35089999999999999E10	9.98307271662053353E-1
1.35099999999999998E10	9.98309935806987170E-1
1.35109999999999997E10	9.98312593705481177E-1
1.35119999999999996E10	9.98315247665471617E-1
1.35129999999999995E10	9.98317897503589613E-1
1.35140000000000016E10	9.98320549273011437E-1
1.35150000000000015E10	9.98323194055142515E-1
1.35159999999999991E10	9.98325829155409394E-1
1.35170000000000012E10	9.98328459370650734E-1
1.35180000000000011E10	9.98331090756942174E-1
1.35190000000000010E10	9.98333718118946045E-1
1.35199999999999987E10	9.98336333743208826E-1
1.35209999999999964E10	9.98338946182842868E-1
1.35220000000000007E10	9.98341561501145947E-1
1.35230000000000006E10	9.98344163196606615E-1
1.35240000000000005E10	9.98346763591512243E-1
1.35250000000000004E10	9.98349362477271818E-1
1.35260000000000002E10	9.98351955873541996E-1
1.35270000000000001E10	9.98354543559802998E-1
1.35280000000000000E10	9.98357122797112950E-1
1.35290000000000021E10	9.98359702164404261E-1
1.35300000000000020E10	9.98362280184026041E-1
1.35309999999999997E10	9.98364855372906490E-1
1.35319999999999996E10	9.98367417418358016E-1
1.35329999999999973E10	9.98369976162556938E-1
1.35340000000000016E10	9.98372535157658092E-1
1.35349999999999993E10	9.98375089122638748E-1
1.35359999999999969E10	9.98377640342768480E-1
1.35370000000000013E10	9.98380182257490567E-1
1.35380000000000011E10	9.98382720937255286E-1
1.35390000000000010E10	9.98385249808870157E-1
1.35400000000000009E10	9.98387793937371626E-1
1.35410000000000008E10	9.98390317629674584E-1
1.35420000000000007E10	9.98392832012588372E-1
1.35430000000000006E10	9.98395353309003752E-1
1.35440000000000005E10	9.98397873664028523E-1
1.35449999999999982E10	9.98400378854347359E-1
1.35459999999999980E10	9.98402882572614025E-1
1.35470000000000002E10	9.98405375658880700E-1
1.35479999999999978E10	9.98407879455233882E-1
1.35490000000000022E10	9.98410369536810727E-1
1.35499999999999998E10	9.98412865986478515E-1
1.35509999999999975E10	9.98415344340676469E-1
1.35520000000000018E10	9.98417823418295569E-1
1.35530000000000017E10	9.98420297845426497E-1
1.35540000000000016E10	9.98422776271068102E-1
1.35550000000000015E10	9.98425239271853293E-1
1.35560000000000014E10	9.98427704426551443E-1
1.35569999999999991E10	9.98430156117433221E-1
1.35579999999999989E10	9.98432613220561471E-1
1.35590000000000011E10	9.98435061381631073E-1
1.35599999999999987E10	9.98437513099126761E-1
1.35609999999999986E10	9.98439956557503550E-1
1.35620000000000007E10	9.98442394012098156E-1
1.35629999999999984E10	9.98444823873659004E-1
1.35640000000000027E10	9.98447254812528584E-1
1.35650000000000004E10	9.98449681393607946E-1
1.35659999999999981E10	9.98452107159634394E-1
1.35670000000000024E10	9.98454516380029489E-1
1.35680000000000023E10	9.98456938296326335E-1
1.35690000000000000E10	9.98459343025442614E-1
1.35699999999999976E10	9.98461748249341063E-1
1.35709999999999975E10	9.98464144637016382E-1
1.35719999999999996E10	9.98466543455435840E-1
1.35729999999999995E10	9.98468934072965197E-1
1.35740000000000016E10	9.98471326475520904E-1
1.35749999999999993E10	9.98473710014389937E-1
1.35759999999999992E10	9.98476090806511607E-1
1.35770000000000013E10	9.98478462056848493E-1
1.35779999999999990E10	9.98480840227779254E-1
1.35790000000000033E10	9.98483208178892312E-1
1.35800000000000010E10	9.98485575912987322E-1
1.35809999999999986E10	9.98487932730867733E-1
1.35819999999999985E10	9.98490280865913959E-1
1.35829999999999984E10	9.98492638113247111E-1
1.35840000000000005E10	9.98494975603440515E-1
1.35849999999999982E10	9.98497331896128060E-1
1.35859999999999981E10	9.98499678102059285E-1
1.35870000000000002E10	9.98502007356367471E-1
1.35880000000000001E10	9.98504346579568924E-1
1.35890000000000022E10	9.98506662912116028E-1
1.35899999999999999E10	9.98508995003595956E-1
1.35909999999999997E10	9.98511317777321317E-1
1.35920000000000019E10	9.98513637370136387E-1
1.35929999999999995E10	9.98515942983119054E-1
1.35939999999999994E10	9.98518251182606242E-1
1.35949999999999993E10	9.98520553773550468E-1
1.35959999999999992E10	9.98522856903844946E-1
1.35969999999999991E10	9.98525145830062044E-1
1.35979999999999990E10	9.98527439760323610E-1
1.35990000000000011E10	9.98529742248235053E-1
1.35999999999999988E10	9.98532021522129121E-1
1.36009999999999986E10	9.98534298110045881E-1
1.36020000000000008E10	9.98536572932892064E-1
1.36030000000000006E10	9.98538856086495130E-1
1.36040000000000028E10	9.98541123590323565E-1
1.36050000000000004E10	9.98543385524579818E-1
1.36060000000000003E10	9.98545648050848555E-1
1.36070000000000002E10	9.98547912088061906E-1
1.36079999999999979E10	9.98550162784508366E-1
1.36090000000000000E10	9.98552410238087162E-1
1.36099999999999999E10	9.98554657988343308E-1
1.36109999999999998E10	9.98556901682536591E-1
1.36119999999999997E10	9.98559138273689229E-1
1.36129999999999995E10	9.98561371294832512E-1
1.36140000000000017E10	9.98563612195699513E-1
1.36149999999999993E10	9.98565835512017586E-1
1.36159999999999992E10	9.98568055319029568E-1
1.36170000000000013E10	9.98570281758311395E-1
1.36180000000000012E10	9.98572494602174388E-1
1.36189999999999989E10	9.98574715880980079E-1
1.36199999999999988E10	9.98576924021593548E-1
1.36209999999999987E10	9.98579135781367988E-1
1.36220000000000008E10	9.98581330876577056E-1
1.36229999999999984E10	9.98583528722700287E-1
1.36240000000000006E10	9.98585718287884028E-1
1.36250000000000004E10	9.98587911060616307E-1
1.36260000000000003E10	9.98590097321147319E-1
1.36270000000000002E10	9.98592284586239032E-1
1.36280000000000001E10	9.98594453820166983E-1
1.36290000000000022E10	9.98596635119536735E-1
1.36299999999999999E10	9.98598802793324580E-1
1.36309999999999998E10	9.98600976329822387E-1
1.36319999999999997E10	9.98603141977619302E-1
1.36329999999999996E10	9.98605304600396160E-1
1.36339999999999995E10	9.98607459742379788E-1
1.36349999999999993E10	9.98609610936081715E-1
1.36359999999999992E10	9.98611765721872047E-1
1.36370000000000013E10	9.98613911633447060E-1
1.36379999999999990E10	9.98616052201359139E-1
1.36390000000000011E10	9.98618196306180828E-1
1.36400000000000010E10	9.98620323435281065E-1
1.36410000000000009E10	9.98622455831978328E-1
1.36420000000000008E10	9.98624585005236654E-1
1.36430000000000007E10	9.98626711816783263E-1
1.36440000000000006E10	9.98628834449061387E-1
1.36450000000000005E10	9.98630944377189955E-1
1.36459999999999981E10	9.98633066583092877E-1
1.36470000000000002E10	9.98635177795614126E-1
1.36480000000000001E10	9.98637284227482880E-1
1.36490000000000000E10	9.98639386729891676E-1
1.36499999999999999E10	9.98641483466114188E-1
1.36509999999999998E10	9.98643584695573416E-1
1.36520000000000019E10	9.98645669754762011E-1
1.36529999999999996E10	9.98647766392316960E-1
1.36540000000000017E10	9.98649851237219721E-1
1.36550000000000016E10	9.98651933206133613E-1
1.36560000000000015E10	9.98654011795846586E-1
1.36569999999999991E10	9.98656090546895747E-1
1.36579999999999968E10	9.98658156810418340E-1
1.36590000000000011E10	9.98660222214492954E-1
1.36600000000000010E10	9.98662293005659052E-1
1.36609999999999987E10	9.98664356518331431E-1
1.36620000000000008E10	9.98666409525318954E-1
1.36630000000000007E10	9.98668469087413158E-1
1.36640000000000006E10	9.98670519808096557E-1
1.36650000000000005E10	9.98672565219954578E-1
1.36660000000000004E10	9.98674611571806281E-1
1.36670000000000025E10	9.98676650208481931E-1
1.36680000000000001E10	9.98678684664681882E-1
1.36690000000000000E10	9.98680713051611590E-1
1.36699999999999977E10	9.98682749771329625E-1
1.36709999999999976E10	9.98684779361239627E-1
1.36719999999999997E10	9.98686813514637528E-1
1.36729999999999974E10	9.98688820421210721E-1
1.36740000000000017E10	9.98690840330116636E-1
1.36750000000000016E10	9.98692849577493291E-1
1.36759999999999993E10	9.98694862593029065E-1
1.36770000000000014E10	9.98696872026535232E-1
1.36780000000000013E10	9.98698875965656541E-1
1.36790000000000012E10	9.98700868399108010E-1
1.36800000000000010E10	9.98702876065004119E-1
1.36810000000000009E10	9.98704867023391429E-1
1.36819999999999986E10	9.98706854363092944E-1
1.36829999999999985E10	9.98708833423693143E-1
1.36840000000000006E10	9.98710829629149544E-1
1.36849999999999983E10	9.98712800019930391E-1
1.36859999999999982E10	9.98714778232150735E-1
1.36870000000000003E10	9.98716750016061461E-1
1.36879999999999979E10	9.98718732619649074E-1
1.36890000000000023E10	9.98720692578575253E-1
1.36900000000000022E10	9.98722656735605874E-1
1.36909999999999998E10	9.98724612172372339E-1
1.36920000000000019E10	9.98726573414868923E-1
1.36930000000000018E10	9.98728522033128030E-1
1.36939999999999995E10	9.98730480809258125E-1
1.36949999999999994E10	9.98732421667158121E-1
1.36959999999999971E10	9.98734364648169048E-1
1.36969999999999992E10	9.98736309175227355E-1
1.36979999999999991E10	9.98738242267636167E-1
1.36990000000000012E10	9.98740174352467491E-1
1.36999999999999988E10	9.98742108980098742E-1
1.37009999999999987E10	9.98744038666427336E-1
1.37020000000000008E10	9.98745966956205500E-1
1.37029999999999985E10	9.98747886348243696E-1
1.37040000000000028E10	9.98749798999414651E-1
1.37050000000000027E10	9.98751705686673930E-1
1.37060000000000004E10	9.98753619638935319E-1
1.37069999999999981E10	9.98755531962349785E-1
1.37079999999999980E10	9.98757435128057303E-1
1.37090000000000001E10	9.98759342375675807E-1
1.37100000000000000E10	9.98761247560768695E-1
1.37109999999999976E10	9.98763143137414922E-1
1.37119999999999997E10	9.98765027094186841E-1
1.37129999999999996E10	9.98766922407298097E-1
1.37140000000000017E10	9.98768802085996121E-1
1.37149999999999994E10	9.98770684950832788E-1
1.37159999999999993E10	9.98772560655515917E-1
1.37170000000000014E10	9.98774445267098443E-1
1.37179999999999991E10	9.98776320081901048E-1
1.37189999999999990E10	9.98778190033817204E-1
1.37199999999999989E10	9.98780053097875253E-1
1.37209999999999988E10	9.98781923973817598E-1
1.37219999999999986E10	9.98783781121866809E-1
1.37229999999999985E10	9.98785636452111092E-1
1.37240000000000006E10	9.98787493519103542E-1
1.37250000000000005E10	9.98789341912732098E-1
1.37259999999999982E10	9.98791196359685962E-1
1.37270000000000003E10	9.98793038051930182E-1
1.37280000000000002E10	9.98794881721917704E-1
1.37290000000000023E10	9.98796725331810720E-1
1.37300000000000000E10	9.98798561235677163E-1
1.37309999999999999E10	9.98800380369442919E-1
1.37319999999999998E10	9.98802219915277156E-1
1.37329999999999997E10	9.98804045590655676E-1
1.37339999999999995E10	9.98805870758417136E-1
1.37349999999999994E10	9.98807693361674254E-1
1.37359999999999993E10	9.98809509932999262E-1
1.37369999999999992E10	9.98811325429531394E-1
1.37379999999999991E10	9.98813134973337391E-1
1.37390000000000012E10	9.98814951965659326E-1
1.37400000000000011E10	9.98816753233547949E-1
1.37409999999999988E10	9.98818556399154822E-1
1.37420000000000009E10	9.98820348118557533E-1
1.37430000000000008E10	9.98822151674380088E-1
1.37440000000000007E10	9.98823948079090407E-1
1.37449999999999983E10	9.98825740885220092E-1
1.37459999999999982E10	9.98827522355227337E-1
1.37470000000000003E10	9.98829314400432722E-1
1.37480000000000002E10	9.98831099400487332E-1
1.37490000000000001E10	9.98832869596635220E-1
1.37500000000000000E10	9.98834653997376520E-1
1.37509999999999999E10	9.98836427879525957E-1
1.37519999999999998E10	9.98838199041123787E-1
1.37529999999999997E10	9.98839958291644869E-1
1.37540000000000018E10	9.98841734696454608E-1
1.37550000000000017E10	9.98843485042685764E-1
1.37559999999999993E10	9.98845238400755520E-1
1.37569999999999992E10	9.98847008280379534E-1
1.37579999999999991E10	9.98848764182758586E-1
1.37590000000000012E10	9.98850505390889509E-1
1.37599999999999989E10	9.98852253935398515E-1
1.37609999999999988E10	9.98853990634159672E-1
1.37620000000000009E10	9.98855743234185667E-1
1.37630000000000008E10	9.98857475455956845E-1
1.37640000000000007E10	9.98859205085633128E-1
1.37650000000000006E10	9.98860948518069591E-1
1.37660000000000005E10	9.98862672264050033E-1
1.37670000000000003E10	9.98864398413800991E-1
1.37680000000000002E10	9.98866124831391389E-1
1.37690000000000001E10	9.98867845090392770E-1
1.37700000000000000E10	9.98869557037194156E-1
1.37709999999999977E10	9.98871279957894842E-1
1.37719999999999998E10	9.98872988832886577E-1
1.37729999999999997E10	9.98874707249487415E-1
1.37740000000000018E10	9.98876405862700700E-1
1.37749999999999995E10	9.98878108271948406E-1
1.37759999999999994E10	9.98879819489836507E-1
1.37770000000000015E10	9.98881511556260726E-1
1.37780000000000014E10	9.98883209537258665E-1
1.37790000000000012E10	9.98884896920979948E-1
1.37800000000000011E10	9.98886593063984485E-1
1.37810000000000010E10	9.98888284313088981E-1
1.37820000000000009E10	9.98889962736755166E-1
1.37829999999999986E10	9.98891650589341396E-1
1.37840000000000007E10	9.98893325560466039E-1
1.37850000000000006E10	9.98895001285751327E-1
1.37859999999999983E10	9.98896664059394546E-1
1.37870000000000004E10	9.98898341938356893E-1
1.37880000000000003E10	9.98899998153202162E-1
1.37890000000000024E10	9.98901675197990890E-1
1.37900000000000000E10	9.98903346375182721E-1
1.37909999999999999E10	9.98905000816292699E-1
1.37920000000000020E10	9.98906649299647142E-1
1.37930000000000019E10	9.98908311295400431E-1
1.37939999999999996E10	9.98909952806793910E-1
1.37949999999999973E10	9.98911604873178050E-1
1.37959999999999972E10	9.98913249379406309E-1
1.37970000000000015E10	9.98914892792639186E-1
1.37979999999999992E10	9.98916535795729743E-1
1.37990000000000013E10	9.98918179071530332E-1
1.38000000000000012E10	9.98919810250053075E-1
1.38009999999999988E10	9.98921440152092543E-1
1.38020000000000009E10	9.98923075263313187E-1
1.38030000000000008E10	9.98924695936494444E-1
1.38040000000000029E10	9.98926317360408333E-1
1.38050000000000006E10	9.98927951844822815E-1
1.38060000000000005E10	9.98929557902110510E-1
1.38069999999999982E10	9.98931184191085109E-1
1.38079999999999981E10	9.98932793559560395E-1
1.38090000000000002E10	9.98934404136910281E-1
1.38099999999999978E10	9.98936010767655524E-1
1.38109999999999977E10	9.98937621408254373E-1
1.38120000000000021E10	9.98939217770016796E-1
1.38129999999999997E10	9.98940823854675841E-1
1.38140000000000018E10	9.98942421361376809E-1
1.38150000000000017E10	9.98944013867171599E-1
1.38159999999999994E10	9.98945597646220662E-1
1.38170000000000015E10	9.98947187975642237E-1
1.38180000000000014E10	9.98948778214112743E-1
1.38189999999999991E10	9.98950369025101992E-1
1.38199999999999990E10	9.98951955213932585E-1
1.38209999999999988E10	9.98953534505197993E-1
1.38219999999999987E10	9.98955113413406792E-1
1.38229999999999986E10	9.98956686731235521E-1
1.38240000000000007E10	9.98958258044089042E-1
1.38249999999999984E10	9.98959816262123113E-1
1.38259999999999983E10	9.98961394337457875E-1
1.38270000000000026E10	9.98962945929606150E-1
1.38280000000000003E10	9.98964512822317907E-1
1.38290000000000024E10	9.98966069214423591E-1
1.38300000000000023E10	9.98967621630647074E-1
1.38310000000000000E10	9.98969179551667708E-1
1.38319999999999999E10	9.98970736271244597E-1
1.38329999999999975E10	9.98972283595004207E-1
1.38339999999999996E10	9.98973823633209257E-1
1.38349999999999995E10	9.98975373251395737E-1
1.38359999999999994E10	9.98976906543764898E-1
1.38369999999999993E10	9.98978446283152977E-1
1.38379999999999992E10	9.98979991647123811E-1
1.38390000000000013E10	9.98981519639027304E-1
1.38399999999999990E10	9.98983054538389048E-1
1.38409999999999989E10	9.98984574805095704E-1
1.38420000000000032E10	9.98986106223888015E-1
1.38430000000000009E10	9.98987625756701370E-1
1.38439999999999985E10	9.98989150324592678E-1
1.38449999999999984E10	9.98990667232627594E-1
1.38459999999999983E10	9.98992174141718792E-1
1.38470000000000004E10	9.98993693931673654E-1
1.38479999999999981E10	9.98995203505237939E-1
1.38490000000000002E10	9.98996721305658930E-1
1.38500000000000001E10	9.98998227176297426E-1
1.38510000000000000E10	9.98999717273545329E-1
1.38519999999999999E10	9.99001220467275886E-1
1.38529999999999998E10	9.99002724015389809E-1
1.38540000000000019E10	9.99004230038085161E-1
1.38549999999999995E10	9.99005715336671685E-1
1.38559999999999994E10	9.99007210314889349E-1
1.38569999999999993E10	9.99008694741622527E-1
1.38579999999999992E10	9.99010179670531606E-1
1.38589999999999991E10	9.99011662743911089E-1
1.38599999999999990E10	9.99013146077582093E-1
1.38609999999999989E10	9.99014622827528243E-1
1.38620000000000010E10	9.99016105563962320E-1
1.38629999999999987E10	9.99017576975614041E-1
1.38640000000000008E10	9.99019040659955593E-1
1.38650000000000007E10	9.99020518179862549E-1
1.38660000000000005E10	9.99021978730740656E-1
1.38670000000000004E10	9.99023439386234813E-1
1.38680000000000003E10	9.99024912755074368E-1
1.38690000000000002E10	9.99026367983434938E-1
1.38700000000000001E10	9.99027829665212508E-1
1.38709999999999978E10	9.99029289419769917E-1
1.38719999999999999E10	9.99030738849272382E-1
1.38729999999999998E10	9.99032184562222092E-1
1.38739999999999997E10	9.99033633178691716E-1
1.38749999999999996E10	9.99035073284635011E-1
1.38759999999999994E10	9.99036517515170353E-1
1.38770000000000016E10	9.99037960465708608E-1
1.38779999999999992E10	9.99039401238080593E-1
1.38790000000000013E10	9.99040828384656621E-1
1.38800000000000012E10	9.99042271133547644E-1
1.38810000000000011E10	9.99043695428324696E-1
1.38819999999999988E10	9.99045132024452975E-1
1.38829999999999987E10	9.99046554373662232E-1
1.38840000000000008E10	9.99047984202980288E-1
1.38850000000000007E10	9.99049403995467244E-1
1.38859999999999983E10	9.99050815851065543E-1
1.38870000000000005E10	9.99052247582640618E-1
1.38880000000000003E10	9.99053655940308083E-1
1.38890000000000002E10	9.99055074794230080E-1
1.38900000000000001E10	9.99056475983092440E-1
1.38910000000000000E10	9.99057878262660282E-1
1.38920000000000021E10	9.99059288295708470E-1
1.38929999999999998E10	9.99060696073405019E-1
1.38939999999999997E10	9.99062099153673522E-1
1.38949999999999996E10	9.99063499642891273E-1
1.38959999999999972E10	9.99064898131594248E-1
1.38969999999999994E10	9.99066281534661726E-1
1.38979999999999992E10	9.99067677787070174E-1
1.38990000000000014E10	9.99069075331201972E-1
1.39000000000000012E10	9.99070462586485775E-1
1.39009999999999989E10	9.99071834038978857E-1
1.39020000000000010E10	9.99073231378385174E-1
1.39030000000000009E10	9.99074604944515876E-1
1.39040000000000008E10	9.99075982732376922E-1
1.39050000000000007E10	9.99077354657985950E-1
1.39060000000000006E10	9.99078742661968100E-1
1.39070000000000005E10	9.99080104605830144E-1
1.39079999999999981E10	9.99081471584238479E-1
1.39090000000000003E10	9.99082835019142657E-1
1.39100000000000001E10	9.99084210775981774E-1
1.39109999999999978E10	9.99085573452182985E-1
1.39119999999999999E10	9.99086938912394729E-1
1.39129999999999998E10	9.99088293962182483E-1
1.39140000000000019E10	9.99089652951026430E-1
1.39150000000000018E10	9.99091004203951627E-1
1.39159999999999995E10	9.99092369750834131E-1
1.39170000000000016E10	9.99093708775998124E-1
1.39180000000000015E10	9.99095050974017340E-1
1.39190000000000014E10	9.99096403065496119E-1
1.39199999999999990E10	9.99097742599386862E-1
1.39209999999999967E10	9.99099079351720931E-1
1.39220000000000010E10	9.99100423115617708E-1
1.39229999999999987E10	9.99101762168119656E-1
1.39240000000000008E10	9.99103090918597481E-1
1.39250000000000007E10	9.99104423778728723E-1
1.39259999999999984E10	9.99105749001920884E-1
1.39270000000000005E10	9.99107077933014587E-1
1.39280000000000004E10	9.99108409603385539E-1
1.39290000000000025E10	9.99109732245020155E-1
1.39300000000000024E10	9.99111058756595050E-1
1.39310000000000000E10	9.99112372727045539E-1
1.39319999999999977E10	9.99113694782719008E-1
1.39329999999999976E10	9.99115006955832108E-1
1.39340000000000019E10	9.99116323709584719E-1
1.39349999999999996E10	9.99117636332815984E-1
1.39359999999999973E10	9.99118948476167468E-1
1.39370000000000016E10	9.99120251411211591E-1
1.39379999999999993E10	9.99121551880557135E-1
1.39390000000000014E10	9.99122858187941887E-1
1.39400000000000013E10	9.99124146095742027E-1
1.39409999999999989E10	9.99125454910771182E-1
1.39420000000000011E10	9.99126743323210675E-1
1.39430000000000009E10	9.99128036699607414E-1
1.39439999999999986E10	9.99129329389785781E-1
1.39449999999999985E10	9.99130623501411641E-1
1.39459999999999984E10	9.99131907153860865E-1
1.39469999999999983E10	9.99133199549059015E-1
1.39479999999999982E10	9.99134488803697707E-1
1.39490000000000025E10	9.99135756784329310E-1
1.39500000000000002E10	9.99137038275995693E-1
1.39509999999999978E10	9.99138312033391784E-1
1.39520000000000022E10	9.99139591066115429E-1
1.39529999999999998E10	9.99140869691614952E-1
1.39540000000000020E10	9.99142134414596228E-1
1.39550000000000018E10	9.99143407617091839E-1
1.39559999999999995E10	9.99144671116308380E-1
1.39569999999999994E10	9.99145933256741436E-1
1.39579999999999993E10	9.99147202397108458E-1
1.39589999999999992E10	9.99148463452317515E-1
1.39599999999999991E10	9.99149718519107211E-1
1.39609999999999990E10	9.99150983785005486E-1
1.39619999999999989E10	9.99152234749281121E-1
1.39629999999999987E10	9.99153481333874360E-1
1.39640000000000031E10	9.99154741315134842E-1
1.39650000000000007E10	9.99155990160226004E-1
1.39659999999999984E10	9.99157239374871153E-1
1.39670000000000027E10	9.99158478510464931E-1
1.39680000000000004E10	9.99159720653132410E-1
1.39690000000000003E10	9.99160963201597241E-1
1.39699999999999980E10	9.99162201976834297E-1
1.39709999999999979E10	9.99163443798998330E-1
1.39720000000000000E10	9.99164673474356491E-1
1.39729999999999999E10	9.99165907259357056E-1
1.39739999999999998E10	9.99167136244750864E-1
1.39749999999999996E10	9.99168373558972789E-1
1.39759999999999995E10	9.99169588223328375E-1
1.39769999999999994E10	9.99170818580844866E-1
1.39779999999999993E10	9.99172044675154858E-1
1.39790000000000036E10	9.99173257560502925E-1
1.39800000000000013E10	9.99174479852672803E-1
1.39809999999999990E10	9.99175691556706447E-1
1.39819999999999989E10	9.99176907408741144E-1
1.39829999999999988E10	9.99178118454304176E-1
1.39840000000000009E10	9.99179336285261144E-1
1.39849999999999985E10	9.99180539280277458E-1
1.39859999999999984E10	9.99181759608562992E-1
1.39870000000000005E10	9.99182951881995685E-1
1.39880000000000004E10	9.99184157787299299E-1
1.39890000000000003E10	9.99185360425582658E-1
1.39900000000000002E10	9.99186561900000392E-1
1.39910000000000001E10	9.99187756382254300E-1
1.39920000000000000E10	9.99188960258507564E-1
1.39929999999999999E10	9.99190147059953837E-1
1.39939999999999998E10	9.99191336350083859E-1
1.39949999999999997E10	9.99192531829579700E-1
1.39959999999999996E10	9.99193718119607510E-1
1.39969999999999994E10	9.99194892541869351E-1
1.39979999999999993E10	9.99196093801148422E-1
1.39990000000000014E10	9.99197268300589236E-1
1.39999999999999991E10	9.99198443604676001E-1
1.40009999999999990E10	9.99199632980474028E-1
1.40020000000000011E10	9.99200801875499067E-1
1.40030000000000010E10	9.99201982683626611E-1
1.40040000000000009E10	9.99203153585983372E-1
1.40050000000000008E10	9.99204323064682143E-1
1.40060000000000007E10	9.99205498018420712E-1
1.40070000000000006E10	9.99206656587296749E-1
1.40079999999999982E10	9.99207821644991157E-1
1.40090000000000003E10	9.99209000107540035E-1
1.40100000000000002E10	9.99210154088315505E-1
1.40110000000000001E10	9.99211320889333798E-1
1.40120000000000000E10	9.99212465791060289E-1
1.40129999999999999E10	9.99213621322807022E-1
1.40140000000000020E10	9.99214783193385792E-1
1.40149999999999997E10	9.99215927853921748E-1
1.40159999999999996E10	9.99217084671313494E-1
1.40170000000000017E10	9.99218233292641500E-1
1.40180000000000016E10	9.99219370996350520E-1
1.40189999999999992E10	9.99220527194781205E-1
1.40199999999999991E10	9.99221659005509721E-1
1.40209999999999968E10	9.99222805497849187E-1
1.40220000000000011E10	9.99223949490339614E-1
1.40229999999999988E10	9.99225083428900618E-1
1.40240000000000009E10	9.99226206187531396E-1
1.40250000000000008E10	9.99227352085763876E-1
1.40260000000000007E10	9.99228486186901854E-1
1.40270000000000006E10	9.99229607358310901E-1
1.40280000000000005E10	9.99230741893373775E-1
1.40290000000000026E10	9.99231870934428734E-1
1.40300000000000002E10	9.99232991738384158E-1
1.40310000000000001E10	9.99234116096823577E-1
1.40320000000000000E10	9.99235238041824303E-1
1.40329999999999977E10	9.99236351593914840E-1
1.40339999999999998E10	9.99237473411018939E-1
1.40349999999999997E10	9.99238584572876753E-1
1.40359999999999974E10	9.99239703366727205E-1
1.40370000000000017E10	9.99240823812344026E-1
1.40379999999999994E10	9.99241933435414609E-1
1.40390000000000015E10	9.99243032709502543E-1
1.40400000000000014E10	9.99244148061894855E-1
1.40410000000000013E10	9.99245241053066202E-1
1.40420000000000011E10	9.99246342986703695E-1
1.40430000000000010E10	9.99247454360065035E-1
1.40440000000000009E10	9.99248552920912303E-1
1.40449999999999986E10	9.99249650516227383E-1
1.40459999999999985E10	9.99250752507518136E-1
1.40470000000000006E10	9.99251839857799240E-1
1.40479999999999983E10	9.99252934192138476E-1
1.40490000000000004E10	9.99254029487089923E-1
1.40500000000000003E10	9.99255127854184266E-1
1.40509999999999979E10	9.99256203697313872E-1
1.40520000000000023E10	9.99257298235080071E-1
1.40529999999999999E10	9.99258371184584782E-1
1.40540000000000020E10	9.99259465432542449E-1
1.40550000000000019E10	9.99260539029309314E-1
1.40560000000000018E10	9.99261616929125118E-1
1.40569999999999995E10	9.99262689808093540E-1
1.40579999999999972E10	9.99263774486242973E-1
1.40590000000000015E10	9.99264848553238849E-1
1.40599999999999992E10	9.99265919015799220E-1
1.40609999999999991E10	9.99266991254820702E-1
1.40620000000000012E10	9.99268049366432365E-1
1.40629999999999988E10	9.99269124939692688E-1
1.40640000000000009E10	9.99270184042329923E-1
1.40650000000000008E10	9.99271248445628046E-1
1.40659999999999985E10	9.99272318627528122E-1
1.40670000000000028E10	9.99273368800847628E-1
1.40680000000000005E10	9.99274438823724509E-1
1.40689999999999982E10	9.99275493045119134E-1
1.40699999999999981E10	9.99276548349945237E-1
1.40709999999999980E10	9.99277601918452874E-1
1.40720000000000001E10	9.99278652570377091E-1
1.40729999999999977E10	9.99279704060184493E-1
1.40740000000000021E10	9.99280743681969241E-1
1.40749999999999997E10	9.99281793300882448E-1
1.40759999999999996E10	9.99282850098711073E-1
1.40770000000000017E10	9.99283871680379399E-1
1.40779999999999994E10	9.99284927742671769E-1
1.40790000000000015E10	9.99285972587129656E-1
1.40800000000000014E10	9.99287003359432013E-1
1.40809999999999991E10	9.99288038671210543E-1
1.40819999999999990E10	9.99289072379887955E-1
1.40829999999999989E10	9.99290104943821156E-1
1.40839999999999987E10	9.99291148398264006E-1
1.40849999999999986E10	9.99292170125399082E-1
1.40859999999999985E10	9.99293202005885206E-1
1.40870000000000006E10	9.99294226294914267E-1
1.40879999999999983E10	9.99295248410252235E-1
1.40890000000000026E10	9.99296277093100471E-1
1.40900000000000003E10	9.99297309492096453E-1
1.40910000000000002E10	9.99298314548408584E-1
1.40920000000000023E10	9.99299339150948818E-1
1.40930000000000000E10	9.99300347252037646E-1
1.40939999999999999E10	9.99301374166565104E-1
1.40949999999999998E10	9.99302400430777382E-1
1.40959999999999974E10	9.99303409871269999E-1
1.40969999999999995E10	9.99304412897680372E-1
1.40979999999999994E10	9.99305416609013264E-1
1.40989999999999993E10	9.99306441433318149E-1
1.40999999999999992E10	9.99307442882341235E-1
1.41009999999999991E10	9.99308434704443549E-1
1.41020000000000012E10	9.99309444005943703E-1
1.41029999999999989E10	9.99310456249992995E-1
1.41040000000000032E10	9.99311445195487380E-1
1.41050000000000009E10	9.99312441301958998E-1
1.41060000000000008E10	9.99313441686248183E-1
1.41069999999999984E10	9.99314433436166105E-1
1.41079999999999983E10	9.99315423671010450E-1
1.41090000000000004E10	9.99316421193516113E-1
1.41100000000000003E10	9.99317406385984341E-1
1.41109999999999980E10	9.99318389716411382E-1
1.41120000000000001E10	9.99319390040809630E-1
1.41130000000000000E10	9.99320364278790407E-1
1.41139999999999999E10	9.99321358078343280E-1
1.41149999999999998E10	9.99322336704851466E-1
1.41159999999999997E10	9.99323315672634038E-1
1.41170000000000018E10	9.99324297100407577E-1
1.41179999999999994E10	9.99325278074280021E-1
1.41189999999999993E10	9.99326253995589475E-1
1.41199999999999992E10	9.99327223616701943E-1
1.41209999999999991E10	9.99328199131950612E-1
1.41219999999999990E10	9.99329167535958085E-1
1.41229999999999989E10	9.99330134302723572E-1
1.41240000000000010E10	9.99331113328993759E-1
1.41250000000000009E10	9.99332071396410093E-1
1.41259999999999986E10	9.99333030808255174E-1
1.41270000000000007E10	9.99334005480881515E-1
1.41280000000000006E10	9.99334979011248237E-1
1.41290000000000004E10	9.99335924849315127E-1
1.41300000000000003E10	9.99336883883547600E-1
1.41310000000000002E10	9.99337844748567861E-1
1.41320000000000001E10	9.99338804501620892E-1
1.41330000000000000E10	9.99339756815566815E-1
1.41339999999999999E10	9.99340719012102596E-1
1.41349999999999998E10	9.99341664482163772E-1
1.41359999999999997E10	9.99342612240412720E-1
1.41369999999999996E10	9.99343566103389058E-1
1.41379999999999995E10	9.99344516350111967E-1
1.41390000000000016E10	9.99345461710535865E-1
1.41400000000000015E10	9.99346397522773522E-1
1.41409999999999991E10	9.99347341152732938E-1
1.41420000000000012E10	9.99348291341143025E-1
1.41430000000000011E10	9.99349226467171903E-1
1.41440000000000010E10	9.99350157120672122E-1
1.41449999999999987E10	9.99351095606754569E-1
1.41459999999999964E10	9.99352033866176370E-1
1.41470000000000007E10	9.99352967224176503E-1
1.41480000000000006E10	9.99353904598532949E-1
1.41490000000000005E10	9.99354836211756492E-1
1.41500000000000004E10	9.99355764180210215E-1
1.41510000000000002E10	9.99356699135135429E-1
1.41520000000000001E10	9.99357614257048255E-1
1.41530000000000000E10	9.99358545721371350E-1
1.41540000000000021E10	9.99359470105371628E-1
1.41550000000000020E10	9.99360394640667238E-1
1.41559999999999997E10	9.99361306098418822E-1
1.41569999999999996E10	9.99362221947526486E-1
1.41579999999999973E10	9.99363140904030800E-1
1.41590000000000016E10	9.99364070221987433E-1
1.41599999999999993E10	9.99364979571299727E-1
1.41609999999999969E10	9.99365900116071337E-1
1.41620000000000013E10	9.99366806631031501E-1
1.41630000000000011E10	9.99367716624332481E-1
1.41640000000000010E10	9.99368620244312922E-1
1.41650000000000009E10	9.99369531597282545E-1
1.41660000000000008E10	9.99370444253752588E-1
1.41670000000000007E10	9.99371353486506386E-1
1.41680000000000006E10	9.99372249415678127E-1
1.41690000000000005E10	9.99373156452427125E-1
1.41699999999999982E10	9.99374059576974716E-1
1.41709999999999980E10	9.99374948894200976E-1
1.41720000000000002E10	9.99375850561192713E-1
1.41729999999999978E10	9.99376746101965985E-1
1.41740000000000022E10	9.99377641075377987E-1
1.41749999999999998E10	9.99378525570994647E-1
1.41759999999999975E10	9.99379434394294286E-1
1.41770000000000018E10	9.99380319789296578E-1
1.41780000000000017E10	9.99381216573038067E-1
1.41790000000000016E10	9.99382090712951232E-1
1.41800000000000015E10	9.99382983948957460E-1
1.41810000000000014E10	9.99383870848849121E-1
1.41819999999999991E10	9.99384753534787507E-1
1.41829999999999989E10	9.99385623778402810E-1
1.41840000000000011E10	9.99386519947531404E-1
1.41849999999999987E10	9.99387392394059226E-1
1.41859999999999986E10	9.99388289869420454E-1
1.41870000000000007E10	9.99389152309975337E-1
1.41879999999999984E10	9.99390031951147861E-1
1.41890000000000027E10	9.99390903266769293E-1
1.41900000000000004E10	9.99391764917124803E-1
1.41909999999999981E10	9.99392650187784071E-1
1.41920000000000024E10	9.99393519669344421E-1
1.41930000000000023E10	9.99394377207450546E-1
1.41940000000000000E10	9.99395249190548007E-1
1.41949999999999976E10	9.99396122160785616E-1
1.41959999999999975E10	9.99396984372353181E-1
1.41969999999999996E10	9.99397857039014959E-1
1.41979999999999995E10	9.99398717996384711E-1
1.41990000000000016E10	9.99399576312756821E-1
1.41999999999999993E10	9.99400430643229498E-1
1.42009999999999992E10	9.99401288333300641E-1
1.42020000000000013E10	9.99402153261432602E-1
1.42029999999999990E10	9.99402997988947384E-1
1.42040000000000033E10	9.99403857702579757E-1
1.42050000000000010E10	9.99404718882006193E-1
1.42059999999999986E10	9.99405569725997012E-1
1.42069999999999985E10	9.99406407128256191E-1
1.42079999999999984E10	9.99407266340337230E-1
1.42090000000000005E10	9.99408112890787415E-1
1.42099999999999982E10	9.99408950645702454E-1
1.42109999999999981E10	9.99409795698781345E-1
1.42120000000000002E10	9.99410644956169314E-1
1.42130000000000001E10	9.99411479591091556E-1
1.42140000000000022E10	9.99412324449152401E-1
1.42149999999999999E10	9.99413162443053693E-1
1.42159999999999997E10	9.99413993952606461E-1
1.42170000000000019E10	9.99414836861387812E-1
1.42179999999999995E10	9.99415668806890167E-1
1.42189999999999994E10	9.99416511184264778E-1
1.42199999999999993E10	9.99417346867588030E-1
1.42209999999999992E10	9.99418165714836704E-1
1.42219999999999991E10	9.99418996154699002E-1
1.42229999999999990E10	9.99419831567836781E-1
1.42240000000000011E10	9.99420653034892581E-1
1.42249999999999988E10	9.99421483753154050E-1
1.42259999999999986E10	9.99422318847071445E-1
1.42270000000000008E10	9.99423134098014820E-1
1.42280000000000006E10	9.99423956239816036E-1
1.42290000000000028E10	9.99424782145059964E-1
1.42300000000000004E10	9.99425606920657650E-1
1.42310000000000003E10	9.99426423904090200E-1
1.42320000000000002E10	9.99427242273171323E-1
1.42329999999999979E10	9.99428050075542806E-1
1.42340000000000000E10	9.99428874119551480E-1
1.42349999999999999E10	9.99429677771351344E-1
1.42359999999999998E10	9.99430496669069512E-1
1.42369999999999997E10	9.99431308265636709E-1
1.42379999999999995E10	9.99432125289820661E-1
1.42390000000000017E10	9.99432919863198954E-1
1.42399999999999993E10	9.99433729445082086E-1
1.42409999999999992E10	9.99434534984118450E-1
1.42420000000000013E10	9.99435351000189875E-1
1.42430000000000012E10	9.99436149572605004E-1
1.42439999999999989E10	9.99436946985552410E-1
1.42449999999999988E10	9.99437747153990230E-1
1.42459999999999987E10	9.99438550455573171E-1
1.42470000000000008E10	9.99439353723566803E-1
1.42479999999999984E10	9.99440141374241797E-1
1.42490000000000006E10	9.99440938593402173E-1
1.42500000000000004E10	9.99441735118640828E-1
1.42510000000000003E10	9.99442520669943057E-1
1.42520000000000002E10	9.99443316916285696E-1
1.42530000000000001E10	9.99444111805442859E-1
1.42540000000000022E10	9.99444902151639525E-1
1.42549999999999999E10	9.99445695431770353E-1
1.42559999999999998E10	9.99446479567421342E-1
1.42569999999999997E10	9.99447258475674438E-1
1.42579999999999996E10	9.99448057443136939E-1
1.42589999999999995E10	9.99448841242221597E-1
1.42599999999999993E10	9.99449631603348365E-1
1.42609999999999992E10	9.99450409294517783E-1
1.42620000000000013E10	9.99451178233658766E-1
1.42629999999999990E10	9.99451963752086137E-1
1.42640000000000011E10	9.99452726972947758E-1
1.42650000000000010E10	9.99453514655603215E-1
1.42660000000000009E10	9.99454286113757284E-1
1.42670000000000008E10	9.99455050626673902E-1
1.42680000000000007E10	9.99455831789221527E-1
1.42690000000000006E10	9.99456608525536794E-1
1.42700000000000005E10	9.99457390139066248E-1
1.42709999999999981E10	9.99458155520943237E-1
1.42720000000000002E10	9.99458915757098509E-1
1.42730000000000001E10	9.99459681951050527E-1
1.42740000000000000E10	9.99460445511711626E-1
1.42749999999999999E10	9.99461213968069018E-1
1.42759999999999998E10	9.99461976926120776E-1
1.42770000000000019E10	9.99462736533591567E-1
1.42779999999999996E10	9.99463503916040175E-1
1.42790000000000017E10	9.99464265077080150E-1
1.42800000000000016E10	9.99465023960904020E-1
1.42810000000000015E10	9.99465780923355851E-1
1.42819999999999991E10	9.99466529128764947E-1
1.42829999999999968E10	9.99467292306065147E-1
1.42840000000000011E10	9.99468034844073649E-1
1.42850000000000010E10	9.99468789475742980E-1
1.42859999999999987E10	9.99469547568307348E-1
1.42870000000000008E10	9.99470287863525719E-1
1.42880000000000007E10	9.99471053949746846E-1
1.42890000000000006E10	9.99471792123471126E-1
1.42900000000000005E10	9.99472544191340795E-1
1.42910000000000004E10	9.99473303306731253E-1
1.42920000000000025E10	9.99474031922801665E-1
1.42930000000000001E10	9.99474779116071943E-1
1.42940000000000000E10	9.99475532615546847E-1
1.42949999999999977E10	9.99476256633429649E-1
1.42959999999999976E10	9.99476994881231384E-1
1.42969999999999997E10	9.99477733257057643E-1
1.42979999999999974E10	9.99478468493185623E-1
1.42990000000000017E10	9.99479206367698048E-1
1.43000000000000016E10	9.99479950856387767E-1
1.43009999999999993E10	9.99480691446553315E-1
1.43020000000000014E10	9.99481410357645927E-1
1.43030000000000013E10	9.99482147804546806E-1
1.43040000000000012E10	9.99482887832456335E-1
1.43050000000000010E10	9.99483605386551055E-1
1.43060000000000009E10	9.99484337096930986E-1
1.43069999999999986E10	9.99485063350071457E-1
1.43079999999999985E10	9.99485802655823008E-1
1.43090000000000006E10	9.99486511752457751E-1
1.43099999999999983E10	9.99487241865202947E-1
1.43109999999999982E10	9.99487971535588926E-1
1.43120000000000003E10	9.99488706568170215E-1
1.43129999999999979E10	9.99489407260944596E-1
1.43140000000000023E10	9.99490128557433621E-1
1.43150000000000022E10	9.99490865360526115E-1
1.43159999999999998E10	9.99491570639448312E-1
1.43170000000000019E10	9.99492293935484533E-1
1.43180000000000018E10	9.99492997303271480E-1
1.43189999999999995E10	9.99493719386766166E-1
1.43199999999999994E10	9.99494431338654010E-1
1.43209999999999971E10	9.99495140794308945E-1
1.43219999999999992E10	9.99495859055505953E-1
1.43229999999999991E10	9.99496568194135193E-1
1.43240000000000012E10	9.99497261224872524E-1
1.43249999999999988E10	9.99497976886589079E-1
1.43259999999999987E10	9.99498693584200559E-1
1.43270000000000008E10	9.99499386025597758E-1
1.43279999999999985E10	9.99500111301283667E-1
1.43290000000000028E10	9.99500800159047920E-1
1.43300000000000027E10	9.99501500553980193E-1
1.43310000000000004E10	9.99502209169945210E-1
1.43319999999999981E10	9.99502900670060335E-1
1.43329999999999980E10	9.99503597394380172E-1
1.43340000000000001E10	9.99504305193750575E-1
1.43350000000000000E10	9.99504996865842799E-1
1.43359999999999976E10	9.99505689264649888E-1
1.43369999999999997E10	9.99506397432408633E-1
1.43379999999999996E10	9.99507083104023053E-1
1.43390000000000017E10	9.99507776022659478E-1
1.43399999999999994E10	9.99508465488290909E-1
1.43409999999999993E10	9.99509168401389303E-1
1.43420000000000014E10	9.99509840904738311E-1
1.43429999999999991E10	9.99510545945772044E-1
1.43439999999999990E10	9.99511213846349555E-1
1.43449999999999989E10	9.99511911283459753E-1
1.43459999999999988E10	9.99512596191808100E-1
1.43469999999999986E10	9.99513272578987610E-1
1.43479999999999985E10	9.99513955536603049E-1
1.43490000000000006E10	9.99514650944374949E-1
1.43500000000000005E10	9.99515318494977301E-1
1.43509999999999982E10	9.99516013941948955E-1
1.43520000000000003E10	9.99516682168925819E-1
1.43530000000000002E10	9.99517356773085197E-1
1.43540000000000023E10	9.99518043642936149E-1
1.43550000000000000E10	9.99518720903153124E-1
1.43559999999999999E10	9.99519388870103853E-1
1.43569999999999998E10	9.99520058978111514E-1
1.43579999999999997E10	9.99520742679104224E-1
1.43589999999999995E10	9.99521412499014517E-1
1.43599999999999994E10	9.99522083589145538E-1
1.43609999999999993E10	9.99522752565114558E-1
1.43619999999999992E10	9.99523421606519591E-1
1.43629999999999991E10	9.99524079894090711E-1
1.43640000000000012E10	9.99524757470192782E-1
1.43650000000000011E10	9.99525413786657779E-1
1.43659999999999988E10	9.99526078896155568E-1
1.43670000000000009E10	9.99526751272397007E-1
1.43680000000000008E10	9.99527408914022786E-1
1.43690000000000007E10	9.99528070744745634E-1
1.43699999999999983E10	9.99528735229485044E-1
1.43709999999999982E10	9.99529389650180633E-1
1.43720000000000003E10	9.99530056685328283E-1
1.43730000000000002E10	9.99530708699347947E-1
1.43740000000000001E10	9.99531366516151820E-1
1.43750000000000000E10	9.99532026730695122E-1
1.43759999999999999E10	9.99532672863025873E-1
1.43769999999999998E10	9.99533333232327870E-1
1.43779999999999997E10	9.99533980147839074E-1
1.43790000000000018E10	9.99534626997096787E-1
1.43800000000000017E10	9.99535281578763168E-1
1.43809999999999993E10	9.99535927383825751E-1
1.43819999999999992E10	9.99536589048770274E-1
1.43829999999999991E10	9.99537229466309540E-1
1.43840000000000012E10	9.99537873276484490E-1
1.43849999999999989E10	9.99538522673763552E-1
1.43859999999999988E10	9.99539159237376396E-1
1.43870000000000009E10	9.99539813270346755E-1
1.43880000000000008E10	9.99540445715747694E-1
1.43890000000000007E10	9.99541094395721963E-1
1.43900000000000006E10	9.99541733361609985E-1
1.43910000000000005E10	9.99542377941182991E-1
1.43920000000000003E10	9.99543013424785443E-1
1.43930000000000002E10	9.99543653272555765E-1
1.43940000000000001E10	9.99544286521401482E-1
1.43950000000000000E10	9.99544921000866715E-1
1.43959999999999977E10	9.99545562670627596E-1
1.43969999999999998E10	9.99546196791428088E-1
1.43979999999999997E10	9.99546819899830474E-1
1.43990000000000018E10	9.99547454902794996E-1
1.43999999999999995E10	9.99548075739198971E-1
1.44009999999999994E10	9.99548722298602321E-1
1.44020000000000015E10	9.99549353424980680E-1
1.44030000000000014E10	9.99549969410487904E-1
1.44040000000000012E10	9.99550608301293586E-1
1.44050000000000011E10	9.99551236441954494E-1
1.44060000000000010E10	9.99551848461479864E-1
1.44070000000000009E10	9.99552482448289048E-1
1.44079999999999986E10	9.99553104704693496E-1
1.44090000000000007E10	9.99553717416516818E-1
1.44100000000000006E10	9.99554343586055083E-1
1.44109999999999983E10	9.99554975965052428E-1
1.44120000000000004E10	9.99555584569746891E-1
1.44130000000000003E10	9.99556207566445210E-1
1.44140000000000024E10	9.99556816851718466E-1
1.44150000000000000E10	9.99557427882305660E-1
1.44159999999999999E10	9.99558044759080566E-1
1.44170000000000020E10	9.99558667794271472E-1
1.44180000000000019E10	9.99559274523142882E-1
1.44189999999999996E10	9.99559886118170837E-1
1.44199999999999973E10	9.99560514286687507E-1
1.44209999999999972E10	9.99561125146582619E-1
1.44220000000000015E10	9.99561736090594266E-1
1.44229999999999992E10	9.99562339814843170E-1
1.44240000000000013E10	9.99562955639048489E-1
1.44250000000000012E10	9.99563542008020178E-1
1.44259999999999988E10	9.99564156309602225E-1
1.44270000000000009E10	9.99564762688189923E-1
1.44280000000000008E10	9.99565361435983668E-1
1.44290000000000029E10	9.99565979532338034E-1
1.44300000000000006E10	9.99566581068264881E-1
1.44310000000000005E10	9.99567175863397850E-1
1.44319999999999982E10	9.99567775660718105E-1
1.44329999999999981E10	9.99568375038243317E-1
1.44340000000000002E10	9.99568980024650600E-1
1.44349999999999978E10	9.99569575640140506E-1
1.44359999999999977E10	9.99570183198164308E-1
1.44370000000000021E10	9.99570774328587497E-1
1.44379999999999997E10	9.99571364613519542E-1
1.44390000000000018E10	9.99571965831596998E-1
1.44400000000000017E10	9.99572557234620795E-1
1.44409999999999994E10	9.99573158259500794E-1
1.44420000000000015E10	9.99573738560130565E-1
1.44430000000000014E10	9.99574329074616941E-1
1.44439999999999991E10	9.99574924358719485E-1
1.44449999999999990E10	9.99575513205211941E-1
1.44459999999999988E10	9.99576088226372050E-1
1.44469999999999987E10	9.99576691932201378E-1
1.44479999999999986E10	9.99577286243940755E-1
1.44490000000000007E10	9.99577873366193614E-1
1.44499999999999984E10	9.99578449740942609E-1
1.44509999999999983E10	9.99579038720045787E-1
1.44520000000000026E10	9.99579609838647976E-1
1.44530000000000003E10	9.99580180685428665E-1
1.44540000000000024E10	9.99580770800632301E-1
1.44550000000000023E10	9.99581341988314342E-1
1.44560000000000000E10	9.99581931117688072E-1
1.44569999999999999E10	9.99582513449979437E-1
1.44579999999999975E10	9.99583085413138406E-1
1.44589999999999996E10	9.99583676213766914E-1
1.44599999999999995E10	9.99584249508594525E-1
1.44609999999999994E10	9.99584817147609428E-1
1.44619999999999993E10	9.99585392929496308E-1
1.44629999999999992E10	9.99585971358898639E-1
1.44640000000000013E10	9.99586544999302440E-1
1.44649999999999990E10	9.99587114134233445E-1
1.44659999999999989E10	9.99587677113502515E-1
1.44670000000000032E10	9.99588253562898466E-1
1.44680000000000009E10	9.99588832174878661E-1
1.44689999999999985E10	9.99589386136354641E-1
1.44699999999999984E10	9.99589954440123840E-1
1.44709999999999983E10	9.99590527702612874E-1
1.44720000000000004E10	9.99591086834532305E-1
1.44729999999999981E10	9.99591663128771479E-1
1.44740000000000002E10	9.99592220037537871E-1
1.44750000000000001E10	9.99592784989995131E-1
1.44760000000000000E10	9.99593331104773597E-1
1.44769999999999999E10	9.99593909134725678E-1
1.44779999999999998E10	9.99594468892567356E-1
1.44790000000000019E10	9.99595026188895552E-1
1.44799999999999995E10	9.99595587137520170E-1
1.44809999999999994E10	9.99596148136701146E-1
1.44819999999999993E10	9.99596713361276556E-1
1.44829999999999992E10	9.99597253903795213E-1
1.44839999999999991E10	9.99597810908191065E-1
1.44849999999999990E10	9.99598372988835315E-1
1.44859999999999989E10	9.99598920947740410E-1
1.44870000000000010E10	9.99599490138953506E-1
1.44879999999999987E10	9.99600028215878744E-1
1.44890000000000008E10	9.99600576391819118E-1
1.44900000000000007E10	9.99601123249868273E-1
1.44910000000000005E10	9.99601684687833369E-1
1.44920000000000004E10	9.99602235612825396E-1
1.44930000000000003E10	9.99602778246575241E-1
1.44940000000000002E10	9.99603324586830588E-1
1.44950000000000001E10	9.99603874917344726E-1
1.44959999999999978E10	9.99604409960986295E-1
1.44969999999999999E10	9.99604951504093187E-1
1.44979999999999998E10	9.99605517450669012E-1
1.44989999999999997E10	9.99606041524402045E-1
1.44999999999999996E10	9.99606582726807069E-1
1.45009999999999994E10	9.99607127636450521E-1
1.45020000000000016E10	9.99607680456024283E-1
1.45029999999999992E10	9.99608206168106506E-1
1.45040000000000013E10	9.99608756031468104E-1
1.45050000000000012E10	9.99609287168686933E-1
1.45060000000000011E10	9.99609819469819172E-1
1.45069999999999988E10	9.99610363033196592E-1
1.45079999999999987E10	9.99610894566829877E-1
1.45090000000000008E10	9.99611430058291184E-1
1.45100000000000007E10	9.99611967820327685E-1
1.45109999999999983E10	9.99612508130024224E-1
1.45120000000000005E10	9.99613035520392224E-1
1.45130000000000003E10	9.99613562063121641E-1
1.45140000000000002E10	9.99614091969863239E-1
1.45150000000000001E10	9.99614629458289095E-1
1.45160000000000000E10	9.99615149186847418E-1
1.45170000000000021E10	9.99615675069057730E-1
1.45179999999999998E10	9.99616211329324855E-1
1.45189999999999997E10	9.99616732599213620E-1
1.45199999999999996E10	9.99617258873488801E-1
1.45209999999999972E10	9.99617786479748105E-1
1.45219999999999994E10	9.99618319641656683E-1
1.45229999999999992E10	9.99618830969104266E-1
1.45240000000000014E10	9.99619372109422244E-1
1.45250000000000012E10	9.99619882056979137E-1
1.45259999999999989E10	9.99620404572929644E-1
1.45270000000000010E10	9.99620924107435371E-1
1.45280000000000009E10	9.99621450826241187E-1
1.45290000000000008E10	9.99621973122324192E-1
1.45300000000000007E10	9.99622483333468281E-1
1.45310000000000006E10	9.99623009465644152E-1
1.45320000000000005E10	9.99623528009298035E-1
1.45329999999999981E10	9.99624029305209305E-1
1.45340000000000003E10	9.99624549321866773E-1
1.45350000000000001E10	9.99625052613749077E-1
1.45359999999999978E10	9.99625575176469283E-1
1.45369999999999999E10	9.99626093457863085E-1
1.45379999999999998E10	9.99626609706987246E-1
1.45390000000000019E10	9.99627116234753288E-1
1.45400000000000018E10	9.99627625229835814E-1
1.45409999999999995E10	9.99628140939962506E-1
1.45420000000000016E10	9.99628639752426373E-1
1.45430000000000015E10	9.99629159746087126E-1
1.45440000000000014E10	9.99629649418528743E-1
1.45449999999999990E10	9.99630160810388091E-1
1.45459999999999967E10	9.99630668295321279E-1
1.45470000000000010E10	9.99631180109453688E-1
1.45479999999999987E10	9.99631684551454924E-1
1.45490000000000008E10	9.99632185867635314E-1
1.45500000000000007E10	9.99632704282025841E-1
1.45509999999999984E10	9.99633188149033636E-1
1.45520000000000005E10	9.99633703624724212E-1
1.45530000000000004E10	9.99634195042961871E-1
1.45540000000000025E10	9.99634694629725828E-1
1.45550000000000024E10	9.99635184653857323E-1
1.45560000000000000E10	9.99635699382066711E-1
1.45569999999999977E10	9.99636187058662351E-1
1.45579999999999976E10	9.99636681955570161E-1
1.45590000000000019E10	9.99637194357437764E-1
1.45599999999999996E10	9.99637676448863566E-1
1.45609999999999973E10	9.99638186592213707E-1
1.45620000000000016E10	9.99638674941880723E-1
1.45629999999999993E10	9.99639165807266039E-1
1.45640000000000014E10	9.99639655436107155E-1
1.45650000000000013E10	9.99640146093414472E-1
1.45659999999999989E10	9.99640642055660322E-1
1.45670000000000011E10	9.99641127513075389E-1
1.45680000000000009E10	9.99641622811409292E-1
1.45689999999999986E10	9.99642100069200268E-1
1.45699999999999985E10	9.99642601764225347E-1
1.45709999999999984E10	9.99643083912053676E-1
1.45719999999999983E10	9.99643570903148415E-1
1.45729999999999982E10	9.99644050916912619E-1
1.45740000000000025E10	9.99644540317497921E-1
1.45750000000000002E10	9.99645021234291065E-1
1.45759999999999978E10	9.99645518105007547E-1
1.45770000000000022E10	9.99645994901668011E-1
1.45779999999999998E10	9.99646476066697787E-1
1.45790000000000020E10	9.99646963877870931E-1
1.45800000000000018E10	9.99647438407237310E-1
1.45809999999999995E10	9.99647920091548059E-1
1.45819999999999994E10	9.99648393028741111E-1
1.45829999999999993E10	9.99648881717662263E-1
1.45839999999999992E10	9.99649364187257383E-1
1.45849999999999991E10	9.99649824501749329E-1
1.45859999999999990E10	9.99650311453220475E-1
1.45869999999999989E10	9.99650780790315885E-1
1.45879999999999987E10	9.99651265145808132E-1
1.45890000000000031E10	9.99651734402031344E-1
1.45900000000000007E10	9.99652213112070243E-1
1.45909999999999984E10	9.99652681265227550E-1
1.45920000000000027E10	9.99653149241012073E-1
1.45930000000000004E10	9.99653637577829457E-1
1.45940000000000003E10	9.99654091751925122E-1
1.45949999999999980E10	9.99654576944371165E-1
1.45959999999999979E10	9.99655056881418780E-1
1.45970000000000000E10	9.99655507425529954E-1
1.45979999999999999E10	9.99655979606987799E-1
1.45989999999999998E10	9.99656435066749793E-1
1.45999999999999996E10	9.99656906579826909E-1
1.46009999999999995E10	9.99657382204111755E-1
1.46019999999999994E10	9.99657847943776368E-1
1.46029999999999993E10	9.99658308108709903E-1
1.46040000000000036E10	9.99658767014772742E-1
1.46050000000000013E10	9.99659224908246458E-1
1.46059999999999990E10	9.99659694266897958E-1
1.46069999999999989E10	9.99660159035985174E-1
1.46079999999999988E10	9.99660637817976472E-1
1.46090000000000009E10	9.99661085976931929E-1
1.46099999999999985E10	9.99661548639888409E-1
1.46109999999999984E10	9.99662009730507961E-1
1.46120000000000005E10	9.99662469492815475E-1
1.46130000000000004E10	9.99662913864022684E-1
1.46140000000000003E10	9.99663379875100411E-1
1.46150000000000002E10	9.99663839160263734E-1
1.46160000000000001E10	9.99664277634036580E-1
1.46170000000000000E10	9.99664756923743880E-1
1.46179999999999999E10	9.99665205652241440E-1
1.46189999999999998E10	9.99665650658632288E-1
1.46199999999999997E10	9.99666110624577797E-1
1.46209999999999996E10	9.99666559161726553E-1
1.46219999999999994E10	9.99667021108266241E-1
1.46229999999999993E10	9.99667470053936391E-1
1.46240000000000014E10	9.99667918539910971E-1
1.46249999999999991E10	9.99668366808174369E-1
1.46259999999999990E10	9.99668817154285705E-1
1.46270000000000011E10	9.99669269822533124E-1
1.46280000000000010E10	9.99669712726109339E-1
1.46290000000000009E10	9.99670154319396609E-1
1.46300000000000008E10	9.99670611295515243E-1
1.46310000000000007E10	9.99671053050817626E-1
1.46320000000000006E10	9.99671504507445974E-1
1.46329999999999982E10	9.99671937091255991E-1
1.46340000000000003E10	9.99672388096228737E-1
1.46350000000000002E10	9.99672841298889914E-1
1.46360000000000001E10	9.99673272206704411E-1
1.46370000000000000E10	9.99673716087988851E-1
1.46379999999999999E10	9.99674160819830604E-1
1.46390000000000020E10	9.99674590134057617E-1
1.46399999999999997E10	9.99675035216125174E-1
1.46409999999999996E10	9.99675473606596299E-1
1.46420000000000017E10	9.99675909667804419E-1
1.46430000000000016E10	9.99676345701517910E-1
1.46439999999999992E10	9.99676796416290081E-1
1.46449999999999991E10	9.99677224841014933E-1
1.46459999999999968E10	9.99677666357744243E-1
1.46470000000000011E10	9.99678098452698727E-1
1.46479999999999988E10	9.99678537914532050E-1
1.46490000000000009E10	9.99678972561347656E-1
1.46500000000000008E10	9.99679400552155961E-1
1.46510000000000007E10	9.99679828333287546E-1
1.46520000000000006E10	9.99680264433372479E-1
1.46530000000000005E10	9.99680690430101748E-1
1.46540000000000026E10	9.99681129370801713E-1
1.46550000000000002E10	9.99681548294963207E-1
1.46560000000000001E10	9.99682003476853254E-1
1.46570000000000000E10	9.99682426645860644E-1
1.46579999999999977E10	9.99682847091186133E-1
1.46589999999999998E10	9.99683289987275181E-1
1.46599999999999997E10	9.99683703607694163E-1
1.46609999999999974E10	9.99684138077270390E-1
1.46620000000000017E10	9.99684552033851048E-1
1.46629999999999994E10	9.99684974831235351E-1
1.46640000000000015E10	9.99685406711626001E-1
1.46650000000000014E10	9.99685831252043933E-1
1.46660000000000013E10	9.99686250760480277E-1
1.46670000000000011E10	9.99686677971611992E-1
1.46680000000000010E10	9.99687096441829226E-1
1.46690000000000009E10	9.99687518910343975E-1
1.46699999999999986E10	9.99687941438753391E-1
1.46709999999999985E10	9.99688357994892485E-1
1.46720000000000006E10	9.99688777156871922E-1
1.46729999999999983E10	9.99689199158003916E-1
1.46740000000000004E10	9.99689615871627169E-1
1.46750000000000003E10	9.99690025431155860E-1
1.46759999999999979E10	9.99690453156864933E-1
1.46770000000000023E10	9.99690872098307182E-1
1.46779999999999999E10	9.99691288754364749E-1
1.46790000000000020E10	9.99691701257738785E-1
1.46800000000000019E10	9.99692116116392171E-1
1.46810000000000018E10	9.99692529370833327E-1
1.46819999999999995E10	9.99692947535732657E-1
1.46829999999999972E10	9.99693354069921547E-1
1.46840000000000015E10	9.99693772262128988E-1
1.46849999999999992E10	9.99694177172294651E-1
1.46859999999999991E10	9.99694604698395750E-1
1.46870000000000012E10	9.99695002595132642E-1
1.46879999999999988E10	9.99695413069942518E-1
1.46890000000000009E10	9.99695819552044540E-1
1.46900000000000008E10	9.99696236978540398E-1
1.46909999999999985E10	9.99696636146668993E-1
1.46920000000000028E10	9.99697034091985337E-1
1.46930000000000005E10	9.99697456292131648E-1
1.46939999999999982E10	9.99697865105320815E-1
1.46949999999999981E10	9.99698273377999591E-1
1.46959999999999980E10	9.99698666587501172E-1
1.46970000000000001E10	9.99699061802216704E-1
1.46979999999999977E10	9.99699484547786810E-1
1.46990000000000021E10	9.99699871808122609E-1
1.46999999999999997E10	9.99700291281443754E-1
1.47009999999999996E10	9.99700682021126852E-1
1.47020000000000017E10	9.99701086445515230E-1
1.47029999999999994E10	9.99701492120417790E-1
1.47040000000000015E10	9.99701895044758082E-1
1.47050000000000014E10	9.99702293324937585E-1
1.47059999999999991E10	9.99702687178553973E-1
1.47069999999999990E10	9.99703087398824231E-1
1.47079999999999989E10	9.99703492098923441E-1
1.47089999999999987E10	9.99703895155910160E-1
1.47099999999999986E10	9.99704277733299662E-1
1.47109999999999985E10	9.99704686629651995E-1
1.47120000000000006E10	9.99705064884289740E-1
1.47129999999999983E10	9.99705476275258142E-1
1.47140000000000026E10	9.99705878650506818E-1
1.47150000000000003E10	9.99706270099808592E-1
1.47160000000000002E10	9.99706646587808478E-1
1.47170000000000023E10	9.99707042282079428E-1
1.47180000000000000E10	9.99707431941491720E-1
1.47189999999999999E10	9.99707832773177607E-1
1.47199999999999998E10	9.99708228008726962E-1
1.47209999999999974E10	9.99708613609712060E-1
1.47219999999999995E10	9.99709017429772828E-1
1.47229999999999994E10	9.99709392906896355E-1
1.47239999999999993E10	9.99709787046400677E-1
1.47249999999999992E10	9.99710185184956757E-1
1.47259999999999991E10	9.99710566249187238E-1
1.47270000000000012E10	9.99710936829763241E-1
1.47279999999999989E10	9.99711320575254092E-1
1.47290000000000032E10	9.99711713453542217E-1
1.47300000000000009E10	9.99712102895930244E-1
1.47310000000000008E10	9.99712495515875688E-1
1.47319999999999984E10	9.99712882997021879E-1
1.47329999999999983E10	9.99713244201146800E-1
1.47340000000000004E10	9.99713647658454541E-1
1.47350000000000003E10	9.99714020991023311E-1
1.47359999999999980E10	9.99714398578008101E-1
1.47370000000000001E10	9.99714787053491527E-1
1.47380000000000000E10	9.99715182367246946E-1
1.47389999999999999E10	9.99715554788689076E-1
1.47399999999999998E10	9.99715930191549518E-1
1.47409999999999997E10	9.99716304511887266E-1
1.47420000000000018E10	9.99716688672057074E-1
1.47429999999999994E10	9.99717074326732558E-1
1.47439999999999993E10	9.99717435971803248E-1
1.47449999999999992E10	9.99717825253683579E-1
1.47459999999999991E10	9.99718199518521011E-1
1.47469999999999990E10	9.99718578274408998E-1
1.47479999999999989E10	9.99718957446605394E-1
1.47490000000000010E10	9.99719328660057727E-1
1.47500000000000009E10	9.99719700710817349E-1
1.47509999999999986E10	9.99720065217645093E-1
1.47520000000000007E10	9.99720437431063047E-1
1.47530000000000006E10	9.99720821871947507E-1
1.47540000000000004E10	9.99721184349703051E-1
1.47550000000000003E10	9.99721563784038025E-1
1.47560000000000002E10	9.99721930269470249E-1
1.47570000000000001E10	9.99722292616672803E-1
1.47580000000000000E10	9.99722670418710457E-1
1.47589999999999999E10	9.99723046664559334E-1
1.47599999999999998E10	9.99723417252099011E-1
1.47609999999999997E10	9.99723799636535304E-1
1.47619999999999996E10	9.99724150898575736E-1
1.47629999999999995E10	9.99724507898945447E-1
1.47640000000000016E10	9.99724879488191931E-1
1.47650000000000015E10	9.99725257253868982E-1
1.47659999999999991E10	9.99725611169635542E-1
1.47670000000000012E10	9.99725980316112306E-1
1.47680000000000011E10	9.99726336816455508E-1
1.47690000000000010E10	9.99726715465502380E-1
1.47699999999999987E10	9.99727075393908748E-1
1.47709999999999964E10	9.99727440594158345E-1
1.47720000000000007E10	9.99727804785703533E-1
1.47730000000000006E10	9.99728168175481535E-1
1.47740000000000005E10	9.99728524471439606E-1
1.47750000000000004E10	9.99728882541884190E-1
1.47760000000000002E10	9.99729244763822322E-1
1.47770000000000001E10	9.99729609180224088E-1
1.47780000000000000E10	9.99729962984118536E-1
1.47790000000000021E10	9.99730334582691960E-1
1.47800000000000020E10	9.99730674270520581E-1
1.47809999999999997E10	9.99731043026890909E-1
1.47819999999999996E10	9.99731393295010662E-1
1.47829999999999973E10	9.99731751339671959E-1
1.47840000000000016E10	9.99732113026793812E-1
1.47849999999999993E10	9.99732463342533428E-1
1.47859999999999969E10	9.99732824235194784E-1
1.47870000000000013E10	9.99733178510790488E-1
1.47880000000000011E10	9.99733526367150382E-1
1.47890000000000010E10	9.99733883246877575E-1
1.47900000000000009E10	9.99734236292374057E-1
1.47910000000000008E10	9.99734587883212278E-1
1.47920000000000007E10	9.99734949122505334E-1
1.47930000000000006E10	9.99735291872639564E-1
1.47940000000000005E10	9.99735644679269164E-1
1.47949999999999982E10	9.99735994661887872E-1
1.47959999999999980E10	9.99736352936707995E-1
1.47970000000000002E10	9.99736702243771802E-1
1.47979999999999978E10	9.99737055884782500E-1
1.47990000000000022E10	9.99737387840890435E-1
1.47999999999999998E10	9.99737752948436764E-1
1.48009999999999975E10	9.99738085833283918E-1
1.48020000000000018E10	9.99738432607580840E-1
1.48030000000000017E10	9.99738778167589359E-1
1.48040000000000016E10	9.99739133660447621E-1
1.48050000000000015E10	9.99739462065925366E-1
1.48060000000000014E10	9.99739816138092685E-1
1.48069999999999991E10	9.99740167613301267E-1
1.48079999999999989E10	9.99740507919996979E-1
1.48090000000000011E10	9.99740846019770046E-1
1.48099999999999987E10	9.99741186498549439E-1
1.48109999999999986E10	9.99741536143350551E-1
1.48120000000000007E10	9.99741886381767308E-1
1.48129999999999984E10	9.99742213255063028E-1
1.48140000000000027E10	9.99742567470440768E-1
1.48150000000000004E10	9.99742905299659057E-1
1.48159999999999981E10	9.99743244513396156E-1
1.48170000000000024E10	9.99743583112788414E-1
1.48180000000000023E10	9.99743925696181535E-1
1.48190000000000000E10	9.99744272466440975E-1
1.48199999999999976E10	9.99744601609610939E-1
1.48209999999999975E10	9.99744935329800377E-1
1.48219999999999996E10	9.99745260610579045E-1
1.48229999999999995E10	9.99745619516646400E-1
1.48240000000000016E10	9.99745950547714379E-1
1.48249999999999993E10	9.99746297982527743E-1
1.48259999999999992E10	9.99746622322162182E-1
1.48270000000000013E10	9.99746950224188957E-1
1.48279999999999990E10	9.99747297344164210E-1
1.48290000000000033E10	9.99747619726569248E-1
1.48300000000000010E10	9.99747961729738321E-1
1.48309999999999986E10	9.99748297048531143E-1
1.48319999999999985E10	9.99748625871952967E-1
1.48329999999999984E10	9.99748966082765733E-1
1.48340000000000005E10	9.99749291338898693E-1
1.48349999999999982E10	9.99749612886386885E-1
1.48359999999999981E10	9.99749948628762475E-1
1.48370000000000002E10	9.99750272198565426E-1
1.48380000000000001E10	9.99750612580221798E-1
1.48390000000000022E10	9.99750941173718743E-1
1.48399999999999999E10	9.99751271463902214E-1
1.48409999999999997E10	9.99751596993225178E-1
1.48420000000000019E10	9.99751931262806792E-1
1.48429999999999995E10	9.99752243403731455E-1
1.48439999999999994E10	9.99752569109852729E-1
1.48449999999999993E10	9.99752893042087010E-1
1.48459999999999992E10	9.99753237609475853E-1
1.48469999999999991E10	9.99753554131254063E-1
1.48479999999999990E10	9.99753873897386924E-1
1.48490000000000011E10	9.99754192655787755E-1
1.48499999999999988E10	9.99754526171959412E-1
1.48509999999999986E10	9.99754845720831042E-1
1.48520000000000008E10	9.99755169291142209E-1
1.48530000000000006E10	9.99755485943332189E-1
1.48540000000000028E10	9.99755809229627523E-1
1.48550000000000004E10	9.99756123747771497E-1
1.48560000000000003E10	9.99756460892765197E-1
1.48570000000000002E10	9.99756774044215391E-1
1.48579999999999979E10	9.99757096833640269E-1
1.48590000000000000E10	9.99757420534837493E-1
1.48599999999999999E10	9.99757740874321144E-1
1.48609999999999998E10	9.99758053572451288E-1
1.48619999999999997E10	9.99758376684701489E-1
1.48629999999999995E10	9.99758690297965913E-1
1.48640000000000017E10	9.99759012477758802E-1
1.48649999999999993E10	9.99759330004109970E-1
1.48659999999999992E10	9.99759643061921821E-1
1.48670000000000013E10	9.99759965263841721E-1
1.48680000000000012E10	9.99760276659810287E-1
1.48689999999999989E10	9.99760595343909664E-1
1.48699999999999988E10	9.99760892388612632E-1
1.48709999999999987E10	9.99761215023079508E-1
1.48720000000000008E10	9.99761525350649194E-1
1.48729999999999984E10	9.99761852701195508E-1
1.48740000000000006E10	9.99762161385938697E-1
1.48750000000000004E10	9.99762476259597932E-1
1.48760000000000003E10	9.99762788536493652E-1
1.48770000000000002E10	9.99763111876034039E-1
1.48780000000000001E10	9.99763424011950974E-1
1.48790000000000022E10	9.99763707141438118E-1
1.48799999999999999E10	9.99764026615670964E-1
1.48809999999999998E10	9.99764346677637050E-1
1.48819999999999997E10	9.99764658516082960E-1
1.48829999999999996E10	9.99764957808296018E-1
1.48839999999999995E10	9.99765253732281778E-1
1.48849999999999993E10	9.99765571242283357E-1
1.48859999999999992E10	9.99765894777466535E-1
1.48870000000000013E10	9.99766192980778712E-1
1.48879999999999990E10	9.99766504334501072E-1
1.48890000000000011E10	9.99766810997147459E-1
1.48900000000000010E10	9.99767106381674431E-1
1.48910000000000009E10	9.99767417740867792E-1
1.48920000000000008E10	9.99767724959591320E-1
1.48930000000000007E10	9.99768012411215778E-1
1.48940000000000006E10	9.99768320920797215E-1
1.48950000000000005E10	9.99768646175102660E-1
1.48959999999999981E10	9.99768929602556078E-1
1.48970000000000002E10	9.99769239182378655E-1
1.48980000000000001E10	9.99769554766882607E-1
1.48990000000000000E10	9.99769853917585216E-1
1.48999999999999999E10	9.99770141328304973E-1
1.49009999999999998E10	9.99770444342853537E-1
1.49020000000000019E10	9.99770749569528405E-1
1.49029999999999996E10	9.99771052661571069E-1
1.49040000000000017E10	9.99771342466072888E-1
1.49050000000000016E10	9.99771632756931261E-1
1.49060000000000015E10	9.99771964546018310E-1
1.49069999999999991E10	9.99772238219966525E-1
1.49079999999999968E10	9.99772544694339871E-1
1.49090000000000011E10	9.99772836501943729E-1
1.49100000000000010E10	9.99773145608911662E-1
1.49109999999999987E10	9.99773435859890292E-1
1.49120000000000008E10	9.99773739238166215E-1
1.49130000000000007E10	9.99774033201161139E-1
1.49140000000000006E10	9.99774327018297271E-1
1.49150000000000005E10	9.99774620870202391E-1
1.49160000000000004E10	9.99774914937709092E-1
1.49170000000000025E10	9.99775202570979538E-1
1.49180000000000001E10	9.99775506719982054E-1
1.49190000000000000E10	9.99775786570698699E-1
1.49199999999999977E10	9.99776099257553241E-1
1.49209999999999976E10	9.99776374315468530E-1
1.49219999999999997E10	9.99776666623189669E-1
1.49229999999999974E10	9.99776960407314697E-1
1.49240000000000017E10	9.99777251283971857E-1
1.49250000000000016E10	9.99777543995570106E-1
1.49259999999999993E10	9.99777829587525524E-1
1.49270000000000014E10	9.99778121939158382E-1
1.49280000000000013E10	9.99778409808939017E-1
1.49290000000000012E10	9.99778707087974183E-1
1.49300000000000010E10	9.99779004816267403E-1
1.49310000000000009E10	9.99779275719228977E-1
1.49319999999999986E10	9.99779574872381716E-1
1.49329999999999985E10	9.99779854406685686E-1
1.49340000000000006E10	9.99780139670792423E-1
1.49349999999999983E10	9.99780435429743797E-1
1.49359999999999982E10	9.99780716663340385E-1
1.49370000000000003E10	9.99781015627931424E-1
1.49379999999999979E10	9.99781300413581420E-1
1.49390000000000023E10	9.99781578064530230E-1
1.49400000000000022E10	9.99781867108384859E-1
1.49409999999999998E10	9.99782142482044911E-1
1.49420000000000019E10	9.99782429607531675E-1
1.49430000000000018E10	9.99782719484532834E-1
1.49439999999999995E10	9.99782984716818746E-1
1.49449999999999994E10	9.99783273727620170E-1
1.49459999999999971E10	9.99783552224650585E-1
1.49469999999999992E10	9.99783847975665374E-1
1.49479999999999991E10	9.99784122055965696E-1
1.49490000000000012E10	9.99784406844015194E-1
1.49499999999999988E10	9.99784679499659745E-1
1.49509999999999987E10	9.99784963219119760E-1
1.49520000000000008E10	9.99785251275838682E-1
1.49529999999999985E10	9.99785525409057385E-1
1.49540000000000028E10	9.99785792696087405E-1
1.49550000000000027E10	9.99786078675730927E-1
1.49560000000000004E10	9.99786372004484569E-1
1.49569999999999981E10	9.99786647474771328E-1
1.49579999999999980E10	9.99786919095192772E-1
1.49590000000000001E10	9.99787198583521786E-1
1.49600000000000000E10	9.99787472258505794E-1
1.49609999999999976E10	9.99787754154676200E-1
1.49619999999999997E10	9.99788021333315946E-1
1.49629999999999996E10	9.99788287829065681E-1
1.49640000000000017E10	9.99788567695200214E-1
1.49649999999999994E10	9.99788837974321787E-1
1.49659999999999993E10	9.99789124295504905E-1
1.49670000000000014E10	9.99789394424382749E-1
1.49679999999999991E10	9.99789671683434733E-1
1.49689999999999990E10	9.99789942346982663E-1
1.49699999999999989E10	9.99790211216428659E-1
1.49709999999999988E10	9.99790485418675345E-1
1.49719999999999986E10	9.99790755851127955E-1
1.49729999999999985E10	9.99791029643083284E-1
1.49740000000000006E10	9.99791306968847238E-1
1.49750000000000005E10	9.99791576392102854E-1
1.49759999999999982E10	9.99791849690333478E-1
1.49770000000000003E10	9.99792103800493948E-1
1.49780000000000002E10	9.99792401636039152E-1
1.49790000000000023E10	9.99792643422678928E-1
1.49800000000000000E10	9.99792926970218332E-1
1.49809999999999999E10	9.99793187337934341E-1
1.49819999999999998E10	9.99793471225545005E-1
1.49829999999999997E10	9.99793722943462271E-1
1.49839999999999995E10	9.99793986884262864E-1
1.49849999999999994E10	9.99794256239504620E-1
1.49859999999999993E10	9.99794531183747814E-1
1.49869999999999992E10	9.99794795570455008E-1
1.49879999999999991E10	9.99795051890162512E-1
1.49890000000000012E10	9.99795328301398811E-1
1.49900000000000011E10	9.99795589983615329E-1
1.49909999999999988E10	9.99795855768189057E-1
1.49920000000000009E10	9.99796128163047371E-1
1.49930000000000008E10	9.99796379307097105E-1
1.49940000000000007E10	9.99796656088765623E-1
1.49949999999999983E10	9.99796925971154238E-1
1.49959999999999982E10	9.99797179760298071E-1
1.49970000000000003E10	9.99797448020271773E-1
1.49980000000000002E10	9.99797702849942915E-1
1.49990000000000001E10	9.99797965472225947E-1
1.50000000000000000E10	9.99798222010986315E-1


